{
"type": "FeatureCollection",
"name": "boundaries_alcaldias_4326",
"crs": { "type": "name", "properties": { "name": "urn:ogc:def:crs:OGC:1.3:CRS84" } },
"features": [
{ "type": "Feature", "properties": { "alcaldia_norm": "ALVARO OBREGON", "alcaldia": "ALVARO OBREGON", "cve_col": "10-197", "colonia": "SAN PEDRO DE LOS PINOS", "pob_2010": 110.0, "SUP_COL_M2": 178203.0, "VIV2010": 36, "DENVIVHa": 2.02017, "SUPMNZHa": 17.8203, "C_DENVIVHa": 1 }, "geometry": { "type": "Polygon", "coordinates": [ [ [ -99.266539227807897, 19.31226121055666 ], [ -99.266487085473187, 19.312030290553686 ], [ -99.26653342220888, 19.311872949417413 ], [ -99.266558891064875, 19.311617341816955 ], [ -99.266646752282995, 19.311528747299604 ], [ -99.266755320914271, 19.311440121567927 ], [ -99.266822571055883, 19.31141053453198 ], [ -99.266994607390245, 19.312152418946354 ], [ -99.268479945830478, 19.311909414555888 ], [ -99.268547540889998, 19.312091162764883 ], [ -99.268599520645168, 19.312221329133244 ], [ -99.268672095707984, 19.312282656960967 ], [ -99.268863749308565, 19.312351181978794 ], [ -99.268988007297622, 19.312360828728139 ], [ -99.269194491553918, 19.312001743403286 ], [ -99.269287471627607, 19.311878735979011 ], [ -99.269484092058732, 19.311819467395505 ], [ -99.269913479585284, 19.311646815002419 ], [ -99.270125532816039, 19.311528545479927 ], [ -99.2701693022521, 19.311529866103182 ], [ -99.270280843443331, 19.311533230903184 ], [ -99.270482865786619, 19.311611567838714 ], [ -99.270626747265055, 19.311501240435611 ], [ -99.270762045683824, 19.311389987583116 ], [ -99.270834471461654, 19.311360391397045 ], [ -99.270906897213109, 19.311330795182457 ], [ -99.271129432665063, 19.311291146106019 ], [ -99.271310747609959, 19.311369513794322 ], [ -99.271576302799431, 19.31230293211388 ], [ -99.272135751761411, 19.312518350369608 ], [ -99.272778779870237, 19.313185803281069 ], [ -99.272862228535814, 19.313559203569152 ], [ -99.273567190072669, 19.314108607038431 ], [ -99.27361395298027, 19.314211747361959 ], [ -99.27375424301421, 19.314521170055315 ], [ -99.274189523263189, 19.314776085759988 ], [ -99.274314914685831, 19.315463969796564 ], [ -99.274351799604545, 19.315517002115843 ], [ -99.274520021098667, 19.315758870849827 ], [ -99.27460629734648, 19.316348196687848 ], [ -99.274949087206323, 19.316492772358792 ], [ -99.27595324616648, 19.316916281075116 ], [ -99.276544768885202, 19.317303207220569 ], [ -99.276564888693073, 19.317312720101224 ], [ -99.276573722964145, 19.317316896397191 ], [ -99.276320283901399, 19.317549104118257 ], [ -99.272255895877095, 19.321253878207898 ], [ -99.271681824758829, 19.321777135589116 ], [ -99.271832468446362, 19.322242560199321 ], [ -99.271952801116612, 19.322408475355342 ], [ -99.272481610962785, 19.323136120502856 ], [ -99.274293788863886, 19.325059406225364 ], [ -99.27597473868542, 19.324435237155274 ], [ -99.276441667705797, 19.325257359354655 ], [ -99.277647225864598, 19.324755014371974 ], [ -99.278852776563753, 19.324252660580797 ], [ -99.279238076817663, 19.324501410611649 ], [ -99.279954056291231, 19.323505877541287 ], [ -99.280284449133617, 19.323786608549831 ], [ -99.280404824085963, 19.323307039957239 ], [ -99.28077494976641, 19.323197810791964 ], [ -99.280818194659489, 19.322894134886074 ], [ -99.280861439400482, 19.322590458961866 ], [ -99.283438902827911, 19.316976377754454 ], [ -99.285687463735698, 19.312078350185836 ], [ -99.287887222640506, 19.312577201863 ], [ -99.290326924824825, 19.313130431981048 ], [ -99.291107148406667, 19.313474904891123 ], [ -99.294193497993774, 19.314837499267004 ], [ -99.295159076923866, 19.315263777418206 ], [ -99.296124660800956, 19.315690050373199 ], [ -99.298333903225867, 19.316665329633651 ], [ -99.29925380651666, 19.317071413345776 ], [ -99.299770077928258, 19.317299313729503 ], [ -99.300224507350009, 19.317499914290725 ], [ -99.300759962129845, 19.317736278914911 ], [ -99.302155261705039, 19.318522312848664 ], [ -99.302139803947085, 19.318556894274924 ], [ -99.302124347134637, 19.318591475698238 ], [ -99.301290473533697, 19.318885608245669 ], [ -99.301273942794225, 19.319763894984057 ], [ -99.300676474068126, 19.320384828666324 ], [ -99.30076979640458, 19.321838724946751 ], [ -99.300788014460664, 19.322122546565762 ], [ -99.300295821860573, 19.322441573432663 ], [ -99.298997865455362, 19.3232661182419 ], [ -99.298189511669065, 19.322295726049241 ], [ -99.297493491426707, 19.321460172800318 ], [ -99.297243227933564, 19.321187499662262 ], [ -99.295509215622715, 19.320759561632801 ], [ -99.294326867649943, 19.319719986637921 ], [ -99.294278449291852, 19.320139774906735 ], [ -99.29419247634435, 19.320373358203621 ], [ -99.29428428375337, 19.320530119842545 ], [ -99.294334258952603, 19.320969768703325 ], [ -99.294175991178989, 19.321861157293529 ], [ -99.293976724652353, 19.32252153405846 ], [ -99.293836081828573, 19.323474580462211 ], [ -99.294571075520238, 19.32441532912754 ], [ -99.294933091790909, 19.324784690248858 ], [ -99.295140783249948, 19.324996594605789 ], [ -99.29574358357678, 19.32537668550955 ], [ -99.296245709902237, 19.325576989606304 ], [ -99.29654167049452, 19.325841138873205 ], [ -99.296662432315145, 19.326230137029331 ], [ -99.29642615733583, 19.326709313978114 ], [ -99.296127793301068, 19.327369105476766 ], [ -99.296180862006921, 19.330135850216561 ], [ -99.296052309696464, 19.331627132825254 ], [ -99.295849267921255, 19.332068818923364 ], [ -99.295646224116453, 19.332510504790019 ], [ -99.294952625689803, 19.332994681740615 ], [ -99.294277337162157, 19.333466072229168 ], [ -99.292290740635977, 19.333760445133947 ], [ -99.291856647228826, 19.333719791479513 ], [ -99.291207479939402, 19.333658994782471 ], [ -99.290756131602436, 19.333616723086632 ], [ -99.290399801018125, 19.333642793290927 ], [ -99.289324339077154, 19.333904539724863 ], [ -99.28886339985344, 19.334092951198365 ], [ -99.288370088872625, 19.33483951185644 ], [ -99.288348329937634, 19.334872441021261 ], [ -99.288245201074773, 19.334981974018127 ], [ -99.288163312359828, 19.335050515587476 ], [ -99.287860398127762, 19.335206691803176 ], [ -99.287684043822225, 19.335255226485895 ], [ -99.286906798795755, 19.335447982719952 ], [ -99.285914432044549, 19.335791804863131 ], [ -99.285758597028604, 19.335861316252089 ], [ -99.285688941320856, 19.335908430064485 ], [ -99.285474193333528, 19.336183520203068 ], [ -99.285179895356393, 19.33630363336351 ], [ -99.285041069863652, 19.336391380946313 ], [ -99.284665390716555, 19.336619142309008 ], [ -99.284356784497788, 19.336662513041343 ], [ -99.283845533386412, 19.336588674667986 ], [ -99.283600315960612, 19.336513027611513 ], [ -99.283187909602745, 19.336323944866965 ], [ -99.282706774904455, 19.335955253547777 ], [ -99.282195885315659, 19.335685627443961 ], [ -99.282002525095919, 19.33562585503126 ], [ -99.281941872910238, 19.335607057338585 ], [ -99.280697187783076, 19.335221284652324 ], [ -99.280586362876178, 19.335186935599033 ], [ -99.280480430556125, 19.33516264827777 ], [ -99.280321025134683, 19.335166640318402 ], [ -99.28013146815664, 19.33525398773774 ], [ -99.280020047987392, 19.335434460616455 ], [ -99.280078856851034, 19.336255669310109 ], [ -99.280004631310376, 19.33636693634217 ], [ -99.279895298855081, 19.336246716058255 ], [ -99.279785967513703, 19.336126496607442 ], [ -99.279718975807086, 19.335999825484947 ], [ -99.279538829517108, 19.335561933343349 ], [ -99.279405151141205, 19.335124668358965 ], [ -99.279439280456955, 19.334268873114528 ], [ -99.279570977234272, 19.333620436646562 ], [ -99.279417331699293, 19.33361917200769 ], [ -99.279217534965994, 19.333758549101653 ], [ -99.279017737892275, 19.333897925978782 ], [ -99.278719777239743, 19.334341009328515 ], [ -99.278450383109686, 19.334445161663513 ], [ -99.278038250334504, 19.334936016666848 ], [ -99.277296702189801, 19.335258070559544 ], [ -99.27634575348884, 19.336177590382661 ], [ -99.276119687291427, 19.33619701695968 ], [ -99.275160319125263, 19.33627945423542 ], [ -99.274047042657017, 19.336042656604583 ], [ -99.273707695868936, 19.336029946718753 ], [ -99.273429959606503, 19.336213563537299 ], [ -99.273130477090234, 19.337013187701832 ], [ -99.272706318146348, 19.337742349926984 ], [ -99.272124003823365, 19.338478142108801 ], [ -99.272169164406804, 19.339201407132922 ], [ -99.271700497312423, 19.339584176031597 ], [ -99.27129079218922, 19.339731305807252 ], [ -99.270986943238626, 19.339939657559725 ], [ -99.270823498446134, 19.340016075665432 ], [ -99.270483436329741, 19.340157757305981 ], [ -99.269876007836601, 19.340596829907085 ], [ -99.268947733434288, 19.341165787083561 ], [ -99.267546733689827, 19.341059301563444 ], [ -99.267412982472919, 19.341220123642444 ], [ -99.266907256540449, 19.341774130452421 ], [ -99.266633081694991, 19.342242072377353 ], [ -99.266112940502211, 19.342743920477268 ], [ -99.265134820743825, 19.342952906996857 ], [ -99.26238651370501, 19.345420746307781 ], [ -99.261703034576243, 19.345717839042774 ], [ -99.261153647679492, 19.345913436505249 ], [ -99.259751972695, 19.346241889817954 ], [ -99.25907348032564, 19.346285795482231 ], [ -99.25812396785544, 19.346587716437458 ], [ -99.257875230039772, 19.346631008339905 ], [ -99.257559860923166, 19.346835553083412 ], [ -99.257273169169125, 19.347184586285252 ], [ -99.256550837718848, 19.347489537325256 ], [ -99.256247458428902, 19.347708973524817 ], [ -99.255650469037661, 19.348030548597233 ], [ -99.255925872039924, 19.348125618148732 ], [ -99.256784851752258, 19.347915397311144 ], [ -99.257054495685907, 19.347766526564069 ], [ -99.257311709459344, 19.347728864863218 ], [ -99.257959700595421, 19.34772231836121 ], [ -99.258262026925209, 19.347612106198653 ], [ -99.258562481682404, 19.347680037989974 ], [ -99.259355664606403, 19.347405058728604 ], [ -99.259644761411224, 19.347372252884096 ], [ -99.259859841392398, 19.347412785688391 ], [ -99.260047469224943, 19.347551164189834 ], [ -99.260082222237699, 19.347679880331327 ], [ -99.260016002555972, 19.347705320774921 ], [ -99.259593509371783, 19.347779112466892 ], [ -99.259116197343815, 19.347995325401858 ], [ -99.259004343986476, 19.34812711771756 ], [ -99.258950028859232, 19.348228430431348 ], [ -99.258929582468241, 19.348266567854072 ], [ -99.258839174183933, 19.348309636006022 ], [ -99.258833604245012, 19.348363317174297 ], [ -99.258753997727169, 19.348346680571925 ], [ -99.258509193460426, 19.348294453756651 ], [ -99.258527757225437, 19.348387241093331 ], [ -99.258611810833699, 19.348869064990282 ], [ -99.258659884073396, 19.349375413735615 ], [ -99.258522819380104, 19.34943172611424 ], [ -99.258399580407755, 19.349482065027896 ], [ -99.258348252429684, 19.349516974689198 ], [ -99.258296925380364, 19.349551883431108 ], [ -99.258211868782467, 19.349610529362725 ], [ -99.258147382995801, 19.349680294484138 ], [ -99.258113371722118, 19.349736193001615 ], [ -99.258101630862441, 19.349810488763687 ], [ -99.25809699101147, 19.34987577153656 ], [ -99.258108946843265, 19.349938779613527 ], [ -99.25812561781845, 19.349983773345112 ], [ -99.258171460069548, 19.350053707462269 ], [ -99.258250854725588, 19.350128841949893 ], [ -99.258338996099582, 19.350164946492061 ], [ -99.258447677751846, 19.350192661475127 ], [ -99.258603280892402, 19.350184080285707 ], [ -99.258745432730763, 19.350149107553413 ], [ -99.258889296326686, 19.351747425117168 ], [ -99.258896947020986, 19.351785051751744 ], [ -99.259041861886175, 19.35249779482751 ], [ -99.259060424980007, 19.352511235763661 ], [ -99.259277777681831, 19.352955555506863 ], [ -99.259244444266272, 19.353822222499108 ], [ -99.25941666639946, 19.354305555924263 ], [ -99.259842132838656, 19.354548640205532 ], [ -99.25997880660637, 19.355220355797243 ], [ -99.259984198737044, 19.355246860720225 ], [ -99.260239335830903, 19.356494148302751 ], [ -99.260161372368088, 19.356505679169931 ], [ -99.260255563404897, 19.356926901506483 ], [ -99.260319888860678, 19.357214566821913 ], [ -99.260384214549717, 19.357502233006649 ], [ -99.260512866620331, 19.358077563465443 ], [ -99.260770174497068, 19.359228224872314 ], [ -99.260852957247991, 19.359741273491053 ], [ -99.260993857012153, 19.360544683561717 ], [ -99.261062451800697, 19.360828039715773 ], [ -99.261109236815003, 19.360992817628453 ], [ -99.261172956079434, 19.361079565250858 ], [ -99.261236675410146, 19.36116631194561 ], [ -99.261589916617439, 19.361459796723963 ], [ -99.261810833795892, 19.361619274176654 ], [ -99.26182659059711, 19.361667590899181 ], [ -99.261842347407793, 19.361715907619978 ], [ -99.261876562930226, 19.361777675052554 ], [ -99.261935543555154, 19.36180997070522 ], [ -99.262006902033349, 19.361824587019431 ], [ -99.262076704707169, 19.361836261206875 ], [ -99.262146507390582, 19.361847935367432 ], [ -99.262205443387344, 19.36185226520853 ], [ -99.262201670884508, 19.361904130931894 ], [ -99.262362800508825, 19.362004822386385 ], [ -99.26252530771454, 19.362106431701562 ], [ -99.262848080902742, 19.362239903589991 ], [ -99.263170854608759, 19.362373373994398 ], [ -99.26335689933893, 19.362428956138338 ], [ -99.263542944194413, 19.362484538994064 ], [ -99.26421488712505, 19.362685283926844 ], [ -99.264886830720485, 19.362886027261109 ], [ -99.264970648345553, 19.362933003852202 ], [ -99.26498329759356, 19.363043982791119 ], [ -99.26497719806143, 19.36313842824816 ], [ -99.265173666497802, 19.363048232401734 ], [ -99.265283576396911, 19.363034593236037 ], [ -99.265525020683043, 19.363197992695806 ], [ -99.265675046167914, 19.363309824028473 ], [ -99.265903260159064, 19.363363214639659 ], [ -99.26625636568437, 19.363471251377085 ], [ -99.266446199475652, 19.363653963557223 ], [ -99.26650560796179, 19.363681395039187 ], [ -99.266535463726157, 19.363695181041528 ], [ -99.2666027680947, 19.363726258307974 ], [ -99.266641428810843, 19.363744109911138 ], [ -99.266718633058176, 19.363779758136868 ], [ -99.266746548720803, 19.363792647739668 ], [ -99.266766442646599, 19.363800018293894 ], [ -99.266638142624032, 19.364119442601858 ], [ -99.266519209781023, 19.364437042036489 ], [ -99.266490136617861, 19.364514685655948 ], [ -99.266460601806259, 19.36463464687111 ], [ -99.266467709610851, 19.364894595683307 ], [ -99.26661873590443, 19.365897088142571 ], [ -99.26686572233821, 19.365895154687163 ], [ -99.268788651704909, 19.365344224841557 ], [ -99.268868210666199, 19.365401722533942 ], [ -99.268888888588521, 19.365416666715518 ], [ -99.270746252856711, 19.367070180110595 ], [ -99.270805897074226, 19.367123277392224 ], [ -99.27116666697583, 19.367444444596913 ], [ -99.271185013871786, 19.367455658695771 ], [ -99.271266712303898, 19.367505596079415 ], [ -99.27005198567997, 19.368717006625989 ], [ -99.269693956807046, 19.369299657047218 ], [ -99.269509334985102, 19.37002649596068 ], [ -99.269532885927504, 19.37078829614666 ], [ -99.269779326159508, 19.371493334781331 ], [ -99.270103384904687, 19.372215997936529 ], [ -99.270152334217968, 19.372325156607911 ], [ -99.270176993715936, 19.372384117821486 ], [ -99.270187288346875, 19.372430829591458 ], [ -99.270243356289853, 19.372685234133716 ], [ -99.270111985406885, 19.373160733755736 ], [ -99.26971406176115, 19.373452754101404 ], [ -99.269286713356067, 19.373543926511644 ], [ -99.268595814585069, 19.373556432911077 ], [ -99.267997987001024, 19.373399238429954 ], [ -99.267712518094456, 19.373370812603852 ], [ -99.267441149970836, 19.373450171761952 ], [ -99.267285529572888, 19.373676850143319 ], [ -99.267032597198096, 19.374071732248936 ], [ -99.266799987908129, 19.374252013002494 ], [ -99.266784811870068, 19.374265556769782 ], [ -99.266774774326691, 19.37427155413727 ], [ -99.266658794248585, 19.374361442224497 ], [ -99.266339309832773, 19.374474116451157 ], [ -99.265811285158605, 19.374590329264244 ], [ -99.265086356486464, 19.374667159408588 ], [ -99.264015867801518, 19.374842185424257 ], [ -99.263239203811693, 19.374984493931027 ], [ -99.26243793900106, 19.375298961543759 ], [ -99.262256307163256, 19.375370245266808 ], [ -99.261620441659431, 19.375700588787481 ], [ -99.261572170230863, 19.375730463907118 ], [ -99.260794768634653, 19.37621160364915 ], [ -99.260574621895032, 19.37637488128102 ], [ -99.260573942593652, 19.376374673493451 ], [ -99.260450200358534, 19.376466950081625 ], [ -99.259437580192269, 19.377358743892465 ], [ -99.259254983788182, 19.377517846316284 ], [ -99.257952408687984, 19.378682748073217 ], [ -99.257139778585554, 19.379372321016415 ], [ -99.256580760811815, 19.379855192783836 ], [ -99.256110409427279, 19.380164666129893 ], [ -99.255106218370713, 19.380814934547136 ], [ -99.254634341465973, 19.381117611137828 ], [ -99.254282031951391, 19.381328152859247 ], [ -99.251220219281535, 19.383280569140492 ], [ -99.249695688567712, 19.384308120154945 ], [ -99.247595872426743, 19.38602481170917 ], [ -99.247441544067172, 19.386152543492774 ], [ -99.247287035322628, 19.386262510889299 ], [ -99.246648303548511, 19.386798816507042 ], [ -99.246107675598822, 19.387193182045269 ], [ -99.245775503693977, 19.387319789252178 ], [ -99.245478059618605, 19.387386273939907 ], [ -99.245053994946758, 19.387388944222685 ], [ -99.244810186187294, 19.387338207618512 ], [ -99.244357257333888, 19.387207557088612 ], [ -99.243941989678021, 19.387072653502841 ], [ -99.243758716261354, 19.387013115151944 ], [ -99.243632071172911, 19.386992257883598 ], [ -99.243436775111945, 19.386982325361657 ], [ -99.243391141428717, 19.386980004214525 ], [ -99.243231989278684, 19.386971910079456 ], [ -99.243072837142705, 19.386963815804933 ], [ -99.242891427908049, 19.386965308900468 ], [ -99.242711009305708, 19.38703956564909 ], [ -99.242644599974852, 19.387071675910398 ], [ -99.242261935734263, 19.387278283898972 ], [ -99.241847686864347, 19.387583379370703 ], [ -99.241724411054236, 19.387700690292867 ], [ -99.24131344173037, 19.388058685107335 ], [ -99.241031976091548, 19.388230273380433 ], [ -99.240734643140598, 19.388374848220426 ], [ -99.240114737442426, 19.388721101758154 ], [ -99.239849916894528, 19.388887153518951 ], [ -99.23976388168181, 19.389063994723717 ], [ -99.239605871411214, 19.389486164380923 ], [ -99.239261003057436, 19.39026631534653 ], [ -99.239142180394808, 19.390780131165137 ], [ -99.23909915693595, 19.391021666385239 ], [ -99.23911145865155, 19.392026782744797 ], [ -99.239121242564138, 19.392283913644587 ], [ -99.239092645484064, 19.392503477502242 ], [ -99.238983106043406, 19.392742356393715 ], [ -99.238892179039439, 19.392854983151064 ], [ -99.238801251910772, 19.392967609862897 ], [ -99.238451797250647, 19.393278148713708 ], [ -99.238076123294462, 19.393457006203239 ], [ -99.237645449380324, 19.393597517513449 ], [ -99.237214611716809, 19.393625520740539 ], [ -99.236566721449677, 19.393538554468467 ], [ -99.236080899855011, 19.393539185864391 ], [ -99.235710923464069, 19.39366040514437 ], [ -99.233652375797647, 19.39450761362022 ], [ -99.232901733733939, 19.394816537733568 ], [ -99.232598563462531, 19.394895413325287 ], [ -99.232495762200315, 19.394922158567407 ], [ -99.232392960905173, 19.394948904655404 ], [ -99.23200481628497, 19.394930799885952 ], [ -99.231597493293322, 19.394911799628929 ], [ -99.231247721909497, 19.394895483438702 ], [ -99.230900795678338, 19.394961781405527 ], [ -99.230537132318787, 19.395106107578613 ], [ -99.229826654380076, 19.395303285014172 ], [ -99.22740035993283, 19.395824083722175 ], [ -99.227056101990627, 19.395823397858816 ], [ -99.226696580722461, 19.395810770490563 ], [ -99.225869638430865, 19.395703352767285 ], [ -99.225004612467686, 19.395680688989884 ], [ -99.223658017720567, 19.395870035875269 ], [ -99.223015592963407, 19.396043865594308 ], [ -99.222437076757032, 19.396243437892647 ], [ -99.222301218244368, 19.396289086687283 ], [ -99.222165359654966, 19.396334735380933 ], [ -99.219794842915164, 19.397096279537461 ], [ -99.218306131605587, 19.397577797174289 ], [ -99.217302544305099, 19.397902394520063 ], [ -99.216938706718395, 19.39802139586218 ], [ -99.214845626569257, 19.398707794730459 ], [ -99.214215850012195, 19.39896534744959 ], [ -99.213891100227499, 19.399117082869953 ], [ -99.213797405220163, 19.399160879119069 ], [ -99.213703710161099, 19.399204674416435 ], [ -99.213260236630902, 19.399439619486188 ], [ -99.212991198749179, 19.399599829040064 ], [ -99.212891102627268, 19.399659434847656 ], [ -99.212730217650346, 19.399702807655071 ], [ -99.212565830276645, 19.399770890432283 ], [ -99.212329760479648, 19.399861803543295 ], [ -99.212088267958478, 19.39994214006353 ], [ -99.212041655041531, 19.399957646319244 ], [ -99.211492872099512, 19.400131932631151 ], [ -99.210962387654064, 19.40030619605799 ], [ -99.210522008992129, 19.400424742934401 ], [ -99.209069128919637, 19.400660484328906 ], [ -99.208426203810347, 19.400748388659245 ], [ -99.207882222934472, 19.400837859426584 ], [ -99.20784542916526, 19.4008439103639 ], [ -99.206205672640507, 19.4010508745164 ], [ -99.205087284805288, 19.401190579510448 ], [ -99.204557806726399, 19.401257832127868 ], [ -99.203779778044876, 19.401340745213215 ], [ -99.203066658606318, 19.401419522038783 ], [ -99.2024668584084, 19.40148577891949 ], [ -99.202414218260088, 19.401490600173048 ], [ -99.202293396626843, 19.401505113835849 ], [ -99.202234530724823, 19.401511675309738 ], [ -99.201894148754477, 19.401553072843541 ], [ -99.201513628692396, 19.401652532461831 ], [ -99.201420400503395, 19.401679452012274 ], [ -99.201005260880478, 19.401818256432097 ], [ -99.200542258165157, 19.401998135493116 ], [ -99.200440222605422, 19.402036000231497 ], [ -99.19985267746921, 19.40228067814158 ], [ -99.199024529465731, 19.402621321304995 ], [ -99.198916310049199, 19.402664721853267 ], [ -99.198682356460054, 19.402766928719203 ], [ -99.198448402576318, 19.402869135285464 ], [ -99.198280591467821, 19.402936394675436 ], [ -99.198103928347038, 19.402991087326601 ], [ -99.19788748687192, 19.403033245981959 ], [ -99.197622438628258, 19.403071264856035 ], [ -99.196752190381019, 19.403189592856116 ], [ -99.196655262238821, 19.403203849177842 ], [ -99.196367858843544, 19.4032402664184 ], [ -99.195895185798179, 19.403299517666483 ], [ -99.195466673045857, 19.403346094264052 ], [ -99.195137649099806, 19.403388430335546 ], [ -99.194940983526891, 19.40341373509515 ], [ -99.194686489840123, 19.403463015053646 ], [ -99.193854262338277, 19.403553242281333 ], [ -99.19297493500585, 19.403653170209385 ], [ -99.192513554216077, 19.403704974782457 ], [ -99.192461588552803, 19.403710809136289 ], [ -99.192412060800081, 19.40371636977704 ], [ -99.192387310372837, 19.403719249035998 ], [ -99.192320114425854, 19.403726815643303 ], [ -99.192263296654929, 19.403733134048743 ], [ -99.19220647792703, 19.403739452437442 ], [ -99.192199877117403, 19.403488514906659 ], [ -99.19219327728517, 19.403237578271252 ], [ -99.192252878097108, 19.402672031963878 ], [ -99.192277806478529, 19.40242272481369 ], [ -99.192324267539206, 19.401958075159609 ], [ -99.192347292259527, 19.401654849241428 ], [ -99.192331153805341, 19.401471193237676 ], [ -99.1922610926988, 19.401255600593824 ], [ -99.192167343053569, 19.401063425884949 ], [ -99.192065843381954, 19.400908234320859 ], [ -99.191940997694189, 19.400782648080039 ], [ -99.191738173544508, 19.400620168101252 ], [ -99.191501476700111, 19.400453290804897 ], [ -99.191332894450127, 19.400315888810095 ], [ -99.191215509006554, 19.400199194089151 ], [ -99.191090638610035, 19.400051421720296 ], [ -99.190957957591479, 19.39988886800219 ], [ -99.190881493125744, 19.399764799950276 ], [ -99.190827618926136, 19.399677390361802 ], [ -99.190728829884208, 19.399531865027178 ], [ -99.190630041972142, 19.399386340537763 ], [ -99.190536269499191, 19.39917197849212 ], [ -99.190185910386916, 19.398355572787235 ], [ -99.189921801140855, 19.397740142509782 ], [ -99.189866380644077, 19.397599503885075 ], [ -99.189565862794794, 19.396836888712041 ], [ -99.189372803466597, 19.396346963322792 ], [ -99.18925597376419, 19.396083665192961 ], [ -99.189150689053207, 19.395816843089271 ], [ -99.189076980219923, 19.395630043725799 ], [ -99.188752907791738, 19.394841863388166 ], [ -99.188608735562894, 19.394496069434187 ], [ -99.188431995254987, 19.394080644482315 ], [ -99.188383719820948, 19.393903301229123 ], [ -99.188356792625413, 19.393710730656434 ], [ -99.188361917815485, 19.393523194067402 ], [ -99.188361783709666, 19.39340662168301 ], [ -99.188714720909246, 19.392319085935188 ], [ -99.188799899306801, 19.392075714445841 ], [ -99.188859947464934, 19.391826666500435 ], [ -99.18902847716258, 19.391127687830327 ], [ -99.189490582122815, 19.389420166453718 ], [ -99.189507504506452, 19.389357637164071 ], [ -99.189832144366804, 19.388158041882875 ], [ -99.190032471151312, 19.387383133914774 ], [ -99.190037316817168, 19.387364388274378 ], [ -99.19036326912385, 19.386103516898107 ], [ -99.190890450508178, 19.384897264654871 ], [ -99.190915426284974, 19.384840115682081 ], [ -99.190930136685537, 19.384806458109644 ], [ -99.190961729382636, 19.384734765739605 ], [ -99.191599668057833, 19.383296390261485 ], [ -99.191696765235889, 19.382979673574543 ], [ -99.1917264964476, 19.382759079551295 ], [ -99.191743655010811, 19.381622121387469 ], [ -99.191745272573996, 19.381419153428027 ], [ -99.191748943950046, 19.380921349559014 ], [ -99.191753336906331, 19.380325677574842 ], [ -99.191747112056802, 19.38020064263355 ], [ -99.191746039310573, 19.380179093485303 ], [ -99.191743957206342, 19.380137266666011 ], [ -99.191719227615792, 19.379640531038394 ], [ -99.191685117685381, 19.37895538444257 ], [ -99.191628205568037, 19.378264570127065 ], [ -99.191607518722975, 19.378013467754823 ], [ -99.191609757029866, 19.3776098661452 ], [ -99.191780080587492, 19.376379364726247 ], [ -99.191783223194449, 19.376356657970053 ], [ -99.191842844806132, 19.375925913797349 ], [ -99.191915130027667, 19.375283420973492 ], [ -99.192053816705865, 19.374253626037433 ], [ -99.192096201470434, 19.373865581139576 ], [ -99.192125574715988, 19.373633017349814 ], [ -99.192139703934942, 19.373395432265191 ], [ -99.192120595721292, 19.373217354786821 ], [ -99.192104866603813, 19.373157475017521 ], [ -99.192050029254133, 19.372990341424313 ], [ -99.191901955862591, 19.372626548304652 ], [ -99.191740372781013, 19.372284105391824 ], [ -99.191721082699729, 19.37219511121701 ], [ -99.191650891592616, 19.371871271851056 ], [ -99.191657823161862, 19.371455989765643 ], [ -99.191728787872236, 19.37083417630404 ], [ -99.191774024112632, 19.370408296464515 ], [ -99.191819261080639, 19.369982416594873 ], [ -99.19183349470336, 19.369470933890295 ], [ -99.19182323790875, 19.36943083904659 ], [ -99.191744089917236, 19.369121446109119 ], [ -99.191699389042185, 19.368947876137476 ], [ -99.191429188116572, 19.368313517248989 ], [ -99.191256338861152, 19.368017633892272 ], [ -99.190983922236398, 19.367535089412403 ], [ -99.190843699958506, 19.367230416072594 ], [ -99.190779702449987, 19.366988598401971 ], [ -99.190765652540236, 19.366935510939406 ], [ -99.190766786083344, 19.366885924876907 ], [ -99.190744594791127, 19.36664546234201 ], [ -99.190795864484556, 19.366188177974294 ], [ -99.19082845903884, 19.365892078694444 ], [ -99.190883007929131, 19.365396536898675 ], [ -99.190973235082666, 19.364820219418551 ], [ -99.191162033378149, 19.363614288000218 ], [ -99.191046746048897, 19.363579691357248 ], [ -99.19092911638046, 19.363536123972981 ], [ -99.190189544270837, 19.363322447654937 ], [ -99.189257940569618, 19.36310260938167 ], [ -99.189214437939683, 19.36309234304672 ], [ -99.189147733912009, 19.363089421913696 ], [ -99.189114381423408, 19.36308796179037 ], [ -99.189081029887532, 19.363086501659939 ], [ -99.189037583054869, 19.363084151890771 ], [ -99.189010125610238, 19.363082667553282 ], [ -99.188982669118261, 19.363081183210664 ], [ -99.188992073912672, 19.362939804022922 ], [ -99.188129538924926, 19.362925983649507 ], [ -99.188005000764065, 19.362861984572472 ], [ -99.187884294225711, 19.362779593279743 ], [ -99.187581149978328, 19.36257267261696 ], [ -99.186893619981149, 19.362113982447294 ], [ -99.186720322577045, 19.362047972918973 ], [ -99.18667663131211, 19.362021340534511 ], [ -99.18622069558937, 19.361831338323203 ], [ -99.186060565801199, 19.361764607073834 ], [ -99.185797792308506, 19.361692491193875 ], [ -99.185535019043684, 19.36162037493219 ], [ -99.185131306945024, 19.361644009871267 ], [ -99.184975775732994, 19.361653114854409 ], [ -99.18473535509267, 19.361698931285726 ], [ -99.184054917607938, 19.361594523847316 ], [ -99.183591960749183, 19.361731152500361 ], [ -99.182809364262326, 19.362114703605961 ], [ -99.182675460830069, 19.362229166985131 ], [ -99.182539903636822, 19.362348259017846 ], [ -99.181525585570782, 19.362677913330117 ], [ -99.181254982696856, 19.362749749233558 ], [ -99.180604039308591, 19.362760460895334 ], [ -99.18022939400295, 19.362740561466719 ], [ -99.180073197447115, 19.362780600297462 ], [ -99.179923473137492, 19.362827791039642 ], [ -99.179803928108129, 19.362883134225434 ], [ -99.179688714887192, 19.362957903240016 ], [ -99.179525455140507, 19.363107203129555 ], [ -99.179454028812813, 19.363182171016796 ], [ -99.17938576170171, 19.363252674051459 ], [ -99.17925307433822, 19.363399904759174 ], [ -99.179212640591473, 19.363467524539615 ], [ -99.179037659258327, 19.363733732014094 ], [ -99.178856849099574, 19.363930263896904 ], [ -99.178728789371647, 19.364073109296786 ], [ -99.178682500801543, 19.364124743214273 ], [ -99.178259956732219, 19.364528969870793 ], [ -99.17782190909297, 19.364903808758328 ], [ -99.177680400801705, 19.365024896617768 ], [ -99.177573560704744, 19.365116319081956 ], [ -99.177110809483054, 19.364672944763214 ], [ -99.176573867279657, 19.364158481544177 ], [ -99.17476490806834, 19.362425212588633 ], [ -99.174646024119667, 19.362323897462858 ], [ -99.174527869410099, 19.362223205131823 ], [ -99.174379561670875, 19.362049055726182 ], [ -99.174055885359948, 19.361570205206483 ], [ -99.173778847037326, 19.361160349105241 ], [ -99.173732209993801, 19.361091354072485 ], [ -99.173641896658722, 19.360984211770326 ], [ -99.173475195460469, 19.360786447497272 ], [ -99.173324296777338, 19.360644205839318 ], [ -99.172956785511104, 19.360307675496173 ], [ -99.172438414894685, 19.359983009585598 ], [ -99.171802919536063, 19.359601083024788 ], [ -99.171854293449812, 19.359449264840315 ], [ -99.172450566944477, 19.357934376681772 ], [ -99.172763727538509, 19.357194013417701 ], [ -99.173018893779243, 19.356779496728841 ], [ -99.17358479976393, 19.356148294599098 ], [ -99.174216602836097, 19.355476563151878 ], [ -99.17479997176288, 19.354842703429465 ], [ -99.174983308669141, 19.354643497945389 ], [ -99.175255797346907, 19.354257516600565 ], [ -99.175481041008993, 19.353982733784306 ], [ -99.175585349973829, 19.353872608601812 ], [ -99.176064713442656, 19.353431805031132 ], [ -99.176584847998598, 19.353013205098769 ], [ -99.177104979897351, 19.352594603682963 ], [ -99.177171226652732, 19.352477945373614 ], [ -99.177237472363302, 19.352361287944088 ], [ -99.177303342601931, 19.352245293289574 ], [ -99.177415873443394, 19.352068781849638 ], [ -99.177480989100289, 19.351966644764545 ], [ -99.177528404996977, 19.351892271241521 ], [ -99.177601378474421, 19.351777807702987 ], [ -99.177722918634828, 19.35167595350633 ], [ -99.178319599591788, 19.351156610073936 ], [ -99.179609222798248, 19.350079131038679 ], [ -99.1798342134461, 19.349872061401879 ], [ -99.179980341494684, 19.349687903975603 ], [ -99.180014634919601, 19.349649589869038 ], [ -99.180112108468336, 19.349508177160875 ], [ -99.180134979216533, 19.349448165808283 ], [ -99.180141842920776, 19.349340465950888 ], [ -99.180144759513638, 19.349294712602834 ], [ -99.180613421076231, 19.34723036148856 ], [ -99.180731156139061, 19.347213250083286 ], [ -99.180830591749199, 19.347144361234889 ], [ -99.180871970819638, 19.347000472409182 ], [ -99.18161281591496, 19.347257102672085 ], [ -99.181824472806582, 19.347323588723217 ], [ -99.18239710714478, 19.346790519177631 ], [ -99.182961097050963, 19.346433945213299 ], [ -99.183123663214971, 19.346181462947005 ], [ -99.183214228984426, 19.345851220018421 ], [ -99.183379019471332, 19.34525031445067 ], [ -99.183441104099984, 19.345023925181575 ], [ -99.18346915278498, 19.344921645200031 ], [ -99.183667931414377, 19.344417198274581 ], [ -99.183767884515703, 19.34428672887346 ], [ -99.184118574749945, 19.343828968560995 ], [ -99.184442138489487, 19.343735146760277 ], [ -99.184716287604559, 19.343576191068049 ], [ -99.185310265820902, 19.343166806949007 ], [ -99.18611826145036, 19.342512089776399 ], [ -99.186402022319143, 19.342259529529748 ], [ -99.186412840435707, 19.342213086564037 ], [ -99.18644823944301, 19.342061106027636 ], [ -99.186649124322344, 19.341949887866562 ], [ -99.186812909868195, 19.341859208659653 ], [ -99.186882370245712, 19.341403853021667 ], [ -99.186914317196226, 19.341390556196473 ], [ -99.187779851360247, 19.341036457566517 ], [ -99.187799269093688, 19.341020834639007 ], [ -99.188567928349244, 19.340356801645246 ], [ -99.188737361090233, 19.34023654387865 ], [ -99.189471450315168, 19.339810346203762 ], [ -99.189533502081972, 19.339686589792137 ], [ -99.189970697273424, 19.339155451860027 ], [ -99.190270072333732, 19.338953637322444 ], [ -99.19035105953779, 19.338842117264871 ], [ -99.190427682699323, 19.338736607025059 ], [ -99.190388855513376, 19.337772117646811 ], [ -99.191124287852915, 19.336847502185908 ], [ -99.191216393104327, 19.336847803233422 ], [ -99.191890937841663, 19.336806177046832 ], [ -99.193081784425956, 19.336632055620615 ], [ -99.193158260583502, 19.336620873162687 ], [ -99.19323621018458, 19.336611042900543 ], [ -99.193359806469161, 19.336595456223787 ], [ -99.194520720488811, 19.336314445737159 ], [ -99.194608751737078, 19.336293136683089 ], [ -99.195949970963852, 19.335968470424344 ], [ -99.19609079220514, 19.335937278536285 ], [ -99.197422578846684, 19.335642286544513 ], [ -99.197724993211722, 19.33557953715567 ], [ -99.198027408291964, 19.335516786361989 ], [ -99.19872387595197, 19.335041621920126 ], [ -99.199448924809531, 19.334010053961705 ], [ -99.200026564377936, 19.333239553053396 ], [ -99.198665414677635, 19.333389578676481 ], [ -99.198429310965906, 19.333415601190467 ], [ -99.198315372244323, 19.333428158704297 ], [ -99.198201433504622, 19.333440716147035 ], [ -99.197828132033194, 19.333521347658177 ], [ -99.197611111470138, 19.332900000036933 ], [ -99.1949169618577, 19.330386600766698 ], [ -99.194774562966046, 19.330137564194317 ], [ -99.194747645534235, 19.329974218978947 ], [ -99.19493560262444, 19.323091282716572 ], [ -99.194880458836209, 19.322761171925215 ], [ -99.194825315274656, 19.322431060199587 ], [ -99.195178822527296, 19.321504342573501 ], [ -99.195551880799158, 19.320911302104726 ], [ -99.197702795609047, 19.3174919546978 ], [ -99.201448794342809, 19.311536472208115 ], [ -99.201739948569383, 19.311077159641084 ], [ -99.200898706208562, 19.310743069090403 ], [ -99.201907844333178, 19.309765760330709 ], [ -99.202753925809958, 19.308917310756637 ], [ -99.205252303891029, 19.306539705452032 ], [ -99.205383259105773, 19.306415077836803 ], [ -99.205121036363579, 19.306215462240658 ], [ -99.205119862571706, 19.305979419094992 ], [ -99.204854480544597, 19.305779721697384 ], [ -99.204851153478202, 19.305711442904901 ], [ -99.204853120721268, 19.305583549681987 ], [ -99.2048561762861, 19.305513271895176 ], [ -99.205816678072793, 19.305694315497252 ], [ -99.209060575102214, 19.306261876417491 ], [ -99.21164407832805, 19.306720231622119 ], [ -99.213597240489122, 19.307072402499962 ], [ -99.214617615946594, 19.307315115971065 ], [ -99.215063438335307, 19.307468798845242 ], [ -99.215584330800993, 19.307693976682689 ], [ -99.216051088684708, 19.307938165680753 ], [ -99.216327882178817, 19.308094093299104 ], [ -99.216449564332621, 19.308159571814606 ], [ -99.216693774006131, 19.30834458258909 ], [ -99.217192496113327, 19.308722407260039 ], [ -99.217436732532207, 19.308948716682458 ], [ -99.217581327927505, 19.309096462871103 ], [ -99.217995190362231, 19.309569579342011 ], [ -99.218856434119061, 19.310666285850608 ], [ -99.219048260918584, 19.310925063728948 ], [ -99.219240088323929, 19.311183841392399 ], [ -99.219818944137273, 19.312005929539012 ], [ -99.220390960265377, 19.313182251004783 ], [ -99.220700119800782, 19.31404156553068 ], [ -99.220890362859322, 19.31495239338032 ], [ -99.221044445649142, 19.315975999910957 ], [ -99.22125971620197, 19.317078425088315 ], [ -99.221400912997709, 19.31789188288333 ], [ -99.221539721799999, 19.318626166524016 ], [ -99.221568057058619, 19.319201731630962 ], [ -99.221517668550291, 19.319442511754801 ], [ -99.221452029888269, 19.319754098785882 ], [ -99.22141276794315, 19.319856011483228 ], [ -99.221088713045319, 19.320346968231785 ], [ -99.220812695901131, 19.320765142954926 ], [ -99.220532519205577, 19.321077571206647 ], [ -99.220221500890759, 19.32128836824922 ], [ -99.214189087889977, 19.325376709497014 ], [ -99.214205051405003, 19.325424734929552 ], [ -99.212656212826573, 19.326867042402082 ], [ -99.210324538731285, 19.331155005165833 ], [ -99.209681348497909, 19.332693056002817 ], [ -99.209336283013997, 19.33333555348116 ], [ -99.208976618287124, 19.333794662034663 ], [ -99.208253253152563, 19.334793463680466 ], [ -99.206919195421492, 19.335971306121099 ], [ -99.206555305976124, 19.336279451838227 ], [ -99.206644103556357, 19.336358525255843 ], [ -99.206703469102806, 19.3364113894676 ], [ -99.206912160944682, 19.336597224566244 ], [ -99.207095973064881, 19.336612876307655 ], [ -99.207599599407502, 19.336441081696648 ], [ -99.207660198880404, 19.336619501320342 ], [ -99.207720798485639, 19.336797920015446 ], [ -99.207917561041839, 19.33726590324272 ], [ -99.207982304270274, 19.337287758409481 ], [ -99.209307088448213, 19.336642071811472 ], [ -99.209362621310376, 19.336515124240965 ], [ -99.209674402789489, 19.336430176687681 ], [ -99.210409469758147, 19.336350027338451 ], [ -99.210865101903295, 19.336091292332679 ], [ -99.211307178946655, 19.336228181835398 ], [ -99.212628557483171, 19.336289795320322 ], [ -99.213148954830217, 19.336481224901004 ], [ -99.213381954168426, 19.336522084700988 ], [ -99.213770539013311, 19.336590238835793 ], [ -99.214146073743677, 19.336452625316021 ], [ -99.214615195250147, 19.336361362558076 ], [ -99.215306406889894, 19.336133495112382 ], [ -99.215674159894562, 19.335603422779034 ], [ -99.216010089169245, 19.335335772927102 ], [ -99.216416744536815, 19.335327866468834 ], [ -99.216977253942304, 19.335017992402779 ], [ -99.21712775033906, 19.334829635728827 ], [ -99.217871088904616, 19.334651121536844 ], [ -99.218128003003216, 19.334657716107092 ], [ -99.218723982266752, 19.334482151870294 ], [ -99.219104052232083, 19.334152700512249 ], [ -99.219570079046122, 19.334056651659534 ], [ -99.220340710553643, 19.333897822095587 ], [ -99.221169543466345, 19.333800310905612 ], [ -99.221716720912539, 19.333614054380277 ], [ -99.22200632666916, 19.333799293840318 ], [ -99.223193974971778, 19.333072854011849 ], [ -99.223271653654919, 19.33302534016293 ], [ -99.223764518453621, 19.332968074727425 ], [ -99.224196612669189, 19.33276381051633 ], [ -99.224358701916699, 19.332549649327071 ], [ -99.224811533726964, 19.332270710913861 ], [ -99.224990888127849, 19.332277391462704 ], [ -99.225182289206657, 19.332231142635955 ], [ -99.225359243916074, 19.331952146651989 ], [ -99.225961338653434, 19.331756742430645 ], [ -99.226319940718909, 19.331573804654422 ], [ -99.227178135297763, 19.331557478788717 ], [ -99.227503186805265, 19.331376772947362 ], [ -99.228419984036648, 19.331027471798254 ], [ -99.229342559914741, 19.330565683218879 ], [ -99.230459931284585, 19.330186806069147 ], [ -99.231213863222862, 19.329794634865749 ], [ -99.231568601347945, 19.329236756567745 ], [ -99.231942121693024, 19.32895593291337 ], [ -99.232632006311135, 19.328175006400233 ], [ -99.232977968797115, 19.327951881921628 ], [ -99.233223237655565, 19.327615775593223 ], [ -99.236393544827052, 19.3255305161214 ], [ -99.236330677857126, 19.32527090339255 ], [ -99.237153317931813, 19.32462784703301 ], [ -99.237514780937644, 19.324557456834796 ], [ -99.238171782665802, 19.324549295194235 ], [ -99.238241053945202, 19.32454662005129 ], [ -99.238737809280437, 19.324507310695942 ], [ -99.238785026797316, 19.324497215666437 ], [ -99.23921240915621, 19.324662323875746 ], [ -99.239302992712339, 19.324694573054714 ], [ -99.23975649218319, 19.324522641005125 ], [ -99.240320949203578, 19.324502661305051 ], [ -99.240574896627024, 19.324699641587003 ], [ -99.240652063109863, 19.32485527873806 ], [ -99.240887505141956, 19.325217310473207 ], [ -99.24197974111307, 19.326993106925954 ], [ -99.24214670662613, 19.327264561929095 ], [ -99.242467621956536, 19.327786306215771 ], [ -99.242776344261344, 19.32791431459523 ], [ -99.243059627222266, 19.328211816563648 ], [ -99.24371986808508, 19.328494842076317 ], [ -99.24379109512428, 19.328525374269933 ], [ -99.244323406517424, 19.328597397622136 ], [ -99.244509673274209, 19.328524412166239 ], [ -99.244993674084938, 19.328367281726155 ], [ -99.245381393676823, 19.328144937215498 ], [ -99.245754294125689, 19.328181475318342 ], [ -99.246020650103176, 19.328171451676344 ], [ -99.246294961797503, 19.328104852454292 ], [ -99.246402427578815, 19.328092093015492 ], [ -99.24660000732986, 19.32806863442098 ], [ -99.247407639406958, 19.327972740123034 ], [ -99.247784781196842, 19.327927959757833 ], [ -99.247906383205404, 19.327913520978182 ], [ -99.248027985191612, 19.327899082117678 ], [ -99.248694273370802, 19.327640353240039 ], [ -99.248969071734251, 19.327541910046566 ], [ -99.249188503346076, 19.327463182863358 ], [ -99.249443074662068, 19.327340594540164 ], [ -99.249579998207608, 19.327274659056243 ], [ -99.249745045738479, 19.32722905954191 ], [ -99.249835389628018, 19.327204098590862 ], [ -99.249980172350817, 19.327182489922087 ], [ -99.25001300850748, 19.327177590071933 ], [ -99.250190627326162, 19.327151080476835 ], [ -99.250281848028649, 19.327137466235769 ], [ -99.250324549281416, 19.327131092363036 ], [ -99.250655487928128, 19.327081699928168 ], [ -99.251222760324396, 19.327130167178581 ], [ -99.251502281608012, 19.32715404884258 ], [ -99.251590599579259, 19.327159709080686 ], [ -99.251896438819045, 19.327178708934554 ], [ -99.252249174937788, 19.327200775738049 ], [ -99.252625550863669, 19.327104512724702 ], [ -99.253471814816336, 19.327098860459628 ], [ -99.253785144104796, 19.327044329245815 ], [ -99.25415609479272, 19.326979768945023 ], [ -99.254826074975128, 19.326800549852109 ], [ -99.255026545510916, 19.326702601769551 ], [ -99.255370365411977, 19.326534613483872 ], [ -99.255518597650493, 19.326336005611513 ], [ -99.255702374807427, 19.326089772753967 ], [ -99.255769912293673, 19.325999283411662 ], [ -99.255834912416702, 19.32588538739547 ], [ -99.255899913403724, 19.325771492258141 ], [ -99.255964913347981, 19.325657596194848 ], [ -99.255988799165181, 19.325615840189968 ], [ -99.25602999431517, 19.325543824708809 ], [ -99.256108713360149, 19.325322610432522 ], [ -99.25622361255715, 19.32507301608366 ], [ -99.256262301203577, 19.324988971814488 ], [ -99.25627671005681, 19.324957673488701 ], [ -99.256308226016301, 19.324889210548072 ], [ -99.256319063537973, 19.32485945086675 ], [ -99.256329901055807, 19.324829691184746 ], [ -99.256461203155965, 19.324469134494493 ], [ -99.256533225760066, 19.324424712498953 ], [ -99.256622691073446, 19.324238678619569 ], [ -99.256915736070425, 19.323788989543335 ], [ -99.25695345521595, 19.323729465576431 ], [ -99.256966634119934, 19.323708668457819 ], [ -99.257106515668539, 19.323487928763679 ], [ -99.257134109804738, 19.323444383415257 ], [ -99.257258380099827, 19.323248276880197 ], [ -99.257335472109418, 19.323126620105214 ], [ -99.257378666451572, 19.323058455898501 ], [ -99.257473848836511, 19.322909695987661 ], [ -99.257640229948663, 19.322695758799831 ], [ -99.257921460628452, 19.322521072552281 ], [ -99.258033140550936, 19.322451703362983 ], [ -99.258144819425254, 19.322382333203475 ], [ -99.258202691659307, 19.32234638587336 ], [ -99.258271641261686, 19.322336133046122 ], [ -99.258340589901749, 19.322325879290535 ], [ -99.25847848810848, 19.322305372603822 ], [ -99.258911430699698, 19.322007246245924 ], [ -99.258926234239894, 19.321990697824063 ], [ -99.258933636008862, 19.321982423612685 ], [ -99.258941037778527, 19.321974150304733 ], [ -99.259045934893734, 19.321856894262101 ], [ -99.259217611952209, 19.321664988281182 ], [ -99.259356175673119, 19.321564715903587 ], [ -99.259401611522236, 19.32152547551587 ], [ -99.259475695221525, 19.321463750240206 ], [ -99.259492653892494, 19.321449620702399 ], [ -99.259621801326617, 19.321342016004419 ], [ -99.26005304927358, 19.321009993173998 ], [ -99.260199752180071, 19.320830998215353 ], [ -99.260249084113923, 19.320770807219798 ], [ -99.260298415061243, 19.320710617116006 ], [ -99.260322434918947, 19.320681310129061 ], [ -99.260346454768083, 19.320652003138953 ], [ -99.260459751049552, 19.320420614919996 ], [ -99.260538750823102, 19.320259271293402 ], [ -99.260624623187695, 19.320101333007273 ], [ -99.260710494436807, 19.319943394681285 ], [ -99.260932625230652, 19.319534842451553 ], [ -99.260988035621352, 19.319458459470003 ], [ -99.26110678760304, 19.31929475872181 ], [ -99.261280950419675, 19.31905467392037 ], [ -99.261392822104014, 19.318793342961541 ], [ -99.261431968006761, 19.318701898992263 ], [ -99.261539509709962, 19.318450681458391 ], [ -99.261647051090165, 19.318199464761797 ], [ -99.26167924315493, 19.318052600435191 ], [ -99.261765614180902, 19.317658575894651 ], [ -99.262216717785932, 19.317365326537406 ], [ -99.262304257647259, 19.3173511757124 ], [ -99.262373505144637, 19.317339981045794 ], [ -99.262458002318184, 19.317310143059974 ], [ -99.262542500412565, 19.317280305033904 ], [ -99.262657983945829, 19.317155795510793 ], [ -99.262703448986159, 19.317106287888112 ], [ -99.262720651065081, 19.317066217939587 ], [ -99.262793106834437, 19.316897440524084 ], [ -99.262783772074968, 19.316855054574361 ], [ -99.262778572998201, 19.31683144940601 ], [ -99.262762318938286, 19.316757649825469 ], [ -99.262887570058965, 19.316631601495214 ], [ -99.263012821938261, 19.316505552174391 ], [ -99.263072901220511, 19.316445090065386 ], [ -99.263102941320312, 19.316414858550967 ], [ -99.263132981410521, 19.316384627935342 ], [ -99.263151333533614, 19.316366158144501 ], [ -99.263274443704205, 19.316267192906949 ], [ -99.263765591853712, 19.315872367770154 ], [ -99.263837700531553, 19.315816941677731 ], [ -99.264489862123739, 19.315239736717896 ], [ -99.264681617771217, 19.315035214756485 ], [ -99.264708313608011, 19.315011130483235 ], [ -99.264748902481045, 19.314974512097802 ], [ -99.264827390157919, 19.314903703008465 ], [ -99.264907918990701, 19.314812406072946 ], [ -99.264988446780904, 19.314721108199681 ], [ -99.265053978803323, 19.31462912083963 ], [ -99.265166155613215, 19.314471658210959 ], [ -99.26542540944746, 19.314107740477638 ], [ -99.265590401864529, 19.313856258006606 ], [ -99.2656553431448, 19.313757272802849 ], [ -99.265847066081221, 19.313205863694503 ], [ -99.265975643599205, 19.312684706603484 ], [ -99.266187223810519, 19.312271554243221 ], [ -99.266290743113771, 19.312261573335032 ], [ -99.266394262403679, 19.312251592368245 ], [ -99.266539227807897, 19.31226121055666 ] ] ] } },
{ "type": "Feature", "properties": { "alcaldia_norm": "AZCAPOTZALCO", "alcaldia": "AZCAPOTZALCO", "cve_col": "02-001", "colonia": "AGUILERA", "pob_2010": 2014.0, "SUP_COL_M2": 103825.0, "VIV2010": 680, "DENVIVHa": 65.4948, "SUPMNZHa": 10.3825, "C_DENVIVHa": 4 }, "geometry": { "type": "Polygon", "coordinates": [ [ [ -99.193443012081872, 19.471105695361132 ], [ -99.193657598794559, 19.471159512141185 ], [ -99.197377942338619, 19.472215496261271 ], [ -99.20083615586708, 19.473271868635592 ], [ -99.201196179971419, 19.473280865215937 ], [ -99.201351087230265, 19.473241542307104 ], [ -99.20213345988401, 19.473042935189454 ], [ -99.202522112206935, 19.472944273483741 ], [ -99.204336991558691, 19.472390585277491 ], [ -99.205074477479528, 19.472221968020438 ], [ -99.205183588584291, 19.472172052391393 ], [ -99.205363001707383, 19.472075286047911 ], [ -99.205915638410147, 19.471794329399369 ], [ -99.206460499465024, 19.471447490791398 ], [ -99.20658071734448, 19.471370964360901 ], [ -99.206798192707993, 19.471231642338996 ], [ -99.206870694376676, 19.471218083357556 ], [ -99.206923482869726, 19.471208211431012 ], [ -99.207617250601984, 19.471412151544904 ], [ -99.208019550140975, 19.471530410669033 ], [ -99.208383999342573, 19.471636246542882 ], [ -99.208623137425036, 19.471705693204193 ], [ -99.2092441817219, 19.471886042391922 ], [ -99.20960410102937, 19.471990560694287 ], [ -99.210031660154868, 19.472114719910845 ], [ -99.210800749984514, 19.472318261310129 ], [ -99.211444572808674, 19.472478121673003 ], [ -99.212644809090307, 19.472776131394077 ], [ -99.213563934399318, 19.473004336192471 ], [ -99.214227514256322, 19.473157879781596 ], [ -99.21487659498122, 19.473345375403117 ], [ -99.215568197804217, 19.473545151127926 ], [ -99.215877929212368, 19.47363115062462 ], [ -99.216187660943376, 19.47371715049167 ], [ -99.216856273125032, 19.473902794680555 ], [ -99.217507473775385, 19.474083601616282 ], [ -99.217877474193543, 19.47418633173897 ], [ -99.218165240558648, 19.474264107293756 ], [ -99.218838394416949, 19.474446041546695 ], [ -99.219506982040102, 19.474626738011168 ], [ -99.220158424475557, 19.474774187018824 ], [ -99.220527397781467, 19.474857699929874 ], [ -99.220560409251121, 19.474868960725459 ], [ -99.221115250278871, 19.475058224926478 ], [ -99.221026299135147, 19.475662054895949 ], [ -99.220954162400133, 19.475950272970188 ], [ -99.220735305536053, 19.4768246891921 ], [ -99.220380996449023, 19.478240269669545 ], [ -99.220086282638746, 19.479093372684545 ], [ -99.220068020721158, 19.479146233342615 ], [ -99.219763103797533, 19.479978655782801 ], [ -99.219116764473227, 19.481813823996671 ], [ -99.218677222105754, 19.483067088766845 ], [ -99.218132968894196, 19.484601522317298 ], [ -99.217240160585092, 19.487357157454756 ], [ -99.21695481059885, 19.488180534826107 ], [ -99.21664604165241, 19.489071475263575 ], [ -99.216621151275419, 19.489143296181744 ], [ -99.216600585214437, 19.489201445941415 ], [ -99.216512522105589, 19.489450448897262 ], [ -99.216412678000125, 19.489732759658445 ], [ -99.21638590386037, 19.489808464248945 ], [ -99.216113695228913, 19.490578135626784 ], [ -99.21586921093008, 19.491269406942809 ], [ -99.215754016769608, 19.491595113022584 ], [ -99.21546783561358, 19.492404270633966 ], [ -99.215432733757794, 19.492495862347464 ], [ -99.215196498443674, 19.493112266325522 ], [ -99.21517538226253, 19.493167364714814 ], [ -99.214967193107114, 19.493791399435981 ], [ -99.214807291575269, 19.494270691855583 ], [ -99.214584235715705, 19.494936288395838 ], [ -99.21446199401008, 19.495301055048337 ], [ -99.214339750810296, 19.495665820706265 ], [ -99.214134453551679, 19.496278418032816 ], [ -99.214091682980538, 19.496414588835339 ], [ -99.21381406593656, 19.497298461574037 ], [ -99.213706209450422, 19.497641849557322 ], [ -99.213448693321894, 19.498469637797253 ], [ -99.213188136102261, 19.499350986930427 ], [ -99.212282567595793, 19.502414044975541 ], [ -99.212240061943078, 19.502531395116737 ], [ -99.21193836912957, 19.503605145035937 ], [ -99.21187202682674, 19.504007859854621 ], [ -99.211848223589826, 19.504152351827752 ], [ -99.211815627626578, 19.504350213879984 ], [ -99.21163165446427, 19.505576330625697 ], [ -99.211509070282531, 19.506444576034099 ], [ -99.211442422735715, 19.506696928337252 ], [ -99.211414360449609, 19.506803181834723 ], [ -99.211398369006574, 19.506863729457852 ], [ -99.211053415909376, 19.50805226984934 ], [ -99.211062346227948, 19.508209707134856 ], [ -99.211050419849016, 19.508300095120809 ], [ -99.211013896915759, 19.508576872901777 ], [ -99.210971822108633, 19.508937979040187 ], [ -99.210961513047181, 19.509190126238895 ], [ -99.210974561414758, 19.509409972778428 ], [ -99.210969503512032, 19.509449616454834 ], [ -99.210951397510954, 19.509591536854188 ], [ -99.210906890807323, 19.509718665318307 ], [ -99.21074782109234, 19.510081924797131 ], [ -99.210624800215001, 19.510358408266509 ], [ -99.210450731676602, 19.510638984307306 ], [ -99.210261777150208, 19.510923612558173 ], [ -99.210034570833443, 19.51123854134476 ], [ -99.209784016051145, 19.511593837778914 ], [ -99.209663281716971, 19.511765355229887 ], [ -99.209599285152379, 19.511856272458736 ], [ -99.209387630135907, 19.512154753798725 ], [ -99.209344479174575, 19.512215607376991 ], [ -99.20919160018525, 19.512435645922441 ], [ -99.209111657216368, 19.51253838300731 ], [ -99.209076918938763, 19.512583025024398 ], [ -99.208966457351039, 19.512704177937863 ], [ -99.208830466905752, 19.51282334226358 ], [ -99.208654071333029, 19.512952639439046 ], [ -99.208447974866914, 19.513070063342923 ], [ -99.207074189538332, 19.513797145753028 ], [ -99.206204826829051, 19.514276767076648 ], [ -99.205823269108237, 19.514525073903719 ], [ -99.205571363915723, 19.514683617715132 ], [ -99.205158638540411, 19.514943377883029 ], [ -99.205073778805016, 19.515000144158861 ], [ -99.20495751227989, 19.515095720703684 ], [ -99.204863257229988, 19.515185306834866 ], [ -99.20471723509975, 19.51514310698257 ], [ -99.204044554538797, 19.514948720099905 ], [ -99.203253057410052, 19.514719993003233 ], [ -99.202976788332975, 19.514640117636439 ], [ -99.202832842794251, 19.514593943909677 ], [ -99.201867380844106, 19.514283597941311 ], [ -99.200158568959594, 19.513767164698169 ], [ -99.200129128867118, 19.513758275810449 ], [ -99.200099687823638, 19.513749386015245 ], [ -99.199927918355257, 19.513697456064605 ], [ -99.197868198455978, 19.513091825984528 ], [ -99.196843414637527, 19.512774523138763 ], [ -99.196802558936056, 19.512759282174347 ], [ -99.196456547265029, 19.512630206680459 ], [ -99.19516407601985, 19.512148923908118 ], [ -99.192780680899233, 19.511261373457057 ], [ -99.192485545114394, 19.51115146530891 ], [ -99.191841341586482, 19.51091118230574 ], [ -99.191816975566184, 19.510700201717118 ], [ -99.190604296973774, 19.510427557632038 ], [ -99.1896180446778, 19.510213448508711 ], [ -99.189026820363537, 19.51008509538649 ], [ -99.188936885305324, 19.510065569686958 ], [ -99.188453666699985, 19.50991788527773 ], [ -99.18721928971344, 19.509453065197857 ], [ -99.186098980435034, 19.509031187660792 ], [ -99.185393024714173, 19.508740025211274 ], [ -99.185160754796073, 19.508547168142567 ], [ -99.185018612529205, 19.508484445729422 ], [ -99.184549598964722, 19.508327754260957 ], [ -99.18406170866011, 19.5082294589388 ], [ -99.183692187503723, 19.50810858846668 ], [ -99.182616659147627, 19.507642657191266 ], [ -99.182419810202589, 19.507577419563923 ], [ -99.180784517289737, 19.507158097704895 ], [ -99.177549191821029, 19.506322716760671 ], [ -99.17747451421944, 19.506330923454783 ], [ -99.177363150077952, 19.506343162309179 ], [ -99.176837451557418, 19.506400935306985 ], [ -99.176780530477643, 19.506430724963458 ], [ -99.176683794121971, 19.506481352488727 ], [ -99.176633727144889, 19.506507554886792 ], [ -99.176131428805206, 19.506877089271445 ], [ -99.176031489256786, 19.506949265944943 ], [ -99.175407616907378, 19.507399826174325 ], [ -99.175277406854406, 19.507493862821168 ], [ -99.175126580814151, 19.507499725762585 ], [ -99.175068084543611, 19.507501999181844 ], [ -99.174837901386013, 19.507586713692326 ], [ -99.174177487855303, 19.507849954892283 ], [ -99.173754743584922, 19.508088866240506 ], [ -99.173660186248682, 19.508163960860603 ], [ -99.17345004772713, 19.50833084365253 ], [ -99.173054727194739, 19.508620087508607 ], [ -99.172926881117093, 19.50857504928593 ], [ -99.172309119572404, 19.508357423052608 ], [ -99.171024641522521, 19.507904914280751 ], [ -99.170941288780185, 19.507875550000769 ], [ -99.170411035692126, 19.507635575129498 ], [ -99.169739365179865, 19.507298876605908 ], [ -99.169500481540013, 19.507179127793574 ], [ -99.169097618684532, 19.507012238738049 ], [ -99.169125196797964, 19.506933380959293 ], [ -99.169102001065653, 19.506926333775301 ], [ -99.168743271789936, 19.506797302691389 ], [ -99.168711347739091, 19.506788007922367 ], [ -99.168678761852831, 19.506777378976807 ], [ -99.168607471726872, 19.506754418746748 ], [ -99.16857087046094, 19.506742636767214 ], [ -99.168443994933881, 19.506701782263391 ], [ -99.168225041535337, 19.506631277439237 ], [ -99.167319640447033, 19.506339546204014 ], [ -99.167281916005251, 19.506326171749929 ], [ -99.167356248453387, 19.506127337998606 ], [ -99.167183130430274, 19.506069668356322 ], [ -99.164549613466562, 19.505192366472762 ], [ -99.164379028558699, 19.505135537703762 ], [ -99.163438269748184, 19.504831221216385 ], [ -99.162932439962418, 19.504667592358611 ], [ -99.161966622464462, 19.504355162708553 ], [ -99.160690052447151, 19.503942196342091 ], [ -99.15850309351309, 19.503234693314614 ], [ -99.15733283066713, 19.502856085845181 ], [ -99.157207775868741, 19.502815626691145 ], [ -99.156970993774394, 19.502739021749655 ], [ -99.156384592870836, 19.501170053222705 ], [ -99.155742104482144, 19.499330419676767 ], [ -99.154200861910027, 19.495181510333605 ], [ -99.154173148190296, 19.495106660968464 ], [ -99.153993816491507, 19.494622329896607 ], [ -99.153036003155123, 19.492045616243342 ], [ -99.152959058717784, 19.491838500400309 ], [ -99.151826038871476, 19.488896649932343 ], [ -99.150478821968449, 19.485291933789245 ], [ -99.149714457031848, 19.483246661729638 ], [ -99.148860669511947, 19.480983514948576 ], [ -99.148148927389187, 19.4790968369858 ], [ -99.147977668294899, 19.478624274980561 ], [ -99.147071855074671, 19.476228497539875 ], [ -99.146908138794061, 19.475800854816143 ], [ -99.146512064838191, 19.474743667468225 ], [ -99.145904487304051, 19.473219339730104 ], [ -99.145863760630633, 19.473116836487215 ], [ -99.145823112995245, 19.473014222012608 ], [ -99.145047311956745, 19.470987098088642 ], [ -99.144662117918401, 19.469965832816037 ], [ -99.144466762677453, 19.46941787521699 ], [ -99.144401033271279, 19.469238211114781 ], [ -99.14370815600256, 19.467344272408898 ], [ -99.143681764527244, 19.467270091569606 ], [ -99.143642099986877, 19.467158598499996 ], [ -99.143051335040028, 19.465638803751879 ], [ -99.14303429712929, 19.465460693889888 ], [ -99.143031335143377, 19.465325199605569 ], [ -99.143060518835881, 19.465136744523587 ], [ -99.143122009046053, 19.465111329454526 ], [ -99.143281788255663, 19.465045287666904 ], [ -99.144026789472093, 19.464836972604878 ], [ -99.145802622726649, 19.464340404535847 ], [ -99.147006267358407, 19.463951985797841 ], [ -99.147718071100343, 19.463697237604478 ], [ -99.147929834652885, 19.463621448826377 ], [ -99.148198686986788, 19.463482648221749 ], [ -99.148301481652027, 19.463452770302418 ], [ -99.148634198978186, 19.463356222666636 ], [ -99.15004363163051, 19.463027887702619 ], [ -99.15032082171291, 19.462970629699772 ], [ -99.150554620722318, 19.46294825748695 ], [ -99.150769967252003, 19.462950766189088 ], [ -99.152337520084899, 19.463141427683791 ], [ -99.153629568676976, 19.463301257445757 ], [ -99.155021573604486, 19.463559276636314 ], [ -99.155966274479113, 19.463776252084767 ], [ -99.15635720570323, 19.463887124431892 ], [ -99.157060834397058, 19.464034795888583 ], [ -99.157581994050361, 19.464096126445916 ], [ -99.15786859955837, 19.464095877085597 ], [ -99.158221607863965, 19.464034782401516 ], [ -99.158557518576671, 19.463938889782856 ], [ -99.158697560813337, 19.463881553625352 ], [ -99.158835648372786, 19.463814991186204 ], [ -99.158983443980773, 19.463728118959363 ], [ -99.159144845202917, 19.463624623388846 ], [ -99.159292622447282, 19.463519295153397 ], [ -99.159418995294587, 19.463412139320692 ], [ -99.159586171282882, 19.463245888469313 ], [ -99.159684909165719, 19.463128983041084 ], [ -99.159704726959106, 19.463105518564056 ], [ -99.159811597144028, 19.462954085598142 ], [ -99.159916512504694, 19.462793426405298 ], [ -99.160013637156752, 19.462625391536076 ], [ -99.160033084386924, 19.462589483122169 ], [ -99.160114635593843, 19.46243889651354 ], [ -99.160224595506719, 19.462233840136044 ], [ -99.160266129147445, 19.462156387133792 ], [ -99.160384613627869, 19.461944038230374 ], [ -99.160422058481075, 19.461877930497394 ], [ -99.160506985301609, 19.461727995011543 ], [ -99.160580777260023, 19.461578436257362 ], [ -99.160670146396953, 19.461439937856571 ], [ -99.160702639016165, 19.461389823975527 ], [ -99.160773116204169, 19.46128112527358 ], [ -99.160891645772807, 19.461116761729023 ], [ -99.161002425665913, 19.460985625747387 ], [ -99.161062680824884, 19.460920977011227 ], [ -99.16120361393277, 19.460784277022366 ], [ -99.161372747401714, 19.460634633143627 ], [ -99.161528282680607, 19.460507148696784 ], [ -99.161546819065663, 19.46049107216723 ], [ -99.161565356399848, 19.460474995634911 ], [ -99.16172852438028, 19.460333483896367 ], [ -99.161987095632782, 19.460117318120947 ], [ -99.162029894226151, 19.460082169438294 ], [ -99.162144573648163, 19.459987986011587 ], [ -99.162313710936473, 19.459843878344163 ], [ -99.162452180328401, 19.459716950611718 ], [ -99.162560596323729, 19.459617571621799 ], [ -99.16258223788094, 19.459594168451758 ], [ -99.162673328599425, 19.459495660751436 ], [ -99.162766610790086, 19.459381149763598 ], [ -99.16285210511451, 19.459262954927596 ], [ -99.162929783997058, 19.459111546309124 ], [ -99.162995807026647, 19.45897860391343 ], [ -99.163056223498486, 19.458809018860954 ], [ -99.1630734192277, 19.458760753759805 ], [ -99.163131554633168, 19.458524465312099 ], [ -99.163228420476571, 19.4581035814595 ], [ -99.163292126302522, 19.457796976663246 ], [ -99.163360669039747, 19.457479935831337 ], [ -99.163388880784879, 19.457349443883157 ], [ -99.163464247425793, 19.457001711919208 ], [ -99.163514094309264, 19.456771718870414 ], [ -99.163605187288141, 19.456381138997813 ], [ -99.163681673926362, 19.456391917336525 ], [ -99.163719756688764, 19.456397283593827 ], [ -99.163739159212369, 19.456400017905469 ], [ -99.163814027878885, 19.45641056810404 ], [ -99.16400845488306, 19.456442302744914 ], [ -99.164325534663021, 19.456494057357254 ], [ -99.164940888719187, 19.456597711251625 ], [ -99.164951948166504, 19.45659957460499 ], [ -99.165154488632055, 19.456632639947262 ], [ -99.165525967558438, 19.45669328612253 ], [ -99.16563020759088, 19.456711212940121 ], [ -99.166059246122728, 19.456784998854964 ], [ -99.16677695267164, 19.456905014918288 ], [ -99.167328326826791, 19.45700287696409 ], [ -99.167491484615724, 19.457029542437613 ], [ -99.167601313465767, 19.457046128161355 ], [ -99.167669229210929, 19.457056384962272 ], [ -99.167731946649084, 19.457065596422819 ], [ -99.167887930949576, 19.457089121418967 ], [ -99.168043921388843, 19.457118563836612 ], [ -99.168129600800881, 19.45712937244258 ], [ -99.168343231209178, 19.457165767696086 ], [ -99.168524029925294, 19.457196569359485 ], [ -99.168611520053801, 19.457211474426643 ], [ -99.168744174645113, 19.457234073276108 ], [ -99.168933878474945, 19.457264506561998 ], [ -99.170303608520584, 19.457484240103966 ], [ -99.171124950346893, 19.457622774453323 ], [ -99.172925625114246, 19.457926475759827 ], [ -99.174613645737907, 19.458211159388068 ], [ -99.17577021015201, 19.458406203450615 ], [ -99.17687721723992, 19.458592882961359 ], [ -99.177085637552821, 19.458628028543046 ], [ -99.177733424556308, 19.458742619947657 ], [ -99.177989771501615, 19.458787965687453 ], [ -99.178709804261857, 19.458915331751037 ], [ -99.178835642375617, 19.458935904676604 ], [ -99.1789647864545, 19.458956351345726 ], [ -99.179930632905624, 19.459117677368052 ], [ -99.180995039689805, 19.45929545963422 ], [ -99.181147312397144, 19.459320891878011 ], [ -99.182008854342442, 19.459464785132198 ], [ -99.182082313561708, 19.459477053479073 ], [ -99.18315474128427, 19.459657203502886 ], [ -99.184164140725514, 19.459826759952989 ], [ -99.184227172273623, 19.459837348063555 ], [ -99.185292468958437, 19.46001628618211 ], [ -99.185443135649592, 19.460049246238917 ], [ -99.187283316002663, 19.460451790959862 ], [ -99.187332559622277, 19.460464109295302 ], [ -99.18853766489778, 19.460765579940574 ], [ -99.188259139984652, 19.462352970279444 ], [ -99.188028912213255, 19.463665081325292 ], [ -99.18800469550753, 19.463811597492555 ], [ -99.189143282227178, 19.464155046365537 ], [ -99.189825017900702, 19.464360683546477 ], [ -99.18987301629636, 19.464375161464904 ], [ -99.189963551707464, 19.464402470084522 ], [ -99.189998624122083, 19.464413286089279 ], [ -99.190042849803476, 19.464426389745203 ], [ -99.190118887279382, 19.464449325025804 ], [ -99.190175470692651, 19.46446816695558 ], [ -99.190773299395829, 19.464667238082338 ], [ -99.190761454388209, 19.46488480820604 ], [ -99.190695652563235, 19.466234905849017 ], [ -99.190681272246167, 19.466652361286009 ], [ -99.190660602335257, 19.466954048830186 ], [ -99.190494689421143, 19.470358091521629 ], [ -99.190960739383868, 19.470484605106538 ], [ -99.1917342385062, 19.470694576197587 ], [ -99.192507738638341, 19.47090454306278 ], [ -99.192885022041665, 19.470985687107877 ], [ -99.193443012081872, 19.471105695361132 ] ] ] } },
{ "type": "Feature", "properties": { "alcaldia_norm": "BENITO JUAREZ", "alcaldia": "BENITO JUAREZ", "cve_col": "14-001", "colonia": "ACACIAS", "pob_2010": 6096.0, "SUP_COL_M2": 335014.0, "VIV2010": 2695, "DENVIVHa": 80.4444, "SUPMNZHa": 33.5014, "C_DENVIVHa": 5 }, "geometry": { "type": "Polygon", "coordinates": [ [ [ -99.172956785511104, 19.360307675496173 ], [ -99.173324296777338, 19.360644205839318 ], [ -99.173475195460469, 19.360786447497272 ], [ -99.173641896658722, 19.360984211770326 ], [ -99.173732209993801, 19.361091354072485 ], [ -99.173778847037326, 19.361160349105241 ], [ -99.174055885359948, 19.361570205206483 ], [ -99.174379561670875, 19.362049055726182 ], [ -99.174527869410099, 19.362223205131823 ], [ -99.174646024119667, 19.362323897462858 ], [ -99.17476490806834, 19.362425212588633 ], [ -99.176573867279657, 19.364158481544177 ], [ -99.177110809483054, 19.364672944763214 ], [ -99.177573560704744, 19.365116319081956 ], [ -99.177680400801705, 19.365024896617768 ], [ -99.17782190909297, 19.364903808758328 ], [ -99.178259956732219, 19.364528969870793 ], [ -99.178682500801543, 19.364124743214273 ], [ -99.178728789371647, 19.364073109296786 ], [ -99.178856849099574, 19.363930263896904 ], [ -99.179037659258327, 19.363733732014094 ], [ -99.179212640591473, 19.363467524539615 ], [ -99.17925307433822, 19.363399904759174 ], [ -99.17938576170171, 19.363252674051459 ], [ -99.179454028812813, 19.363182171016796 ], [ -99.179525455140507, 19.363107203129555 ], [ -99.179688714887192, 19.362957903240016 ], [ -99.179803928108129, 19.362883134225434 ], [ -99.179923473137492, 19.362827791039642 ], [ -99.180073197447115, 19.362780600297462 ], [ -99.18022939400295, 19.362740561466719 ], [ -99.180604039308591, 19.362760460895334 ], [ -99.181254982696856, 19.362749749233558 ], [ -99.181525585570782, 19.362677913330117 ], [ -99.182539903636822, 19.362348259017846 ], [ -99.182675460830069, 19.362229166985131 ], [ -99.182809364262326, 19.362114703605961 ], [ -99.183591960749183, 19.361731152500361 ], [ -99.184054917607938, 19.361594523847316 ], [ -99.18473535509267, 19.361698931285726 ], [ -99.184975775732994, 19.361653114854409 ], [ -99.185131306945024, 19.361644009871267 ], [ -99.185535019043684, 19.36162037493219 ], [ -99.185797792308506, 19.361692491193875 ], [ -99.186060565801199, 19.361764607073834 ], [ -99.18622069558937, 19.361831338323203 ], [ -99.18667663131211, 19.362021340534511 ], [ -99.186720322577045, 19.362047972918973 ], [ -99.186893619981149, 19.362113982447294 ], [ -99.187581149978328, 19.36257267261696 ], [ -99.187884294225711, 19.362779593279743 ], [ -99.188005000764065, 19.362861984572472 ], [ -99.188129538924926, 19.362925983649507 ], [ -99.188992073912672, 19.362939804022922 ], [ -99.188982669118261, 19.363081183210664 ], [ -99.189010125610238, 19.363082667553282 ], [ -99.189037583054869, 19.363084151890771 ], [ -99.189081029887532, 19.363086501659939 ], [ -99.189114381423408, 19.36308796179037 ], [ -99.189147733912009, 19.363089421913696 ], [ -99.189214437939683, 19.36309234304672 ], [ -99.189257940569618, 19.36310260938167 ], [ -99.190189544270837, 19.363322447654937 ], [ -99.19092911638046, 19.363536123972981 ], [ -99.191046746048897, 19.363579691357248 ], [ -99.191162033378149, 19.363614288000218 ], [ -99.190973235082666, 19.364820219418551 ], [ -99.190883007929131, 19.365396536898675 ], [ -99.19082845903884, 19.365892078694444 ], [ -99.190795864484556, 19.366188177974294 ], [ -99.190744594791127, 19.36664546234201 ], [ -99.190766786083344, 19.366885924876907 ], [ -99.190765652540236, 19.366935510939406 ], [ -99.190779702449987, 19.366988598401971 ], [ -99.190843699958506, 19.367230416072594 ], [ -99.190983922236398, 19.367535089412403 ], [ -99.191256338861152, 19.368017633892272 ], [ -99.191429188116572, 19.368313517248989 ], [ -99.191699389042185, 19.368947876137476 ], [ -99.191744089917236, 19.369121446109119 ], [ -99.19182323790875, 19.36943083904659 ], [ -99.19183349470336, 19.369470933890295 ], [ -99.191819261080639, 19.369982416594873 ], [ -99.191774024112632, 19.370408296464515 ], [ -99.191728787872236, 19.37083417630404 ], [ -99.191657823161862, 19.371455989765643 ], [ -99.191650891592616, 19.371871271851056 ], [ -99.191721082699729, 19.37219511121701 ], [ -99.191740372781013, 19.372284105391824 ], [ -99.191901955862591, 19.372626548304652 ], [ -99.192050029254133, 19.372990341424313 ], [ -99.192104866603813, 19.373157475017521 ], [ -99.192120595721292, 19.373217354786821 ], [ -99.192139703934942, 19.373395432265191 ], [ -99.192125574715988, 19.373633017349814 ], [ -99.192096201470434, 19.373865581139576 ], [ -99.192053816705865, 19.374253626037433 ], [ -99.191915130027667, 19.375283420973492 ], [ -99.191842844806132, 19.375925913797349 ], [ -99.191783223194449, 19.376356657970053 ], [ -99.191780080587492, 19.376379364726247 ], [ -99.191609757029866, 19.3776098661452 ], [ -99.191607518722975, 19.378013467754823 ], [ -99.191628205568037, 19.378264570127065 ], [ -99.191685117685381, 19.37895538444257 ], [ -99.191719227615792, 19.379640531038394 ], [ -99.191743957206342, 19.380137266666011 ], [ -99.191746039310573, 19.380179093485303 ], [ -99.191747112056802, 19.38020064263355 ], [ -99.191753336906331, 19.380325677574842 ], [ -99.191748943950046, 19.380921349559014 ], [ -99.191745272573996, 19.381419153428027 ], [ -99.191743655010811, 19.381622121387469 ], [ -99.1917264964476, 19.382759079551295 ], [ -99.191696765235889, 19.382979673574543 ], [ -99.191599668057833, 19.383296390261485 ], [ -99.190961729382636, 19.384734765739605 ], [ -99.190930136685537, 19.384806458109644 ], [ -99.190915426284974, 19.384840115682081 ], [ -99.190890450508178, 19.384897264654871 ], [ -99.19036326912385, 19.386103516898107 ], [ -99.190037316817168, 19.387364388274378 ], [ -99.190032471151312, 19.387383133914774 ], [ -99.189832144366804, 19.388158041882875 ], [ -99.189507504506452, 19.389357637164071 ], [ -99.189490582122815, 19.389420166453718 ], [ -99.18902847716258, 19.391127687830327 ], [ -99.188859947464934, 19.391826666500435 ], [ -99.188799899306801, 19.392075714445841 ], [ -99.188714720909246, 19.392319085935188 ], [ -99.188361783709666, 19.39340662168301 ], [ -99.188361917815485, 19.393523194067402 ], [ -99.188356792625413, 19.393710730656434 ], [ -99.188383719820948, 19.393903301229123 ], [ -99.188431995254987, 19.394080644482315 ], [ -99.188608735562894, 19.394496069434187 ], [ -99.188752907791738, 19.394841863388166 ], [ -99.189076980219923, 19.395630043725799 ], [ -99.189007458071643, 19.395634473774805 ], [ -99.188972098484811, 19.395636745442417 ], [ -99.188946312555004, 19.395638401658271 ], [ -99.18889452927921, 19.395641727854574 ], [ -99.188622832687969, 19.395659127388619 ], [ -99.188516359605714, 19.395665946170368 ], [ -99.187824490039517, 19.395710251609639 ], [ -99.187654358940861, 19.395705246219091 ], [ -99.187551442155936, 19.395702219191485 ], [ -99.186503454759162, 19.395638892262888 ], [ -99.185981190562714, 19.395778390446893 ], [ -99.185314778958301, 19.395956386430992 ], [ -99.18509858446744, 19.396022276800814 ], [ -99.18435394803997, 19.396144468808124 ], [ -99.184075099972219, 19.396190226821862 ], [ -99.183461305003732, 19.39642747609329 ], [ -99.182436962146468, 19.396795601210705 ], [ -99.182335082555397, 19.396900040377844 ], [ -99.182230294715708, 19.396918519089319 ], [ -99.181450487397953, 19.397056033662931 ], [ -99.181202964802338, 19.397102371454967 ], [ -99.180926896736665, 19.39714349751689 ], [ -99.180140718787499, 19.397313280359963 ], [ -99.179615005790282, 19.397435655288881 ], [ -99.179496196596261, 19.397491977152917 ], [ -99.178877251711839, 19.397644604735795 ], [ -99.178475128397807, 19.397738534674978 ], [ -99.178128409640863, 19.397817556714184 ], [ -99.177752047298725, 19.397903863095298 ], [ -99.17766647246934, 19.397920967518687 ], [ -99.176581081805409, 19.398125901048253 ], [ -99.176471379072652, 19.398156765883151 ], [ -99.176384121343048, 19.398237758441638 ], [ -99.176350945005083, 19.39832856448259 ], [ -99.176342728747358, 19.39842329287907 ], [ -99.176359427965636, 19.39848050422551 ], [ -99.176403179192576, 19.398553475608342 ], [ -99.176195117040422, 19.398462903522766 ], [ -99.17604114837647, 19.398393985419741 ], [ -99.175843504052438, 19.398321162863262 ], [ -99.175641125534796, 19.39824304882934 ], [ -99.175535615870999, 19.398226739068615 ], [ -99.175436261758506, 19.398223888824802 ], [ -99.175336172181332, 19.398249294231267 ], [ -99.175149201289486, 19.39832362247013 ], [ -99.17287242294033, 19.399012711266106 ], [ -99.172161398205674, 19.399218614067056 ], [ -99.171644182634239, 19.399389009072454 ], [ -99.170723054723595, 19.399713109454684 ], [ -99.170697071937525, 19.399722251546468 ], [ -99.170611847883507, 19.399752237654322 ], [ -99.170577219430953, 19.399762638599846 ], [ -99.170535273009691, 19.399775237035925 ], [ -99.1704983251919, 19.399786334203878 ], [ -99.170348555154078, 19.399824702224329 ], [ -99.170280204314125, 19.399841299929982 ], [ -99.17023131780202, 19.399853171874881 ], [ -99.170172332419469, 19.399867395718577 ], [ -99.16791084915566, 19.400397900989095 ], [ -99.1652840446624, 19.401314498766983 ], [ -99.16303543315864, 19.402140193616102 ], [ -99.162760547570102, 19.402236346090081 ], [ -99.162278205006146, 19.402405062905615 ], [ -99.162212848885929, 19.402425798496051 ], [ -99.162191050813632, 19.402432714281797 ], [ -99.162168510078615, 19.402439866600055 ], [ -99.16129538114663, 19.402716889975014 ], [ -99.160500206629592, 19.402953888422825 ], [ -99.160478195671587, 19.402960448123544 ], [ -99.160450989756441, 19.402968556875475 ], [ -99.16028724004353, 19.403017361581174 ], [ -99.160254191682768, 19.403027210609942 ], [ -99.160222549652957, 19.403036641775294 ], [ -99.160202725773985, 19.403042549735737 ], [ -99.160179496985293, 19.403049472867931 ], [ -99.159701978119784, 19.403191792520868 ], [ -99.159137302064096, 19.403353735752226 ], [ -99.15768260944138, 19.403785542323849 ], [ -99.157147197107165, 19.403944839517013 ], [ -99.156678855244778, 19.404027298565463 ], [ -99.156457527414716, 19.404040253450905 ], [ -99.156236199547536, 19.404053208067065 ], [ -99.155585952104204, 19.404055317553507 ], [ -99.155548259428414, 19.404055439284214 ], [ -99.155528258261583, 19.404055504297872 ], [ -99.155508257094723, 19.404055569309335 ], [ -99.155392991320639, 19.404055942626208 ], [ -99.155291706398302, 19.404056309347592 ], [ -99.155263686677927, 19.404056411006 ], [ -99.155226332129729, 19.404056545936985 ], [ -99.152419175605644, 19.404066683795005 ], [ -99.150406417560518, 19.404045273047842 ], [ -99.150372491331424, 19.404044912517087 ], [ -99.150321834384727, 19.404044373324304 ], [ -99.150293688567885, 19.404044073970024 ], [ -99.150233816769855, 19.404043536046188 ], [ -99.150143661904352, 19.404042723987878 ], [ -99.15013447269142, 19.404042641205997 ], [ -99.150125282526034, 19.404042558424457 ], [ -99.150106903147744, 19.404042392859179 ], [ -99.150064393509922, 19.404042005921664 ], [ -99.150039061265957, 19.404041778310475 ], [ -99.149726348026874, 19.404038977073011 ], [ -99.147626888249661, 19.404019946691143 ], [ -99.145122414674859, 19.403885250603651 ], [ -99.145088217632519, 19.403883410805857 ], [ -99.144990198971485, 19.403879818990017 ], [ -99.144719962591182, 19.403863702215084 ], [ -99.144140779931632, 19.403832446170757 ], [ -99.143383807185728, 19.403791892811363 ], [ -99.142739055095916, 19.403757063682573 ], [ -99.142690989930045, 19.403754449889192 ], [ -99.142386563264793, 19.403739340638907 ], [ -99.140904385290781, 19.403665769266837 ], [ -99.140156114875367, 19.403623370180835 ], [ -99.140078861783493, 19.40361899334075 ], [ -99.139086212183813, 19.403562685307712 ], [ -99.138296757498622, 19.403520416711579 ], [ -99.13819912448929, 19.403515188807191 ], [ -99.137770762913391, 19.403486641739601 ], [ -99.137342401479316, 19.403458092757752 ], [ -99.136612362014446, 19.403428826268922 ], [ -99.136500978467055, 19.403424360590698 ], [ -99.136548184824662, 19.403110223111458 ], [ -99.136581388375333, 19.402890848284063 ], [ -99.136811762964911, 19.401368759043486 ], [ -99.136944930226903, 19.400453864636031 ], [ -99.137022109428614, 19.399923614153629 ], [ -99.137148907980119, 19.399052453819415 ], [ -99.136365785955647, 19.399013343097678 ], [ -99.135869164109948, 19.398988538904366 ], [ -99.135299926679181, 19.398960106530335 ], [ -99.134730688481824, 19.398931672373322 ], [ -99.134088346187497, 19.398899584181468 ], [ -99.13354241708835, 19.398884443723212 ], [ -99.13299150022435, 19.398870370768421 ], [ -99.132467852770731, 19.398845611388118 ], [ -99.131942149693387, 19.3988190833959 ], [ -99.131599475717763, 19.398819331775268 ], [ -99.130972341593619, 19.398803976665384 ], [ -99.130993968692351, 19.397681401357943 ], [ -99.131023279325106, 19.396917999708879 ], [ -99.131179211114897, 19.396585592930812 ], [ -99.13139512911539, 19.396052958844994 ], [ -99.13148590004495, 19.395623929809958 ], [ -99.131736152837121, 19.394577151420236 ], [ -99.131975753045651, 19.39348438688658 ], [ -99.132083631610243, 19.393008315024453 ], [ -99.1321055353052, 19.392896174481294 ], [ -99.13217204386558, 19.392555672820542 ], [ -99.1324904814403, 19.391218687129467 ], [ -99.132614614788523, 19.391230596353036 ], [ -99.132817516436489, 19.390276140198988 ], [ -99.133035418783166, 19.389286064054033 ], [ -99.133217077521024, 19.388460657159388 ], [ -99.133450136195094, 19.387402513063353 ], [ -99.133543863614094, 19.386976967965776 ], [ -99.133647117694892, 19.386508174196344 ], [ -99.133807877999715, 19.38577827885608 ], [ -99.134078159595774, 19.384564397444095 ], [ -99.134322608222618, 19.383292189827319 ], [ -99.134463064062516, 19.382618241363627 ], [ -99.134565397008529, 19.382087186050327 ], [ -99.134707015551029, 19.381410956351388 ], [ -99.134844715176598, 19.380708129942537 ], [ -99.13514245073668, 19.379363527778413 ], [ -99.135436506158541, 19.378031066587134 ], [ -99.135585099925251, 19.377276643690639 ], [ -99.135910669402847, 19.375885592691112 ], [ -99.136137213241838, 19.374919315578836 ], [ -99.136359410714462, 19.373876946401307 ], [ -99.136574949909999, 19.372906391317677 ], [ -99.136860313466443, 19.3716530153247 ], [ -99.137054211111106, 19.370789813568422 ], [ -99.137323437217972, 19.369647585870784 ], [ -99.137565245129196, 19.368662342767539 ], [ -99.137705936200248, 19.368005161203058 ], [ -99.137873143762974, 19.367260771114289 ], [ -99.137998688354003, 19.36671228875306 ], [ -99.138124336664703, 19.366128527270448 ], [ -99.138259834283915, 19.365520470430255 ], [ -99.138391075119486, 19.364905221186696 ], [ -99.13852009642973, 19.364294588853543 ], [ -99.138658216694509, 19.363654287214125 ], [ -99.138787048727139, 19.363082214244521 ], [ -99.138919727520516, 19.362493055897581 ], [ -99.139070064948456, 19.361825478953516 ], [ -99.139219915481718, 19.361160061228631 ], [ -99.139352502845256, 19.360519564280928 ], [ -99.139562434237391, 19.359575945329958 ], [ -99.139574530434544, 19.359518498524626 ], [ -99.139992788233812, 19.357532151339015 ], [ -99.140083943168477, 19.357253278330599 ], [ -99.140095741769073, 19.35719674537923 ], [ -99.140130158901258, 19.357031846674722 ], [ -99.140146060704609, 19.356955658019828 ], [ -99.140153118789044, 19.356921839479888 ], [ -99.140157208740391, 19.356902242532922 ], [ -99.140171709608083, 19.356835761931524 ], [ -99.140206770292224, 19.356674250800477 ], [ -99.140213390126462, 19.356643505281369 ], [ -99.143096954235077, 19.35682255102034 ], [ -99.144000588076565, 19.35635645876523 ], [ -99.144090283062283, 19.356310194505333 ], [ -99.143850439122531, 19.357258331307182 ], [ -99.14401762781138, 19.357266368003302 ], [ -99.146266779551851, 19.357365495219252 ], [ -99.149643657680315, 19.357501947241104 ], [ -99.152993784075477, 19.357698619863818 ], [ -99.153208300942424, 19.357709413532803 ], [ -99.15669724616788, 19.357899509051673 ], [ -99.157142475359692, 19.35792501912017 ], [ -99.161859225792966, 19.3581952119542 ], [ -99.163469755952377, 19.358278931970606 ], [ -99.167272667311053, 19.358486111148665 ], [ -99.16757145744792, 19.358504549103447 ], [ -99.168472875083182, 19.358560172563827 ], [ -99.168815073430792, 19.358576046003236 ], [ -99.169303869962235, 19.358598719604831 ], [ -99.169641389253883, 19.35861806526054 ], [ -99.170084966940081, 19.358692818375285 ], [ -99.170295817698886, 19.358756224050058 ], [ -99.170464691664591, 19.358830359903799 ], [ -99.170579079833558, 19.358886609407161 ], [ -99.171031058280477, 19.359127124455764 ], [ -99.171663333695506, 19.35952465607399 ], [ -99.171802919536063, 19.359601083024788 ], [ -99.172438414894685, 19.359983009585598 ], [ -99.172956785511104, 19.360307675496173 ] ] ] } },
{ "type": "Feature", "properties": { "alcaldia_norm": "COYOACAN", "alcaldia": "COYOACAN", "cve_col": "03-003", "colonia": "AJUSCO HUAYAMILPAS", "pob_2010": 2810.0, "SUP_COL_M2": 278356.0, "VIV2010": 777, "DENVIVHa": 27.9139, "SUPMNZHa": 27.8356, "C_DENVIVHa": 2 }, "geometry": { "type": "Polygon", "coordinates": [ [ [ -99.168531813051416, 19.302139063992136 ], [ -99.170356296063218, 19.30237683075827 ], [ -99.17159050429747, 19.302547530164592 ], [ -99.171678120840198, 19.302561853337728 ], [ -99.172133228811106, 19.302627326094516 ], [ -99.172853394308021, 19.302730927686156 ], [ -99.173532602662561, 19.302822927963629 ], [ -99.174086401747957, 19.302890005541254 ], [ -99.175338775261764, 19.303073404891062 ], [ -99.176737806359441, 19.3032522678714 ], [ -99.177161519551348, 19.303306436455767 ], [ -99.179257667547191, 19.303428614921256 ], [ -99.179337307870426, 19.303427369074644 ], [ -99.180104806711029, 19.303415511089181 ], [ -99.180276929361241, 19.303412667943732 ], [ -99.181390328651176, 19.303341698158139 ], [ -99.182191105062913, 19.303289810765101 ], [ -99.183332645677865, 19.30315784411972 ], [ -99.18439047466849, 19.303037723358752 ], [ -99.185976604844811, 19.302870011496612 ], [ -99.190651914286107, 19.302356275704465 ], [ -99.192921990155611, 19.302100823445443 ], [ -99.19373259125193, 19.30202654743454 ], [ -99.194368978427605, 19.30200568879593 ], [ -99.195272824684324, 19.302083629346299 ], [ -99.195949917382805, 19.302182555976383 ], [ -99.196590364603864, 19.30235625841291 ], [ -99.197160637471399, 19.30253578123823 ], [ -99.197767318771824, 19.30283719831862 ], [ -99.198509131097765, 19.303205747692765 ], [ -99.19942626421674, 19.303769198952246 ], [ -99.199540659585494, 19.303837028447582 ], [ -99.20066444958924, 19.304380377873269 ], [ -99.200951550978758, 19.304506400487369 ], [ -99.201307038216925, 19.304644816967159 ], [ -99.201971326101344, 19.304871630808766 ], [ -99.202741048170353, 19.305091640218226 ], [ -99.203877978273923, 19.305343527911777 ], [ -99.2048561762861, 19.305513271895176 ], [ -99.204853120721268, 19.305583549681987 ], [ -99.204851153478202, 19.305711442904901 ], [ -99.204854480544597, 19.305779721697384 ], [ -99.205119862571706, 19.305979419094992 ], [ -99.205121036363579, 19.306215462240658 ], [ -99.205383259105773, 19.306415077836803 ], [ -99.205252303891029, 19.306539705452032 ], [ -99.202753925809958, 19.308917310756637 ], [ -99.201907844333178, 19.309765760330709 ], [ -99.200898706208562, 19.310743069090403 ], [ -99.201739948569383, 19.311077159641084 ], [ -99.201448794342809, 19.311536472208115 ], [ -99.197702795609047, 19.3174919546978 ], [ -99.195551880799158, 19.320911302104726 ], [ -99.195178822527296, 19.321504342573501 ], [ -99.194825315274656, 19.322431060199587 ], [ -99.194880458836209, 19.322761171925215 ], [ -99.19493560262444, 19.323091282716572 ], [ -99.194747645534235, 19.329974218978947 ], [ -99.194774562966046, 19.330137564194317 ], [ -99.1949169618577, 19.330386600766698 ], [ -99.197611111470138, 19.332900000036933 ], [ -99.197828132033194, 19.333521347658177 ], [ -99.198201433504622, 19.333440716147035 ], [ -99.198315372244323, 19.333428158704297 ], [ -99.198429310965906, 19.333415601190467 ], [ -99.198665414677635, 19.333389578676481 ], [ -99.200026564377936, 19.333239553053396 ], [ -99.199448924809531, 19.334010053961705 ], [ -99.19872387595197, 19.335041621920126 ], [ -99.198027408291964, 19.335516786361989 ], [ -99.197724993211722, 19.33557953715567 ], [ -99.197422578846684, 19.335642286544513 ], [ -99.19609079220514, 19.335937278536285 ], [ -99.195949970963852, 19.335968470424344 ], [ -99.194608751737078, 19.336293136683089 ], [ -99.194520720488811, 19.336314445737159 ], [ -99.193359806469161, 19.336595456223787 ], [ -99.19323621018458, 19.336611042900543 ], [ -99.193158260583502, 19.336620873162687 ], [ -99.193081784425956, 19.336632055620615 ], [ -99.191890937841663, 19.336806177046832 ], [ -99.191216393104327, 19.336847803233422 ], [ -99.191124287852915, 19.336847502185908 ], [ -99.190388855513376, 19.337772117646811 ], [ -99.190427682699323, 19.338736607025059 ], [ -99.19035105953779, 19.338842117264871 ], [ -99.190270072333732, 19.338953637322444 ], [ -99.189970697273424, 19.339155451860027 ], [ -99.189533502081972, 19.339686589792137 ], [ -99.189471450315168, 19.339810346203762 ], [ -99.188737361090233, 19.34023654387865 ], [ -99.188567928349244, 19.340356801645246 ], [ -99.187799269093688, 19.341020834639007 ], [ -99.187779851360247, 19.341036457566517 ], [ -99.186914317196226, 19.341390556196473 ], [ -99.186882370245712, 19.341403853021667 ], [ -99.186812909868195, 19.341859208659653 ], [ -99.186649124322344, 19.341949887866562 ], [ -99.18644823944301, 19.342061106027636 ], [ -99.186412840435707, 19.342213086564037 ], [ -99.186402022319143, 19.342259529529748 ], [ -99.18611826145036, 19.342512089776399 ], [ -99.185310265820902, 19.343166806949007 ], [ -99.184716287604559, 19.343576191068049 ], [ -99.184442138489487, 19.343735146760277 ], [ -99.184118574749945, 19.343828968560995 ], [ -99.183767884515703, 19.34428672887346 ], [ -99.183667931414377, 19.344417198274581 ], [ -99.18346915278498, 19.344921645200031 ], [ -99.183441104099984, 19.345023925181575 ], [ -99.183379019471332, 19.34525031445067 ], [ -99.183214228984426, 19.345851220018421 ], [ -99.183123663214971, 19.346181462947005 ], [ -99.182961097050963, 19.346433945213299 ], [ -99.18239710714478, 19.346790519177631 ], [ -99.181824472806582, 19.347323588723217 ], [ -99.18161281591496, 19.347257102672085 ], [ -99.180871970819638, 19.347000472409182 ], [ -99.180830591749199, 19.347144361234889 ], [ -99.180731156139061, 19.347213250083286 ], [ -99.180613421076231, 19.34723036148856 ], [ -99.180144759513638, 19.349294712602834 ], [ -99.180141842920776, 19.349340465950888 ], [ -99.180134979216533, 19.349448165808283 ], [ -99.180112108468336, 19.349508177160875 ], [ -99.180014634919601, 19.349649589869038 ], [ -99.179980341494684, 19.349687903975603 ], [ -99.1798342134461, 19.349872061401879 ], [ -99.179609222798248, 19.350079131038679 ], [ -99.178319599591788, 19.351156610073936 ], [ -99.177722918634828, 19.35167595350633 ], [ -99.177601378474421, 19.351777807702987 ], [ -99.177528404996977, 19.351892271241521 ], [ -99.177480989100289, 19.351966644764545 ], [ -99.177415873443394, 19.352068781849638 ], [ -99.177303342601931, 19.352245293289574 ], [ -99.177237472363302, 19.352361287944088 ], [ -99.177171226652732, 19.352477945373614 ], [ -99.177104979897351, 19.352594603682963 ], [ -99.176584847998598, 19.353013205098769 ], [ -99.176064713442656, 19.353431805031132 ], [ -99.175585349973829, 19.353872608601812 ], [ -99.175481041008993, 19.353982733784306 ], [ -99.175255797346907, 19.354257516600565 ], [ -99.174983308669141, 19.354643497945389 ], [ -99.17479997176288, 19.354842703429465 ], [ -99.174216602836097, 19.355476563151878 ], [ -99.17358479976393, 19.356148294599098 ], [ -99.173018893779243, 19.356779496728841 ], [ -99.172763727538509, 19.357194013417701 ], [ -99.172450566944477, 19.357934376681772 ], [ -99.171854293449812, 19.359449264840315 ], [ -99.171802919536063, 19.359601083024788 ], [ -99.171663333695506, 19.35952465607399 ], [ -99.171031058280477, 19.359127124455764 ], [ -99.170579079833558, 19.358886609407161 ], [ -99.170464691664591, 19.358830359903799 ], [ -99.170295817698886, 19.358756224050058 ], [ -99.170084966940081, 19.358692818375285 ], [ -99.169641389253883, 19.35861806526054 ], [ -99.169303869962235, 19.358598719604831 ], [ -99.168815073430792, 19.358576046003236 ], [ -99.168472875083182, 19.358560172563827 ], [ -99.16757145744792, 19.358504549103447 ], [ -99.167272667311053, 19.358486111148665 ], [ -99.163469755952377, 19.358278931970606 ], [ -99.161859225792966, 19.3581952119542 ], [ -99.157142475359692, 19.35792501912017 ], [ -99.15669724616788, 19.357899509051673 ], [ -99.153208300942424, 19.357709413532803 ], [ -99.152993784075477, 19.357698619863818 ], [ -99.149643657680315, 19.357501947241104 ], [ -99.146266779551851, 19.357365495219252 ], [ -99.14401762781138, 19.357266368003302 ], [ -99.143850439122531, 19.357258331307182 ], [ -99.144090283062283, 19.356310194505333 ], [ -99.144000588076565, 19.35635645876523 ], [ -99.143096954235077, 19.35682255102034 ], [ -99.140213390126462, 19.356643505281369 ], [ -99.135821172158714, 19.356355594463377 ], [ -99.134603716784298, 19.356253595795526 ], [ -99.134397187169071, 19.35623629183323 ], [ -99.134211203055614, 19.356229103329195 ], [ -99.133695374453254, 19.35629049814607 ], [ -99.133505715434183, 19.356348255580539 ], [ -99.133140969110983, 19.356459331825221 ], [ -99.132964425912903, 19.35654548068182 ], [ -99.132579254125503, 19.356733435797889 ], [ -99.132480375948333, 19.356795210927288 ], [ -99.132061941077637, 19.357056630890135 ], [ -99.131666708947165, 19.357485002945815 ], [ -99.13146668565976, 19.357800987157503 ], [ -99.131190889267017, 19.358286875750309 ], [ -99.13109659432223, 19.358455855584953 ], [ -99.131002350610117, 19.358624846176557 ], [ -99.130871871561212, 19.35861116621793 ], [ -99.130317661708503, 19.358550611475128 ], [ -99.1302561915236, 19.358543894636469 ], [ -99.130106118121546, 19.35857747612804 ], [ -99.129980453688674, 19.358513707291014 ], [ -99.129838641478926, 19.3584969421103 ], [ -99.129543871843808, 19.358462093571184 ], [ -99.129370307431216, 19.358441574818439 ], [ -99.129129229420201, 19.358413010867363 ], [ -99.128888269670782, 19.35838458659132 ], [ -99.128713320812267, 19.358363883829995 ], [ -99.128405768401123, 19.358327434741355 ], [ -99.128302153641059, 19.358315160987626 ], [ -99.127886880108079, 19.358267821904697 ], [ -99.127616409605039, 19.35823393282071 ], [ -99.127550937834869, 19.358227444708188 ], [ -99.127111355514742, 19.358174904539055 ], [ -99.126735887590868, 19.358134073538412 ], [ -99.126576324777332, 19.358116228264773 ], [ -99.126300694058173, 19.358087354713135 ], [ -99.126076093543546, 19.358063826242155 ], [ -99.12587240247862, 19.358038624695677 ], [ -99.125698979000489, 19.358016963639198 ], [ -99.12508585286632, 19.357940596611968 ], [ -99.12467353339477, 19.357888892174707 ], [ -99.124589075362877, 19.357878380830225 ], [ -99.1237878842025, 19.357793491984292 ], [ -99.122966822232897, 19.357708858841626 ], [ -99.122399309764376, 19.357653462812134 ], [ -99.121970183184047, 19.357619717979809 ], [ -99.12194993867719, 19.357301483280558 ], [ -99.121930024518022, 19.357027908063937 ], [ -99.12187243265312, 19.356442056321697 ], [ -99.12162896536347, 19.354445991608156 ], [ -99.12147576815093, 19.353928017634839 ], [ -99.121304430270314, 19.353321910055971 ], [ -99.121129003055799, 19.352701329004759 ], [ -99.120964779170222, 19.352284954892621 ], [ -99.12071969505125, 19.351669429898529 ], [ -99.120484925757793, 19.351048001752009 ], [ -99.120303112455687, 19.350837864924998 ], [ -99.120128365986261, 19.350510181083173 ], [ -99.119601870982322, 19.349716030853521 ], [ -99.118146392227885, 19.347455658533047 ], [ -99.117446187447257, 19.346266066592705 ], [ -99.117306316611177, 19.346028940321876 ], [ -99.116977398826322, 19.345471317998133 ], [ -99.116880992523292, 19.345318246799255 ], [ -99.11664932356139, 19.344886297825003 ], [ -99.116321211845943, 19.344247859170132 ], [ -99.116020765472001, 19.343820701436133 ], [ -99.115752931772292, 19.343528850212703 ], [ -99.115496918041515, 19.342975486792611 ], [ -99.11527176504589, 19.342475155320376 ], [ -99.114392688417411, 19.340521647422506 ], [ -99.11437538983256, 19.340392583417554 ], [ -99.114275094005492, 19.339644287011286 ], [ -99.114279465822676, 19.339084584752442 ], [ -99.114255101177619, 19.339038859346335 ], [ -99.11423811228515, 19.339006977227712 ], [ -99.114208443465429, 19.338951298703371 ], [ -99.114178818517928, 19.338895702386079 ], [ -99.114034517400341, 19.338125226726195 ], [ -99.113822880499072, 19.337299319938367 ], [ -99.11357962957166, 19.336749346155948 ], [ -99.113496739703876, 19.336607934479222 ], [ -99.113128327433287, 19.336033206926956 ], [ -99.113051206054479, 19.335856190652635 ], [ -99.112898286874, 19.335715096836626 ], [ -99.11259516816348, 19.335024305374812 ], [ -99.112314547204477, 19.334537527455602 ], [ -99.112093177058512, 19.334236681302897 ], [ -99.112015474192702, 19.334131081610415 ], [ -99.111520700870557, 19.333679574670295 ], [ -99.111025476916609, 19.333332039473092 ], [ -99.110717815992501, 19.333169539902752 ], [ -99.110372628066827, 19.332952355863682 ], [ -99.110224462580035, 19.332816902489888 ], [ -99.110055065975828, 19.332565998872724 ], [ -99.109993501663425, 19.332346080580276 ], [ -99.109959069350808, 19.332223080475568 ], [ -99.109673569581489, 19.33146682290884 ], [ -99.109128361816602, 19.33069907130097 ], [ -99.108526971201925, 19.329776632011555 ], [ -99.108366074011855, 19.329529837267025 ], [ -99.107587916506048, 19.328335509780327 ], [ -99.107412491833045, 19.328186392979319 ], [ -99.107127584941907, 19.327944211356595 ], [ -99.107000420051691, 19.327789646092803 ], [ -99.106777647180948, 19.327573393557927 ], [ -99.106407893057195, 19.327181573882736 ], [ -99.105926327863571, 19.326654741622391 ], [ -99.105393544444595, 19.32604395081793 ], [ -99.10489668082846, 19.325526142961394 ], [ -99.104280602001182, 19.324918726952745 ], [ -99.103836241407492, 19.324667974276871 ], [ -99.102582519562546, 19.323965865766731 ], [ -99.102004582076503, 19.323619963361079 ], [ -99.101635600335158, 19.32339912192597 ], [ -99.101402636383725, 19.323243203549886 ], [ -99.101095995216696, 19.323037972715451 ], [ -99.100908499851855, 19.322901536530654 ], [ -99.100868509733004, 19.322872438476839 ], [ -99.100702968858215, 19.322717036787822 ], [ -99.100462908332418, 19.32249167895559 ], [ -99.100274649476418, 19.322304958666066 ], [ -99.099902452808621, 19.321935800636535 ], [ -99.099613474478801, 19.321588536395875 ], [ -99.099531142185796, 19.321489596952183 ], [ -99.099251730993373, 19.321153826031132 ], [ -99.099193718007385, 19.321037731130922 ], [ -99.099135705103095, 19.320921635306693 ], [ -99.099096711829219, 19.320750900097188 ], [ -99.099032522168287, 19.320469400402203 ], [ -99.099254997110776, 19.317962131951571 ], [ -99.099360397261947, 19.316776296600214 ], [ -99.099401513642121, 19.316310865315923 ], [ -99.099531169522919, 19.314849587363472 ], [ -99.09963714225259, 19.313655223492098 ], [ -99.099803369438931, 19.311781708898106 ], [ -99.099838786483176, 19.311382533340709 ], [ -99.099886215046268, 19.310847965967181 ], [ -99.099971039908667, 19.309887970972493 ], [ -99.100253130008895, 19.306715357021538 ], [ -99.100276073819245, 19.306457303900132 ], [ -99.100454010455152, 19.304623484765056 ], [ -99.100897024175993, 19.300015493577622 ], [ -99.103881544626944, 19.299848072530306 ], [ -99.104982759715014, 19.299694907961594 ], [ -99.10615310205894, 19.299626558475705 ], [ -99.106431232033088, 19.299610304602091 ], [ -99.106982887960086, 19.299578064884834 ], [ -99.107040642147254, 19.299574689916017 ], [ -99.107380542247512, 19.299557048188856 ], [ -99.107498444224817, 19.299551409073658 ], [ -99.108190135907364, 19.299518324068803 ], [ -99.108484985249063, 19.299510499879613 ], [ -99.108871231891939, 19.299500250234221 ], [ -99.109372405687239, 19.299547128533352 ], [ -99.109465075840774, 19.299612278588118 ], [ -99.110113010070464, 19.299763432256281 ], [ -99.110324805704764, 19.299812840982632 ], [ -99.11147315072914, 19.300055372756244 ], [ -99.112435851915521, 19.300294311802499 ], [ -99.113547086505818, 19.300581231378509 ], [ -99.113622143672899, 19.300597475458517 ], [ -99.113669579995545, 19.300606323346198 ], [ -99.113717955911255, 19.300615346865147 ], [ -99.114234813474539, 19.30071893143964 ], [ -99.115689997294041, 19.301058144011979 ], [ -99.115828826396935, 19.301090504684169 ], [ -99.115870347856244, 19.301100183574462 ], [ -99.116296252729967, 19.301199462173763 ], [ -99.1168215966227, 19.301321917591995 ], [ -99.117482211734114, 19.301462903296063 ], [ -99.117626564216962, 19.301496714059514 ], [ -99.117845826478714, 19.301562999170034 ], [ -99.119375594653917, 19.302025451782651 ], [ -99.119907685872732, 19.302186468095361 ], [ -99.120988747680315, 19.302513602723423 ], [ -99.121730506824079, 19.30273805796126 ], [ -99.121814428589275, 19.302759610339777 ], [ -99.121887795749061, 19.302785652263513 ], [ -99.122864785983793, 19.303171728174988 ], [ -99.124517658486539, 19.303824468367665 ], [ -99.124606383843968, 19.303859318284715 ], [ -99.124695109238772, 19.303894168158305 ], [ -99.125509479377996, 19.304214035441031 ], [ -99.126055202757271, 19.304428381894038 ], [ -99.127114160845139, 19.304866856469374 ], [ -99.127418718167689, 19.304992960339568 ], [ -99.127890104227049, 19.305188140597348 ], [ -99.128466081752919, 19.305394389122966 ], [ -99.128502361680731, 19.305412012661986 ], [ -99.129072311139751, 19.305709883433536 ], [ -99.129295203210546, 19.305804842171309 ], [ -99.129553910662807, 19.305922817792851 ], [ -99.130062523886593, 19.306146885541569 ], [ -99.130548115806661, 19.306360508479298 ], [ -99.131046592233389, 19.306573665380373 ], [ -99.131164570663003, 19.306624113974511 ], [ -99.131963093084906, 19.306981731678764 ], [ -99.132256311268122, 19.307106211592352 ], [ -99.132513318529917, 19.307215318557894 ], [ -99.132817215004991, 19.307354241459969 ], [ -99.134810939252944, 19.308251446187629 ], [ -99.13519865519622, 19.307759399396684 ], [ -99.135483110924184, 19.307386376423821 ], [ -99.135956232196648, 19.306802617576142 ], [ -99.136461581823625, 19.306256013110222 ], [ -99.137051404446808, 19.305664653150817 ], [ -99.137931027223587, 19.304687580069643 ], [ -99.138140980044426, 19.304454364808386 ], [ -99.138268222790799, 19.304290912657162 ], [ -99.1384444049487, 19.304122663325451 ], [ -99.138710598179429, 19.303851441475782 ], [ -99.139027574625985, 19.30348405642232 ], [ -99.139399042438583, 19.303069559891007 ], [ -99.139647146480243, 19.302779543712948 ], [ -99.140133785108475, 19.302231043631348 ], [ -99.140522706066093, 19.301804258644449 ], [ -99.140658466564489, 19.301663412453898 ], [ -99.14090436738887, 19.301379921223965 ], [ -99.1412567111268, 19.301056685938494 ], [ -99.141780457781081, 19.300493355824305 ], [ -99.142062927734131, 19.300186014823055 ], [ -99.142345402534914, 19.299885497494181 ], [ -99.142551965484429, 19.299643030001196 ], [ -99.143721186779501, 19.300062354652283 ], [ -99.144548399036324, 19.30038391091119 ], [ -99.144625773004037, 19.300413135228016 ], [ -99.145146174631748, 19.300609691687384 ], [ -99.14559618274032, 19.300731531239013 ], [ -99.146065500078365, 19.300821729769712 ], [ -99.14629207214108, 19.300865273855877 ], [ -99.146903877410196, 19.301020860638683 ], [ -99.147114212817257, 19.301104174851798 ], [ -99.147225413572741, 19.301165733609029 ], [ -99.147440351081187, 19.301284718735555 ], [ -99.147789682852235, 19.300870773430237 ], [ -99.150032298249059, 19.299125784451917 ], [ -99.150686820732645, 19.298659749623518 ], [ -99.150949499364501, 19.298468502577375 ], [ -99.15152941666517, 19.298060610455533 ], [ -99.151640840420924, 19.297981380432365 ], [ -99.151827086700962, 19.297865777803867 ], [ -99.152002572917212, 19.297809532340821 ], [ -99.152117364890032, 19.297783987517125 ], [ -99.152846309776635, 19.297621774385199 ], [ -99.15502399253856, 19.29714828193439 ], [ -99.156355717734641, 19.296847275777079 ], [ -99.15661983733267, 19.296781996652115 ], [ -99.156686038283055, 19.29687217436129 ], [ -99.157411342619071, 19.297822068284198 ], [ -99.157567610851714, 19.298026722934971 ], [ -99.157941943528485, 19.298516961300848 ], [ -99.158420721896618, 19.299183350438327 ], [ -99.158635037519815, 19.299441554363387 ], [ -99.158902074568545, 19.299695424823639 ], [ -99.158933295777331, 19.299720178101282 ], [ -99.15935272451776, 19.300052716462424 ], [ -99.159751635167524, 19.300319484306289 ], [ -99.159922690386466, 19.300430706499643 ], [ -99.160110935494018, 19.300553105326049 ], [ -99.160253502872862, 19.300636213451654 ], [ -99.160508121695145, 19.300763010818347 ], [ -99.161526655431103, 19.301122105008432 ], [ -99.16157015310155, 19.301130262502639 ], [ -99.161609864604131, 19.301137711193874 ], [ -99.161658988706222, 19.301146923768815 ], [ -99.161720927924335, 19.301158540666069 ], [ -99.162392844418392, 19.30128455677368 ], [ -99.162771667687139, 19.30133870838371 ], [ -99.16371219829189, 19.301476543910166 ], [ -99.16433578651808, 19.301545190862303 ], [ -99.166017768383227, 19.301786377329542 ], [ -99.166468878266912, 19.30185106084155 ], [ -99.167516783665377, 19.301996014089667 ], [ -99.168531813051416, 19.302139063992136 ] ] ] } },
{ "type": "Feature", "properties": { "alcaldia_norm": "CUAJIMALPA DE MORELOS", "alcaldia": "CUAJIMALPA DE MORELOS", "cve_col": "04-004", "colonia": "AHUATENCO", "pob_2010": 3841.0, "SUP_COL_M2": 1193070.0, "VIV2010": 937, "DENVIVHa": 7.85369, "SUPMNZHa": 119.307, "C_DENVIVHa": 1 }, "geometry": { "type": "Polygon", "coordinates": [ [ [ -99.338437764088525, 19.303760566723458 ], [ -99.338678237129457, 19.3037398863028 ], [ -99.338915862571668, 19.303814600971791 ], [ -99.339348609703592, 19.304021918854204 ], [ -99.339564079601374, 19.304086459035545 ], [ -99.339779548710567, 19.304150998057583 ], [ -99.339985256834595, 19.304188388993449 ], [ -99.340225736248257, 19.304170597537457 ], [ -99.340438761953394, 19.304126841402745 ], [ -99.340651703764763, 19.304042616320405 ], [ -99.340840270647675, 19.303949766156414 ], [ -99.341013501611997, 19.303802022300122 ], [ -99.341207930144549, 19.303599317415763 ], [ -99.341408398199249, 19.303373476486261 ], [ -99.341570352681671, 19.303214811783548 ], [ -99.341745795767537, 19.303112692234585 ], [ -99.341931371029574, 19.303045861218159 ], [ -99.342253972133136, 19.302990335440494 ], [ -99.342698351211595, 19.302934580529111 ], [ -99.343051336098185, 19.302850090629033 ], [ -99.343322011391493, 19.302713723738929 ], [ -99.343691359662742, 19.302402794053489 ], [ -99.345346892840197, 19.299480066913265 ], [ -99.347386334555097, 19.297499572573617 ], [ -99.348702933643253, 19.296916769582541 ], [ -99.349263993984962, 19.296520514992292 ], [ -99.349752217012892, 19.296370735916632 ], [ -99.350378228912575, 19.296651688166666 ], [ -99.349985910572158, 19.296849814315802 ], [ -99.347899070140571, 19.299724323862392 ], [ -99.347756363719398, 19.300177269382306 ], [ -99.3476861105095, 19.300168303564398 ], [ -99.34749351729478, 19.301047475055068 ], [ -99.346749966224948, 19.304046665789286 ], [ -99.346519710842387, 19.304857796461203 ], [ -99.345952558944106, 19.305804512647271 ], [ -99.344026498485405, 19.308181903043049 ], [ -99.342345742553178, 19.309709843636259 ], [ -99.341413562212182, 19.310465633151061 ], [ -99.34080312523173, 19.311108730114999 ], [ -99.340153111338608, 19.312107149675374 ], [ -99.339479884117821, 19.313918576986794 ], [ -99.338484181662949, 19.31659760153325 ], [ -99.337720752510961, 19.319063948842423 ], [ -99.336655574951493, 19.320358495510913 ], [ -99.336600182782675, 19.320601426784314 ], [ -99.336514238555353, 19.320915444459352 ], [ -99.336397098017585, 19.321371503819226 ], [ -99.336350449183939, 19.321655558231772 ], [ -99.336261957615903, 19.321868185261607 ], [ -99.335878962901603, 19.322233190482102 ], [ -99.335304281393903, 19.322689622956101 ], [ -99.335041295198266, 19.323099942660342 ], [ -99.334395073323236, 19.323761421460972 ], [ -99.334353251192397, 19.323841212974987 ], [ -99.334180050635439, 19.324171652886321 ], [ -99.334157455569823, 19.324854757357329 ], [ -99.334086660134048, 19.325424105192116 ], [ -99.333895803565738, 19.325925366618019 ], [ -99.333728792167875, 19.326358277992224 ], [ -99.333489317428672, 19.326540866252095 ], [ -99.333081814004231, 19.32665545406531 ], [ -99.332866230949989, 19.326792460104812 ], [ -99.332770476980187, 19.326883710402793 ], [ -99.33272315406748, 19.327202558440952 ], [ -99.332963460025596, 19.32742980778141 ], [ -99.333059766981904, 19.327611781177737 ], [ -99.333084490551784, 19.327976035443346 ], [ -99.332989012844934, 19.328203897739524 ], [ -99.332629888420655, 19.328523314818575 ], [ -99.332450211004087, 19.328626102229286 ], [ -99.332270532407065, 19.328728888563173 ], [ -99.331935298851022, 19.329002723892799 ], [ -99.331791895984779, 19.329253441230684 ], [ -99.331744109937333, 19.329344602799651 ], [ -99.33164840077643, 19.329458620859036 ], [ -99.331624829822701, 19.329663581403903 ], [ -99.331769060776566, 19.32982270074832 ], [ -99.331817305776823, 19.329959225338886 ], [ -99.331817765567394, 19.330186911494629 ], [ -99.331866287591851, 19.330460047931695 ], [ -99.331851990053437, 19.330612588253473 ], [ -99.331842807806126, 19.330710546975279 ], [ -99.331794976351503, 19.330778940204489 ], [ -99.331651250054207, 19.330870276299795 ], [ -99.331411675569498, 19.331007324282073 ], [ -99.331076710296429, 19.331417769921899 ], [ -99.330861669557962, 19.331827997363689 ], [ -99.330695056842842, 19.332465823670951 ], [ -99.330791685257935, 19.332807179251255 ], [ -99.330888314085414, 19.333148534761623 ], [ -99.331104503625227, 19.333307523021485 ], [ -99.331248737337248, 19.33346664177035 ], [ -99.331369123987329, 19.333694109908741 ], [ -99.331417415781459, 19.333853403775056 ], [ -99.331514185350088, 19.334263064792637 ], [ -99.331587153028295, 19.334763843600538 ], [ -99.331486102732697, 19.335456777718427 ], [ -99.33147252795915, 19.336216936138864 ], [ -99.331457998033528, 19.336503805343305 ], [ -99.331458895231634, 19.336948409512306 ], [ -99.331490097010899, 19.337435985731751 ], [ -99.331566162472029, 19.337694005944776 ], [ -99.331476464349976, 19.338167459009295 ], [ -99.331356054924498, 19.338397152303031 ], [ -99.331145252540438, 19.338756088578798 ], [ -99.331100070155486, 19.338827881113183 ], [ -99.331024813322543, 19.338971439614308 ], [ -99.331055320435297, 19.33911480510907 ], [ -99.33113118456734, 19.339272431192533 ], [ -99.331191909923604, 19.339415741755833 ], [ -99.331252953603524, 19.339716815600735 ], [ -99.331203088275856, 19.339838390131845 ], [ -99.331094588494622, 19.339900453451239 ], [ -99.330877504635367, 19.339983336830382 ], [ -99.330776287495709, 19.340066008803223 ], [ -99.330711334182283, 19.340176110704313 ], [ -99.330545523085576, 19.340547610420124 ], [ -99.330473410125691, 19.340698969342863 ], [ -99.330393986523333, 19.340815971989915 ], [ -99.330177206111429, 19.341050082144552 ], [ -99.330104749083134, 19.341119123199991 ], [ -99.329938685223908, 19.341277357683889 ], [ -99.329873703261796, 19.34137371189918 ], [ -99.329816404423312, 19.341690021133171 ], [ -99.329802334857931, 19.341896268098353 ], [ -99.329737490611279, 19.342061361910869 ], [ -99.329708647268006, 19.342123281177745 ], [ -99.329578516774831, 19.34223350057589 ], [ -99.329448289565306, 19.342295602219576 ], [ -99.329238470691138, 19.342392217980244 ], [ -99.329166122428603, 19.342426719071913 ], [ -99.329014457946926, 19.342633214448039 ], [ -99.329000333169276, 19.34281196476271 ], [ -99.329138270898241, 19.342983566776574 ], [ -99.329189156892099, 19.34307971143653 ], [ -99.329182287524006, 19.343265322366214 ], [ -99.329037781131547, 19.343430560707134 ], [ -99.328965459915153, 19.34347880910877 ], [ -99.32886079948436, 19.343532796648653 ], [ -99.328756139936161, 19.343586784127428 ], [ -99.32857519518268, 19.344386837622569 ], [ -99.328526968966528, 19.344846767768409 ], [ -99.328478741547144, 19.345306696980327 ], [ -99.3285223611405, 19.346053030214431 ], [ -99.328411570621697, 19.346826298861707 ], [ -99.328174106355391, 19.34745317832644 ], [ -99.32795158730886, 19.348533210443289 ], [ -99.327881881219852, 19.348786581588772 ], [ -99.327869010075247, 19.349373071034599 ], [ -99.327994124028166, 19.349703604678833 ], [ -99.328010179560081, 19.349746022717188 ], [ -99.328207200727093, 19.349958928326519 ], [ -99.3283904720831, 19.350318474816767 ], [ -99.328559248839895, 19.350451457817897 ], [ -99.328615739106311, 19.350611301242839 ], [ -99.32868226264064, 19.350680193091488 ], [ -99.328719874194192, 19.350720583976933 ], [ -99.328763492720498, 19.350764315920106 ], [ -99.32891124660874, 19.350917329567181 ], [ -99.32893983878806, 19.351170524444274 ], [ -99.329207449404819, 19.351569904716637 ], [ -99.329404822119031, 19.351956081681944 ], [ -99.329419639921113, 19.352342589530977 ], [ -99.329448287634179, 19.352622441267854 ], [ -99.329280256741725, 19.352862663439893 ], [ -99.328845573938509, 19.35318333831632 ], [ -99.328467273935672, 19.353610541582018 ], [ -99.328046577306893, 19.353904532257936 ], [ -99.327499280661868, 19.354092120368684 ], [ -99.327204248331327, 19.354026006504782 ], [ -99.326923206169653, 19.353933209956043 ], [ -99.326923303736521, 19.35398218248779 ], [ -99.32692384348347, 19.354253099360093 ], [ -99.326798228499413, 19.354639858498572 ], [ -99.326686655124433, 19.355026593260963 ], [ -99.32658891217126, 19.355306672072317 ], [ -99.326406645576739, 19.355453615060615 ], [ -99.326111955582249, 19.355560773107022 ], [ -99.325971764908104, 19.355680983232435 ], [ -99.325901999946922, 19.355907697418996 ], [ -99.325677656248629, 19.356081372061766 ], [ -99.32513016467243, 19.356175651406268 ], [ -99.32491973105887, 19.356282657112693 ], [ -99.324723525081609, 19.356482938387945 ], [ -99.324700852618108, 19.356512398579927 ], [ -99.324569447522592, 19.356683144381311 ], [ -99.324415685854149, 19.357043295840811 ], [ -99.324135851315361, 19.357563615031982 ], [ -99.324109251698857, 19.357595870122076 ], [ -99.32382763881634, 19.357937368904203 ], [ -99.323575546034249, 19.358284364562 ], [ -99.323351144078387, 19.358431380285172 ], [ -99.322958328162201, 19.358632008655661 ], [ -99.322396914864655, 19.35879294865294 ], [ -99.322022041544471, 19.358775823052859 ], [ -99.321835133409692, 19.358767284333229 ], [ -99.32141362815193, 19.358661398575311 ], [ -99.321076251776418, 19.358488719440462 ], [ -99.320865369328175, 19.358369132839453 ], [ -99.320415674711128, 19.35820997931641 ], [ -99.32019114006998, 19.358235798645097 ], [ -99.319962354981385, 19.358245064454749 ], [ -99.319719656675005, 19.358303104799109 ], [ -99.319644946283532, 19.358303235945023 ], [ -99.319532836583349, 19.358281273412945 ], [ -99.319378659188217, 19.358237225319968 ], [ -99.319285106400372, 19.358153183225554 ], [ -99.319210240855682, 19.358073540181824 ], [ -99.319098131366886, 19.358051577378511 ], [ -99.31902346322363, 19.358073867466313 ], [ -99.318944049074489, 19.358056279145202 ], [ -99.318771193523389, 19.358012263242582 ], [ -99.318677788473451, 19.358003563002399 ], [ -99.318649908900341, 19.358074521458974 ], [ -99.318659419854185, 19.358163142812252 ], [ -99.318654888190821, 19.358234061317592 ], [ -99.31859898451556, 19.358300636943721 ], [ -99.318426284582387, 19.358336393826622 ], [ -99.318342251611725, 19.358345404447675 ], [ -99.318169396859346, 19.358301387975608 ], [ -99.318075870423456, 19.358230641675078 ], [ -99.31801976032466, 19.35819085207002 ], [ -99.317860853898139, 19.358115787959694 ], [ -99.317543203505551, 19.358049863373548 ], [ -99.317435849384353, 19.358072209802256 ], [ -99.317405481175129, 19.35806339902264 ], [ -99.317375112969088, 19.358054588237891 ], [ -99.317272231085511, 19.357974993206273 ], [ -99.317225382923255, 19.357895301423543 ], [ -99.317164551396033, 19.357828928642387 ], [ -99.317043061685737, 19.357784821627202 ], [ -99.316959071721996, 19.35781599080951 ], [ -99.316912437780005, 19.357847094952259 ], [ -99.316840790705456, 19.357894074916608 ], [ -99.316673575848995, 19.358026826172129 ], [ -99.316243606906767, 19.358375753209103 ], [ -99.315893151446303, 19.358603435285222 ], [ -99.31563830590737, 19.358785536237132 ], [ -99.31535170584759, 19.359043383106322 ], [ -99.315208565459784, 19.359255566503556 ], [ -99.315144999092382, 19.35937678256456 ], [ -99.315065541000763, 19.359528301705474 ], [ -99.314938058997569, 19.359589075243438 ], [ -99.314810460693892, 19.359589295871817 ], [ -99.314746661541406, 19.359589406152477 ], [ -99.314635013023505, 19.359589599089851 ], [ -99.314555235053689, 19.359574598654607 ], [ -99.314379816406145, 19.359590039832536 ], [ -99.314236442295524, 19.359681116829933 ], [ -99.314004012743681, 19.359816758933874 ], [ -99.313893694517219, 19.359829033702567 ], [ -99.313689840749987, 19.359752853230372 ], [ -99.313638821503858, 19.359704605507233 ], [ -99.313579222249786, 19.359608036941825 ], [ -99.31334971269132, 19.359431201159321 ], [ -99.313137533502001, 19.359439621916312 ], [ -99.312993302402688, 19.359472093907968 ], [ -99.312959000962977, 19.35948536076658 ], [ -99.312836392609583, 19.359532782809652 ], [ -99.312622424551421, 19.359557417018291 ], [ -99.311801137475157, 19.359651972686603 ], [ -99.311611800061655, 19.359946362717203 ], [ -99.311788823477357, 19.36016369871853 ], [ -99.311912707983808, 19.360315793649526 ], [ -99.311933966427773, 19.360335897597562 ], [ -99.311955323504648, 19.360408363966055 ], [ -99.311972399407964, 19.360460698207607 ], [ -99.31200229783741, 19.360561346080736 ], [ -99.312027892114031, 19.360629778190322 ], [ -99.312049164985851, 19.360657937881918 ], [ -99.312121358280436, 19.360681981502587 ], [ -99.312146848195951, 19.360696035881926 ], [ -99.31217233906797, 19.36071009025601 ], [ -99.312223419540416, 19.360790561412731 ], [ -99.312232014582904, 19.360846938962624 ], [ -99.312193964617904, 19.36092353504209 ], [ -99.31208382942097, 19.361032479610635 ], [ -99.311990677176922, 19.361145422003467 ], [ -99.312007936102702, 19.361294427121397 ], [ -99.311974397936311, 19.361511995230508 ], [ -99.311957744208911, 19.361681198806178 ], [ -99.311902971186583, 19.361890746588127 ], [ -99.311831259827017, 19.362120463717787 ], [ -99.311801767030573, 19.362233297881446 ], [ -99.311742619593588, 19.362374378049555 ], [ -99.311670685838408, 19.362487283944805 ], [ -99.311547878769417, 19.362628473004527 ], [ -99.311484248985664, 19.362644694333909 ], [ -99.3114290926423, 19.362652844463032 ], [ -99.311369684747135, 19.362656973955115 ], [ -99.311242334333087, 19.362641079221127 ], [ -99.311123381005714, 19.362576835358102 ], [ -99.311042699219371, 19.362552805855923 ], [ -99.311013014855007, 19.362564940235313 ], [ -99.310953712937376, 19.362625460788429 ], [ -99.310924059097374, 19.362653707569088 ], [ -99.310899014685404, 19.362875288855196 ], [ -99.310928936781863, 19.362988020512834 ], [ -99.310933341049875, 19.363072600506694 ], [ -99.310916518124984, 19.363153188857975 ], [ -99.310874169666064, 19.363201596761133 ], [ -99.310789312385737, 19.363213825297979 ], [ -99.310704424570204, 19.363209942284261 ], [ -99.310606789760271, 19.363198025194968 ], [ -99.310543152982234, 19.363210217415627 ], [ -99.310500880654118, 19.363298904915588 ], [ -99.310513726792493, 19.363359302274205 ], [ -99.310556258448159, 19.363407565328139 ], [ -99.31059035568444, 19.363484038898559 ], [ -99.310573806192565, 19.363709633526113 ], [ -99.310569684305662, 19.363774087710876 ], [ -99.310595362418596, 19.363886826652191 ], [ -99.310612414431489, 19.363927077371411 ], [ -99.310633879181935, 19.36405593595839 ], [ -99.310616986403673, 19.36410027247776 ], [ -99.310583156957136, 19.364164778243747 ], [ -99.310502611729987, 19.364213251213982 ], [ -99.310324537739973, 19.364306198106458 ], [ -99.310150639885251, 19.364362885794289 ], [ -99.31010821472556, 19.364371013841559 ], [ -99.310061591309932, 19.364403317275407 ], [ -99.309998098685071, 19.364492040791315 ], [ -99.309955848578554, 19.364592811793415 ], [ -99.309866921599919, 19.364697690124018 ], [ -99.30970163183143, 19.364818810790904 ], [ -99.309587172379977, 19.364887480499178 ], [ -99.309468613292566, 19.365032688829903 ], [ -99.309396676821976, 19.365145594735477 ], [ -99.309350227802909, 19.365270540073976 ], [ -99.3093291751143, 19.365359191239047 ], [ -99.309342013399245, 19.365415561696818 ], [ -99.309363316840432, 19.365459832290796 ], [ -99.309384621247204, 19.365504103784016 ], [ -99.309427213943195, 19.365584591009 ], [ -99.309457012986556, 19.365632875945025 ], [ -99.309461325374272, 19.365669120529635 ], [ -99.309440234695529, 19.365737632317757 ], [ -99.309376688031108, 19.36579815957197 ], [ -99.309181757192121, 19.365867167290023 ], [ -99.309113730095262, 19.365891249521354 ], [ -99.308952471023417, 19.365899579034735 ], [ -99.308719122955864, 19.365940254690162 ], [ -99.308579295967348, 19.366061330262735 ], [ -99.308511550335623, 19.366146032580257 ], [ -99.308439483926009, 19.366190462387596 ], [ -99.30837160940122, 19.366206689834879 ], [ -99.308261263692827, 19.366206876711999 ], [ -99.308159458952971, 19.366235244296952 ], [ -99.308019540506123, 19.366307984915558 ], [ -99.307968838553577, 19.366428909207873 ], [ -99.307930868533603, 19.366549812853869 ], [ -99.307947965568559, 19.366614231080259 ], [ -99.307977977149108, 19.366775299530126 ], [ -99.307939938980681, 19.366859951375613 ], [ -99.307901825139638, 19.366904323536886 ], [ -99.307829736497155, 19.366936668568954 ], [ -99.307634477928588, 19.366920887074485 ], [ -99.307451989187896, 19.366925223254849 ], [ -99.307282247565524, 19.366937593516948 ], [ -99.307146527820734, 19.366986158138701 ], [ -99.307010874916216, 19.367070974463029 ], [ -99.30693878506932, 19.367103320050443 ], [ -99.306820003468886, 19.367131716419951 ], [ -99.306726344659879, 19.367321744494404 ], [ -99.306604411786424, 19.367452399499161 ], [ -99.306370564070662, 19.367626725403898 ], [ -99.306253712216446, 19.367752539421204 ], [ -99.306167350359971, 19.367849314290762 ], [ -99.306137031575545, 19.367970151375502 ], [ -99.306132121424781, 19.368066789230653 ], [ -99.306167864586854, 19.368124706514468 ], [ -99.306259633951086, 19.368197023437371 ], [ -99.306356402743518, 19.368221018005613 ], [ -99.306407427711974, 19.368283740819866 ], [ -99.306397335902602, 19.368332072602787 ], [ -99.30638209578197, 19.368349007800006 ], [ -99.30636685470769, 19.368365943901317 ], [ -99.306366972067735, 19.368428753300122 ], [ -99.306408149067551, 19.368670256161973 ], [ -99.306383192708282, 19.368936028630614 ], [ -99.30634777332034, 19.369052043023078 ], [ -99.306307435735434, 19.369259863065576 ], [ -99.306226190806029, 19.369371123240828 ], [ -99.306181204499723, 19.369815692818648 ], [ -99.306181592485316, 19.370023445214958 ], [ -99.306100527511262, 19.370231333699028 ], [ -99.305851519643355, 19.370468494016773 ], [ -99.305780465063577, 19.37058456816364 ], [ -99.305740027296423, 19.370739242143443 ], [ -99.30567914386458, 19.37085046786661 ], [ -99.305618216270574, 19.370937537154337 ], [ -99.305430099397881, 19.37106830157698 ], [ -99.305109701174956, 19.371242771087175 ], [ -99.305028328608316, 19.371286390962631 ], [ -99.30498347818174, 19.371324849001279 ], [ -99.304966746377332, 19.371339196511798 ], [ -99.30490634653323, 19.37139288751457 ], [ -99.30484568785613, 19.371624898642089 ], [ -99.304810384561549, 19.371803722107067 ], [ -99.304790299353584, 19.37195353048627 ], [ -99.304739624108393, 19.372079232690869 ], [ -99.304683371601683, 19.372195778669369 ], [ -99.304622884581903, 19.372267855042779 ], [ -99.304592501046642, 19.372354871958198 ], [ -99.304577426443231, 19.372461189342729 ], [ -99.304648913666867, 19.372577024446265 ], [ -99.304705057020556, 19.372654233927108 ], [ -99.304781636083248, 19.372770060449156 ], [ -99.304807251347967, 19.372856983609999 ], [ -99.304827839769288, 19.372977736071928 ], [ -99.304792329562545, 19.373045435509255 ], [ -99.304746690825937, 19.373142141488572 ], [ -99.304655198631778, 19.373219597223621 ], [ -99.304512779221881, 19.373287476440545 ], [ -99.304431469248783, 19.373364915930853 ], [ -99.304416411450234, 19.373480895858272 ], [ -99.304386135251576, 19.373625889921275 ], [ -99.304371186009561, 19.373799847028863 ], [ -99.304335755222837, 19.373911029720048 ], [ -99.304303825002549, 19.374018684746574 ], [ -99.304248664853972, 19.374110671919443 ], [ -99.304186538737028, 19.374176414890353 ], [ -99.304100187019543, 19.374232352273715 ], [ -99.303941261105322, 19.374314666666709 ], [ -99.303823803941611, 19.374380501915805 ], [ -99.303723642887732, 19.374449590542039 ], [ -99.303595914040855, 19.374571235858678 ], [ -99.303475113407373, 19.374699433264261 ], [ -99.303447587203379, 19.37477496433193 ], [ -99.303433882288985, 19.374843908619397 ], [ -99.303485907563214, 19.374925870763942 ], [ -99.303544836995641, 19.375001256741715 ], [ -99.303669552442386, 19.375119199444786 ], [ -99.303752646880028, 19.375171572420875 ], [ -99.303825470862506, 19.375279755571064 ], [ -99.303915664275905, 19.375430574382403 ], [ -99.303957467242384, 19.375594603245428 ], [ -99.303947373259604, 19.375745589515592 ], [ -99.303871546733916, 19.375883559001547 ], [ -99.303598771300187, 19.37611375117222 ], [ -99.303325708662001, 19.376189691691707 ], [ -99.303132156387449, 19.376249088690866 ], [ -99.302921275351125, 19.376288824045531 ], [ -99.302796777820532, 19.376289031248174 ], [ -99.302665273056533, 19.376240020686762 ], [ -99.302505994075332, 19.376131980819462 ], [ -99.302429796724255, 19.376069749770391 ], [ -99.301546216062491, 19.375132576277498 ], [ -99.301421357258349, 19.374935865748064 ], [ -99.301393136994591, 19.374633971773978 ], [ -99.301139250219904, 19.372449852819638 ], [ -99.300929324800961, 19.370643877074606 ], [ -99.300969931489064, 19.370158079956372 ], [ -99.301121461724421, 19.369816506047648 ], [ -99.300442534268598, 19.369086041988762 ], [ -99.300371339321643, 19.369006696969013 ], [ -99.299643434814783, 19.368195765409599 ], [ -99.299027981113341, 19.36751007830518 ], [ -99.298924901595697, 19.367497627109167 ], [ -99.298705434358894, 19.367466436586277 ], [ -99.298615693766735, 19.367476049408154 ], [ -99.298565879793173, 19.367504526084655 ], [ -99.298330117919846, 19.3676532026705 ], [ -99.298720140313307, 19.368239408998299 ], [ -99.298667220314414, 19.368387784076141 ], [ -99.298518247633581, 19.368731933781291 ], [ -99.298408943883445, 19.368952968359228 ], [ -99.29830618017283, 19.36911404642127 ], [ -99.298229838841436, 19.369180428842043 ], [ -99.298047144289754, 19.369262759880293 ], [ -99.297758160284303, 19.369395746582363 ], [ -99.297532191114541, 19.369446597124924 ], [ -99.297352648472526, 19.369434270020957 ], [ -99.296997775245771, 19.369304629266956 ], [ -99.296973475024942, 19.36933077113698 ], [ -99.297073980244889, 19.36975654429283 ], [ -99.297105331056471, 19.370050003262726 ], [ -99.297055105666928, 19.370074297773115 ], [ -99.297113419729484, 19.370124833657055 ], [ -99.297098108454463, 19.370229767289867 ], [ -99.297029876501611, 19.370435536994545 ], [ -99.294954889893816, 19.37069019136387 ], [ -99.29438012896297, 19.370796055804128 ], [ -99.293872385893408, 19.37053697103438 ], [ -99.29417276703839, 19.370140398572694 ], [ -99.294147544038751, 19.370080846948532 ], [ -99.294134911164491, 19.370039153324665 ], [ -99.294077198433499, 19.369990481691143 ], [ -99.294020104596726, 19.369944413568213 ], [ -99.294001416627282, 19.369929335315248 ], [ -99.293987137500878, 19.369960455481305 ], [ -99.293972857418524, 19.36999157655147 ], [ -99.293776969207272, 19.37038838313218 ], [ -99.293622100300468, 19.370820108245891 ], [ -99.293438364814762, 19.37114303990721 ], [ -99.293189415233002, 19.371644885214216 ], [ -99.292972876564448, 19.371948431967546 ], [ -99.292923844621754, 19.37201459289879 ], [ -99.292884829038144, 19.372095518987276 ], [ -99.292854471618838, 19.372158530196739 ], [ -99.292740356344609, 19.372477460385213 ], [ -99.292667081697147, 19.372730244626329 ], [ -99.292601763112714, 19.372850851125172 ], [ -99.292429902079192, 19.372944419538722 ], [ -99.292204760223385, 19.373018636980181 ], [ -99.291918068248521, 19.373030758685307 ], [ -99.291742193475997, 19.373267514192779 ], [ -99.291640315345788, 19.373462679135756 ], [ -99.291583076360936, 19.373521079035321 ], [ -99.29141522078649, 19.373564106621746 ], [ -99.29137036629055, 19.373676906090694 ], [ -99.291256067517267, 19.373894769622297 ], [ -99.291189418664217, 19.374054296559546 ], [ -99.291107767765254, 19.374249730678525 ], [ -99.291865193206974, 19.374172393365107 ], [ -99.292185590212284, 19.373918132028095 ], [ -99.292337147730422, 19.373943263362719 ], [ -99.292408628863996, 19.37404464741326 ], [ -99.292470844079673, 19.374336789614233 ], [ -99.292392116287957, 19.374780540838302 ], [ -99.292481467512559, 19.374907270852756 ], [ -99.292499624949372, 19.375093322638556 ], [ -99.292660412977497, 19.375296061876014 ], [ -99.292714069499013, 19.375397474447244 ], [ -99.292821292073995, 19.375549550249108 ], [ -99.292799101661473, 19.375600333579957 ], [ -99.292776910289589, 19.37565112052442 ], [ -99.292732710689137, 19.375854189359483 ], [ -99.292643871283317, 19.376015039383805 ], [ -99.292635215758821, 19.376158842754588 ], [ -99.292546466683874, 19.376370442013453 ], [ -99.292520513918447, 19.376810311813088 ], [ -99.292958669539487, 19.377613139775015 ], [ -99.292973675343958, 19.37781916878199 ], [ -99.293021935076069, 19.37810361532846 ], [ -99.293013491534737, 19.378365834852097 ], [ -99.292951585802911, 19.378636598386375 ], [ -99.292925482657353, 19.378991886313912 ], [ -99.292801022275171, 19.379169709589139 ], [ -99.292703480263157, 19.379448988301242 ], [ -99.292532236781256, 19.379677318851027 ], [ -99.292454753362136, 19.379914590901414 ], [ -99.292770331342439, 19.380303561309958 ], [ -99.293249747273521, 19.380894466758761 ], [ -99.293222939982115, 19.380928993278573 ], [ -99.291533496316475, 19.383104823944063 ], [ -99.291301924268978, 19.383457987066343 ], [ -99.28682844986885, 19.383013139549004 ], [ -99.286934859294178, 19.382020890084267 ], [ -99.28702678197179, 19.381004106476244 ], [ -99.287118373659666, 19.380802256584275 ], [ -99.287343225369995, 19.380704494809649 ], [ -99.287673171063815, 19.380919569890363 ], [ -99.287953052308367, 19.380956329759027 ], [ -99.288196194925405, 19.380880464994977 ], [ -99.28828173593233, 19.380704494969741 ], [ -99.288589685199355, 19.380132589572312 ], [ -99.289068397578589, 19.380194730496957 ], [ -99.289098045468222, 19.380198578432537 ], [ -99.289762823017668, 19.379895517769551 ], [ -99.289877501386087, 19.37934026443547 ], [ -99.290083261074585, 19.378654690054134 ], [ -99.290110573041318, 19.378466670476477 ], [ -99.290123617480702, 19.378256389657505 ], [ -99.290148473498732, 19.378125433200562 ], [ -99.290085276689439, 19.377736184186681 ], [ -99.289853052835639, 19.377648960061482 ], [ -99.289594339395109, 19.377494206474662 ], [ -99.28945424395377, 19.377309230456003 ], [ -99.289611675891535, 19.376858498734489 ], [ -99.290064990560168, 19.376103959210312 ], [ -99.289644533094133, 19.375994180482152 ], [ -99.289297887860201, 19.376897737744027 ], [ -99.288203484765646, 19.376487072332964 ], [ -99.287773637191222, 19.376325793774154 ], [ -99.287651113108453, 19.376687641009713 ], [ -99.287593051895229, 19.376761364482288 ], [ -99.287602868274192, 19.376828844391557 ], [ -99.287654793018518, 19.376942278003355 ], [ -99.287732638920133, 19.377089418323028 ], [ -99.286908045528861, 19.376961864856895 ], [ -99.28681854207224, 19.377541856047305 ], [ -99.286902665491809, 19.377581607415252 ], [ -99.286877296722423, 19.377863902549741 ], [ -99.286793672496316, 19.378109473655016 ], [ -99.286328011012316, 19.378033507177239 ], [ -99.286286289589654, 19.378208447650952 ], [ -99.286189819006125, 19.37850312709142 ], [ -99.28613508056425, 19.378629000504294 ], [ -99.285898933208429, 19.378543468366253 ], [ -99.285953323823151, 19.378218175638004 ], [ -99.286004957791349, 19.378165938851204 ], [ -99.285955743081601, 19.377751837442279 ], [ -99.285926004861054, 19.377383724758687 ], [ -99.285679597521067, 19.377556493254804 ], [ -99.28563217675395, 19.377589741548476 ], [ -99.285048635048753, 19.378020400222628 ], [ -99.285060586733891, 19.378420349233966 ], [ -99.28506214287242, 19.378472416578987 ], [ -99.285068976255602, 19.37870111636115 ], [ -99.285077354627063, 19.378981475013891 ], [ -99.285092820659642, 19.379054237495694 ], [ -99.28487053560093, 19.379134650946806 ], [ -99.284648605298358, 19.379418865649587 ], [ -99.28444972038514, 19.379724880700426 ], [ -99.284365541821785, 19.37983419189969 ], [ -99.284281249496729, 19.379877996010983 ], [ -99.284074088839859, 19.379834647184587 ], [ -99.283368175589104, 19.379668338793994 ], [ -99.283230031377087, 19.379617603821018 ], [ -99.283107150300111, 19.379523172599903 ], [ -99.282970011849457, 19.380054727804712 ], [ -99.282548183310084, 19.380062661953168 ], [ -99.282441194767088, 19.380288466805343 ], [ -99.281998408062066, 19.380244727540166 ], [ -99.281733636557348, 19.380934111402965 ], [ -99.281362033473371, 19.381133233399144 ], [ -99.280857026709612, 19.381486986025585 ], [ -99.280555245166326, 19.381735635545205 ], [ -99.280381169715653, 19.381895844715803 ], [ -99.280311788357096, 19.382105528493515 ], [ -99.280277097136306, 19.382210370372189 ], [ -99.280248162134669, 19.38228211267424 ], [ -99.280248464021739, 19.38245859836276 ], [ -99.27942732684599, 19.382930755084981 ], [ -99.278728867584022, 19.383332366314981 ], [ -99.278686465429004, 19.383356747737949 ], [ -99.278612436461827, 19.383387566005613 ], [ -99.278471237868189, 19.383446348840366 ], [ -99.277940411430507, 19.383811638240463 ], [ -99.277384058181326, 19.384234612580737 ], [ -99.276744505641346, 19.384626152029977 ], [ -99.276631557517092, 19.384697737784929 ], [ -99.276520634227566, 19.384728880619701 ], [ -99.276044289453964, 19.384847306724321 ], [ -99.276017474177252, 19.384915248603114 ], [ -99.276030092005769, 19.385002022058686 ], [ -99.275823308159559, 19.38542376409821 ], [ -99.275270734411365, 19.385847423961124 ], [ -99.27496889365942, 19.386098449287111 ], [ -99.27448402289204, 19.3863831754839 ], [ -99.274275000456996, 19.386504824559534 ], [ -99.273961401172372, 19.386648692610333 ], [ -99.273850227930197, 19.386759849789357 ], [ -99.273532339199718, 19.387256009016617 ], [ -99.273451249003273, 19.387421587152403 ], [ -99.27329060556589, 19.387582308906097 ], [ -99.273257511700322, 19.387680986368935 ], [ -99.273145954477513, 19.388095388629988 ], [ -99.273055401454315, 19.388639948605579 ], [ -99.272733609108059, 19.389242678283249 ], [ -99.27280325562883, 19.38951219392991 ], [ -99.272990326663873, 19.389837933714166 ], [ -99.273025657598154, 19.390113640645882 ], [ -99.27283993230526, 19.39026834470156 ], [ -99.272135631632864, 19.390542864484797 ], [ -99.271658022305644, 19.390839461704509 ], [ -99.271306945086152, 19.391097917140762 ], [ -99.271142929739867, 19.391096661578878 ], [ -99.270684975933079, 19.390710724216149 ], [ -99.270142945548599, 19.390128975443595 ], [ -99.269898879221117, 19.390151398584909 ], [ -99.269682997930062, 19.390684596887322 ], [ -99.269454997220734, 19.391083389613915 ], [ -99.269206038702336, 19.391379640602221 ], [ -99.268931993494775, 19.391589136675975 ], [ -99.268739057948864, 19.391719431376622 ], [ -99.268495622056179, 19.392127914628148 ], [ -99.268193667536622, 19.392293816381745 ], [ -99.268077661595584, 19.392437381939555 ], [ -99.268115210326314, 19.392951401705265 ], [ -99.268136937553749, 19.393143239817363 ], [ -99.268090982844527, 19.393474218980316 ], [ -99.268021255325039, 19.393636804674337 ], [ -99.267951526717965, 19.393799391245508 ], [ -99.267856548844179, 19.394085542040298 ], [ -99.267676062035619, 19.394305083326394 ], [ -99.267525793440711, 19.394572248600635 ], [ -99.26736522861853, 19.394686888747511 ], [ -99.267285008380398, 19.39478234393804 ], [ -99.267365586704358, 19.394906163712321 ], [ -99.267365820241409, 19.395049169239201 ], [ -99.26726569232531, 19.395259057662852 ], [ -99.267175533992841, 19.39542126366198 ], [ -99.267075296740487, 19.395564415887563 ], [ -99.266894745101254, 19.395745822131374 ], [ -99.266774212041824, 19.395765065748716 ], [ -99.266683881162976, 19.395822401151921 ], [ -99.266623800916364, 19.395946427498767 ], [ -99.266503577120147, 19.396156344966187 ], [ -99.266463839306397, 19.39643288065858 ], [ -99.266484166517017, 19.396575856720563 ], [ -99.26656474514067, 19.396699676822088 ], [ -99.266715544378357, 19.396756657642268 ], [ -99.26688639251384, 19.396785007918087 ], [ -99.266956847044966, 19.39686117408532 ], [ -99.266936861390334, 19.396927939670974 ], [ -99.266916937897889, 19.397032839511933 ], [ -99.266876997583893, 19.397185437347108 ], [ -99.266857230391906, 19.397385674175123 ], [ -99.266827244456792, 19.397481055410736 ], [ -99.26677752127938, 19.397795741034049 ], [ -99.266767659948172, 19.397910159445821 ], [ -99.266747891594093, 19.398110396250047 ], [ -99.266717952070195, 19.39823437837833 ], [ -99.266738202069291, 19.398329685884615 ], [ -99.266798578319168, 19.398386799257178 ], [ -99.266979552779816, 19.398462804071517 ], [ -99.267190544455147, 19.398462494097153 ], [ -99.267381442407341, 19.398462213432094 ], [ -99.267431693232766, 19.398471672877694 ], [ -99.267582573280009, 19.398576321432593 ], [ -99.267612917458351, 19.398700214955678 ], [ -99.267593057493826, 19.398843249094437 ], [ -99.267623573197355, 19.39907201382459 ], [ -99.267613774742671, 19.399224567410247 ], [ -99.267493317120866, 19.399291480916208 ], [ -99.267282355517082, 19.399310857926352 ], [ -99.26679014751241, 19.3993783171628 ], [ -99.266438430981609, 19.399340698649638 ], [ -99.266146935020998, 19.39926485605459 ], [ -99.265956068046222, 19.399284202106845 ], [ -99.265855734489648, 19.399370152715399 ], [ -99.265765711858791, 19.399618160727407 ], [ -99.265374129996275, 19.399780805310801 ], [ -99.265263609822725, 19.399780966614877 ], [ -99.265072634053354, 19.399733576580044 ], [ -99.26502224308382, 19.399638312838373 ], [ -99.265051968003945, 19.399380859747737 ], [ -99.264830479908213, 19.399104705154752 ], [ -99.264830248533471, 19.39896169966206 ], [ -99.264729622562726, 19.398866509000349 ], [ -99.264629041996898, 19.398799920104711 ], [ -99.26436770573919, 19.398733564090456 ], [ -99.264146436014585, 19.398590879884633 ], [ -99.264025945699743, 19.39863872352857 ], [ -99.263845571704081, 19.398934530445263 ], [ -99.263695354101131, 19.39923982680072 ], [ -99.263635331780236, 19.3994019873168 ], [ -99.263575140466202, 19.399459276569562 ], [ -99.263434508505341, 19.399478548041042 ], [ -99.263082899708778, 19.399507658209185 ], [ -99.262882076038522, 19.399584218326812 ], [ -99.262701301100037, 19.399632148265582 ], [ -99.262590857478344, 19.399679976446443 ], [ -99.26253052806976, 19.399651462594036 ], [ -99.262399913132526, 19.39965165117496 ], [ -99.262108556756914, 19.399661604856583 ], [ -99.262028102088323, 19.399614052225687 ], [ -99.261897166830522, 19.399414033080223 ], [ -99.261676049755351, 19.399366682881269 ], [ -99.261605749887607, 19.399385851687565 ], [ -99.261424974777199, 19.399433780359971 ], [ -99.261133755600767, 19.399529536153786 ], [ -99.260973348620524, 19.399749041061085 ], [ -99.260883195840137, 19.399920777303791 ], [ -99.260602296618416, 19.400188124282963 ], [ -99.260271052559062, 19.400388806675359 ], [ -99.259979891565578, 19.400522694902687 ], [ -99.259738891350764, 19.400608843287767 ], [ -99.259628204212575, 19.400504130812916 ], [ -99.259567254150284, 19.400084734548614 ], [ -99.259496681645061, 19.399932296078937 ], [ -99.259385873301383, 19.399751313097028 ], [ -99.259013323403622, 19.39924655795291 ], [ -99.258892681223273, 19.399199061174691 ], [ -99.25864714053057, 19.399127422898079 ], [ -99.258185495543785, 19.397510671281207 ], [ -99.258159946567886, 19.397421301415214 ], [ -99.258055796844545, 19.397605278131167 ], [ -99.256983678346785, 19.398966413423381 ], [ -99.256892765121293, 19.39936906880288 ], [ -99.256285103737994, 19.399439199502343 ], [ -99.25613866727798, 19.399557309096192 ], [ -99.255983663660231, 19.399613287085742 ], [ -99.255656184696008, 19.399657910117515 ], [ -99.255485789802648, 19.399660756908826 ], [ -99.25528143792647, 19.399749238239234 ], [ -99.255232410638115, 19.399603815939685 ], [ -99.25520474560652, 19.39945695111793 ], [ -99.255179517486127, 19.399267709139902 ], [ -99.255216336428873, 19.39889500486791 ], [ -99.255352794815849, 19.398457099871962 ], [ -99.255367033206483, 19.398224489760661 ], [ -99.25550784571341, 19.397783369391622 ], [ -99.255611276884892, 19.397459348874783 ], [ -99.255744720670222, 19.397129974899613 ], [ -99.255868128102591, 19.396973356067409 ], [ -99.256158549921849, 19.396696957512347 ], [ -99.257350892689644, 19.395723079825551 ], [ -99.257985605234964, 19.395265882728534 ], [ -99.258309226757277, 19.395062880074502 ], [ -99.258733048085986, 19.394836149848949 ], [ -99.259387005268195, 19.394468891500587 ], [ -99.259488581283023, 19.394351149681391 ], [ -99.259543340849987, 19.394227219069339 ], [ -99.259550897770623, 19.39413097358398 ], [ -99.259500545827535, 19.393935821503295 ], [ -99.259458971685405, 19.39379633612872 ], [ -99.259194471840743, 19.392989194727292 ], [ -99.259132488017372, 19.392888245971459 ], [ -99.259075274782006, 19.392806618312648 ], [ -99.25904296580697, 19.392698955057625 ], [ -99.258987761254133, 19.392577604087116 ], [ -99.258909006909249, 19.392519659280154 ], [ -99.258759390582426, 19.392511000394929 ], [ -99.258669062419884, 19.39254661900139 ], [ -99.258507207450975, 19.392682895581821 ], [ -99.258345297167978, 19.392783681099182 ], [ -99.258226889758078, 19.392801594782068 ], [ -99.256886848256102, 19.39289813334025 ], [ -99.25677155210083, 19.39291308379774 ], [ -99.256684348694392, 19.392954612780304 ], [ -99.256525605073563, 19.393087925334893 ], [ -99.256061734584776, 19.393422779437159 ], [ -99.255974527052302, 19.393461350202688 ], [ -99.255856146602468, 19.393497006906859 ], [ -99.255264096021065, 19.393580649826511 ], [ -99.255102094321771, 19.393625240023074 ], [ -99.254843598651476, 19.393749819189814 ], [ -99.254610032075831, 19.393871405201736 ], [ -99.254360999958635, 19.394069907613069 ], [ -99.254305100545338, 19.394200117365585 ], [ -99.254323966773597, 19.394306561271776 ], [ -99.254411419675137, 19.394424740761451 ], [ -99.254692295061389, 19.394660949394748 ], [ -99.254811008024646, 19.394838234448184 ], [ -99.254758304055855, 19.394981360373325 ], [ -99.254689845977481, 19.395052437369522 ], [ -99.25458695131104, 19.395063320406035 ], [ -99.254480944114917, 19.39503980843984 ], [ -99.254343696794706, 19.394969020288876 ], [ -99.254031698766312, 19.394762429840426 ], [ -99.253663435809955, 19.394449445244302 ], [ -99.25342573109296, 19.394182124724832 ], [ -99.253332483463495, 19.394077258334676 ], [ -99.252951600519623, 19.39366373438483 ], [ -99.252839278972644, 19.393586995527176 ], [ -99.252733264795651, 19.393557567669294 ], [ -99.252533747759273, 19.393528269629176 ], [ -99.251952559943661, 19.393469570208559 ], [ -99.251667158852655, 19.393440744454058 ], [ -99.251473938997222, 19.393452842409754 ], [ -99.251137540597995, 19.393589353789483 ], [ -99.250888346973895, 19.393684338371937 ], [ -99.250751246303011, 19.39370818785806 ], [ -99.250427123344679, 19.393720464269361 ], [ -99.24999077939232, 19.393721064686403 ], [ -99.249817211718906, 19.393653525803138 ], [ -99.24970633891256, 19.393587191184263 ], [ -99.249628949075159, 19.393532279683608 ], [ -99.249248509828945, 19.393402670848708 ], [ -99.249024131500661, 19.39342072287371 ], [ -99.248669120124006, 19.393616405684391 ], [ -99.248227134973135, 19.394007403528381 ], [ -99.247915819065554, 19.394244431104447 ], [ -99.247793986817925, 19.394270710254531 ], [ -99.247600995374441, 19.394282939353129 ], [ -99.247354830586985, 19.394262939716228 ], [ -99.247061762100671, 19.394201229780872 ], [ -99.246946282117364, 19.394094916309957 ], [ -99.246871332539911, 19.393997419591123 ], [ -99.24681239812324, 19.393924504966954 ], [ -99.246727712458949, 19.393831992782097 ], [ -99.24661444253212, 19.393778837613272 ], [ -99.246480157688282, 19.393764354066835 ], [ -99.246373934152757, 19.393783746425136 ], [ -99.246257142358573, 19.393871078682551 ], [ -99.24628882260572, 19.393710535426436 ], [ -99.246365765424727, 19.393563348422887 ], [ -99.246533722267714, 19.393332433666782 ], [ -99.246704214858497, 19.393034553030944 ], [ -99.246630502805701, 19.392970407329855 ], [ -99.246543699667185, 19.392874729461695 ], [ -99.246526518270016, 19.39268770190256 ], [ -99.246563571314226, 19.392456964525653 ], [ -99.246743841686637, 19.39212547646536 ], [ -99.247005047764858, 19.391728812929699 ], [ -99.24706020255779, 19.391101741896012 ], [ -99.24703447472308, 19.390575336205341 ], [ -99.247002442560898, 19.390001619169791 ], [ -99.247151283931927, 19.389498636645531 ], [ -99.247387748093956, 19.389232136902883 ], [ -99.247518048289109, 19.388835650577203 ], [ -99.247517614728167, 19.388548771305441 ], [ -99.247564011128475, 19.388315063039148 ], [ -99.247629156743017, 19.388113862382003 ], [ -99.247620992570603, 19.388022067814845 ], [ -99.247607680525633, 19.387905389894151 ], [ -99.247550485554385, 19.387614146055565 ], [ -99.247518802622906, 19.387503534518533 ], [ -99.247393828127116, 19.387067216770365 ], [ -99.247313805877283, 19.386469101032947 ], [ -99.247309411077325, 19.386435183922735 ], [ -99.247287035322628, 19.386262510889299 ], [ -99.247441544067172, 19.386152543492774 ], [ -99.247595872426743, 19.38602481170917 ], [ -99.249695688567712, 19.384308120154945 ], [ -99.251220219281535, 19.383280569140492 ], [ -99.254282031951391, 19.381328152859247 ], [ -99.254634341465973, 19.381117611137828 ], [ -99.255106218370713, 19.380814934547136 ], [ -99.256110409427279, 19.380164666129893 ], [ -99.256580760811815, 19.379855192783836 ], [ -99.257139778585554, 19.379372321016415 ], [ -99.257952408687984, 19.378682748073217 ], [ -99.259254983788182, 19.377517846316284 ], [ -99.259437580192269, 19.377358743892465 ], [ -99.260450200358534, 19.376466950081625 ], [ -99.260573942593652, 19.376374673493451 ], [ -99.260574621895032, 19.37637488128102 ], [ -99.260794768634653, 19.37621160364915 ], [ -99.261572170230863, 19.375730463907118 ], [ -99.261620441659431, 19.375700588787481 ], [ -99.262256307163256, 19.375370245266808 ], [ -99.26243793900106, 19.375298961543759 ], [ -99.263239203811693, 19.374984493931027 ], [ -99.264015867801518, 19.374842185424257 ], [ -99.265086356486464, 19.374667159408588 ], [ -99.265811285158605, 19.374590329264244 ], [ -99.266339309832773, 19.374474116451157 ], [ -99.266658794248585, 19.374361442224497 ], [ -99.266774774326691, 19.37427155413727 ], [ -99.266784811870068, 19.374265556769782 ], [ -99.266799987908129, 19.374252013002494 ], [ -99.267032597198096, 19.374071732248936 ], [ -99.267285529572888, 19.373676850143319 ], [ -99.267441149970836, 19.373450171761952 ], [ -99.267712518094456, 19.373370812603852 ], [ -99.267997987001024, 19.373399238429954 ], [ -99.268595814585069, 19.373556432911077 ], [ -99.269286713356067, 19.373543926511644 ], [ -99.26971406176115, 19.373452754101404 ], [ -99.270111985406885, 19.373160733755736 ], [ -99.270243356289853, 19.372685234133716 ], [ -99.270187288346875, 19.372430829591458 ], [ -99.270176993715936, 19.372384117821486 ], [ -99.270152334217968, 19.372325156607911 ], [ -99.270103384904687, 19.372215997936529 ], [ -99.269779326159508, 19.371493334781331 ], [ -99.269532885927504, 19.37078829614666 ], [ -99.269509334985102, 19.37002649596068 ], [ -99.269693956807046, 19.369299657047218 ], [ -99.27005198567997, 19.368717006625989 ], [ -99.271266712303898, 19.367505596079415 ], [ -99.271185013871786, 19.367455658695771 ], [ -99.27116666697583, 19.367444444596913 ], [ -99.270805897074226, 19.367123277392224 ], [ -99.270746252856711, 19.367070180110595 ], [ -99.268888888588521, 19.365416666715518 ], [ -99.268868210666199, 19.365401722533942 ], [ -99.268788651704909, 19.365344224841557 ], [ -99.26686572233821, 19.365895154687163 ], [ -99.26661873590443, 19.365897088142571 ], [ -99.266467709610851, 19.364894595683307 ], [ -99.266460601806259, 19.36463464687111 ], [ -99.266490136617861, 19.364514685655948 ], [ -99.266519209781023, 19.364437042036489 ], [ -99.266638142624032, 19.364119442601858 ], [ -99.266766442646599, 19.363800018293894 ], [ -99.266746548720803, 19.363792647739668 ], [ -99.266718633058176, 19.363779758136868 ], [ -99.266641428810843, 19.363744109911138 ], [ -99.2666027680947, 19.363726258307974 ], [ -99.266535463726157, 19.363695181041528 ], [ -99.26650560796179, 19.363681395039187 ], [ -99.266446199475652, 19.363653963557223 ], [ -99.26625636568437, 19.363471251377085 ], [ -99.265903260159064, 19.363363214639659 ], [ -99.265675046167914, 19.363309824028473 ], [ -99.265525020683043, 19.363197992695806 ], [ -99.265283576396911, 19.363034593236037 ], [ -99.265173666497802, 19.363048232401734 ], [ -99.26497719806143, 19.36313842824816 ], [ -99.26498329759356, 19.363043982791119 ], [ -99.264970648345553, 19.362933003852202 ], [ -99.264886830720485, 19.362886027261109 ], [ -99.26421488712505, 19.362685283926844 ], [ -99.263542944194413, 19.362484538994064 ], [ -99.26335689933893, 19.362428956138338 ], [ -99.263170854608759, 19.362373373994398 ], [ -99.262848080902742, 19.362239903589991 ], [ -99.26252530771454, 19.362106431701562 ], [ -99.262362800508825, 19.362004822386385 ], [ -99.262201670884508, 19.361904130931894 ], [ -99.262205443387344, 19.36185226520853 ], [ -99.262146507390582, 19.361847935367432 ], [ -99.262076704707169, 19.361836261206875 ], [ -99.262006902033349, 19.361824587019431 ], [ -99.261935543555154, 19.36180997070522 ], [ -99.261876562930226, 19.361777675052554 ], [ -99.261842347407793, 19.361715907619978 ], [ -99.26182659059711, 19.361667590899181 ], [ -99.261810833795892, 19.361619274176654 ], [ -99.261589916617439, 19.361459796723963 ], [ -99.261236675410146, 19.36116631194561 ], [ -99.261172956079434, 19.361079565250858 ], [ -99.261109236815003, 19.360992817628453 ], [ -99.261062451800697, 19.360828039715773 ], [ -99.260993857012153, 19.360544683561717 ], [ -99.260852957247991, 19.359741273491053 ], [ -99.260770174497068, 19.359228224872314 ], [ -99.260512866620331, 19.358077563465443 ], [ -99.260384214549717, 19.357502233006649 ], [ -99.260319888860678, 19.357214566821913 ], [ -99.260255563404897, 19.356926901506483 ], [ -99.260161372368088, 19.356505679169931 ], [ -99.260239335830903, 19.356494148302751 ], [ -99.259984198737044, 19.355246860720225 ], [ -99.25997880660637, 19.355220355797243 ], [ -99.259842132838656, 19.354548640205532 ], [ -99.25941666639946, 19.354305555924263 ], [ -99.259244444266272, 19.353822222499108 ], [ -99.259277777681831, 19.352955555506863 ], [ -99.259060424980007, 19.352511235763661 ], [ -99.259041861886175, 19.35249779482751 ], [ -99.258896947020986, 19.351785051751744 ], [ -99.258889296326686, 19.351747425117168 ], [ -99.258745432730763, 19.350149107553413 ], [ -99.258603280892402, 19.350184080285707 ], [ -99.258447677751846, 19.350192661475127 ], [ -99.258338996099582, 19.350164946492061 ], [ -99.258250854725588, 19.350128841949893 ], [ -99.258171460069548, 19.350053707462269 ], [ -99.25812561781845, 19.349983773345112 ], [ -99.258108946843265, 19.349938779613527 ], [ -99.25809699101147, 19.34987577153656 ], [ -99.258101630862441, 19.349810488763687 ], [ -99.258113371722118, 19.349736193001615 ], [ -99.258147382995801, 19.349680294484138 ], [ -99.258211868782467, 19.349610529362725 ], [ -99.258296925380364, 19.349551883431108 ], [ -99.258348252429684, 19.349516974689198 ], [ -99.258399580407755, 19.349482065027896 ], [ -99.258522819380104, 19.34943172611424 ], [ -99.258659884073396, 19.349375413735615 ], [ -99.258611810833699, 19.348869064990282 ], [ -99.258527757225437, 19.348387241093331 ], [ -99.258509193460426, 19.348294453756651 ], [ -99.258753997727169, 19.348346680571925 ], [ -99.258833604245012, 19.348363317174297 ], [ -99.258839174183933, 19.348309636006022 ], [ -99.258929582468241, 19.348266567854072 ], [ -99.258950028859232, 19.348228430431348 ], [ -99.259004343986476, 19.34812711771756 ], [ -99.259116197343815, 19.347995325401858 ], [ -99.259593509371783, 19.347779112466892 ], [ -99.260016002555972, 19.347705320774921 ], [ -99.260082222237699, 19.347679880331327 ], [ -99.260047469224943, 19.347551164189834 ], [ -99.259859841392398, 19.347412785688391 ], [ -99.259644761411224, 19.347372252884096 ], [ -99.259355664606403, 19.347405058728604 ], [ -99.258562481682404, 19.347680037989974 ], [ -99.258262026925209, 19.347612106198653 ], [ -99.257959700595421, 19.34772231836121 ], [ -99.257311709459344, 19.347728864863218 ], [ -99.257054495685907, 19.347766526564069 ], [ -99.256784851752258, 19.347915397311144 ], [ -99.255925872039924, 19.348125618148732 ], [ -99.255650469037661, 19.348030548597233 ], [ -99.256247458428902, 19.347708973524817 ], [ -99.256550837718848, 19.347489537325256 ], [ -99.257273169169125, 19.347184586285252 ], [ -99.257559860923166, 19.346835553083412 ], [ -99.257875230039772, 19.346631008339905 ], [ -99.25812396785544, 19.346587716437458 ], [ -99.25907348032564, 19.346285795482231 ], [ -99.259751972695, 19.346241889817954 ], [ -99.261153647679492, 19.345913436505249 ], [ -99.261703034576243, 19.345717839042774 ], [ -99.26238651370501, 19.345420746307781 ], [ -99.265134820743825, 19.342952906996857 ], [ -99.266112940502211, 19.342743920477268 ], [ -99.266633081694991, 19.342242072377353 ], [ -99.266907256540449, 19.341774130452421 ], [ -99.267412982472919, 19.341220123642444 ], [ -99.267546733689827, 19.341059301563444 ], [ -99.268947733434288, 19.341165787083561 ], [ -99.269876007836601, 19.340596829907085 ], [ -99.270483436329741, 19.340157757305981 ], [ -99.270823498446134, 19.340016075665432 ], [ -99.270986943238626, 19.339939657559725 ], [ -99.27129079218922, 19.339731305807252 ], [ -99.271700497312423, 19.339584176031597 ], [ -99.272169164406804, 19.339201407132922 ], [ -99.272124003823365, 19.338478142108801 ], [ -99.272706318146348, 19.337742349926984 ], [ -99.273130477090234, 19.337013187701832 ], [ -99.273429959606503, 19.336213563537299 ], [ -99.273707695868936, 19.336029946718753 ], [ -99.274047042657017, 19.336042656604583 ], [ -99.275160319125263, 19.33627945423542 ], [ -99.276119687291427, 19.33619701695968 ], [ -99.27634575348884, 19.336177590382661 ], [ -99.277296702189801, 19.335258070559544 ], [ -99.278038250334504, 19.334936016666848 ], [ -99.278450383109686, 19.334445161663513 ], [ -99.278719777239743, 19.334341009328515 ], [ -99.279017737892275, 19.333897925978782 ], [ -99.279217534965994, 19.333758549101653 ], [ -99.279417331699293, 19.33361917200769 ], [ -99.279570977234272, 19.333620436646562 ], [ -99.279439280456955, 19.334268873114528 ], [ -99.279405151141205, 19.335124668358965 ], [ -99.279538829517108, 19.335561933343349 ], [ -99.279718975807086, 19.335999825484947 ], [ -99.279785967513703, 19.336126496607442 ], [ -99.279895298855081, 19.336246716058255 ], [ -99.280004631310376, 19.33636693634217 ], [ -99.280078856851034, 19.336255669310109 ], [ -99.280020047987392, 19.335434460616455 ], [ -99.28013146815664, 19.33525398773774 ], [ -99.280321025134683, 19.335166640318402 ], [ -99.280480430556125, 19.33516264827777 ], [ -99.280586362876178, 19.335186935599033 ], [ -99.280697187783076, 19.335221284652324 ], [ -99.281941872910238, 19.335607057338585 ], [ -99.282002525095919, 19.33562585503126 ], [ -99.282195885315659, 19.335685627443961 ], [ -99.282706774904455, 19.335955253547777 ], [ -99.283187909602745, 19.336323944866965 ], [ -99.283600315960612, 19.336513027611513 ], [ -99.283845533386412, 19.336588674667986 ], [ -99.284356784497788, 19.336662513041343 ], [ -99.284665390716555, 19.336619142309008 ], [ -99.285041069863652, 19.336391380946313 ], [ -99.285179895356393, 19.33630363336351 ], [ -99.285474193333528, 19.336183520203068 ], [ -99.285688941320856, 19.335908430064485 ], [ -99.285758597028604, 19.335861316252089 ], [ -99.285914432044549, 19.335791804863131 ], [ -99.286906798795755, 19.335447982719952 ], [ -99.287684043822225, 19.335255226485895 ], [ -99.287860398127762, 19.335206691803176 ], [ -99.288163312359828, 19.335050515587476 ], [ -99.288245201074773, 19.334981974018127 ], [ -99.288348329937634, 19.334872441021261 ], [ -99.288370088872625, 19.33483951185644 ], [ -99.28886339985344, 19.334092951198365 ], [ -99.289324339077154, 19.333904539724863 ], [ -99.290399801018125, 19.333642793290927 ], [ -99.290756131602436, 19.333616723086632 ], [ -99.291207479939402, 19.333658994782471 ], [ -99.291856647228826, 19.333719791479513 ], [ -99.292290740635977, 19.333760445133947 ], [ -99.294277337162157, 19.333466072229168 ], [ -99.294952625689803, 19.332994681740615 ], [ -99.295646224116453, 19.332510504790019 ], [ -99.295849267921255, 19.332068818923364 ], [ -99.296052309696464, 19.331627132825254 ], [ -99.296180862006921, 19.330135850216561 ], [ -99.296127793301068, 19.327369105476766 ], [ -99.29642615733583, 19.326709313978114 ], [ -99.296662432315145, 19.326230137029331 ], [ -99.29654167049452, 19.325841138873205 ], [ -99.296245709902237, 19.325576989606304 ], [ -99.29574358357678, 19.32537668550955 ], [ -99.295140783249948, 19.324996594605789 ], [ -99.294933091790909, 19.324784690248858 ], [ -99.294571075520238, 19.32441532912754 ], [ -99.293836081828573, 19.323474580462211 ], [ -99.293976724652353, 19.32252153405846 ], [ -99.294175991178989, 19.321861157293529 ], [ -99.294334258952603, 19.320969768703325 ], [ -99.29428428375337, 19.320530119842545 ], [ -99.29419247634435, 19.320373358203621 ], [ -99.294278449291852, 19.320139774906735 ], [ -99.294326867649943, 19.319719986637921 ], [ -99.295509215622715, 19.320759561632801 ], [ -99.297243227933564, 19.321187499662262 ], [ -99.297493491426707, 19.321460172800318 ], [ -99.298189511669065, 19.322295726049241 ], [ -99.298997865455362, 19.3232661182419 ], [ -99.300295821860573, 19.322441573432663 ], [ -99.300788014460664, 19.322122546565762 ], [ -99.30076979640458, 19.321838724946751 ], [ -99.300676474068126, 19.320384828666324 ], [ -99.301273942794225, 19.319763894984057 ], [ -99.301290473533697, 19.318885608245669 ], [ -99.302124347134637, 19.318591475698238 ], [ -99.305067783643977, 19.31243192908665 ], [ -99.31515675894002, 19.304715532939433 ], [ -99.318698874606426, 19.302204603960643 ], [ -99.321600548949903, 19.299218561867882 ], [ -99.321353733105113, 19.30061100406537 ], [ -99.320975359329537, 19.301518149367823 ], [ -99.321411608491985, 19.301662463606025 ], [ -99.321860481394609, 19.302166788805433 ], [ -99.322092627572587, 19.302465989493101 ], [ -99.321962258410608, 19.303059407289886 ], [ -99.321971226786175, 19.303441841749336 ], [ -99.322056194857979, 19.3037494924267 ], [ -99.321995521548743, 19.30412861463742 ], [ -99.321645043526104, 19.304533778896523 ], [ -99.321509612828933, 19.304816762171757 ], [ -99.321645933219443, 19.304988928810001 ], [ -99.321834072796619, 19.305686102115605 ], [ -99.32159809105201, 19.305817325340577 ], [ -99.321563154261526, 19.306045899769824 ], [ -99.321573764812143, 19.30628948800252 ], [ -99.321829812238875, 19.306690989303441 ], [ -99.32296501363345, 19.30775297372249 ], [ -99.323208022140776, 19.307853031673051 ], [ -99.323548594977694, 19.307804474687511 ], [ -99.323862042898014, 19.307664920129607 ], [ -99.324074973635192, 19.307462001592818 ], [ -99.325546303448249, 19.30560995019593 ], [ -99.326662789341242, 19.304103090892529 ], [ -99.326727302287608, 19.304016020616434 ], [ -99.326988566409483, 19.303862007759058 ], [ -99.327207138841644, 19.303684123192991 ], [ -99.327391682044336, 19.303481717117787 ], [ -99.327534708610173, 19.303271885319649 ], [ -99.327661455994686, 19.303013099711947 ], [ -99.327739312436393, 19.302771934101607 ], [ -99.327785513339535, 19.302503079965838 ], [ -99.327794870404958, 19.302183141911794 ], [ -99.327750510240961, 19.301941924566272 ], [ -99.327738843405967, 19.301675615267197 ], [ -99.327764000057243, 19.301403004134496 ], [ -99.327824393039251, 19.30113972758441 ], [ -99.327988817843035, 19.300754983930453 ], [ -99.328215383469839, 19.30041106817735 ], [ -99.328575233976593, 19.300105590954317 ], [ -99.328553137742745, 19.300194016162965 ], [ -99.32862314336181, 19.300598582003712 ], [ -99.328841725733881, 19.301112805111636 ], [ -99.328930836170613, 19.30126609115084 ], [ -99.328926555187337, 19.302703079339011 ], [ -99.328757429735347, 19.303391411318596 ], [ -99.32909991821694, 19.302737962546658 ], [ -99.329749377967588, 19.302773058961755 ], [ -99.3304746163261, 19.302499734727864 ], [ -99.331085036165888, 19.302117810783997 ], [ -99.331962663809833, 19.301644728210224 ], [ -99.332802673315626, 19.301461856105583 ], [ -99.332992861444666, 19.301062557225585 ], [ -99.333259151338552, 19.300518045752888 ], [ -99.334099116766225, 19.300317034553281 ], [ -99.334596472783971, 19.300696941630932 ], [ -99.334330260741524, 19.301277722310299 ], [ -99.334331734296725, 19.302003087832741 ], [ -99.333683822125366, 19.302729640525531 ], [ -99.33355159528098, 19.303455250319203 ], [ -99.333953718725354, 19.303962272147746 ], [ -99.334946573136548, 19.303797245499371 ], [ -99.336149446944233, 19.303595559411008 ], [ -99.336246501631223, 19.304357016038484 ], [ -99.336419141980741, 19.304719382337719 ], [ -99.337068312560859, 19.304609379731311 ], [ -99.33770901026449, 19.303962055601612 ], [ -99.337930154361402, 19.304172119699853 ], [ -99.338018157567035, 19.304021497174631 ], [ -99.338142739001114, 19.303902751773151 ], [ -99.338288696452594, 19.303815764287179 ], [ -99.338437764088525, 19.303760566723458 ] ] ] } },
{ "type": "Feature", "properties": { "alcaldia_norm": "CUAUHTEMOC", "alcaldia": "CUAUHTEMOC", "cve_col": "15-001", "colonia": "ALGARIN", "pob_2010": 5556.0, "SUP_COL_M2": 386550.0, "VIV2010": 2180, "DENVIVHa": 56.3963, "SUPMNZHa": 38.655, "C_DENVIVHa": 3 }, "geometry": { "type": "Polygon", "coordinates": [ [ [ -99.155528258261583, 19.404055504297872 ], [ -99.155548259428414, 19.404055439284214 ], [ -99.155585952104204, 19.404055317553507 ], [ -99.156236199547536, 19.404053208067065 ], [ -99.156457527414716, 19.404040253450905 ], [ -99.156678855244778, 19.404027298565463 ], [ -99.157147197107165, 19.403944839517013 ], [ -99.15768260944138, 19.403785542323849 ], [ -99.159137302064096, 19.403353735752226 ], [ -99.159701978119784, 19.403191792520868 ], [ -99.160179496985293, 19.403049472867931 ], [ -99.160202725773985, 19.403042549735737 ], [ -99.160222549652957, 19.403036641775294 ], [ -99.160254191682768, 19.403027210609942 ], [ -99.16028724004353, 19.403017361581174 ], [ -99.160450989756441, 19.402968556875475 ], [ -99.160478195671587, 19.402960448123544 ], [ -99.160500206629592, 19.402953888422825 ], [ -99.16129538114663, 19.402716889975014 ], [ -99.162168510078615, 19.402439866600055 ], [ -99.162191050813632, 19.402432714281797 ], [ -99.162212848885929, 19.402425798496051 ], [ -99.162278205006146, 19.402405062905615 ], [ -99.162760547570102, 19.402236346090081 ], [ -99.16303543315864, 19.402140193616102 ], [ -99.1652840446624, 19.401314498766983 ], [ -99.16791084915566, 19.400397900989095 ], [ -99.170172332419469, 19.399867395718577 ], [ -99.17023131780202, 19.399853171874881 ], [ -99.170280204314125, 19.399841299929982 ], [ -99.170348555154078, 19.399824702224329 ], [ -99.170411595251593, 19.400055942791973 ], [ -99.170461584937385, 19.400291203593685 ], [ -99.170495171808625, 19.4004492681199 ], [ -99.170772828814819, 19.401755954266775 ], [ -99.170818544045517, 19.401932748775842 ], [ -99.170911368493307, 19.402313967853559 ], [ -99.170995656319732, 19.402694782797074 ], [ -99.171145525616524, 19.403371892008945 ], [ -99.171176613335902, 19.403512345990325 ], [ -99.171306728562556, 19.403554318946551 ], [ -99.171690391650031, 19.403677761030711 ], [ -99.172580789633713, 19.403964240156604 ], [ -99.173493592184897, 19.404257991992779 ], [ -99.174398245139869, 19.40454911628817 ], [ -99.177115599832817, 19.405441215477431 ], [ -99.177812221156429, 19.405680401110072 ], [ -99.178952415240019, 19.406079643085171 ], [ -99.18070215234971, 19.406687781561008 ], [ -99.181209547410887, 19.4068641280885 ], [ -99.182509134299153, 19.407311054362143 ], [ -99.184149088162854, 19.407875016010546 ], [ -99.184276666336274, 19.407918888140053 ], [ -99.183471942584049, 19.409407632704578 ], [ -99.183120944366465, 19.410056972196323 ], [ -99.182899188167355, 19.410467214477979 ], [ -99.182349158818027, 19.411387983891153 ], [ -99.182179083806247, 19.411555616451164 ], [ -99.181172553658214, 19.413327526011319 ], [ -99.180420255830413, 19.41465181141713 ], [ -99.179875939523171, 19.41560996897244 ], [ -99.17983737293126, 19.415677863283957 ], [ -99.178913030891096, 19.41701378798982 ], [ -99.178691867499197, 19.417419865441861 ], [ -99.17823174186023, 19.41826469394136 ], [ -99.177860736632184, 19.418945881647296 ], [ -99.177813131533028, 19.419088841346909 ], [ -99.177755596783413, 19.419485486040948 ], [ -99.177718553829052, 19.419956864878806 ], [ -99.177685172762054, 19.420382297498474 ], [ -99.177680536880288, 19.423058029815977 ], [ -99.177564955134599, 19.423380391683388 ], [ -99.177456041573095, 19.423684153746766 ], [ -99.177522121443289, 19.423700235989742 ], [ -99.177555160907389, 19.4237082775545 ], [ -99.1775882003747, 19.423716319113204 ], [ -99.177030832203755, 19.424601287721735 ], [ -99.176735877559153, 19.425110727347803 ], [ -99.176368433282093, 19.425680593868531 ], [ -99.175635598813571, 19.426817128880423 ], [ -99.175596508508463, 19.426877753195438 ], [ -99.174847453280748, 19.427951922052074 ], [ -99.174813101967487, 19.428003196230208 ], [ -99.174778751585322, 19.428054470400799 ], [ -99.174000874248534, 19.429219462304196 ], [ -99.173776809206785, 19.429598530249805 ], [ -99.173552743130642, 19.429977597911108 ], [ -99.173021752726925, 19.430967440968899 ], [ -99.172329378669389, 19.432258107874461 ], [ -99.17137033127679, 19.433713090320417 ], [ -99.171079708662546, 19.434157147418308 ], [ -99.169530625589104, 19.436219857422078 ], [ -99.168758153575212, 19.437629955978014 ], [ -99.168494111109553, 19.438144523264668 ], [ -99.168188182462032, 19.438740712502867 ], [ -99.167630305354507, 19.439916656827997 ], [ -99.167384144881311, 19.440335798141756 ], [ -99.165998726623414, 19.442713687262522 ], [ -99.165584515556588, 19.443424610796949 ], [ -99.165590730355504, 19.443526597374401 ], [ -99.165595756288027, 19.44360985359145 ], [ -99.165600781273383, 19.443693109808407 ], [ -99.165318324161944, 19.445169382827761 ], [ -99.165024140434753, 19.446689256880433 ], [ -99.164865259493027, 19.447343656911187 ], [ -99.164643107746215, 19.448258648068371 ], [ -99.164421181251825, 19.449172700610369 ], [ -99.164240770953455, 19.449982260397618 ], [ -99.164237048234909, 19.450034791666535 ], [ -99.164235187350229, 19.450061056396706 ], [ -99.164233325513194, 19.450087322031354 ], [ -99.164253552155074, 19.45182038076419 ], [ -99.164207593781498, 19.452291697579071 ], [ -99.164194627659498, 19.452424668379376 ], [ -99.164170617542069, 19.452648534594211 ], [ -99.164138597651117, 19.452947071674501 ], [ -99.164079638290048, 19.453517477811058 ], [ -99.164056985419151, 19.453682503293631 ], [ -99.163979861672829, 19.454244353088932 ], [ -99.163898675106196, 19.454823433218856 ], [ -99.163859000268388, 19.455081406362972 ], [ -99.163741800762679, 19.455777763125347 ], [ -99.163605187288141, 19.456381138997813 ], [ -99.163514094309264, 19.456771718870414 ], [ -99.163464247425793, 19.457001711919208 ], [ -99.163388880784879, 19.457349443883157 ], [ -99.163360669039747, 19.457479935831337 ], [ -99.163292126302522, 19.457796976663246 ], [ -99.163228420476571, 19.4581035814595 ], [ -99.163131554633168, 19.458524465312099 ], [ -99.1630734192277, 19.458760753759805 ], [ -99.163056223498486, 19.458809018860954 ], [ -99.162995807026647, 19.45897860391343 ], [ -99.162929783997058, 19.459111546309124 ], [ -99.16285210511451, 19.459262954927596 ], [ -99.162766610790086, 19.459381149763598 ], [ -99.162673328599425, 19.459495660751436 ], [ -99.16258223788094, 19.459594168451758 ], [ -99.162560596323729, 19.459617571621799 ], [ -99.162452180328401, 19.459716950611718 ], [ -99.162313710936473, 19.459843878344163 ], [ -99.162144573648163, 19.459987986011587 ], [ -99.162029894226151, 19.460082169438294 ], [ -99.161987095632782, 19.460117318120947 ], [ -99.16172852438028, 19.460333483896367 ], [ -99.161565356399848, 19.460474995634911 ], [ -99.161546819065663, 19.46049107216723 ], [ -99.161528282680607, 19.460507148696784 ], [ -99.161372747401714, 19.460634633143627 ], [ -99.16120361393277, 19.460784277022366 ], [ -99.161062680824884, 19.460920977011227 ], [ -99.161002425665913, 19.460985625747387 ], [ -99.160891645772807, 19.461116761729023 ], [ -99.160773116204169, 19.46128112527358 ], [ -99.160702639016165, 19.461389823975527 ], [ -99.160670146396953, 19.461439937856571 ], [ -99.160580777260023, 19.461578436257362 ], [ -99.160506985301609, 19.461727995011543 ], [ -99.160422058481075, 19.461877930497394 ], [ -99.160384613627869, 19.461944038230374 ], [ -99.160266129147445, 19.462156387133792 ], [ -99.160224595506719, 19.462233840136044 ], [ -99.160114635593843, 19.46243889651354 ], [ -99.160033084386924, 19.462589483122169 ], [ -99.160013637156752, 19.462625391536076 ], [ -99.159916512504694, 19.462793426405298 ], [ -99.159811597144028, 19.462954085598142 ], [ -99.159704726959106, 19.463105518564056 ], [ -99.159684909165719, 19.463128983041084 ], [ -99.159586171282882, 19.463245888469313 ], [ -99.159418995294587, 19.463412139320692 ], [ -99.159292622447282, 19.463519295153397 ], [ -99.159144845202917, 19.463624623388846 ], [ -99.158983443980773, 19.463728118959363 ], [ -99.158835648372786, 19.463814991186204 ], [ -99.158697560813337, 19.463881553625352 ], [ -99.158557518576671, 19.463938889782856 ], [ -99.158221607863965, 19.464034782401516 ], [ -99.15786859955837, 19.464095877085597 ], [ -99.157581994050361, 19.464096126445916 ], [ -99.157060834397058, 19.464034795888583 ], [ -99.15635720570323, 19.463887124431892 ], [ -99.155966274479113, 19.463776252084767 ], [ -99.155021573604486, 19.463559276636314 ], [ -99.153629568676976, 19.463301257445757 ], [ -99.152337520084899, 19.463141427683791 ], [ -99.150769967252003, 19.462950766189088 ], [ -99.150554620722318, 19.46294825748695 ], [ -99.15032082171291, 19.462970629699772 ], [ -99.15004363163051, 19.463027887702619 ], [ -99.148634198978186, 19.463356222666636 ], [ -99.148301481652027, 19.463452770302418 ], [ -99.148198686986788, 19.463482648221749 ], [ -99.147929834652885, 19.463621448826377 ], [ -99.147718071100343, 19.463697237604478 ], [ -99.147006267358407, 19.463951985797841 ], [ -99.145802622726649, 19.464340404535847 ], [ -99.144026789472093, 19.464836972604878 ], [ -99.143281788255663, 19.465045287666904 ], [ -99.143122009046053, 19.465111329454526 ], [ -99.143060518835881, 19.465136744523587 ], [ -99.142929657559691, 19.465198195914432 ], [ -99.142723222240178, 19.465364154226922 ], [ -99.142558386116789, 19.465501185841706 ], [ -99.142532671626071, 19.465522562785392 ], [ -99.142493356238049, 19.465546472701149 ], [ -99.142334141414111, 19.465643297686448 ], [ -99.142159402048549, 19.465711259934128 ], [ -99.141992600414412, 19.465771679670897 ], [ -99.14182577994633, 19.465809490893683 ], [ -99.141679091652861, 19.465784310466432 ], [ -99.141590785280385, 19.465770131406799 ], [ -99.141557222086064, 19.465756014394071 ], [ -99.14152552352283, 19.465741893208126 ], [ -99.141490092065695, 19.465722476416943 ], [ -99.141449059435985, 19.465692451599537 ], [ -99.141406158552215, 19.465657128812929 ], [ -99.141348320342303, 19.465591761726785 ], [ -99.141324069813649, 19.465568795406742 ], [ -99.141302778926843, 19.465549408220809 ], [ -99.141256909871231, 19.465501668783972 ], [ -99.141209448408432, 19.465462375844098 ], [ -99.141143144830778, 19.46542573733106 ], [ -99.141076027265839, 19.465406342415172 ], [ -99.141021957894864, 19.465388705905038 ], [ -99.140945525637221, 19.465374622122674 ], [ -99.14080300091689, 19.465360799320013 ], [ -99.140286786703598, 19.465334239757837 ], [ -99.139834704914762, 19.465292636539488 ], [ -99.139221371364386, 19.46525585906959 ], [ -99.138608037123646, 19.465219079523379 ], [ -99.137454517227312, 19.46516439892752 ], [ -99.136153896423579, 19.465117233849565 ], [ -99.134940452403342, 19.465073548896665 ], [ -99.134731681927988, 19.465066032497823 ], [ -99.134521732438827, 19.465083415144651 ], [ -99.134276619501392, 19.465103710082779 ], [ -99.134193162783077, 19.465106758679749 ], [ -99.134086076984417, 19.465100863422421 ], [ -99.133990018993345, 19.465100934449111 ], [ -99.133854595846415, 19.465104022197469 ], [ -99.133745936042189, 19.465098127901374 ], [ -99.133638855159447, 19.465098206874362 ], [ -99.133556966332918, 19.465093786577565 ], [ -99.133471918742018, 19.465077419572967 ], [ -99.133405765783522, 19.465059544773787 ], [ -99.133344337751069, 19.465041666474814 ], [ -99.133319135928119, 19.465034216662318 ], [ -99.133289206484733, 19.465022286963471 ], [ -99.133191550125161, 19.464992489864965 ], [ -99.133103340492752, 19.464961189215828 ], [ -99.13302930032394, 19.464926890424746 ], [ -99.132966083879637, 19.464901870299734 ], [ -99.132942663291374, 19.464892600841697 ], [ -99.132838686247524, 19.46483591978064 ], [ -99.132786488655867, 19.464807045281592 ], [ -99.132698473713035, 19.464758354894375 ], [ -99.132441672413094, 19.464607688182781 ], [ -99.132317209225533, 19.464531605341325 ], [ -99.132192745200967, 19.464455522413793 ], [ -99.131364929053646, 19.463963957745072 ], [ -99.130982784168836, 19.46372901284985 ], [ -99.130437006160165, 19.463401457742012 ], [ -99.129498726888968, 19.462863786443535 ], [ -99.129145831872648, 19.46265642721492 ], [ -99.128772450030397, 19.462429663585194 ], [ -99.128414830864159, 19.462220812418597 ], [ -99.128054061334936, 19.46200897505982 ], [ -99.12780236427578, 19.46188043744618 ], [ -99.127521600575278, 19.461731536491893 ], [ -99.12750365354681, 19.461724767589573 ], [ -99.127485707473312, 19.461717999588512 ], [ -99.127449815330777, 19.461704463581007 ], [ -99.12737802161331, 19.461677490960522 ], [ -99.126450101631292, 19.461364537454159 ], [ -99.126349365764412, 19.461331369714976 ], [ -99.126248752821496, 19.461298170203676 ], [ -99.125380678443847, 19.461010701446202 ], [ -99.124520765366157, 19.460721569093266 ], [ -99.12408761790644, 19.460581648239014 ], [ -99.123661876468816, 19.460438433554209 ], [ -99.12321554513845, 19.46029600634672 ], [ -99.12277869594341, 19.460156603599845 ], [ -99.122348612800039, 19.460019358738798 ], [ -99.122276222530189, 19.459996478346927 ], [ -99.122141290733495, 19.459950632218028 ], [ -99.122272450099302, 19.459788712575286 ], [ -99.12239470928273, 19.459638023067129 ], [ -99.123132385383272, 19.458512094587569 ], [ -99.123311752425352, 19.457872837158611 ], [ -99.123537010177159, 19.457070020686608 ], [ -99.123547177865959, 19.457027170112383 ], [ -99.123675888047757, 19.456484741685383 ], [ -99.123711850262808, 19.456337538806952 ], [ -99.123784488746779, 19.456040210801941 ], [ -99.124089269676716, 19.45479265824298 ], [ -99.124148670713012, 19.454549508208991 ], [ -99.124254477489501, 19.454116406441059 ], [ -99.124440849433029, 19.453353515438323 ], [ -99.124779992447898, 19.452002210375472 ], [ -99.124874152158242, 19.451853439866451 ], [ -99.125025519440086, 19.451522931074415 ], [ -99.125054441980026, 19.451454484890789 ], [ -99.125217279056358, 19.451069128334918 ], [ -99.125455356518458, 19.450198815544685 ], [ -99.125551879561129, 19.449844911567183 ], [ -99.12567029261929, 19.449247394841297 ], [ -99.125861662652355, 19.448281722173771 ], [ -99.125868666682166, 19.448225854599258 ], [ -99.125937578028598, 19.447676145438741 ], [ -99.125673086718578, 19.447108832516282 ], [ -99.125563020217427, 19.446938927502284 ], [ -99.125371028429754, 19.446642556945584 ], [ -99.124566107597914, 19.445317908319701 ], [ -99.124451719456374, 19.444959554895838 ], [ -99.124439316449482, 19.44492070059999 ], [ -99.124363584658326, 19.444753687566294 ], [ -99.124199992690848, 19.444392916779528 ], [ -99.12372399096769, 19.443648319244243 ], [ -99.123699070040999, 19.443609336060277 ], [ -99.123661458475951, 19.443552579864086 ], [ -99.123022078493008, 19.44263480904451 ], [ -99.123167123546452, 19.441574947673487 ], [ -99.123255215028934, 19.440858097782062 ], [ -99.123409973836601, 19.439598729727294 ], [ -99.123613074430665, 19.438639563555537 ], [ -99.123785896746142, 19.4374903429126 ], [ -99.123951136060668, 19.436429526714075 ], [ -99.124082747933215, 19.435591142435154 ], [ -99.12421949953746, 19.434731159081878 ], [ -99.124366682563348, 19.433953506713323 ], [ -99.124537863464866, 19.43281739174547 ], [ -99.12467299578455, 19.431972398093986 ], [ -99.124773844535994, 19.431311898776912 ], [ -99.124786191333854, 19.431231033163108 ], [ -99.124845813331007, 19.430840541641757 ], [ -99.124994837644195, 19.42983078452561 ], [ -99.125111352034111, 19.429198982712304 ], [ -99.125176677050291, 19.428755581223719 ], [ -99.125236583990741, 19.428348952372076 ], [ -99.125345113532845, 19.427683245358775 ], [ -99.125467516848374, 19.426810844973392 ], [ -99.125504331574817, 19.426556146252171 ], [ -99.125512378328096, 19.426492144317255 ], [ -99.125598425825203, 19.425880846866615 ], [ -99.125628597490703, 19.425666506721274 ], [ -99.125630694070153, 19.425651610979809 ], [ -99.125632790649931, 19.42563671614203 ], [ -99.125640198729627, 19.425574722714195 ], [ -99.125645790266304, 19.42553008296564 ], [ -99.125658789866833, 19.4254234506909 ], [ -99.125665822120027, 19.425365766481441 ], [ -99.125787655680469, 19.424366380044521 ], [ -99.125856654741639, 19.423800387043425 ], [ -99.125900374619775, 19.423490543491461 ], [ -99.125961174622248, 19.423059660291262 ], [ -99.12602148634268, 19.422947217626692 ], [ -99.126056547125557, 19.422882086218131 ], [ -99.126091098635555, 19.422817433226705 ], [ -99.1265875060746, 19.421710953470885 ], [ -99.127133039240107, 19.420494952445829 ], [ -99.127162494577377, 19.420300314553387 ], [ -99.127354498422221, 19.41903153649212 ], [ -99.127406887237768, 19.418685341224787 ], [ -99.127622834096101, 19.417435410249183 ], [ -99.127840907205453, 19.415984030548675 ], [ -99.127899745113581, 19.415576587702407 ], [ -99.128039146029579, 19.414611259595802 ], [ -99.128168473506491, 19.413717471024629 ], [ -99.128001494581127, 19.413640087005014 ], [ -99.127866404931694, 19.413468332288726 ], [ -99.127856514674562, 19.41338727682486 ], [ -99.127719868958863, 19.41228233091795 ], [ -99.127459828193466, 19.411042842349286 ], [ -99.126711732485504, 19.408942686823536 ], [ -99.126166280316298, 19.406824601724384 ], [ -99.12582524563939, 19.405231830628438 ], [ -99.125697829830628, 19.404566904947057 ], [ -99.125686206901506, 19.404419001785605 ], [ -99.125681040847766, 19.404353270962503 ], [ -99.125850426863323, 19.404318458768255 ], [ -99.127184538211367, 19.404044264730093 ], [ -99.127917289440134, 19.403819896411051 ], [ -99.128719718482969, 19.403577939890724 ], [ -99.128778528023261, 19.403560206871955 ], [ -99.130067586997697, 19.403209909014848 ], [ -99.130559530860452, 19.403131774337151 ], [ -99.13110307202237, 19.403104312859934 ], [ -99.131619453839491, 19.403128356563204 ], [ -99.132011173321501, 19.403154550783107 ], [ -99.132522505251046, 19.403188742633443 ], [ -99.133258370467829, 19.403237286939987 ], [ -99.13375568310957, 19.403265732470075 ], [ -99.134281347313603, 19.403296795481463 ], [ -99.136380845717596, 19.403417456828066 ], [ -99.136500978467055, 19.403424360590698 ], [ -99.136612362014446, 19.403428826268922 ], [ -99.137342401479316, 19.403458092757752 ], [ -99.137770762913391, 19.403486641739601 ], [ -99.13819912448929, 19.403515188807191 ], [ -99.138296757498622, 19.403520416711579 ], [ -99.139086212183813, 19.403562685307712 ], [ -99.140078861783493, 19.40361899334075 ], [ -99.140156114875367, 19.403623370180835 ], [ -99.140904385290781, 19.403665769266837 ], [ -99.142386563264793, 19.403739340638907 ], [ -99.142690989930045, 19.403754449889192 ], [ -99.142739055095916, 19.403757063682573 ], [ -99.143383807185728, 19.403791892811363 ], [ -99.144140779931632, 19.403832446170757 ], [ -99.144719962591182, 19.403863702215084 ], [ -99.144990198971485, 19.403879818990017 ], [ -99.145088217632519, 19.403883410805857 ], [ -99.145122414674859, 19.403885250603651 ], [ -99.147626888249661, 19.404019946691143 ], [ -99.149726348026874, 19.404038977073011 ], [ -99.150039061265957, 19.404041778310475 ], [ -99.150064393509922, 19.404042005921664 ], [ -99.150106903147744, 19.404042392859179 ], [ -99.150125282526034, 19.404042558424457 ], [ -99.15013447269142, 19.404042641205997 ], [ -99.150143661904352, 19.404042723987878 ], [ -99.150233816769855, 19.404043536046188 ], [ -99.150293688567885, 19.404044073970024 ], [ -99.150321834384727, 19.404044373324304 ], [ -99.150372491331424, 19.404044912517087 ], [ -99.150406417560518, 19.404045273047842 ], [ -99.152419175605644, 19.404066683795005 ], [ -99.155226332129729, 19.404056545936985 ], [ -99.155263686677927, 19.404056411006 ], [ -99.155291706398302, 19.404056309347592 ], [ -99.155392991320639, 19.404055942626208 ], [ -99.155508257094723, 19.404055569309335 ], [ -99.155528258261583, 19.404055504297872 ] ] ] } },
{ "type": "Feature", "properties": { "alcaldia_norm": "GUSTAVO A. MADERO", "alcaldia": "GUSTAVO A. MADERO", "cve_col": "05-055", "colonia": "ESTRELLA", "pob_2010": 9176.0, "SUP_COL_M2": 598126.0, "VIV2010": 3212, "DENVIVHa": 53.7011, "SUPMNZHa": 59.8126, "C_DENVIVHa": 3 }, "geometry": { "type": "Polygon", "coordinates": [ [ [ -99.142159402048549, 19.465711259934128 ], [ -99.142334141414111, 19.465643297686448 ], [ -99.142493356238049, 19.465546472701149 ], [ -99.142532671626071, 19.465522562785392 ], [ -99.142558386116789, 19.465501185841706 ], [ -99.142723222240178, 19.465364154226922 ], [ -99.142929657559691, 19.465198195914432 ], [ -99.143060518835881, 19.465136744523587 ], [ -99.143031335143377, 19.465325199605569 ], [ -99.14303429712929, 19.465460693889888 ], [ -99.143051335040028, 19.465638803751879 ], [ -99.143642099986877, 19.467158598499996 ], [ -99.143681764527244, 19.467270091569606 ], [ -99.14370815600256, 19.467344272408898 ], [ -99.144401033271279, 19.469238211114781 ], [ -99.144466762677453, 19.46941787521699 ], [ -99.144662117918401, 19.469965832816037 ], [ -99.145047311956745, 19.470987098088642 ], [ -99.145823112995245, 19.473014222012608 ], [ -99.145863760630633, 19.473116836487215 ], [ -99.145904487304051, 19.473219339730104 ], [ -99.146512064838191, 19.474743667468225 ], [ -99.146908138794061, 19.475800854816143 ], [ -99.147071855074671, 19.476228497539875 ], [ -99.147977668294899, 19.478624274980561 ], [ -99.148148927389187, 19.4790968369858 ], [ -99.148860669511947, 19.480983514948576 ], [ -99.149714457031848, 19.483246661729638 ], [ -99.150478821968449, 19.485291933789245 ], [ -99.151826038871476, 19.488896649932343 ], [ -99.152959058717784, 19.491838500400309 ], [ -99.153036003155123, 19.492045616243342 ], [ -99.153993816491507, 19.494622329896607 ], [ -99.154173148190296, 19.495106660968464 ], [ -99.154200861910027, 19.495181510333605 ], [ -99.155742104482144, 19.499330419676767 ], [ -99.156384592870836, 19.501170053222705 ], [ -99.156970993774394, 19.502739021749655 ], [ -99.157101365512929, 19.50301166737977 ], [ -99.157589568204713, 19.504137159475945 ], [ -99.157981243362258, 19.505149770766987 ], [ -99.158278483137337, 19.505918227227088 ], [ -99.158928210503177, 19.507639524753348 ], [ -99.159321454017089, 19.508652984379193 ], [ -99.15942093205102, 19.508909354989129 ], [ -99.159715358696744, 19.509685417738339 ], [ -99.159727453782494, 19.509717297374799 ], [ -99.160140446815703, 19.510805866062967 ], [ -99.160167982635897, 19.510875490130413 ], [ -99.160195519432918, 19.510945114192115 ], [ -99.160744281629462, 19.512332610359781 ], [ -99.160923127812836, 19.512784802392723 ], [ -99.16117526765278, 19.513622752931163 ], [ -99.161654266103369, 19.514917178335416 ], [ -99.162166974621272, 19.516248880076851 ], [ -99.162760036452056, 19.517742678513297 ], [ -99.162897484848557, 19.517816361144906 ], [ -99.164773142855594, 19.51892770849442 ], [ -99.165944449619374, 19.519623659792625 ], [ -99.166040878196597, 19.519678835224568 ], [ -99.166442842018441, 19.519919228773606 ], [ -99.16685830678496, 19.520163148807704 ], [ -99.167289631312855, 19.520418699367291 ], [ -99.167363689628743, 19.520468731856088 ], [ -99.167732367295386, 19.520681008021114 ], [ -99.167799736908322, 19.520720923125975 ], [ -99.168227008858935, 19.520994901905951 ], [ -99.168259108605085, 19.521015645718421 ], [ -99.168664453593692, 19.521275855880763 ], [ -99.169125109131784, 19.521571218481757 ], [ -99.169495345638424, 19.521808616401128 ], [ -99.169949154199188, 19.522099559603678 ], [ -99.170007886378556, 19.522119082455077 ], [ -99.170437903370669, 19.522259684146331 ], [ -99.170889253073454, 19.522384839156938 ], [ -99.171351130576696, 19.522558617323078 ], [ -99.171822036329289, 19.522712702834397 ], [ -99.172287974426098, 19.5228696195644 ], [ -99.17276422590038, 19.523020757730578 ], [ -99.173251359062604, 19.523168154581779 ], [ -99.173709569052448, 19.523348368247174 ], [ -99.174155784664947, 19.523483949743508 ], [ -99.174949582019934, 19.523753675787518 ], [ -99.174466527895859, 19.524229699197356 ], [ -99.173949789790797, 19.524742316161586 ], [ -99.173517723308208, 19.525140808990024 ], [ -99.173117132016316, 19.52551026867549 ], [ -99.172284466370769, 19.52627821644613 ], [ -99.172257545340912, 19.526303228870127 ], [ -99.171922698130729, 19.526614315659454 ], [ -99.171323117978403, 19.527171344542104 ], [ -99.171166635872154, 19.527360284811511 ], [ -99.176311551704529, 19.531041054479275 ], [ -99.176198433451844, 19.531519657202633 ], [ -99.17618055977681, 19.531593888420318 ], [ -99.176126941514937, 19.531816582057111 ], [ -99.174902013201276, 19.531635573929545 ], [ -99.174005753399442, 19.531355479128027 ], [ -99.173120929712894, 19.531031217101912 ], [ -99.170251548020929, 19.530098275846978 ], [ -99.170098502699219, 19.530048514172293 ], [ -99.16989208536458, 19.529981397923709 ], [ -99.169830671956205, 19.529961901085759 ], [ -99.169246344730354, 19.529776390828207 ], [ -99.16659238517903, 19.528918069144989 ], [ -99.164816412669268, 19.528388878330635 ], [ -99.162754395834426, 19.5278584745326 ], [ -99.160701283273227, 19.527252774288964 ], [ -99.15960399361775, 19.526929044654505 ], [ -99.159510657265571, 19.526901507725277 ], [ -99.158896146557268, 19.527284788828123 ], [ -99.15764465171236, 19.527721614569938 ], [ -99.156970042388039, 19.527957076784404 ], [ -99.156706698593538, 19.528048992433462 ], [ -99.158597120673306, 19.528896563678 ], [ -99.158587391845813, 19.528933849497598 ], [ -99.158576151226939, 19.528976933965769 ], [ -99.158544254696181, 19.529027093649635 ], [ -99.158493620028324, 19.529065780845464 ], [ -99.15826586474266, 19.52934065962571 ], [ -99.157957790821612, 19.529715871724669 ], [ -99.157593694215365, 19.530173370075747 ], [ -99.157556873150369, 19.530218730637607 ], [ -99.157410005646511, 19.530396673267205 ], [ -99.157143602089803, 19.530684536288806 ], [ -99.156992926391283, 19.530847349203341 ], [ -99.156721421239311, 19.531158312234052 ], [ -99.155734962637908, 19.532288119833229 ], [ -99.157006726054632, 19.532954805036468 ], [ -99.15706369622194, 19.533049200810087 ], [ -99.157159345587345, 19.533141090377185 ], [ -99.157402712494061, 19.533264425246021 ], [ -99.158479038468315, 19.533815325434702 ], [ -99.158677588085169, 19.533902646932059 ], [ -99.158782647651705, 19.533812892765031 ], [ -99.159146002541178, 19.534023809809103 ], [ -99.158961650742427, 19.534233943461398 ], [ -99.158522463289472, 19.534734547961065 ], [ -99.158033285709976, 19.535356293552979 ], [ -99.157932250541023, 19.53548470912294 ], [ -99.157784436969322, 19.535675414138041 ], [ -99.157375294577122, 19.53620327538799 ], [ -99.156004583755731, 19.537730744614986 ], [ -99.155263449123296, 19.538556619141001 ], [ -99.153916663508667, 19.540238554149575 ], [ -99.153528019498708, 19.540887538110386 ], [ -99.153223393242314, 19.541419421907992 ], [ -99.152893814254853, 19.541933568338315 ], [ -99.152630584821608, 19.54236232957609 ], [ -99.152371356342599, 19.542746008057836 ], [ -99.152080615279132, 19.543203293859371 ], [ -99.152009224569795, 19.543305454468499 ], [ -99.151607338414877, 19.54393928824345 ], [ -99.151074802477282, 19.544767427338449 ], [ -99.152825030656132, 19.545683702092472 ], [ -99.154160735607789, 19.546280922189123 ], [ -99.15434999268146, 19.546365541422389 ], [ -99.154623944374691, 19.546507236017817 ], [ -99.155317595865668, 19.546866008343528 ], [ -99.155820237407028, 19.547117273699303 ], [ -99.156527940621643, 19.547471044324837 ], [ -99.157027139833289, 19.547658296645086 ], [ -99.157113975986761, 19.547690869533778 ], [ -99.158190518863364, 19.548112488408883 ], [ -99.158674647103908, 19.548263065870952 ], [ -99.158715828082791, 19.548275874145194 ], [ -99.158945315895437, 19.54834725083753 ], [ -99.159186830413987, 19.548473918370878 ], [ -99.159242526779408, 19.548412507253364 ], [ -99.159517430552469, 19.548561643707934 ], [ -99.159545998241967, 19.548573916184857 ], [ -99.159580295762098, 19.548587756053397 ], [ -99.159607583356234, 19.548604065627703 ], [ -99.160149095709173, 19.548924958821608 ], [ -99.159625657517878, 19.549391111083079 ], [ -99.159695923723334, 19.549526992494684 ], [ -99.161454936134106, 19.549446644014424 ], [ -99.159809576417373, 19.55241565883167 ], [ -99.158147306609592, 19.553465219349729 ], [ -99.157791192361913, 19.553769778798163 ], [ -99.157408534543649, 19.554459606426505 ], [ -99.157270503266545, 19.554723967311954 ], [ -99.157250539460861, 19.555317824105298 ], [ -99.157353688377668, 19.555785017022135 ], [ -99.157549322168904, 19.556265828534929 ], [ -99.15796890481775, 19.556895883456907 ], [ -99.158144437130417, 19.55755886468949 ], [ -99.158184037170116, 19.558314067421772 ], [ -99.157679431323928, 19.55895922327116 ], [ -99.156961352587814, 19.55989928965321 ], [ -99.154048355569472, 19.561835942797124 ], [ -99.153213073998032, 19.562168220523063 ], [ -99.152222016310503, 19.562169058940682 ], [ -99.151541293958488, 19.561543337625832 ], [ -99.151094331152407, 19.561525291938658 ], [ -99.147957229456551, 19.564177132478669 ], [ -99.146726218909478, 19.566152418367142 ], [ -99.146805851545551, 19.568252279754141 ], [ -99.146564842707036, 19.569723969547702 ], [ -99.146496884138216, 19.570426138673749 ], [ -99.145992549907206, 19.571467300350282 ], [ -99.143138093471279, 19.574057652934908 ], [ -99.142293164520609, 19.574527973740985 ], [ -99.142030980990384, 19.574767712173777 ], [ -99.141768830949729, 19.575007383322657 ], [ -99.14021585244295, 19.577025630527213 ], [ -99.140090254116501, 19.577863856219111 ], [ -99.140373153845459, 19.579134642880156 ], [ -99.139868945201911, 19.580396830342398 ], [ -99.138879796375889, 19.58275540401722 ], [ -99.136004278240222, 19.583779925945354 ], [ -99.135742058437032, 19.583964327380691 ], [ -99.135402713671937, 19.584529732169653 ], [ -99.135227742509358, 19.584821261650262 ], [ -99.135210321468804, 19.587234343200091 ], [ -99.133296795013464, 19.588294939569295 ], [ -99.132072689005255, 19.588252045685806 ], [ -99.130634728358118, 19.589061333050459 ], [ -99.130275285870496, 19.589208956333678 ], [ -99.1299148762008, 19.589354639335951 ], [ -99.128633285340968, 19.589615383412774 ], [ -99.127355675925671, 19.590869058945287 ], [ -99.125510019068543, 19.593731660061657 ], [ -99.12506760025019, 19.593781300060016 ], [ -99.123115247994178, 19.593338648448061 ], [ -99.121110999824211, 19.593093341541916 ], [ -99.120277887885791, 19.592748568808947 ], [ -99.119574528881131, 19.591885711313715 ], [ -99.120091749976638, 19.587420740891684 ], [ -99.120507080926544, 19.585965143447609 ], [ -99.119099848023978, 19.583450099310067 ], [ -99.118760706555022, 19.582340331868654 ], [ -99.118350865583992, 19.581952423673094 ], [ -99.117198134089264, 19.580861365890609 ], [ -99.116312901703253, 19.580319275647181 ], [ -99.115842782100572, 19.577976262918931 ], [ -99.115021189641482, 19.57578477369405 ], [ -99.113522279905993, 19.571786448971679 ], [ -99.113329626336125, 19.571359067002625 ], [ -99.113141513819627, 19.570680099713087 ], [ -99.112504327618225, 19.568307851984684 ], [ -99.112419491457715, 19.568047115520649 ], [ -99.111485549631723, 19.563400271579422 ], [ -99.113050249071634, 19.56208869608356 ], [ -99.113367440442829, 19.561727404702371 ], [ -99.116187879626935, 19.558071951575283 ], [ -99.117023557923758, 19.557090177617781 ], [ -99.117032417670416, 19.556815816632657 ], [ -99.116994585738638, 19.554947791217209 ], [ -99.117010977964938, 19.554512597931044 ], [ -99.118568654004505, 19.55324176389674 ], [ -99.118815885319066, 19.553040056362903 ], [ -99.119182801088257, 19.552740700227631 ], [ -99.120202579237727, 19.550961273200041 ], [ -99.121233646405287, 19.54896427639347 ], [ -99.122416557366023, 19.546346269113705 ], [ -99.122605289502559, 19.545891131547016 ], [ -99.122697258261283, 19.545669342200835 ], [ -99.122877812343546, 19.545233920763785 ], [ -99.12331734042624, 19.544866315202757 ], [ -99.12337513629268, 19.544817975888975 ], [ -99.123680691363873, 19.54443359578574 ], [ -99.123824638612007, 19.544209925770005 ], [ -99.123929378693617, 19.544114628788002 ], [ -99.124041261289435, 19.544031639933372 ], [ -99.12406905018905, 19.544011027035083 ], [ -99.124247867812457, 19.543700387380134 ], [ -99.124370076681956, 19.54360507902916 ], [ -99.124447547050636, 19.543596621148684 ], [ -99.124525109868529, 19.543588152326716 ], [ -99.124683648420913, 19.543454892585963 ], [ -99.1249305825378, 19.543077006911798 ], [ -99.125099853743478, 19.542670120298713 ], [ -99.125704124514755, 19.542013059165541 ], [ -99.126069571101084, 19.541652522940193 ], [ -99.126249386675084, 19.541673704234533 ], [ -99.12642706258039, 19.541572855718492 ], [ -99.126560338179985, 19.541737549123624 ], [ -99.127479975016641, 19.541216914069572 ], [ -99.127861821819366, 19.540944437649188 ], [ -99.128109287685561, 19.540767851177513 ], [ -99.128701603129301, 19.539796079268818 ], [ -99.129490816762669, 19.538501245805186 ], [ -99.130130605087388, 19.539104605131129 ], [ -99.131033622156124, 19.539956193219584 ], [ -99.13130325187764, 19.540203409817991 ], [ -99.131355208050095, 19.540112713335834 ], [ -99.131387145205522, 19.540059633102732 ], [ -99.1314749853655, 19.539930715042264 ], [ -99.131574827223957, 19.539813158721365 ], [ -99.131686685185343, 19.539725911365704 ], [ -99.131722629234602, 19.539684197770399 ], [ -99.131850445772287, 19.539559040552447 ], [ -99.131902370012639, 19.539505945641164 ], [ -99.132066094129385, 19.53929359708529 ], [ -99.132205982882851, 19.539266966282902 ], [ -99.132285898229128, 19.539225219494504 ], [ -99.132297878463831, 19.539210051834129 ], [ -99.13233776354771, 19.539100117515673 ], [ -99.132437628994523, 19.539012879379047 ], [ -99.132505703833402, 19.538948604364244 ], [ -99.132571165391312, 19.538907160850776 ], [ -99.132578402911008, 19.538858861996193 ], [ -99.132738427986453, 19.538769054568739 ], [ -99.132774796693965, 19.538748330099725 ], [ -99.132920362723866, 19.538775819782053 ], [ -99.133029492309902, 19.538741243828664 ], [ -99.133196851480164, 19.538720422794935 ], [ -99.133386057446216, 19.53872028323114 ], [ -99.133451507348653, 19.538665041510587 ], [ -99.133480542312796, 19.538575331021224 ], [ -99.1335824174148, 19.538568355887918 ], [ -99.133626068570138, 19.538554525716766 ], [ -99.133712293018505, 19.538627914862982 ], [ -99.133282147042905, 19.537780461690794 ], [ -99.131738414147094, 19.53785832347771 ], [ -99.130436918395759, 19.536840583441599 ], [ -99.130857450900166, 19.536102424241765 ], [ -99.129746321169705, 19.53561782077378 ], [ -99.129645313232785, 19.533513012331095 ], [ -99.129556496919434, 19.531662215125252 ], [ -99.129289290774423, 19.529647858970932 ], [ -99.129287501424443, 19.529392372929763 ], [ -99.129280228023887, 19.528353910679581 ], [ -99.129273215995909, 19.528136356336347 ], [ -99.129232794795328, 19.526882153027859 ], [ -99.128485460981835, 19.52518590406482 ], [ -99.127734384516074, 19.524485318760583 ], [ -99.127830250928056, 19.524407940899156 ], [ -99.127834979190084, 19.524321532455566 ], [ -99.127590287137139, 19.52422165770108 ], [ -99.127441507165486, 19.524103524156978 ], [ -99.127297477315011, 19.523926267908202 ], [ -99.127268613701773, 19.523817144742903 ], [ -99.127267197270399, 19.523729408555816 ], [ -99.127234482824832, 19.523646810325005 ], [ -99.127178954774848, 19.52350661267814 ], [ -99.126989751738577, 19.523254844083549 ], [ -99.126677357929367, 19.522796905791907 ], [ -99.126605273664836, 19.522769157091087 ], [ -99.126580546228723, 19.522697797163655 ], [ -99.126506659894474, 19.522569930684199 ], [ -99.126473490061471, 19.522512529106542 ], [ -99.126418375004519, 19.522411798872774 ], [ -99.126372177567958, 19.522390837857294 ], [ -99.126326474168678, 19.522248838278671 ], [ -99.126323948711445, 19.52219653209664 ], [ -99.126243914278447, 19.521777918359859 ], [ -99.126232426126052, 19.521711505107536 ], [ -99.126116885474687, 19.521043569236245 ], [ -99.125933561870227, 19.521056165554366 ], [ -99.12583392556742, 19.520964334280162 ], [ -99.125426552160377, 19.520588870458663 ], [ -99.124786130687724, 19.519998607058049 ], [ -99.124338373975462, 19.519585915615796 ], [ -99.124332056928182, 19.519385507458988 ], [ -99.124325787773856, 19.519186633773725 ], [ -99.124175970995438, 19.519062080870828 ], [ -99.124127189297653, 19.519021525775017 ], [ -99.122139932541899, 19.517369368899786 ], [ -99.121776668722148, 19.517067353398573 ], [ -99.121354300325535, 19.516716197495576 ], [ -99.120931934705482, 19.516365041485937 ], [ -99.120881360741009, 19.516322992850569 ], [ -99.120788693057051, 19.516245948799764 ], [ -99.120695837584421, 19.516168747579101 ], [ -99.120666824618596, 19.516144625969048 ], [ -99.119172454881024, 19.514902175557229 ], [ -99.116820060181951, 19.512946288373069 ], [ -99.114344656059714, 19.510888024065437 ], [ -99.114036375943442, 19.510879958671303 ], [ -99.110733444140948, 19.510694164735632 ], [ -99.109492026508306, 19.510660298899673 ], [ -99.109174831893199, 19.510660490585792 ], [ -99.108944665564579, 19.511097945163421 ], [ -99.108711481123024, 19.510667712854133 ], [ -99.10869020348413, 19.510628455523214 ], [ -99.108637969325144, 19.510624738278114 ], [ -99.107830590449637, 19.510567288510483 ], [ -99.107794392367794, 19.510564712798708 ], [ -99.10760780038656, 19.510986274073488 ], [ -99.107577055800618, 19.510894568705378 ], [ -99.107499856918494, 19.510550369832632 ], [ -99.10745163283984, 19.510545958518556 ], [ -99.106822018911174, 19.510488367855814 ], [ -99.105716337299924, 19.510346807493971 ], [ -99.105598617732127, 19.510331735366194 ], [ -99.105469043308744, 19.51031999575153 ], [ -99.103928892511263, 19.511027718451466 ], [ -99.103664061157914, 19.51107237122314 ], [ -99.103492205587585, 19.511101346986003 ], [ -99.102938566849716, 19.511271893302624 ], [ -99.102363069592158, 19.511450508739824 ], [ -99.101664399159958, 19.511610675349889 ], [ -99.101517430958808, 19.511691332381368 ], [ -99.101351505188717, 19.511764492737946 ], [ -99.101280413233141, 19.511826359444338 ], [ -99.101155948637199, 19.511848910848062 ], [ -99.100986590253783, 19.51176043216401 ], [ -99.10055924699293, 19.511860639378643 ], [ -99.099717518791223, 19.512058011669698 ], [ -99.099445006960039, 19.512121910772606 ], [ -99.099173016168962, 19.512185687177979 ], [ -99.098899745368087, 19.512249763004885 ], [ -99.098638487084003, 19.512311021310229 ], [ -99.098271253244135, 19.512397128504816 ], [ -99.097739305986991, 19.512534224071381 ], [ -99.097411351164425, 19.512621864496733 ], [ -99.095887586155726, 19.511762012801061 ], [ -99.095078093209409, 19.511339797747556 ], [ -99.094608926372246, 19.511098573188168 ], [ -99.093275388374664, 19.510561721066892 ], [ -99.092713693132112, 19.510334596556149 ], [ -99.091941858189017, 19.510024859048698 ], [ -99.090575360883832, 19.509489492971365 ], [ -99.089565223916551, 19.509054132903977 ], [ -99.089285768480153, 19.508932821333008 ], [ -99.087951384253557, 19.508357452551397 ], [ -99.087022434234228, 19.50799148759749 ], [ -99.08607653621425, 19.507615884144446 ], [ -99.085273153839466, 19.507298052872443 ], [ -99.084252529038139, 19.506835702756412 ], [ -99.083337127557058, 19.506418285487268 ], [ -99.082857862889512, 19.506202354331567 ], [ -99.081486244032988, 19.505606510687205 ], [ -99.081102911095655, 19.505438982659015 ], [ -99.080114635188878, 19.505010656571027 ], [ -99.077783863873037, 19.50402621034209 ], [ -99.077185092996174, 19.503744083683859 ], [ -99.076491838408415, 19.503420702293187 ], [ -99.076145212621412, 19.503259010593972 ], [ -99.075427633631548, 19.502921537323484 ], [ -99.075105337476231, 19.50277393238629 ], [ -99.073993613696388, 19.502346795055153 ], [ -99.07349528291688, 19.502161164673861 ], [ -99.073198607284368, 19.502048063440711 ], [ -99.072752850609632, 19.501878030507587 ], [ -99.071885241391698, 19.501548383460936 ], [ -99.069019190673544, 19.500343050062298 ], [ -99.067895900628415, 19.499870769455885 ], [ -99.067007412736785, 19.49952056971906 ], [ -99.066177736047322, 19.499193449485777 ], [ -99.066118929609388, 19.499170365595823 ], [ -99.06504091260075, 19.498781131313386 ], [ -99.063962899777081, 19.498391890579626 ], [ -99.063913430852608, 19.49836266099577 ], [ -99.063985850032935, 19.498237469428862 ], [ -99.064058327853076, 19.498089632420108 ], [ -99.064197186976315, 19.497806413719616 ], [ -99.064794685583038, 19.496588310144904 ], [ -99.065079535712897, 19.495980509242749 ], [ -99.065474023726338, 19.495138758582002 ], [ -99.065523270171639, 19.495033677072911 ], [ -99.065938929811679, 19.494093846033575 ], [ -99.066178257244289, 19.49355270913847 ], [ -99.066345397026751, 19.493221503477649 ], [ -99.066735771579204, 19.49244792614634 ], [ -99.0667709640731, 19.492205668438562 ], [ -99.066979296142364, 19.491715967073411 ], [ -99.067158649149377, 19.491294383218936 ], [ -99.067307399387687, 19.49094472855899 ], [ -99.067503474813776, 19.490483830826243 ], [ -99.068097634576858, 19.489111351456327 ], [ -99.067869015897841, 19.48904897397486 ], [ -99.067667238048102, 19.488310506999717 ], [ -99.067488535019493, 19.487927811235171 ], [ -99.067321735512962, 19.487535034373284 ], [ -99.0670487789058, 19.48689227528639 ], [ -99.066777522556535, 19.486268089270126 ], [ -99.066359915071331, 19.485472415923773 ], [ -99.066257908228138, 19.485278061239008 ], [ -99.066035088619898, 19.484769572222454 ], [ -99.065747783836969, 19.484113921901884 ], [ -99.065427189711002, 19.483382291958826 ], [ -99.065414887314432, 19.483324341713352 ], [ -99.065116960181271, 19.482564505978253 ], [ -99.064855585644167, 19.482043052671592 ], [ -99.064776222050028, 19.481852106831784 ], [ -99.064666119214564, 19.481649147021983 ], [ -99.064546122707938, 19.481479723220346 ], [ -99.064530548828699, 19.481436949344374 ], [ -99.06451497400441, 19.481394174563462 ], [ -99.064489517432008, 19.481324262760172 ], [ -99.064318323017687, 19.480794089907334 ], [ -99.0642807427229, 19.480730679222056 ], [ -99.06398472503075, 19.480231202665863 ], [ -99.064023633969384, 19.480063197165133 ], [ -99.063908581670191, 19.480043787910247 ], [ -99.063262549130883, 19.478548291529432 ], [ -99.062590330872595, 19.476992144759134 ], [ -99.06262188167932, 19.476584054055873 ], [ -99.06245268363584, 19.476639449109626 ], [ -99.061888565730413, 19.475262333554355 ], [ -99.061476276452865, 19.474255841273028 ], [ -99.061413784195267, 19.474107937726764 ], [ -99.060826738666819, 19.472718532883551 ], [ -99.060641554124118, 19.47231222478349 ], [ -99.060425803393386, 19.471838849735217 ], [ -99.059139371708326, 19.469016290232382 ], [ -99.059079624274958, 19.468885195926738 ], [ -99.058033655265461, 19.466471758971995 ], [ -99.057897215080644, 19.466156934926982 ], [ -99.0578507545344, 19.46604973124672 ], [ -99.057798807135327, 19.465929867249752 ], [ -99.057746859812511, 19.465810002332411 ], [ -99.057725156313211, 19.465759923147608 ], [ -99.057701317761612, 19.465704916641794 ], [ -99.057655646083234, 19.465599532751238 ], [ -99.05762602794286, 19.465531190034731 ], [ -99.057596325913025, 19.465462654846618 ], [ -99.057568082879655, 19.465397485555464 ], [ -99.056664911946683, 19.463280877082493 ], [ -99.056559241050138, 19.463033229544397 ], [ -99.05606410628495, 19.461872837164446 ], [ -99.055940562881247, 19.461721753908463 ], [ -99.055330805169106, 19.460340569986794 ], [ -99.055043074507367, 19.459688811265934 ], [ -99.054640883989606, 19.45877777047227 ], [ -99.054439832235687, 19.45833763828665 ], [ -99.054299412438155, 19.458030237405683 ], [ -99.054112604157893, 19.457621281711685 ], [ -99.053929501038255, 19.4571976807722 ], [ -99.053752156913589, 19.456787402414662 ], [ -99.053571323978232, 19.456369049222626 ], [ -99.053390491972266, 19.455950694925061 ], [ -99.053214833913941, 19.455551652380116 ], [ -99.0530353516681, 19.455141504003297 ], [ -99.052851024155245, 19.454720833884505 ], [ -99.052669063214523, 19.454306001827224 ], [ -99.05248762472803, 19.453892357811821 ], [ -99.052306187163339, 19.453478712690167 ], [ -99.052133981552615, 19.453086113340046 ], [ -99.051949982034444, 19.452666586220637 ], [ -99.051839598258823, 19.452414414729379 ], [ -99.051821245012022, 19.452372486290336 ], [ -99.051801433281398, 19.452327953734056 ], [ -99.051787331743114, 19.452294042817346 ], [ -99.051774646084084, 19.452263535822496 ], [ -99.051708255798957, 19.452095812792873 ], [ -99.05116648627839, 19.450727094169483 ], [ -99.050928007373614, 19.450124597942374 ], [ -99.052581363984643, 19.448421305033207 ], [ -99.054663240941863, 19.447652247616798 ], [ -99.055440574758904, 19.447365087440971 ], [ -99.05626229565668, 19.447061525651556 ], [ -99.058607165821769, 19.446195252284134 ], [ -99.059479956752128, 19.445872804100379 ], [ -99.059548413224448, 19.445847512610154 ], [ -99.059607119304971, 19.445825823831548 ], [ -99.060384204207352, 19.44553872839057 ], [ -99.060454185436456, 19.445512873934312 ], [ -99.061447534134572, 19.445145872163867 ], [ -99.062098341180061, 19.444905421680481 ], [ -99.06224353581085, 19.444851777460091 ], [ -99.062564492388745, 19.444960644472356 ], [ -99.064704286222749, 19.445686439475843 ], [ -99.064741711911992, 19.445747601023669 ], [ -99.065205561336839, 19.445906475002314 ], [ -99.065306779882945, 19.44594335120976 ], [ -99.066823102471076, 19.446474470802922 ], [ -99.067015000429123, 19.446543446348215 ], [ -99.067048282098852, 19.446560708737323 ], [ -99.067092091333024, 19.446583430239453 ], [ -99.067169181321944, 19.44662341409801 ], [ -99.067215412291603, 19.446655303858005 ], [ -99.067250126766723, 19.446679299327013 ], [ -99.067581636152923, 19.446550191215099 ], [ -99.067690647033004, 19.446514281765548 ], [ -99.067824477564173, 19.44646979476525 ], [ -99.067959006929996, 19.446426718117753 ], [ -99.068115647271483, 19.446404436798822 ], [ -99.068245955876023, 19.446397294496862 ], [ -99.068373656245299, 19.44640209218327 ], [ -99.068787008971512, 19.44650895583888 ], [ -99.069857765870523, 19.446878765381165 ], [ -99.070195368800356, 19.446995361868744 ], [ -99.072223430978227, 19.447695771550165 ], [ -99.07572168037305, 19.448904266777799 ], [ -99.076725874817782, 19.449234219998708 ], [ -99.076882429409011, 19.449285659637297 ], [ -99.077822338165802, 19.449612070613362 ], [ -99.07798134009694, 19.44959787622544 ], [ -99.078023885345374, 19.449592343409069 ], [ -99.078249262311459, 19.449647675312438 ], [ -99.07839587751171, 19.449693761557359 ], [ -99.078507772783965, 19.449730925790664 ], [ -99.078757694410839, 19.449763895544098 ], [ -99.078926241359952, 19.449774847714636 ], [ -99.079190687536013, 19.449796784219227 ], [ -99.079376674464584, 19.449818754687843 ], [ -99.079507458155859, 19.449857288215103 ], [ -99.079722522208371, 19.449915080028052 ], [ -99.079873652738726, 19.449964629774172 ], [ -99.080050938883574, 19.450019681470323 ], [ -99.080260191812087, 19.450077475207912 ], [ -99.080463795036536, 19.450094115640216 ], [ -99.080690076344681, 19.45009287823947 ], [ -99.081102205816066, 19.449810211252142 ], [ -99.082068978838322, 19.449147123841623 ], [ -99.083524436363604, 19.448109688814743 ], [ -99.083631809972346, 19.448032980081759 ], [ -99.084454393604148, 19.447514850274434 ], [ -99.085275204237917, 19.446997536332013 ], [ -99.085799011931556, 19.446616345396016 ], [ -99.086688999916987, 19.445962959278873 ], [ -99.086719729469763, 19.445946302518816 ], [ -99.087019089079647, 19.445728444880174 ], [ -99.087045379450402, 19.445785805176438 ], [ -99.087086804776092, 19.445876408011259 ], [ -99.087122106917363, 19.445953914299327 ], [ -99.087131420846148, 19.445974439720423 ], [ -99.087253353878111, 19.446243130503813 ], [ -99.087317888430874, 19.446343762536095 ], [ -99.087448813553607, 19.446537800361579 ], [ -99.087916765121861, 19.447007136389715 ], [ -99.088414173903018, 19.447476598708032 ], [ -99.088623268845666, 19.447673944932337 ], [ -99.088972759246886, 19.447968905589764 ], [ -99.089389230180586, 19.448339992965195 ], [ -99.089711741337425, 19.448637318755839 ], [ -99.090074195096179, 19.448971465321172 ], [ -99.090424012921204, 19.449293960315543 ], [ -99.090638723438559, 19.449491900529924 ], [ -99.090804278807184, 19.449652550358685 ], [ -99.090998806781883, 19.44984131388982 ], [ -99.091322454540645, 19.450155374036282 ], [ -99.09173689791028, 19.450557537765548 ], [ -99.091847134520449, 19.4506645072155 ], [ -99.092112021545745, 19.450920191640549 ], [ -99.09245901104488, 19.451237121632104 ], [ -99.092706562316025, 19.451427244367963 ], [ -99.092971849208524, 19.45161268451756 ], [ -99.093176246221176, 19.451715878802339 ], [ -99.093469948067309, 19.45182484592863 ], [ -99.093799965012423, 19.451913693190875 ], [ -99.094248011213551, 19.45194504786042 ], [ -99.09480872615832, 19.451881018758201 ], [ -99.09539273856754, 19.45169492425585 ], [ -99.096033780601076, 19.451455950673306 ], [ -99.096743600150944, 19.451192820497184 ], [ -99.097442914194701, 19.450944835972809 ], [ -99.097981575493236, 19.450718508380064 ], [ -99.098487538357617, 19.450508190132961 ], [ -99.099083940569699, 19.450256798390551 ], [ -99.099864700616678, 19.449994548075416 ], [ -99.10044930650551, 19.449918579138441 ], [ -99.100927873447517, 19.449953386087127 ], [ -99.101376314918966, 19.450058647502498 ], [ -99.101792565263267, 19.450187404599461 ], [ -99.101959482758076, 19.450239031829497 ], [ -99.102556567290037, 19.450486305407988 ], [ -99.103036241603803, 19.450673751303309 ], [ -99.103460023751708, 19.450832007734711 ], [ -99.104083007102034, 19.451090601396064 ], [ -99.104283131924277, 19.451171648000333 ], [ -99.104729418715962, 19.451338720591227 ], [ -99.105364366003258, 19.451577486077497 ], [ -99.105990493137071, 19.451810657725879 ], [ -99.106613834710913, 19.452057444324645 ], [ -99.106822446197214, 19.452141783515476 ], [ -99.107261792312272, 19.452303653902803 ], [ -99.107897966369663, 19.452540764058881 ], [ -99.108545737219686, 19.452765419864509 ], [ -99.108721061085035, 19.452840666347381 ], [ -99.108896539410622, 19.452915849306123 ], [ -99.108972230415773, 19.452929829620697 ], [ -99.10936311468069, 19.453302218167138 ], [ -99.109731215667665, 19.453574649842995 ], [ -99.110149047356444, 19.453705592678507 ], [ -99.110383900025923, 19.453753329113336 ], [ -99.110588384166519, 19.453796301263527 ], [ -99.110838243481311, 19.453846728280269 ], [ -99.111070913746218, 19.453911118051526 ], [ -99.111483596799474, 19.454058665949386 ], [ -99.111918260583195, 19.454254077651903 ], [ -99.112115549879263, 19.454384597914093 ], [ -99.112194904905806, 19.454437096684821 ], [ -99.112511087552292, 19.454670051250645 ], [ -99.112637416950491, 19.454774202752944 ], [ -99.112931838545165, 19.45501693932388 ], [ -99.112966794440609, 19.455045758044648 ], [ -99.113397095484871, 19.455400517717564 ], [ -99.113528694833789, 19.455509013098293 ], [ -99.113817692044037, 19.455751439811248 ], [ -99.114227239133882, 19.456094988072451 ], [ -99.114270747935521, 19.456131485498886 ], [ -99.114330729149941, 19.456175342384888 ], [ -99.114356477881159, 19.456194168757637 ], [ -99.114390711349927, 19.456219200153782 ], [ -99.114412470812326, 19.45623511001207 ], [ -99.1144581650302, 19.456268520706232 ], [ -99.114541028743417, 19.456329109049715 ], [ -99.114912884839811, 19.456622012347932 ], [ -99.115347179231719, 19.456964095483997 ], [ -99.115751223932492, 19.457282348548908 ], [ -99.116073866161187, 19.457537813412465 ], [ -99.116225770139451, 19.457658154244164 ], [ -99.116681029520137, 19.458021300901585 ], [ -99.116808303612643, 19.45812282261253 ], [ -99.117036592171416, 19.458265806892566 ], [ -99.117100841621905, 19.458306048817331 ], [ -99.11729426460127, 19.458384209618288 ], [ -99.117629178982966, 19.458468989518554 ], [ -99.117898509040444, 19.458555583651115 ], [ -99.118364877769963, 19.458705528098083 ], [ -99.118841814982261, 19.458858868732896 ], [ -99.119351017350382, 19.459022581479903 ], [ -99.119828515088372, 19.459180310320569 ], [ -99.120330712658088, 19.459346388162686 ], [ -99.120799271328337, 19.45950125285551 ], [ -99.121110552765188, 19.459604134547661 ], [ -99.121541897303274, 19.459746697207137 ], [ -99.121888102398117, 19.459861119973205 ], [ -99.121970907256653, 19.459890394575805 ], [ -99.122141290733495, 19.459950632218028 ], [ -99.122276222530189, 19.459996478346927 ], [ -99.122348612800039, 19.460019358738798 ], [ -99.12277869594341, 19.460156603599845 ], [ -99.12321554513845, 19.46029600634672 ], [ -99.123661876468816, 19.460438433554209 ], [ -99.12408761790644, 19.460581648239014 ], [ -99.124520765366157, 19.460721569093266 ], [ -99.125380678443847, 19.461010701446202 ], [ -99.126248752821496, 19.461298170203676 ], [ -99.126349365764412, 19.461331369714976 ], [ -99.126450101631292, 19.461364537454159 ], [ -99.12737802161331, 19.461677490960522 ], [ -99.127449815330777, 19.461704463581007 ], [ -99.127485707473312, 19.461717999588512 ], [ -99.12750365354681, 19.461724767589573 ], [ -99.127521600575278, 19.461731536491893 ], [ -99.12780236427578, 19.46188043744618 ], [ -99.128054061334936, 19.46200897505982 ], [ -99.128414830864159, 19.462220812418597 ], [ -99.128772450030397, 19.462429663585194 ], [ -99.129145831872648, 19.46265642721492 ], [ -99.129498726888968, 19.462863786443535 ], [ -99.130437006160165, 19.463401457742012 ], [ -99.130982784168836, 19.46372901284985 ], [ -99.131364929053646, 19.463963957745072 ], [ -99.132192745200967, 19.464455522413793 ], [ -99.132317209225533, 19.464531605341325 ], [ -99.132441672413094, 19.464607688182781 ], [ -99.132698473713035, 19.464758354894375 ], [ -99.132786488655867, 19.464807045281592 ], [ -99.132838686247524, 19.46483591978064 ], [ -99.132942663291374, 19.464892600841697 ], [ -99.132966083879637, 19.464901870299734 ], [ -99.13302930032394, 19.464926890424746 ], [ -99.133103340492752, 19.464961189215828 ], [ -99.133191550125161, 19.464992489864965 ], [ -99.133289206484733, 19.465022286963471 ], [ -99.133319135928119, 19.465034216662318 ], [ -99.133344337751069, 19.465041666474814 ], [ -99.133405765783522, 19.465059544773787 ], [ -99.133471918742018, 19.465077419572967 ], [ -99.133556966332918, 19.465093786577565 ], [ -99.133638855159447, 19.465098206874362 ], [ -99.133745936042189, 19.465098127901374 ], [ -99.133854595846415, 19.465104022197469 ], [ -99.133990018993345, 19.465100934449111 ], [ -99.134086076984417, 19.465100863422421 ], [ -99.134193162783077, 19.465106758679749 ], [ -99.134276619501392, 19.465103710082779 ], [ -99.134521732438827, 19.465083415144651 ], [ -99.134731681927988, 19.465066032497823 ], [ -99.134940452403342, 19.465073548896665 ], [ -99.136153896423579, 19.465117233849565 ], [ -99.137454517227312, 19.46516439892752 ], [ -99.138608037123646, 19.465219079523379 ], [ -99.139221371364386, 19.46525585906959 ], [ -99.139834704914762, 19.465292636539488 ], [ -99.140286786703598, 19.465334239757837 ], [ -99.14080300091689, 19.465360799320013 ], [ -99.140945525637221, 19.465374622122674 ], [ -99.141021957894864, 19.465388705905038 ], [ -99.141076027265839, 19.465406342415172 ], [ -99.141143144830778, 19.46542573733106 ], [ -99.141209448408432, 19.465462375844098 ], [ -99.141256909871231, 19.465501668783972 ], [ -99.141302778926843, 19.465549408220809 ], [ -99.141324069813649, 19.465568795406742 ], [ -99.141348320342303, 19.465591761726785 ], [ -99.141406158552215, 19.465657128812929 ], [ -99.141449059435985, 19.465692451599537 ], [ -99.141490092065695, 19.465722476416943 ], [ -99.14152552352283, 19.465741893208126 ], [ -99.141557222086064, 19.465756014394071 ], [ -99.141590785280385, 19.465770131406799 ], [ -99.141679091652861, 19.465784310466432 ], [ -99.14182577994633, 19.465809490893683 ], [ -99.141992600414412, 19.465771679670897 ], [ -99.142159402048549, 19.465711259934128 ] ] ] } },
{ "type": "Feature", "properties": { "alcaldia_norm": "IZTACALCO", "alcaldia": "IZTACALCO", "cve_col": "06-048", "colonia": "CAMPAMENTO 2 DE OCTUBRE I", "pob_2010": 11403.0, "SUP_COL_M2": 372754.0, "VIV2010": 2767, "DENVIVHa": 74.2313, "SUPMNZHa": 37.2754, "C_DENVIVHa": 4 }, "geometry": { "type": "Polygon", "coordinates": [ [ [ -99.123973577025254, 19.375936962296443 ], [ -99.124122312042758, 19.375966921676973 ], [ -99.124481952253078, 19.37603763508405 ], [ -99.124609185450211, 19.376059389349166 ], [ -99.125039712427409, 19.376134747070068 ], [ -99.125289527254807, 19.37618446384494 ], [ -99.125493421841256, 19.376219764923615 ], [ -99.125625621545666, 19.376245379400068 ], [ -99.127207529102733, 19.376541488269652 ], [ -99.127297768773232, 19.376558239057847 ], [ -99.127454597722391, 19.376587351383439 ], [ -99.127631404827255, 19.376620391631509 ], [ -99.12808292647091, 19.376703963096304 ], [ -99.128419210524271, 19.376766204538164 ], [ -99.129111979268828, 19.376899235866929 ], [ -99.129495358712958, 19.376972854191489 ], [ -99.129714503216661, 19.377003469200051 ], [ -99.130081586318695, 19.377045359820329 ], [ -99.130205467063377, 19.377057505912852 ], [ -99.130569435305134, 19.377093191864841 ], [ -99.130840305236546, 19.37712485286832 ], [ -99.13106517185021, 19.377151134171822 ], [ -99.131383081614302, 19.377189515857523 ], [ -99.131560533667582, 19.377210423761554 ], [ -99.13201283892532, 19.377263403579299 ], [ -99.132458449833237, 19.377316291348752 ], [ -99.132885201309321, 19.377348398789383 ], [ -99.133338153359034, 19.377387766476243 ], [ -99.133838853487163, 19.377423980957818 ], [ -99.134158847725928, 19.377435268769243 ], [ -99.135345101525644, 19.377318300829888 ], [ -99.135585099925251, 19.377276643690639 ], [ -99.135436506158541, 19.378031066587134 ], [ -99.13514245073668, 19.379363527778413 ], [ -99.134844715176598, 19.380708129942537 ], [ -99.134707015551029, 19.381410956351388 ], [ -99.134565397008529, 19.382087186050327 ], [ -99.134463064062516, 19.382618241363627 ], [ -99.134322608222618, 19.383292189827319 ], [ -99.134078159595774, 19.384564397444095 ], [ -99.133807877999715, 19.38577827885608 ], [ -99.133647117694892, 19.386508174196344 ], [ -99.133543863614094, 19.386976967965776 ], [ -99.133450136195094, 19.387402513063353 ], [ -99.133217077521024, 19.388460657159388 ], [ -99.133035418783166, 19.389286064054033 ], [ -99.132817516436489, 19.390276140198988 ], [ -99.132614614788523, 19.391230596353036 ], [ -99.1324904814403, 19.391218687129467 ], [ -99.13217204386558, 19.392555672820542 ], [ -99.1321055353052, 19.392896174481294 ], [ -99.132083631610243, 19.393008315024453 ], [ -99.131975753045651, 19.39348438688658 ], [ -99.131736152837121, 19.394577151420236 ], [ -99.13148590004495, 19.395623929809958 ], [ -99.13139512911539, 19.396052958844994 ], [ -99.131179211114897, 19.396585592930812 ], [ -99.131023279325106, 19.396917999708879 ], [ -99.130993968692351, 19.397681401357943 ], [ -99.130972341593619, 19.398803976665384 ], [ -99.131599475717763, 19.398819331775268 ], [ -99.131942149693387, 19.3988190833959 ], [ -99.132467852770731, 19.398845611388118 ], [ -99.13299150022435, 19.398870370768421 ], [ -99.13354241708835, 19.398884443723212 ], [ -99.134088346187497, 19.398899584181468 ], [ -99.134730688481824, 19.398931672373322 ], [ -99.135299926679181, 19.398960106530335 ], [ -99.135869164109948, 19.398988538904366 ], [ -99.136365785955647, 19.399013343097678 ], [ -99.137148907980119, 19.399052453819415 ], [ -99.137022109428614, 19.399923614153629 ], [ -99.136944930226903, 19.400453864636031 ], [ -99.136811762964911, 19.401368759043486 ], [ -99.136581388375333, 19.402890848284063 ], [ -99.136548184824662, 19.403110223111458 ], [ -99.136500978467055, 19.403424360590698 ], [ -99.136380845717596, 19.403417456828066 ], [ -99.134281347313603, 19.403296795481463 ], [ -99.13375568310957, 19.403265732470075 ], [ -99.133258370467829, 19.403237286939987 ], [ -99.132522505251046, 19.403188742633443 ], [ -99.132011173321501, 19.403154550783107 ], [ -99.131619453839491, 19.403128356563204 ], [ -99.13110307202237, 19.403104312859934 ], [ -99.130559530860452, 19.403131774337151 ], [ -99.130067586997697, 19.403209909014848 ], [ -99.128778528023261, 19.403560206871955 ], [ -99.128719718482969, 19.403577939890724 ], [ -99.127917289440134, 19.403819896411051 ], [ -99.127184538211367, 19.404044264730093 ], [ -99.125850426863323, 19.404318458768255 ], [ -99.125681040847766, 19.404353270962503 ], [ -99.123261797348363, 19.404792809749658 ], [ -99.122295949346494, 19.404966847686389 ], [ -99.122263588405275, 19.404880583402502 ], [ -99.122154709302421, 19.404715575492247 ], [ -99.121940352036347, 19.404716667445907 ], [ -99.121625669887493, 19.404663803310012 ], [ -99.121486113710048, 19.404640358168876 ], [ -99.121112732569514, 19.404717220831561 ], [ -99.121017989779645, 19.404939624315169 ], [ -99.121023353799714, 19.405095234420948 ], [ -99.121026984356817, 19.405200597547424 ], [ -99.120427772513992, 19.40530327128414 ], [ -99.119508207015087, 19.405471534121112 ], [ -99.1189507195879, 19.405555282233369 ], [ -99.118513210958085, 19.405584109566053 ], [ -99.117206054304532, 19.405583224807174 ], [ -99.115280016392717, 19.405596582915074 ], [ -99.114761570636077, 19.405647146512418 ], [ -99.114340944445232, 19.405720078529768 ], [ -99.113905917231847, 19.405793605120031 ], [ -99.113887997720695, 19.405738724861788 ], [ -99.113845854367398, 19.405609653829316 ], [ -99.113510518320751, 19.405528097950732 ], [ -99.1131572671096, 19.40573034917665 ], [ -99.112248760774762, 19.405916417047013 ], [ -99.111095765064618, 19.406152550086819 ], [ -99.108235843128469, 19.406747584559668 ], [ -99.107082577773113, 19.406992807320567 ], [ -99.106698154340094, 19.407073210305835 ], [ -99.105976894137768, 19.407232664845932 ], [ -99.103902142018171, 19.407691329664456 ], [ -99.10340732991655, 19.407800713472096 ], [ -99.103496530445895, 19.40788428728791 ], [ -99.103614635491638, 19.407994942842166 ], [ -99.103685843973864, 19.408061659654919 ], [ -99.103112419878556, 19.4082103589644 ], [ -99.103028095713995, 19.408232225478656 ], [ -99.101915184954549, 19.408483314722158 ], [ -99.101422520249486, 19.40860882074648 ], [ -99.100863819287554, 19.408663398727903 ], [ -99.100080796481549, 19.408803672609348 ], [ -99.099205387863265, 19.408952341308567 ], [ -99.099148868278562, 19.408961706754599 ], [ -99.098136148885928, 19.409129499360994 ], [ -99.098021881379807, 19.409141291415636 ], [ -99.097945050313157, 19.409149219671882 ], [ -99.097511944702163, 19.409185964990353 ], [ -99.097150634988679, 19.409188639248921 ], [ -99.097034464295191, 19.409189131494639 ], [ -99.096468583061821, 19.409164739345975 ], [ -99.096250877934523, 19.409155354809268 ], [ -99.094378809968916, 19.408898125593794 ], [ -99.093965479748277, 19.408841026309904 ], [ -99.093768340187808, 19.408813792197392 ], [ -99.093072844294568, 19.408721305315701 ], [ -99.092726099663039, 19.408675194566779 ], [ -99.092016432096628, 19.408577417735358 ], [ -99.0918953215984, 19.408568162494934 ], [ -99.091212760967309, 19.408478442711623 ], [ -99.090284395699157, 19.40835168227942 ], [ -99.087489456501316, 19.407924007439291 ], [ -99.085560204209287, 19.407657125308649 ], [ -99.083630958126733, 19.40739022266483 ], [ -99.08155669194656, 19.407109739147327 ], [ -99.081222558576286, 19.407057548492759 ], [ -99.081013033612265, 19.407032159603741 ], [ -99.080668410572756, 19.406990398912352 ], [ -99.080189547580346, 19.406933706716384 ], [ -99.079835885443515, 19.406908113412491 ], [ -99.07945588928493, 19.406959791531904 ], [ -99.079043565095006, 19.407044182505196 ], [ -99.078921546235847, 19.407033683609736 ], [ -99.078770515970319, 19.40703603647081 ], [ -99.078660056779682, 19.407032740522098 ], [ -99.07844010431424, 19.40703035124454 ], [ -99.078205773478885, 19.407077657556936 ], [ -99.078096436038734, 19.407129753877314 ], [ -99.077941766398723, 19.407204242266133 ], [ -99.077910978432968, 19.407236871909316 ], [ -99.077840627528715, 19.407352351478846 ], [ -99.077307619743721, 19.408190260556321 ], [ -99.077211896079007, 19.40834179132721 ], [ -99.077190656183234, 19.408382391281688 ], [ -99.077162796401211, 19.408428561007408 ], [ -99.077112321355926, 19.408507348630383 ], [ -99.077095076394002, 19.408536522855773 ], [ -99.077077043027188, 19.408570259431329 ], [ -99.076984948141856, 19.408742686337757 ], [ -99.076895515660723, 19.408916059174814 ], [ -99.076866610147661, 19.408968852715592 ], [ -99.076840474066003, 19.409012823794669 ], [ -99.076807330537278, 19.409074826295075 ], [ -99.076788278834812, 19.409110537011994 ], [ -99.076769297479672, 19.409145976578788 ], [ -99.07671386785043, 19.409256475271345 ], [ -99.076670472851333, 19.409330852297 ], [ -99.075598603145565, 19.410989346882968 ], [ -99.075403101451926, 19.411288919792238 ], [ -99.075054309489929, 19.411838880234342 ], [ -99.074973059366172, 19.411967422913946 ], [ -99.074577599349652, 19.412593060810476 ], [ -99.073968844918625, 19.413551112410683 ], [ -99.07349557618555, 19.414295743466866 ], [ -99.073446522834516, 19.414373125967714 ], [ -99.073413630470853, 19.414424890296349 ], [ -99.073343980296556, 19.414534502579567 ], [ -99.07328892351704, 19.4146211488559 ], [ -99.073274330029051, 19.414644114835063 ], [ -99.073167593640278, 19.414819079669076 ], [ -99.073119146649276, 19.414881384050002 ], [ -99.073107062502629, 19.414896924886698 ], [ -99.072965681432507, 19.415078744751003 ], [ -99.072621431887555, 19.415602866380858 ], [ -99.072214757617971, 19.41627875606304 ], [ -99.071949002882462, 19.416694736801453 ], [ -99.071202705978934, 19.417866593544645 ], [ -99.071191353009965, 19.41788442039233 ], [ -99.070668265892976, 19.418686536728231 ], [ -99.070639976916823, 19.418750748484424 ], [ -99.070391013088269, 19.419111656249775 ], [ -99.070266314197326, 19.419292425484805 ], [ -99.069976712740342, 19.419780204501265 ], [ -99.069900214061633, 19.419909933199644 ], [ -99.069725304397991, 19.420076014119207 ], [ -99.069594116244687, 19.420185011396232 ], [ -99.069233310937321, 19.420403043209824 ], [ -99.068943564417836, 19.420558792326975 ], [ -99.068555386234308, 19.420704201571869 ], [ -99.068238263147464, 19.420776952601965 ], [ -99.067961760475669, 19.42080533117241 ], [ -99.067928258242119, 19.420808769733242 ], [ -99.067875478300053, 19.420809390443814 ], [ -99.065757416515154, 19.420858552460807 ], [ -99.064871097628526, 19.420873308227581 ], [ -99.064840640373646, 19.420873815249525 ], [ -99.0641523482699, 19.42088527130371 ], [ -99.06369188354715, 19.420889294084617 ], [ -99.061619377569528, 19.420900945048029 ], [ -99.060703453826193, 19.420917705830359 ], [ -99.060221089454515, 19.420925396260952 ], [ -99.060025915142305, 19.420928507333432 ], [ -99.059916523192072, 19.420927567429452 ], [ -99.05988101049644, 19.42092990262293 ], [ -99.059843911297193, 19.420928205903486 ], [ -99.058669034955415, 19.420935933808089 ], [ -99.057980377581103, 19.420929459246196 ], [ -99.057883582039608, 19.420928549341433 ], [ -99.057575069834442, 19.420964534392997 ], [ -99.057225142883922, 19.421068403661597 ], [ -99.056951782939663, 19.421208564521844 ], [ -99.056755318570524, 19.42134639012696 ], [ -99.056476525051565, 19.421590310639772 ], [ -99.056263337141644, 19.421797895053967 ], [ -99.056088441830141, 19.422052158431153 ], [ -99.056066444596183, 19.42209915810659 ], [ -99.056044447349322, 19.42214615687541 ], [ -99.055968501470687, 19.421778193634289 ], [ -99.056015970273606, 19.420570720516071 ], [ -99.056101343536469, 19.419832731598401 ], [ -99.056165081658094, 19.419281752070848 ], [ -99.056286509905632, 19.418232078046806 ], [ -99.056345697769757, 19.417720426360212 ], [ -99.056369621443324, 19.417513620870004 ], [ -99.056455588863358, 19.4167565627165 ], [ -99.056548983423696, 19.415934098502671 ], [ -99.0565866726363, 19.415579743427891 ], [ -99.056648535033702, 19.414985216153791 ], [ -99.056682920245962, 19.41465475841327 ], [ -99.05673340417087, 19.414169577489712 ], [ -99.056772157866149, 19.41379712302669 ], [ -99.056794983677165, 19.413589054325726 ], [ -99.05685258791604, 19.413057628252304 ], [ -99.056907665170257, 19.412551829022014 ], [ -99.056930979069975, 19.412337721415334 ], [ -99.057086250011452, 19.41088256536209 ], [ -99.057164371646053, 19.41014679339925 ], [ -99.057215884878687, 19.409663213189447 ], [ -99.057245451615799, 19.409385652770279 ], [ -99.057342052857351, 19.408544675429589 ], [ -99.057380706354678, 19.408209202099123 ], [ -99.057407593154153, 19.407939443437247 ], [ -99.057504120460479, 19.407041893425578 ], [ -99.057554536884879, 19.406575902568083 ], [ -99.057628558949034, 19.405810616503423 ], [ -99.057687912393831, 19.4053634220699 ], [ -99.057741577444261, 19.404875568856696 ], [ -99.057796032414942, 19.404359922087476 ], [ -99.057843210725181, 19.403861359864781 ], [ -99.057898135166113, 19.403393079981928 ], [ -99.05796011328151, 19.402834072500145 ], [ -99.057977974359645, 19.402672967245323 ], [ -99.058176633227461, 19.400881146920923 ], [ -99.058282680716658, 19.399936753409307 ], [ -99.058347254179694, 19.398492655222636 ], [ -99.058356994309065, 19.398329239819304 ], [ -99.058366160328234, 19.398174428097164 ], [ -99.058377543345273, 19.398005736189543 ], [ -99.058425565516131, 19.39766129696908 ], [ -99.058474255974403, 19.397140605027204 ], [ -99.058588763267664, 19.396084267817759 ], [ -99.058632247609069, 19.395626509514681 ], [ -99.058793355184136, 19.395103667265751 ], [ -99.059042683779936, 19.39429451553886 ], [ -99.0591201039624, 19.393824617058058 ], [ -99.059250921585459, 19.393030624633891 ], [ -99.059380610162066, 19.392304420270964 ], [ -99.059451572230472, 19.391910321271038 ], [ -99.059533392884589, 19.391395761448528 ], [ -99.059621535273465, 19.390803947767747 ], [ -99.059635749799156, 19.390708510150294 ], [ -99.059778414525354, 19.389911729713461 ], [ -99.059821699764527, 19.389686270133065 ], [ -99.059912860912831, 19.389140862645633 ], [ -99.060051268748552, 19.388312778059813 ], [ -99.060108071709323, 19.387972922477196 ], [ -99.060257329462871, 19.38707990646234 ], [ -99.060310794308478, 19.386760024314068 ], [ -99.060382526750004, 19.386168963704467 ], [ -99.060462137846315, 19.385746976589179 ], [ -99.060524746287513, 19.385308848129871 ], [ -99.060594615827128, 19.384852460050372 ], [ -99.060667088060342, 19.384379065559962 ], [ -99.060778456566638, 19.383548713428311 ], [ -99.060831273287789, 19.383138253030349 ], [ -99.060917327838794, 19.382679930748782 ], [ -99.063675743357706, 19.383156413426775 ], [ -99.065872521907082, 19.38353937866615 ], [ -99.066398235011633, 19.383635038090301 ], [ -99.066773751270631, 19.383728721407412 ], [ -99.067630968569034, 19.384140486779724 ], [ -99.068991767213788, 19.384864692409966 ], [ -99.069469045511539, 19.385118467982604 ], [ -99.069972452760382, 19.385386134323291 ], [ -99.070456634380065, 19.385643576481581 ], [ -99.070933830524936, 19.385897302118323 ], [ -99.071393033367599, 19.38614145853548 ], [ -99.071757767181452, 19.38632626336225 ], [ -99.072122500864111, 19.386511067451643 ], [ -99.072562299515212, 19.386733904171656 ], [ -99.073042956450422, 19.386977440521001 ], [ -99.073487335603744, 19.387202593924648 ], [ -99.073889993735008, 19.387406607774775 ], [ -99.074348793237363, 19.387639064371992 ], [ -99.07482804662493, 19.387881882591675 ], [ -99.07584985611922, 19.388420013594477 ], [ -99.075961673201078, 19.388478900951473 ], [ -99.076308828395753, 19.388661725651275 ], [ -99.076370100627287, 19.388693993810438 ], [ -99.076780863919126, 19.388910316541381 ], [ -99.077268022310179, 19.389166868858929 ], [ -99.077324161400725, 19.389196433107934 ], [ -99.077851945253002, 19.389465091007573 ], [ -99.078350749245061, 19.389719028153923 ], [ -99.078402492016821, 19.389745314326461 ], [ -99.078827345851366, 19.389961292843029 ], [ -99.078879373579582, 19.389987679069211 ], [ -99.079351829151221, 19.390228340048061 ], [ -99.079404181946302, 19.390255020596761 ], [ -99.079934224851272, 19.390525434591119 ], [ -99.079991615446147, 19.390555217065586 ], [ -99.080061036508184, 19.390591243515125 ], [ -99.080393882701799, 19.390763972891968 ], [ -99.080458768625959, 19.390797744580716 ], [ -99.080760941789507, 19.39095485323227 ], [ -99.08091675804927, 19.391033433731149 ], [ -99.081116812938973, 19.391131483292266 ], [ -99.081433458324028, 19.39128618947797 ], [ -99.081795329039338, 19.391487823510488 ], [ -99.081941700291679, 19.391569380640838 ], [ -99.08212806693372, 19.391667118941736 ], [ -99.082391433224501, 19.39180523785755 ], [ -99.082452608728602, 19.391841187593293 ], [ -99.082811644789089, 19.392022073052129 ], [ -99.083168520231084, 19.392211395096503 ], [ -99.083235406920338, 19.392242582916033 ], [ -99.083606864295788, 19.392435874729564 ], [ -99.083660384790264, 19.392463724738242 ], [ -99.084014906367727, 19.39264820220059 ], [ -99.084038275607966, 19.392521748845247 ], [ -99.084152845714783, 19.391901781903538 ], [ -99.084222704671234, 19.391506812644483 ], [ -99.084303053543422, 19.39106547083971 ], [ -99.084312876908967, 19.391014968602022 ], [ -99.084379841297974, 19.390670718784303 ], [ -99.084389866937215, 19.390619182580167 ], [ -99.084511920251884, 19.389953648492305 ], [ -99.084599886170565, 19.38943248284783 ], [ -99.084847054292268, 19.389671893970728 ], [ -99.086510691072519, 19.390052796724689 ], [ -99.086745468313794, 19.390156277583994 ], [ -99.086853149428109, 19.390234569585463 ], [ -99.088383242610689, 19.390673286159846 ], [ -99.088449986006992, 19.390692422712554 ], [ -99.088581222179727, 19.390732029841168 ], [ -99.08882507801961, 19.390361979254607 ], [ -99.088998842948115, 19.3900953908513 ], [ -99.089161129958129, 19.389848909555656 ], [ -99.089344256844726, 19.389569133520727 ], [ -99.089526139583185, 19.38929156119973 ], [ -99.089699596511679, 19.389026670362714 ], [ -99.089886107932671, 19.388741333254291 ], [ -99.090236959355067, 19.388191864612963 ], [ -99.090410666199062, 19.387919805471117 ], [ -99.090460551775635, 19.387841694821105 ], [ -99.090587333640016, 19.387643176329956 ], [ -99.090759435970213, 19.387373548674411 ], [ -99.090935423201842, 19.387098610400223 ], [ -99.091158836503965, 19.386753651616811 ], [ -99.091583313302564, 19.386078328841574 ], [ -99.091903412680836, 19.38556906120704 ], [ -99.092245179991892, 19.385025316458965 ], [ -99.092295574054248, 19.384945140910453 ], [ -99.092874884344027, 19.384023460073156 ], [ -99.092977762251863, 19.383861006359577 ], [ -99.0931946049038, 19.383518590534997 ], [ -99.093295237672294, 19.383359680406599 ], [ -99.093567418812299, 19.382929876680134 ], [ -99.093985023505908, 19.382270430159597 ], [ -99.094339484670982, 19.381678665016491 ], [ -99.094552877487288, 19.381322066160706 ], [ -99.09471782869349, 19.3810467258591 ], [ -99.09490208596624, 19.380739407686001 ], [ -99.09508601414862, 19.380432337112534 ], [ -99.095262710216574, 19.380137342160108 ], [ -99.095622741972761, 19.379536259459428 ], [ -99.095811479524599, 19.379625143257805 ], [ -99.096370579484415, 19.379742427803723 ], [ -99.096723855259683, 19.379784689454933 ], [ -99.097096124184517, 19.379822626780349 ], [ -99.097357217854068, 19.379849234961867 ], [ -99.097687745196311, 19.379882916954941 ], [ -99.098025988683148, 19.3799173858575 ], [ -99.09836295984617, 19.379948366420049 ], [ -99.098776260135296, 19.379993839627357 ], [ -99.099143904662427, 19.380031772557686 ], [ -99.099511548403299, 19.380069703841016 ], [ -99.100819152940133, 19.380195409480574 ], [ -99.101078249531184, 19.380223036445631 ], [ -99.101214683434677, 19.380232918800331 ], [ -99.101296849739853, 19.380240203227235 ], [ -99.101580631902834, 19.380270633561029 ], [ -99.103027020299265, 19.380462429542376 ], [ -99.103381089801005, 19.380509378101394 ], [ -99.103441720158642, 19.380518454142322 ], [ -99.103750259555369, 19.380558329063039 ], [ -99.104226277789081, 19.380620260727266 ], [ -99.104768468702161, 19.38069333490164 ], [ -99.105071502431258, 19.380733084226456 ], [ -99.105448506215154, 19.380782536012418 ], [ -99.105653814893827, 19.380804945986004 ], [ -99.105709534393753, 19.380809518124359 ], [ -99.105894824824148, 19.380824723172275 ], [ -99.106021647034979, 19.380836243263648 ], [ -99.106322243151197, 19.380882917204822 ], [ -99.106716169836233, 19.380937765293076 ], [ -99.106909083917671, 19.380959120139078 ], [ -99.107169784682782, 19.380985594256948 ], [ -99.107396209727483, 19.381005686214589 ], [ -99.10798124904349, 19.381056400664139 ], [ -99.10851440402655, 19.381102616497685 ], [ -99.10868477208453, 19.381121686527223 ], [ -99.10874954428084, 19.381128937306705 ], [ -99.108824934193976, 19.381138275654351 ], [ -99.108888877469298, 19.381146318547277 ], [ -99.109158056439085, 19.381180174536972 ], [ -99.109461815769023, 19.38121694554378 ], [ -99.109927118462821, 19.381281177747073 ], [ -99.110604514853023, 19.381401687137355 ], [ -99.110868788848776, 19.381442001626105 ], [ -99.111102487743779, 19.381476138433438 ], [ -99.111338773124771, 19.381514357311705 ], [ -99.111554190358703, 19.381546557187249 ], [ -99.111677354247078, 19.381564350169512 ], [ -99.112002461293443, 19.381608709610909 ], [ -99.112077709704224, 19.381619428498194 ], [ -99.112354415250365, 19.381658846607248 ], [ -99.112697662739834, 19.381714954738097 ], [ -99.1127879093481, 19.381728673459527 ], [ -99.113053279439015, 19.381767445037873 ], [ -99.113390315152301, 19.38180796999805 ], [ -99.113730515451024, 19.38184422132851 ], [ -99.114092912382446, 19.381881844424495 ], [ -99.114425971639903, 19.381923612585219 ], [ -99.11475211061925, 19.381966751843201 ], [ -99.115042644062868, 19.382004902757497 ], [ -99.115365039626866, 19.382051825390139 ], [ -99.115697840432446, 19.382074598602543 ], [ -99.116041998985125, 19.382109999907822 ], [ -99.116368299102305, 19.382153655805677 ], [ -99.116690765593418, 19.382173549105289 ], [ -99.117016359351013, 19.382199820151687 ], [ -99.117353142447072, 19.382229453404651 ], [ -99.117642155817506, 19.382214165425808 ], [ -99.117718786532038, 19.382210111431579 ], [ -99.117807165753575, 19.382215076247689 ], [ -99.118078917534532, 19.382230341193214 ], [ -99.118404373154618, 19.382271906368128 ], [ -99.118775647835179, 19.382296681388997 ], [ -99.120471156809984, 19.382349190216946 ], [ -99.12052284100713, 19.38235075016307 ], [ -99.120871229541009, 19.382373417723276 ], [ -99.121127996888873, 19.382392156579723 ], [ -99.1223555769173, 19.382476249511303 ], [ -99.122391037234848, 19.381444804741804 ], [ -99.122472290531192, 19.380166176172601 ], [ -99.122437720111648, 19.377766282029803 ], [ -99.122387038298555, 19.37565184933932 ], [ -99.122704751417913, 19.375703717348713 ], [ -99.123191682573491, 19.375786407715353 ], [ -99.123572719051936, 19.375861382177863 ], [ -99.123973577025254, 19.375936962296443 ] ] ] } },
{ "type": "Feature", "properties": { "alcaldia_norm": "IZTAPALAPA", "alcaldia": "IZTAPALAPA", "cve_col": "07-296", "colonia": "SANTA CRUZ MEYEHUALCO II", "pob_2010": 7748.0, "SUP_COL_M2": 1638990.0, "VIV2010": 1894, "DENVIVHa": 11.5559, "SUPMNZHa": 163.899, "C_DENVIVHa": 1 }, "geometry": { "type": "Polygon", "coordinates": [ [ [ -99.099135705103095, 19.320921635306693 ], [ -99.099193718007385, 19.321037731130922 ], [ -99.099251730993373, 19.321153826031132 ], [ -99.099531142185796, 19.321489596952183 ], [ -99.099613474478801, 19.321588536395875 ], [ -99.099902452808621, 19.321935800636535 ], [ -99.100274649476418, 19.322304958666066 ], [ -99.100462908332418, 19.32249167895559 ], [ -99.100702968858215, 19.322717036787822 ], [ -99.100868509733004, 19.322872438476839 ], [ -99.100908499851855, 19.322901536530654 ], [ -99.101095995216696, 19.323037972715451 ], [ -99.101402636383725, 19.323243203549886 ], [ -99.101635600335158, 19.32339912192597 ], [ -99.102004582076503, 19.323619963361079 ], [ -99.102582519562546, 19.323965865766731 ], [ -99.103836241407492, 19.324667974276871 ], [ -99.104280602001182, 19.324918726952745 ], [ -99.10489668082846, 19.325526142961394 ], [ -99.105393544444595, 19.32604395081793 ], [ -99.105926327863571, 19.326654741622391 ], [ -99.106407893057195, 19.327181573882736 ], [ -99.106777647180948, 19.327573393557927 ], [ -99.107000420051691, 19.327789646092803 ], [ -99.107127584941907, 19.327944211356595 ], [ -99.107412491833045, 19.328186392979319 ], [ -99.107587916506048, 19.328335509780327 ], [ -99.108366074011855, 19.329529837267025 ], [ -99.108526971201925, 19.329776632011555 ], [ -99.109128361816602, 19.33069907130097 ], [ -99.109673569581489, 19.33146682290884 ], [ -99.109959069350808, 19.332223080475568 ], [ -99.109993501663425, 19.332346080580276 ], [ -99.110055065975828, 19.332565998872724 ], [ -99.110224462580035, 19.332816902489888 ], [ -99.110372628066827, 19.332952355863682 ], [ -99.110717815992501, 19.333169539902752 ], [ -99.111025476916609, 19.333332039473092 ], [ -99.111520700870557, 19.333679574670295 ], [ -99.112015474192702, 19.334131081610415 ], [ -99.112093177058512, 19.334236681302897 ], [ -99.112314547204477, 19.334537527455602 ], [ -99.11259516816348, 19.335024305374812 ], [ -99.112898286874, 19.335715096836626 ], [ -99.113051206054479, 19.335856190652635 ], [ -99.113128327433287, 19.336033206926956 ], [ -99.113496739703876, 19.336607934479222 ], [ -99.11357962957166, 19.336749346155948 ], [ -99.113822880499072, 19.337299319938367 ], [ -99.114034517400341, 19.338125226726195 ], [ -99.114178818517928, 19.338895702386079 ], [ -99.114208443465429, 19.338951298703371 ], [ -99.11423811228515, 19.339006977227712 ], [ -99.114255101177619, 19.339038859346335 ], [ -99.114279465822676, 19.339084584752442 ], [ -99.114275094005492, 19.339644287011286 ], [ -99.11437538983256, 19.340392583417554 ], [ -99.114392688417411, 19.340521647422506 ], [ -99.11527176504589, 19.342475155320376 ], [ -99.115496918041515, 19.342975486792611 ], [ -99.115752931772292, 19.343528850212703 ], [ -99.116020765472001, 19.343820701436133 ], [ -99.116321211845943, 19.344247859170132 ], [ -99.11664932356139, 19.344886297825003 ], [ -99.116880992523292, 19.345318246799255 ], [ -99.116977398826322, 19.345471317998133 ], [ -99.117306316611177, 19.346028940321876 ], [ -99.117446187447257, 19.346266066592705 ], [ -99.118146392227885, 19.347455658533047 ], [ -99.119601870982322, 19.349716030853521 ], [ -99.120128365986261, 19.350510181083173 ], [ -99.120303112455687, 19.350837864924998 ], [ -99.120484925757793, 19.351048001752009 ], [ -99.12071969505125, 19.351669429898529 ], [ -99.120964779170222, 19.352284954892621 ], [ -99.121129003055799, 19.352701329004759 ], [ -99.121304430270314, 19.353321910055971 ], [ -99.12147576815093, 19.353928017634839 ], [ -99.12162896536347, 19.354445991608156 ], [ -99.12187243265312, 19.356442056321697 ], [ -99.121930024518022, 19.357027908063937 ], [ -99.12194993867719, 19.357301483280558 ], [ -99.121970183184047, 19.357619717979809 ], [ -99.122399309764376, 19.357653462812134 ], [ -99.122966822232897, 19.357708858841626 ], [ -99.1237878842025, 19.357793491984292 ], [ -99.124589075362877, 19.357878380830225 ], [ -99.12467353339477, 19.357888892174707 ], [ -99.12508585286632, 19.357940596611968 ], [ -99.125698979000489, 19.358016963639198 ], [ -99.12587240247862, 19.358038624695677 ], [ -99.126076093543546, 19.358063826242155 ], [ -99.126300694058173, 19.358087354713135 ], [ -99.126576324777332, 19.358116228264773 ], [ -99.126735887590868, 19.358134073538412 ], [ -99.127111355514742, 19.358174904539055 ], [ -99.127550937834869, 19.358227444708188 ], [ -99.127616409605039, 19.35823393282071 ], [ -99.127886880108079, 19.358267821904697 ], [ -99.128302153641059, 19.358315160987626 ], [ -99.128405768401123, 19.358327434741355 ], [ -99.128713320812267, 19.358363883829995 ], [ -99.128888269670782, 19.35838458659132 ], [ -99.129129229420201, 19.358413010867363 ], [ -99.129370307431216, 19.358441574818439 ], [ -99.129543871843808, 19.358462093571184 ], [ -99.129838641478926, 19.3584969421103 ], [ -99.129980453688674, 19.358513707291014 ], [ -99.130106118121546, 19.35857747612804 ], [ -99.1302561915236, 19.358543894636469 ], [ -99.130317661708503, 19.358550611475128 ], [ -99.130871871561212, 19.35861116621793 ], [ -99.131002350610117, 19.358624846176557 ], [ -99.13109659432223, 19.358455855584953 ], [ -99.131190889267017, 19.358286875750309 ], [ -99.13146668565976, 19.357800987157503 ], [ -99.131666708947165, 19.357485002945815 ], [ -99.132061941077637, 19.357056630890135 ], [ -99.132480375948333, 19.356795210927288 ], [ -99.132579254125503, 19.356733435797889 ], [ -99.132964425912903, 19.35654548068182 ], [ -99.133140969110983, 19.356459331825221 ], [ -99.133505715434183, 19.356348255580539 ], [ -99.133695374453254, 19.35629049814607 ], [ -99.134211203055614, 19.356229103329195 ], [ -99.134397187169071, 19.35623629183323 ], [ -99.134603716784298, 19.356253595795526 ], [ -99.135821172158714, 19.356355594463377 ], [ -99.140213390126462, 19.356643505281369 ], [ -99.140206770292224, 19.356674250800477 ], [ -99.140171709608083, 19.356835761931524 ], [ -99.140157208740391, 19.356902242532922 ], [ -99.140153118789044, 19.356921839479888 ], [ -99.140146060704609, 19.356955658019828 ], [ -99.140130158901258, 19.357031846674722 ], [ -99.140095741769073, 19.35719674537923 ], [ -99.140083943168477, 19.357253278330599 ], [ -99.139992788233812, 19.357532151339015 ], [ -99.139574530434544, 19.359518498524626 ], [ -99.139562434237391, 19.359575945329958 ], [ -99.139352502845256, 19.360519564280928 ], [ -99.139219915481718, 19.361160061228631 ], [ -99.139070064948456, 19.361825478953516 ], [ -99.138919727520516, 19.362493055897581 ], [ -99.138787048727139, 19.363082214244521 ], [ -99.138658216694509, 19.363654287214125 ], [ -99.13852009642973, 19.364294588853543 ], [ -99.138391075119486, 19.364905221186696 ], [ -99.138259834283915, 19.365520470430255 ], [ -99.138124336664703, 19.366128527270448 ], [ -99.137998688354003, 19.36671228875306 ], [ -99.137873143762974, 19.367260771114289 ], [ -99.137705936200248, 19.368005161203058 ], [ -99.137565245129196, 19.368662342767539 ], [ -99.137323437217972, 19.369647585870784 ], [ -99.137054211111106, 19.370789813568422 ], [ -99.136860313466443, 19.3716530153247 ], [ -99.136574949909999, 19.372906391317677 ], [ -99.136359410714462, 19.373876946401307 ], [ -99.136137213241838, 19.374919315578836 ], [ -99.135910669402847, 19.375885592691112 ], [ -99.135585099925251, 19.377276643690639 ], [ -99.135345101525644, 19.377318300829888 ], [ -99.134158847725928, 19.377435268769243 ], [ -99.133838853487163, 19.377423980957818 ], [ -99.133338153359034, 19.377387766476243 ], [ -99.132885201309321, 19.377348398789383 ], [ -99.132458449833237, 19.377316291348752 ], [ -99.13201283892532, 19.377263403579299 ], [ -99.131560533667582, 19.377210423761554 ], [ -99.131383081614302, 19.377189515857523 ], [ -99.13106517185021, 19.377151134171822 ], [ -99.130840305236546, 19.37712485286832 ], [ -99.130569435305134, 19.377093191864841 ], [ -99.130205467063377, 19.377057505912852 ], [ -99.130081586318695, 19.377045359820329 ], [ -99.129714503216661, 19.377003469200051 ], [ -99.129495358712958, 19.376972854191489 ], [ -99.129111979268828, 19.376899235866929 ], [ -99.128419210524271, 19.376766204538164 ], [ -99.12808292647091, 19.376703963096304 ], [ -99.127631404827255, 19.376620391631509 ], [ -99.127454597722391, 19.376587351383439 ], [ -99.127297768773232, 19.376558239057847 ], [ -99.127207529102733, 19.376541488269652 ], [ -99.125625621545666, 19.376245379400068 ], [ -99.125493421841256, 19.376219764923615 ], [ -99.125289527254807, 19.37618446384494 ], [ -99.125039712427409, 19.376134747070068 ], [ -99.124609185450211, 19.376059389349166 ], [ -99.124481952253078, 19.37603763508405 ], [ -99.124122312042758, 19.375966921676973 ], [ -99.123973577025254, 19.375936962296443 ], [ -99.123572719051936, 19.375861382177863 ], [ -99.123191682573491, 19.375786407715353 ], [ -99.122704751417913, 19.375703717348713 ], [ -99.122387038298555, 19.37565184933932 ], [ -99.122437720111648, 19.377766282029803 ], [ -99.122472290531192, 19.380166176172601 ], [ -99.122391037234848, 19.381444804741804 ], [ -99.1223555769173, 19.382476249511303 ], [ -99.121127996888873, 19.382392156579723 ], [ -99.120871229541009, 19.382373417723276 ], [ -99.12052284100713, 19.38235075016307 ], [ -99.120471156809984, 19.382349190216946 ], [ -99.118775647835179, 19.382296681388997 ], [ -99.118404373154618, 19.382271906368128 ], [ -99.118078917534532, 19.382230341193214 ], [ -99.117807165753575, 19.382215076247689 ], [ -99.117718786532038, 19.382210111431579 ], [ -99.117642155817506, 19.382214165425808 ], [ -99.117353142447072, 19.382229453404651 ], [ -99.117016359351013, 19.382199820151687 ], [ -99.116690765593418, 19.382173549105289 ], [ -99.116368299102305, 19.382153655805677 ], [ -99.116041998985125, 19.382109999907822 ], [ -99.115697840432446, 19.382074598602543 ], [ -99.115365039626866, 19.382051825390139 ], [ -99.115042644062868, 19.382004902757497 ], [ -99.11475211061925, 19.381966751843201 ], [ -99.114425971639903, 19.381923612585219 ], [ -99.114092912382446, 19.381881844424495 ], [ -99.113730515451024, 19.38184422132851 ], [ -99.113390315152301, 19.38180796999805 ], [ -99.113053279439015, 19.381767445037873 ], [ -99.1127879093481, 19.381728673459527 ], [ -99.112697662739834, 19.381714954738097 ], [ -99.112354415250365, 19.381658846607248 ], [ -99.112077709704224, 19.381619428498194 ], [ -99.112002461293443, 19.381608709610909 ], [ -99.111677354247078, 19.381564350169512 ], [ -99.111554190358703, 19.381546557187249 ], [ -99.111338773124771, 19.381514357311705 ], [ -99.111102487743779, 19.381476138433438 ], [ -99.110868788848776, 19.381442001626105 ], [ -99.110604514853023, 19.381401687137355 ], [ -99.109927118462821, 19.381281177747073 ], [ -99.109461815769023, 19.38121694554378 ], [ -99.109158056439085, 19.381180174536972 ], [ -99.108888877469298, 19.381146318547277 ], [ -99.108824934193976, 19.381138275654351 ], [ -99.10874954428084, 19.381128937306705 ], [ -99.10868477208453, 19.381121686527223 ], [ -99.10851440402655, 19.381102616497685 ], [ -99.10798124904349, 19.381056400664139 ], [ -99.107396209727483, 19.381005686214589 ], [ -99.107169784682782, 19.380985594256948 ], [ -99.106909083917671, 19.380959120139078 ], [ -99.106716169836233, 19.380937765293076 ], [ -99.106322243151197, 19.380882917204822 ], [ -99.106021647034979, 19.380836243263648 ], [ -99.105894824824148, 19.380824723172275 ], [ -99.105709534393753, 19.380809518124359 ], [ -99.105653814893827, 19.380804945986004 ], [ -99.105448506215154, 19.380782536012418 ], [ -99.105071502431258, 19.380733084226456 ], [ -99.104768468702161, 19.38069333490164 ], [ -99.104226277789081, 19.380620260727266 ], [ -99.103750259555369, 19.380558329063039 ], [ -99.103441720158642, 19.380518454142322 ], [ -99.103381089801005, 19.380509378101394 ], [ -99.103027020299265, 19.380462429542376 ], [ -99.101580631902834, 19.380270633561029 ], [ -99.101296849739853, 19.380240203227235 ], [ -99.101214683434677, 19.380232918800331 ], [ -99.101078249531184, 19.380223036445631 ], [ -99.100819152940133, 19.380195409480574 ], [ -99.099511548403299, 19.380069703841016 ], [ -99.099143904662427, 19.380031772557686 ], [ -99.098776260135296, 19.379993839627357 ], [ -99.09836295984617, 19.379948366420049 ], [ -99.098025988683148, 19.3799173858575 ], [ -99.097687745196311, 19.379882916954941 ], [ -99.097357217854068, 19.379849234961867 ], [ -99.097096124184517, 19.379822626780349 ], [ -99.096723855259683, 19.379784689454933 ], [ -99.096370579484415, 19.379742427803723 ], [ -99.095811479524599, 19.379625143257805 ], [ -99.095622741972761, 19.379536259459428 ], [ -99.095262710216574, 19.380137342160108 ], [ -99.09508601414862, 19.380432337112534 ], [ -99.09490208596624, 19.380739407686001 ], [ -99.09471782869349, 19.3810467258591 ], [ -99.094552877487288, 19.381322066160706 ], [ -99.094339484670982, 19.381678665016491 ], [ -99.093985023505908, 19.382270430159597 ], [ -99.093567418812299, 19.382929876680134 ], [ -99.093295237672294, 19.383359680406599 ], [ -99.0931946049038, 19.383518590534997 ], [ -99.092977762251863, 19.383861006359577 ], [ -99.092874884344027, 19.384023460073156 ], [ -99.092295574054248, 19.384945140910453 ], [ -99.092245179991892, 19.385025316458965 ], [ -99.091903412680836, 19.38556906120704 ], [ -99.091583313302564, 19.386078328841574 ], [ -99.091158836503965, 19.386753651616811 ], [ -99.090935423201842, 19.387098610400223 ], [ -99.090759435970213, 19.387373548674411 ], [ -99.090587333640016, 19.387643176329956 ], [ -99.090460551775635, 19.387841694821105 ], [ -99.090410666199062, 19.387919805471117 ], [ -99.090236959355067, 19.388191864612963 ], [ -99.089886107932671, 19.388741333254291 ], [ -99.089699596511679, 19.389026670362714 ], [ -99.089526139583185, 19.38929156119973 ], [ -99.089344256844726, 19.389569133520727 ], [ -99.089161129958129, 19.389848909555656 ], [ -99.088998842948115, 19.3900953908513 ], [ -99.08882507801961, 19.390361979254607 ], [ -99.088581222179727, 19.390732029841168 ], [ -99.088449986006992, 19.390692422712554 ], [ -99.088383242610689, 19.390673286159846 ], [ -99.086853149428109, 19.390234569585463 ], [ -99.086745468313794, 19.390156277583994 ], [ -99.086510691072519, 19.390052796724689 ], [ -99.084847054292268, 19.389671893970728 ], [ -99.084599886170565, 19.38943248284783 ], [ -99.084511920251884, 19.389953648492305 ], [ -99.084389866937215, 19.390619182580167 ], [ -99.084379841297974, 19.390670718784303 ], [ -99.084312876908967, 19.391014968602022 ], [ -99.084303053543422, 19.39106547083971 ], [ -99.084222704671234, 19.391506812644483 ], [ -99.084152845714783, 19.391901781903538 ], [ -99.084038275607966, 19.392521748845247 ], [ -99.084014906367727, 19.39264820220059 ], [ -99.083660384790264, 19.392463724738242 ], [ -99.083606864295788, 19.392435874729564 ], [ -99.083235406920338, 19.392242582916033 ], [ -99.083168520231084, 19.392211395096503 ], [ -99.082811644789089, 19.392022073052129 ], [ -99.082452608728602, 19.391841187593293 ], [ -99.082391433224501, 19.39180523785755 ], [ -99.08212806693372, 19.391667118941736 ], [ -99.081941700291679, 19.391569380640838 ], [ -99.081795329039338, 19.391487823510488 ], [ -99.081433458324028, 19.39128618947797 ], [ -99.081116812938973, 19.391131483292266 ], [ -99.08091675804927, 19.391033433731149 ], [ -99.080760941789507, 19.39095485323227 ], [ -99.080458768625959, 19.390797744580716 ], [ -99.080393882701799, 19.390763972891968 ], [ -99.080061036508184, 19.390591243515125 ], [ -99.079991615446147, 19.390555217065586 ], [ -99.079934224851272, 19.390525434591119 ], [ -99.079404181946302, 19.390255020596761 ], [ -99.079351829151221, 19.390228340048061 ], [ -99.078879373579582, 19.389987679069211 ], [ -99.078827345851366, 19.389961292843029 ], [ -99.078402492016821, 19.389745314326461 ], [ -99.078350749245061, 19.389719028153923 ], [ -99.077851945253002, 19.389465091007573 ], [ -99.077324161400725, 19.389196433107934 ], [ -99.077268022310179, 19.389166868858929 ], [ -99.076780863919126, 19.388910316541381 ], [ -99.076370100627287, 19.388693993810438 ], [ -99.076308828395753, 19.388661725651275 ], [ -99.075961673201078, 19.388478900951473 ], [ -99.07584985611922, 19.388420013594477 ], [ -99.07482804662493, 19.387881882591675 ], [ -99.074348793237363, 19.387639064371992 ], [ -99.073889993735008, 19.387406607774775 ], [ -99.073487335603744, 19.387202593924648 ], [ -99.073042956450422, 19.386977440521001 ], [ -99.072562299515212, 19.386733904171656 ], [ -99.072122500864111, 19.386511067451643 ], [ -99.071757767181452, 19.38632626336225 ], [ -99.071393033367599, 19.38614145853548 ], [ -99.070933830524936, 19.385897302118323 ], [ -99.070456634380065, 19.385643576481581 ], [ -99.069972452760382, 19.385386134323291 ], [ -99.069469045511539, 19.385118467982604 ], [ -99.068991767213788, 19.384864692409966 ], [ -99.067630968569034, 19.384140486779724 ], [ -99.066773751270631, 19.383728721407412 ], [ -99.066398235011633, 19.383635038090301 ], [ -99.065872521907082, 19.38353937866615 ], [ -99.063675743357706, 19.383156413426775 ], [ -99.060917327838794, 19.382679930748782 ], [ -99.060831273287789, 19.383138253030349 ], [ -99.060778456566638, 19.383548713428311 ], [ -99.060667088060342, 19.384379065559962 ], [ -99.060594615827128, 19.384852460050372 ], [ -99.060524746287513, 19.385308848129871 ], [ -99.060462137846315, 19.385746976589179 ], [ -99.060382526750004, 19.386168963704467 ], [ -99.060310794308478, 19.386760024314068 ], [ -99.060257329462871, 19.38707990646234 ], [ -99.060108071709323, 19.387972922477196 ], [ -99.060051268748552, 19.388312778059813 ], [ -99.059912860912831, 19.389140862645633 ], [ -99.059821699764527, 19.389686270133065 ], [ -99.059778414525354, 19.389911729713461 ], [ -99.059635749799156, 19.390708510150294 ], [ -99.059621535273465, 19.390803947767747 ], [ -99.059533392884589, 19.391395761448528 ], [ -99.059451572230472, 19.391910321271038 ], [ -99.059380610162066, 19.392304420270964 ], [ -99.059250921585459, 19.393030624633891 ], [ -99.0591201039624, 19.393824617058058 ], [ -99.059042683779936, 19.39429451553886 ], [ -99.058793355184136, 19.395103667265751 ], [ -99.058632247609069, 19.395626509514681 ], [ -99.058588763267664, 19.396084267817759 ], [ -99.058474255974403, 19.397140605027204 ], [ -99.058425565516131, 19.39766129696908 ], [ -99.058377543345273, 19.398005736189543 ], [ -99.058366160328234, 19.398174428097164 ], [ -99.058356994309065, 19.398329239819304 ], [ -99.058347254179694, 19.398492655222636 ], [ -99.058282680716658, 19.399936753409307 ], [ -99.058176633227461, 19.400881146920923 ], [ -99.056360758188973, 19.400037887522142 ], [ -99.055010926713351, 19.39941103271622 ], [ -99.053889009544477, 19.398890009311785 ], [ -99.052617965954937, 19.398310766881551 ], [ -99.051493207451898, 19.397798180190982 ], [ -99.050711287383095, 19.397441829115298 ], [ -99.049195825947763, 19.396751161049437 ], [ -99.048259413280007, 19.396323996860612 ], [ -99.047103839324535, 19.395796847309875 ], [ -99.046193272592276, 19.395381457578797 ], [ -99.04573436617288, 19.3951721080794 ], [ -99.044677592826957, 19.394690007911773 ], [ -99.043384053256617, 19.394099779972233 ], [ -99.043256426977166, 19.394041544220023 ], [ -99.042351898826652, 19.393626292757546 ], [ -99.041749529981132, 19.393349753413855 ], [ -99.040985782244476, 19.392999122789455 ], [ -99.040237469960303, 19.392659673698137 ], [ -99.039558058280221, 19.392351476489456 ], [ -99.038491872930464, 19.391865871887919 ], [ -99.037996980016473, 19.39164045288932 ], [ -99.037183899932714, 19.391266887071886 ], [ -99.036823869668339, 19.39110147111229 ], [ -99.035791621462053, 19.390627198177757 ], [ -99.034755434095317, 19.390114892046906 ], [ -99.034519312536446, 19.389998147981522 ], [ -99.03437253397729, 19.390089667606293 ], [ -99.033259525709738, 19.389567396559737 ], [ -99.032874309265424, 19.389386633813665 ], [ -99.032117601941422, 19.389047276456438 ], [ -99.031423414615148, 19.388735953314246 ], [ -99.030458205600169, 19.388284106892119 ], [ -99.029997492326103, 19.388068427797354 ], [ -99.030060001205769, 19.38795177210368 ], [ -99.029142942737892, 19.38756492956885 ], [ -99.028953253230071, 19.387482744801826 ], [ -99.027756583612046, 19.386956746987138 ], [ -99.027336308727655, 19.386772012222799 ], [ -99.026335157393518, 19.386313824889747 ], [ -99.024974931531375, 19.385688110147047 ], [ -99.023555621262261, 19.385050863044889 ], [ -99.022777262830061, 19.384683021793236 ], [ -99.022442293908753, 19.384534381655925 ], [ -99.021972281237041, 19.384318298281741 ], [ -99.021165338334157, 19.383944309082139 ], [ -99.020383669921301, 19.383585344304908 ], [ -99.01958130327732, 19.383217573331674 ], [ -99.019046189278839, 19.382971068871253 ], [ -99.018803154585797, 19.382847549625495 ], [ -99.01801692860225, 19.382447926186014 ], [ -99.01723775396043, 19.382051944311158 ], [ -99.016448558274561, 19.381638770118407 ], [ -99.015837842292584, 19.381320096453251 ], [ -99.015130733050739, 19.380948214370861 ], [ -99.014130803742262, 19.380380241944046 ], [ -99.013362333652736, 19.379943736403487 ], [ -99.012588276462139, 19.37950405046179 ], [ -99.011814223424196, 19.379064361203493 ], [ -99.011071181478911, 19.378642282275639 ], [ -99.010147178468813, 19.378114157598425 ], [ -99.00959165642972, 19.377853269635061 ], [ -99.009301385003226, 19.377682706305773 ], [ -99.008788858303504, 19.377396897799461 ], [ -99.007919265040528, 19.376887507005186 ], [ -99.00730873497919, 19.376531127954642 ], [ -99.005720061741116, 19.375603765540852 ], [ -99.004535950481554, 19.374920182842779 ], [ -99.004268092234582, 19.374770001765537 ], [ -99.002999844371629, 19.374055143649617 ], [ -99.002780277849652, 19.373928696984787 ], [ -99.000156693142458, 19.372417761613118 ], [ -98.999563015297809, 19.372082287718726 ], [ -98.998395622189108, 19.37142260922171 ], [ -98.998307457470347, 19.371371452670825 ], [ -98.997961701963149, 19.371170830551655 ], [ -98.997636701413882, 19.370982250272043 ], [ -98.997285697851567, 19.370778580311161 ], [ -98.996870324905899, 19.37053687500697 ], [ -98.996549663356404, 19.370350281058826 ], [ -98.996211253878158, 19.37015335741858 ], [ -98.995918750324279, 19.369983146696029 ], [ -98.995673283656416, 19.369840306154131 ], [ -98.995599412633652, 19.369797321072369 ], [ -98.995427826938567, 19.369697471605438 ], [ -98.994643966334252, 19.369241327533171 ], [ -98.9943044759043, 19.369043768584174 ], [ -98.993992060684022, 19.368861965562356 ], [ -98.993632978098773, 19.368653003218633 ], [ -98.99320945238604, 19.36841196430893 ], [ -98.993007008335141, 19.368296747941933 ], [ -98.99265079989901, 19.368094019512174 ], [ -98.992330934261176, 19.367911972927736 ], [ -98.991696721225821, 19.367551017880682 ], [ -98.991774648705203, 19.367079733083251 ], [ -98.991808360116579, 19.366875852556717 ], [ -98.99185339680038, 19.366603481350786 ], [ -98.99191752343387, 19.366371067700747 ], [ -98.992038248480014, 19.365933529998674 ], [ -98.99217986625203, 19.365420264818422 ], [ -98.992343072580425, 19.364787173587192 ], [ -98.992477071971507, 19.364267375609781 ], [ -98.992597679172803, 19.363799526232132 ], [ -98.99266457959672, 19.363540006701179 ], [ -98.992703642047147, 19.363388479387812 ], [ -98.992782009585127, 19.363084476722157 ], [ -98.992905955928464, 19.362603664066558 ], [ -98.992954259845376, 19.362433323131441 ], [ -98.993011750908749, 19.362230580995806 ], [ -98.9930631963759, 19.362049160379136 ], [ -98.993195018913681, 19.361584288718202 ], [ -98.993439427653541, 19.36072237313056 ], [ -98.993582620651452, 19.360217392045566 ], [ -98.993608954271721, 19.360121542129633 ], [ -98.993914147562265, 19.359010656606056 ], [ -98.994075519427497, 19.359033126025199 ], [ -98.994217527414875, 19.359039256997509 ], [ -98.99434017211388, 19.359010670344798 ], [ -98.994490789525315, 19.358937157165478 ], [ -98.994585466101825, 19.358810546068241 ], [ -98.994654322727712, 19.358700270950816 ], [ -98.99467369089669, 19.358585910394488 ], [ -98.994650028337261, 19.358410282685945 ], [ -98.994589787462147, 19.358279582087512 ], [ -98.994445633938923, 19.358103951630984 ], [ -98.994036839502471, 19.357683252623474 ], [ -98.993934771433871, 19.357449203988665 ], [ -98.993063315646197, 19.356774056877867 ], [ -98.992582252126908, 19.35639446984711 ], [ -98.991696261599643, 19.355695362972583 ], [ -98.990571137034124, 19.354643370373839 ], [ -98.987597140128059, 19.351766708574683 ], [ -98.987168610404069, 19.351363127324372 ], [ -98.986160797352454, 19.350413976444052 ], [ -98.98504936114071, 19.349337411107847 ], [ -98.98324553351587, 19.347608630972115 ], [ -98.982583189582542, 19.346980184257642 ], [ -98.981338866522663, 19.345801358132114 ], [ -98.98126586519723, 19.345732197777366 ], [ -98.981132790875307, 19.345606126632347 ], [ -98.979768783465431, 19.344304353007963 ], [ -98.979500812232217, 19.34403205400384 ], [ -98.979443988185025, 19.343973242488623 ], [ -98.978640389840436, 19.343141527020734 ], [ -98.978213043485468, 19.342622066591758 ], [ -98.977236791064925, 19.341251144080381 ], [ -98.976863471610855, 19.340666202486872 ], [ -98.976732600972767, 19.340461144612526 ], [ -98.976595384840323, 19.340231218650867 ], [ -98.976569574642738, 19.340187969803758 ], [ -98.976318560804131, 19.339767360736513 ], [ -98.975839576826161, 19.338965653158045 ], [ -98.975368709339904, 19.33822561082426 ], [ -98.975048008756104, 19.337876011435117 ], [ -98.974344025762775, 19.337108585473594 ], [ -98.971841047691882, 19.334995497580636 ], [ -98.968391155433451, 19.332082538058959 ], [ -98.965412902814933, 19.329547117512949 ], [ -98.964044431920584, 19.328382080654382 ], [ -98.959994510504615, 19.324930265832734 ], [ -98.960075358179253, 19.324924078494174 ], [ -98.960185404645898, 19.324915656229837 ], [ -98.96615310012659, 19.32483921051757 ], [ -98.96675483654677, 19.324830135618466 ], [ -98.968988422341795, 19.324796432009769 ], [ -98.969271893303102, 19.324800141026586 ], [ -98.97328589109938, 19.324857647995284 ], [ -98.975565824584052, 19.324885608478215 ], [ -98.975705482878553, 19.324862485152259 ], [ -98.975819562176056, 19.324892135643044 ], [ -98.975942477482022, 19.324924081815361 ], [ -98.976079462730226, 19.324926156737824 ], [ -98.976149265224009, 19.324930886999464 ], [ -98.976386744404294, 19.324901440724588 ], [ -98.97656171419456, 19.324960442951642 ], [ -98.977035615191937, 19.325075587766065 ], [ -98.977341610318987, 19.325179196057647 ], [ -98.977398570592399, 19.325198482537573 ], [ -98.977841759167177, 19.325340436214152 ], [ -98.978389647338204, 19.325356506228239 ], [ -98.978389674898906, 19.325146889053432 ], [ -98.978336716170048, 19.32487857331796 ], [ -98.978301415929408, 19.324660567967971 ], [ -98.978425073314284, 19.32461865919942 ], [ -98.978539906917106, 19.324509672168027 ], [ -98.978601794543493, 19.324031753667551 ], [ -98.97869896803374, 19.323889225883036 ], [ -98.978974588400348, 19.32393185278238 ], [ -98.97937719465466, 19.323954906078502 ], [ -98.979440866505712, 19.323956388165094 ], [ -98.979705834182326, 19.323948032971025 ], [ -98.979761179845212, 19.323974310746753 ], [ -98.979935459636877, 19.324057058963408 ], [ -98.980332902293981, 19.324124179397739 ], [ -98.980641966332072, 19.324669216278981 ], [ -98.979599618773392, 19.325792647858322 ], [ -98.979634519690961, 19.325791882679209 ], [ -98.984494896555105, 19.325685246194375 ], [ -98.989424690925063, 19.325576953282063 ], [ -98.997350839408512, 19.325402561021573 ], [ -98.99976383055315, 19.325349401536048 ], [ -99.001373344015477, 19.324966512228968 ], [ -99.003883354008366, 19.324369371813575 ], [ -99.008830282947343, 19.323192365141125 ], [ -99.008876943290829, 19.323181262276904 ], [ -99.010501517054649, 19.322794699246849 ], [ -99.018630995590215, 19.320860067482496 ], [ -99.02132680268879, 19.32021843523664 ], [ -99.022865384032613, 19.319852216375835 ], [ -99.023895010644168, 19.319607132797533 ], [ -99.026018908582699, 19.319101556477282 ], [ -99.026056424428162, 19.319092625814559 ], [ -99.026109587813465, 19.319079970411938 ], [ -99.026162751190583, 19.319067314993809 ], [ -99.02732004378862, 19.318791818209171 ], [ -99.030045916326586, 19.318142884086289 ], [ -99.03194959032723, 19.317689659946527 ], [ -99.039276214808254, 19.314920981513104 ], [ -99.039719887340297, 19.314753308140201 ], [ -99.039800918033393, 19.314832357571277 ], [ -99.039870004758782, 19.31489860632713 ], [ -99.040036923712478, 19.315058670483062 ], [ -99.040076946300047, 19.315097049752257 ], [ -99.040132137601773, 19.315091521207837 ], [ -99.040477900300317, 19.315418248936325 ], [ -99.041725375235032, 19.314347417701754 ], [ -99.041793560119316, 19.314409963325559 ], [ -99.041965074259593, 19.314207519291958 ], [ -99.042187210078396, 19.313945629097052 ], [ -99.04221955315127, 19.313907461298523 ], [ -99.042404970828173, 19.3136862628775 ], [ -99.042507474063626, 19.313563977793834 ], [ -99.042608624891969, 19.313443306138609 ], [ -99.042683262465999, 19.313354264215825 ], [ -99.042817474194905, 19.313194151019179 ], [ -99.042837306885573, 19.313170491032345 ], [ -99.042960932526498, 19.313023005427006 ], [ -99.043041548723068, 19.312926831456586 ], [ -99.043167137178145, 19.312777003660994 ], [ -99.043271145975822, 19.312650412375696 ], [ -99.043497041822363, 19.312375470588577 ], [ -99.043514413343544, 19.312354326214997 ], [ -99.043629398333934, 19.312214374859643 ], [ -99.044603652011347, 19.312911469629455 ], [ -99.045135135972757, 19.313360697157453 ], [ -99.045266068564487, 19.313393320377418 ], [ -99.045732607349322, 19.312794606221093 ], [ -99.045879169368334, 19.312606520608099 ], [ -99.045892549400548, 19.312589348939603 ], [ -99.046583975739281, 19.311702019646361 ], [ -99.046900476315244, 19.31190376399438 ], [ -99.047157714352863, 19.312067732417134 ], [ -99.04718898577498, 19.312101922670767 ], [ -99.047220258162, 19.312136112918651 ], [ -99.047376251257504, 19.312248640242736 ], [ -99.047405627568622, 19.312269829780472 ], [ -99.047560114681886, 19.312381270140087 ], [ -99.047690144210961, 19.312475066764627 ], [ -99.047751822837171, 19.312519557905823 ], [ -99.047859981641636, 19.312597579063077 ], [ -99.048131498325361, 19.312793489475524 ], [ -99.048931922110214, 19.311788071810231 ], [ -99.049325995248282, 19.311293067198289 ], [ -99.049627293361283, 19.310932365228279 ], [ -99.049920074786357, 19.311149873794417 ], [ -99.050379421919885, 19.311491121834642 ], [ -99.051210072833015, 19.312108204906117 ], [ -99.051458069376096, 19.311784688342172 ], [ -99.051669216589858, 19.311509240831779 ], [ -99.052049927010728, 19.311012591128002 ], [ -99.052742753453231, 19.311499047728923 ], [ -99.052778883717565, 19.311572493081059 ], [ -99.052861476837805, 19.31176835250503 ], [ -99.053042049923249, 19.311893175864366 ], [ -99.053367493084707, 19.312085226442374 ], [ -99.053568265797537, 19.312167259524877 ], [ -99.053911195002186, 19.311744250901185 ], [ -99.054104862634986, 19.311505356509134 ], [ -99.054106570595422, 19.311503202395901 ], [ -99.054249179929926, 19.311323429228548 ], [ -99.054371271624433, 19.311169517092683 ], [ -99.054574511153433, 19.310913310049575 ], [ -99.05488508776827, 19.310521788214171 ], [ -99.055182842192508, 19.310156949861028 ], [ -99.055670329205796, 19.309559628131986 ], [ -99.055758354251807, 19.309451876613146 ], [ -99.056298404282856, 19.308810209663228 ], [ -99.05637253863604, 19.308722124751117 ], [ -99.056532925223038, 19.308525510337027 ], [ -99.056929112436165, 19.308039274680638 ], [ -99.057267107491001, 19.307623191903254 ], [ -99.057438527678713, 19.307411884758192 ], [ -99.058390190051995, 19.306240620217839 ], [ -99.059820064928715, 19.304509661234569 ], [ -99.060479817439202, 19.304732963616743 ], [ -99.060846194181067, 19.304856293408527 ], [ -99.062599606764564, 19.30544651484189 ], [ -99.06339156513144, 19.305713437127228 ], [ -99.063414187393263, 19.30564946358912 ], [ -99.063439253279924, 19.305578579216817 ], [ -99.063708461560552, 19.304817270416812 ], [ -99.063823724125072, 19.304491311425455 ], [ -99.064160431068615, 19.303527702653085 ], [ -99.064361922427352, 19.302951054792885 ], [ -99.064434944977862, 19.302742072066515 ], [ -99.064486826932679, 19.302579848067342 ], [ -99.064504147513432, 19.302525688135042 ], [ -99.064791027320538, 19.301628660470122 ], [ -99.064600287333533, 19.301109133536119 ], [ -99.064425146831255, 19.300632094655608 ], [ -99.06412616453882, 19.299881438915371 ], [ -99.064098654413854, 19.299812690328704 ], [ -99.063723853415951, 19.298876061074171 ], [ -99.063650409788707, 19.298752198562486 ], [ -99.063615033510615, 19.298694172785169 ], [ -99.063495959393094, 19.298513729456687 ], [ -99.063478151418806, 19.298488536698773 ], [ -99.06346034440179, 19.298463343938735 ], [ -99.063266905579326, 19.298189673088093 ], [ -99.063043889176143, 19.297895515439137 ], [ -99.062837805529966, 19.297623690298778 ], [ -99.062663128046921, 19.297384607448162 ], [ -99.06267442707599, 19.29719944553251 ], [ -99.062659135044413, 19.296981727408269 ], [ -99.062652053200651, 19.296880905101037 ], [ -99.06264036807579, 19.296834349380212 ], [ -99.062521201727506, 19.296359572060105 ], [ -99.062458341039999, 19.296109124096766 ], [ -99.062351319224078, 19.295687778758332 ], [ -99.062129747104379, 19.294889466698692 ], [ -99.062005151960548, 19.294443189294086 ], [ -99.061715618128162, 19.294231970534899 ], [ -99.061554721150102, 19.294114594761975 ], [ -99.061570891115053, 19.293704182312975 ], [ -99.06159283688325, 19.293147161487543 ], [ -99.061614782508741, 19.292590140625958 ], [ -99.062054829929423, 19.292118173673469 ], [ -99.062438231156364, 19.291706958119061 ], [ -99.062782006616175, 19.29133824107079 ], [ -99.063382808105771, 19.290716519215273 ], [ -99.063517131875159, 19.290584153327497 ], [ -99.063714437537413, 19.290389722752039 ], [ -99.064277376829466, 19.289853049398491 ], [ -99.064978691869186, 19.289100947672402 ], [ -99.065340364514299, 19.288743593833583 ], [ -99.065414459488153, 19.28867031739922 ], [ -99.065661625688406, 19.288391983509477 ], [ -99.06569327784149, 19.288356339476593 ], [ -99.065922739831663, 19.288129412698442 ], [ -99.065985124537079, 19.288067716258045 ], [ -99.066312599711367, 19.287743856376316 ], [ -99.066671677636933, 19.287388739369437 ], [ -99.066912763765387, 19.287150312420234 ], [ -99.0669285104605, 19.287133336223967 ], [ -99.066957657819557, 19.287101910640249 ], [ -99.06704011821229, 19.287054179198119 ], [ -99.067159042041283, 19.286925964411502 ], [ -99.067345367337822, 19.286725082095728 ], [ -99.067531692180083, 19.286524199586882 ], [ -99.067705153535769, 19.286337185023672 ], [ -99.067903813462365, 19.286123002638345 ], [ -99.068031036331718, 19.285985838971282 ], [ -99.068071086504673, 19.285942658719222 ], [ -99.068254420497041, 19.285744998408344 ], [ -99.068436145353218, 19.285549071886582 ], [ -99.068487014764912, 19.285494227434725 ], [ -99.068522998726749, 19.28545543174538 ], [ -99.068610605451369, 19.285360977913243 ], [ -99.068741365119877, 19.285219998631952 ], [ -99.068973355719137, 19.28496987614129 ], [ -99.069094010837844, 19.284839888993517 ], [ -99.071411406669071, 19.287050436912423 ], [ -99.07203563465221, 19.287572491987824 ], [ -99.072183944661262, 19.287696525049235 ], [ -99.072433441176102, 19.28792893051429 ], [ -99.074501200037048, 19.289327671694387 ], [ -99.07504155857923, 19.289693190283916 ], [ -99.075330259940998, 19.29007891580093 ], [ -99.076066867408059, 19.290968615829588 ], [ -99.07690853147615, 19.291977449186611 ], [ -99.076982866191628, 19.292066606090589 ], [ -99.077811122338346, 19.29308803167789 ], [ -99.077894046611263, 19.293190295080986 ], [ -99.078084638489997, 19.293425012345974 ], [ -99.078701948031025, 19.294185233846829 ], [ -99.079007130221953, 19.29456106382338 ], [ -99.079233612563598, 19.294839973415357 ], [ -99.079730669945661, 19.295452089896195 ], [ -99.080009491049793, 19.295795451072198 ], [ -99.080416289548822, 19.296296407302641 ], [ -99.082281504192011, 19.298501784960369 ], [ -99.082557521490585, 19.29881909761766 ], [ -99.083119820303949, 19.299465515269699 ], [ -99.083241850884093, 19.299592843412157 ], [ -99.083393171808211, 19.299750732468247 ], [ -99.083545018613506, 19.299931472179257 ], [ -99.083783884140274, 19.300215786352236 ], [ -99.084029389808165, 19.300508002144081 ], [ -99.084548280352138, 19.3011256574767 ], [ -99.084812848745244, 19.30144051464201 ], [ -99.085077401030446, 19.301755394914387 ], [ -99.085312453535764, 19.302035162083484 ], [ -99.085502725967672, 19.302261629369195 ], [ -99.085612194415461, 19.302387687487709 ], [ -99.085858640710839, 19.302671482871212 ], [ -99.086105088808708, 19.302955277909472 ], [ -99.086342378220152, 19.303228524890592 ], [ -99.086599296201925, 19.303524372861965 ], [ -99.086628360720709, 19.303557841659352 ], [ -99.086874775282894, 19.303841594065954 ], [ -99.087056424657106, 19.304050766233356 ], [ -99.087202473555877, 19.304203621626883 ], [ -99.087656314502681, 19.30467861040713 ], [ -99.087717061180342, 19.304742188101674 ], [ -99.088057149332926, 19.305169247421809 ], [ -99.088800805787244, 19.306103071792581 ], [ -99.089128745374822, 19.306514867199702 ], [ -99.089394474175862, 19.306848544477617 ], [ -99.089717344506909, 19.307253969916328 ], [ -99.089949948420141, 19.307546046421912 ], [ -99.090447826162176, 19.308171219228829 ], [ -99.090885058883856, 19.308720237579482 ], [ -99.092395558652399, 19.310616880889349 ], [ -99.094409271883222, 19.313145291660593 ], [ -99.0951644379481, 19.314077616305219 ], [ -99.095547947968456, 19.314551090504573 ], [ -99.095698327438868, 19.314714071096901 ], [ -99.096546965985013, 19.315742939347153 ], [ -99.096815513592233, 19.316048534728267 ], [ -99.097223752075351, 19.316588452922783 ], [ -99.097535330971738, 19.317046892186919 ], [ -99.097975814831898, 19.317647939083351 ], [ -99.098727888250821, 19.318707422881371 ], [ -99.098749523687559, 19.318982574442291 ], [ -99.098728328858584, 19.319441191347224 ], [ -99.098814416291859, 19.319787647105379 ], [ -99.098889886331619, 19.320327741244284 ], [ -99.098781452872387, 19.320493984400169 ], [ -99.099032522168287, 19.320469400402203 ], [ -99.099096711829219, 19.320750900097188 ], [ -99.099135705103095, 19.320921635306693 ] ] ] } },
{ "type": "Feature", "properties": { "alcaldia_norm": "LA MAGDALENA CONTRERAS", "alcaldia": "LA MAGDALENA CONTRERAS", "cve_col": "08-001", "colonia": "ATACAXCO", "pob_2010": 1661.0, "SUP_COL_M2": 98045.5, "VIV2010": 424, "DENVIVHa": 43.2452, "SUPMNZHa": 9.80455, "C_DENVIVHa": 3 }, "geometry": { "type": "Polygon", "coordinates": [ [ [ -99.244085279986066, 19.275919273700239 ], [ -99.244008273070264, 19.275784443459276 ], [ -99.243866260995134, 19.275839335175874 ], [ -99.243524096867304, 19.275624608455498 ], [ -99.243443186258261, 19.275409572156988 ], [ -99.243600242243062, 19.275139496747915 ], [ -99.243665147831067, 19.27488230752267 ], [ -99.243810570346355, 19.274537487748034 ], [ -99.243967575379969, 19.27423459022403 ], [ -99.244135791544153, 19.27400619236419 ], [ -99.244301447278062, 19.273673807667151 ], [ -99.244365941047093, 19.273541157956615 ], [ -99.244459875020937, 19.273307858715572 ], [ -99.244633826305531, 19.272935198491922 ], [ -99.244555730079696, 19.272767876082856 ], [ -99.244498240875586, 19.272661696304635 ], [ -99.244391337156856, 19.272538242607549 ], [ -99.244137527519158, 19.27230153739384 ], [ -99.244045177594117, 19.272177668210734 ], [ -99.243914284841296, 19.271959032295904 ], [ -99.243806433237452, 19.271740365550198 ], [ -99.243731906570844, 19.271056386860799 ], [ -99.243775851155547, 19.270709201633199 ], [ -99.243764019640551, 19.27057631134479 ], [ -99.243819756286655, 19.270361841111587 ], [ -99.243793151020554, 19.270268731275159 ], [ -99.243688508591816, 19.269902514438755 ], [ -99.243718853539136, 19.269647194871133 ], [ -99.243941099802072, 19.269318682445689 ], [ -99.244248208042961, 19.269245335521624 ], [ -99.244470517599026, 19.268960584866932 ], [ -99.244954154818103, 19.268806769685234 ], [ -99.245330178475029, 19.268594748872754 ], [ -99.245560242059284, 19.268361042139635 ], [ -99.245882458133565, 19.268119917158721 ], [ -99.246012838901706, 19.267995749230465 ], [ -99.246188713839103, 19.267477661076608 ], [ -99.246202863153187, 19.267226088076086 ], [ -99.246141912965371, 19.266996340183645 ], [ -99.2461417607078, 19.266894338438451 ], [ -99.246095287494654, 19.266631719329208 ], [ -99.246094884753745, 19.266361853498317 ], [ -99.245894903743036, 19.266165192166735 ], [ -99.246385499235927, 19.265153370545523 ], [ -99.246668388773784, 19.264794104752106 ], [ -99.248065977767581, 19.26436155323054 ], [ -99.249974567454174, 19.264484563485109 ], [ -99.251865497501839, 19.265415066861369 ], [ -99.252217008920738, 19.266193248170595 ], [ -99.252695030655516, 19.269132799985286 ], [ -99.253860608621579, 19.26916260088592 ], [ -99.254478139842718, 19.269399233119927 ], [ -99.257536712180908, 19.267602699009728 ], [ -99.259141391197574, 19.269122058374911 ], [ -99.259408462867967, 19.270506489636759 ], [ -99.260272379515712, 19.270571772976595 ], [ -99.260436993894601, 19.271325338176592 ], [ -99.258824259868049, 19.27360168602198 ], [ -99.264157165097075, 19.269663183066257 ], [ -99.268505321662687, 19.269394055428574 ], [ -99.267629766215833, 19.273940083624975 ], [ -99.263847514552992, 19.279550061724866 ], [ -99.262359214668862, 19.283271519710947 ], [ -99.252745022314301, 19.289270577890509 ], [ -99.250693694025713, 19.290550443134876 ], [ -99.249912977751478, 19.291288301417097 ], [ -99.249858731053777, 19.291337897502345 ], [ -99.249695961614307, 19.291486919768733 ], [ -99.249211502757362, 19.291926014039909 ], [ -99.249411127603437, 19.292069530013627 ], [ -99.250122817639379, 19.293010660535742 ], [ -99.251809613808518, 19.293399599338105 ], [ -99.253057094791373, 19.293691317111396 ], [ -99.253817197657071, 19.294364663814214 ], [ -99.255659172865919, 19.293414843493764 ], [ -99.255758538903194, 19.293493760190838 ], [ -99.256334879616759, 19.29290335877754 ], [ -99.256561081805032, 19.292669873599596 ], [ -99.257178635758507, 19.292041099689062 ], [ -99.257529181351529, 19.291682864048529 ], [ -99.259205173750232, 19.289172155755807 ], [ -99.259943289698853, 19.288813772687647 ], [ -99.260439249838939, 19.288720813191208 ], [ -99.260931655806274, 19.289054561217743 ], [ -99.260307563977008, 19.289914567170747 ], [ -99.2602312630505, 19.289983116478094 ], [ -99.260880912834452, 19.290248731279913 ], [ -99.261228435283698, 19.289729191979713 ], [ -99.261651789495616, 19.288911247421893 ], [ -99.262037058353329, 19.288462846755209 ], [ -99.262491894861668, 19.288193472400426 ], [ -99.263211152615938, 19.287960893874395 ], [ -99.263325431202603, 19.28792498202667 ], [ -99.263682751821193, 19.287812692929251 ], [ -99.264151793121826, 19.287665293371568 ], [ -99.264564999181971, 19.287686491632027 ], [ -99.265082006286235, 19.288023575493778 ], [ -99.265518710588083, 19.28838256991795 ], [ -99.265780392865125, 19.288365289566308 ], [ -99.26638890640065, 19.290136389437105 ], [ -99.26639808282242, 19.290163097613537 ], [ -99.267279254287772, 19.292727704030156 ], [ -99.265986200579022, 19.293228100365972 ], [ -99.266582690293646, 19.294172338267369 ], [ -99.266163793072351, 19.294287110498541 ], [ -99.267002657333109, 19.297114984996725 ], [ -99.267396770808006, 19.297902381830827 ], [ -99.267689903162974, 19.29794683163443 ], [ -99.26820091912208, 19.298269215473731 ], [ -99.267947149620582, 19.299176157230182 ], [ -99.26750402708015, 19.299912832956785 ], [ -99.2679006953542, 19.300444305093954 ], [ -99.268588807610243, 19.30076971097747 ], [ -99.268818356675666, 19.300986984378664 ], [ -99.268372352316831, 19.301202555045588 ], [ -99.268651392880898, 19.301202528734123 ], [ -99.269363488454673, 19.30120222416539 ], [ -99.269830588013761, 19.301202066702771 ], [ -99.270082736841232, 19.301383339290986 ], [ -99.27056412588658, 19.301729412507051 ], [ -99.271083912569395, 19.302079080287392 ], [ -99.271496007389544, 19.302355738877704 ], [ -99.271816926022623, 19.302578041841215 ], [ -99.271729435375946, 19.302694542799767 ], [ -99.272081459495979, 19.302459757894091 ], [ -99.273305088388028, 19.302416067506226 ], [ -99.273748890326175, 19.302492705882223 ], [ -99.27472076191053, 19.303294637209333 ], [ -99.274785691642677, 19.304960397721509 ], [ -99.275111950103238, 19.306530718879625 ], [ -99.275124328829222, 19.306590302136492 ], [ -99.278214589778358, 19.304084541914104 ], [ -99.278788117041913, 19.315802269599647 ], [ -99.278131851063961, 19.317435438481198 ], [ -99.277688133877732, 19.317680939108989 ], [ -99.276564888693073, 19.317312720101224 ], [ -99.276544768885202, 19.317303207220569 ], [ -99.27595324616648, 19.316916281075116 ], [ -99.274949087206323, 19.316492772358792 ], [ -99.27460629734648, 19.316348196687848 ], [ -99.274520021098667, 19.315758870849827 ], [ -99.274351799604545, 19.315517002115843 ], [ -99.274314914685831, 19.315463969796564 ], [ -99.274189523263189, 19.314776085759988 ], [ -99.27375424301421, 19.314521170055315 ], [ -99.27361395298027, 19.314211747361959 ], [ -99.273567190072669, 19.314108607038431 ], [ -99.272862228535814, 19.313559203569152 ], [ -99.272778779870237, 19.313185803281069 ], [ -99.272135751761411, 19.312518350369608 ], [ -99.271576302799431, 19.31230293211388 ], [ -99.271310747609959, 19.311369513794322 ], [ -99.271129432665063, 19.311291146106019 ], [ -99.270906897213109, 19.311330795182457 ], [ -99.270834471461654, 19.311360391397045 ], [ -99.270762045683824, 19.311389987583116 ], [ -99.270626747265055, 19.311501240435611 ], [ -99.270482865786619, 19.311611567838714 ], [ -99.270280843443331, 19.311533230903184 ], [ -99.2701693022521, 19.311529866103182 ], [ -99.270125532816039, 19.311528545479927 ], [ -99.269913479585284, 19.311646815002419 ], [ -99.269484092058732, 19.311819467395505 ], [ -99.269287471627607, 19.311878735979011 ], [ -99.269194491553918, 19.312001743403286 ], [ -99.268988007297622, 19.312360828728139 ], [ -99.268863749308565, 19.312351181978794 ], [ -99.268672095707984, 19.312282656960967 ], [ -99.268599520645168, 19.312221329133244 ], [ -99.268547540889998, 19.312091162764883 ], [ -99.268479945830478, 19.311909414555888 ], [ -99.266994607390245, 19.312152418946354 ], [ -99.266822571055883, 19.31141053453198 ], [ -99.266755320914271, 19.311440121567927 ], [ -99.266646752282995, 19.311528747299604 ], [ -99.266558891064875, 19.311617341816955 ], [ -99.26653342220888, 19.311872949417413 ], [ -99.266487085473187, 19.312030290553686 ], [ -99.266539227807897, 19.31226121055666 ], [ -99.266394262403679, 19.312251592368245 ], [ -99.266290743113771, 19.312261573335032 ], [ -99.266187223810519, 19.312271554243221 ], [ -99.265975643599205, 19.312684706603484 ], [ -99.265847066081221, 19.313205863694503 ], [ -99.2656553431448, 19.313757272802849 ], [ -99.265590401864529, 19.313856258006606 ], [ -99.26542540944746, 19.314107740477638 ], [ -99.265166155613215, 19.314471658210959 ], [ -99.265053978803323, 19.31462912083963 ], [ -99.264988446780904, 19.314721108199681 ], [ -99.264907918990701, 19.314812406072946 ], [ -99.264827390157919, 19.314903703008465 ], [ -99.264748902481045, 19.314974512097802 ], [ -99.264708313608011, 19.315011130483235 ], [ -99.264681617771217, 19.315035214756485 ], [ -99.264489862123739, 19.315239736717896 ], [ -99.263837700531553, 19.315816941677731 ], [ -99.263765591853712, 19.315872367770154 ], [ -99.263274443704205, 19.316267192906949 ], [ -99.263151333533614, 19.316366158144501 ], [ -99.263132981410521, 19.316384627935342 ], [ -99.263102941320312, 19.316414858550967 ], [ -99.263072901220511, 19.316445090065386 ], [ -99.263012821938261, 19.316505552174391 ], [ -99.262887570058965, 19.316631601495214 ], [ -99.262762318938286, 19.316757649825469 ], [ -99.262778572998201, 19.31683144940601 ], [ -99.262783772074968, 19.316855054574361 ], [ -99.262793106834437, 19.316897440524084 ], [ -99.262720651065081, 19.317066217939587 ], [ -99.262703448986159, 19.317106287888112 ], [ -99.262657983945829, 19.317155795510793 ], [ -99.262542500412565, 19.317280305033904 ], [ -99.262458002318184, 19.317310143059974 ], [ -99.262373505144637, 19.317339981045794 ], [ -99.262304257647259, 19.3173511757124 ], [ -99.262216717785932, 19.317365326537406 ], [ -99.261765614180902, 19.317658575894651 ], [ -99.26167924315493, 19.318052600435191 ], [ -99.261647051090165, 19.318199464761797 ], [ -99.261539509709962, 19.318450681458391 ], [ -99.261431968006761, 19.318701898992263 ], [ -99.261392822104014, 19.318793342961541 ], [ -99.261280950419675, 19.31905467392037 ], [ -99.26110678760304, 19.31929475872181 ], [ -99.260988035621352, 19.319458459470003 ], [ -99.260932625230652, 19.319534842451553 ], [ -99.260710494436807, 19.319943394681285 ], [ -99.260624623187695, 19.320101333007273 ], [ -99.260538750823102, 19.320259271293402 ], [ -99.260459751049552, 19.320420614919996 ], [ -99.260346454768083, 19.320652003138953 ], [ -99.260322434918947, 19.320681310129061 ], [ -99.260298415061243, 19.320710617116006 ], [ -99.260249084113923, 19.320770807219798 ], [ -99.260199752180071, 19.320830998215353 ], [ -99.26005304927358, 19.321009993173998 ], [ -99.259621801326617, 19.321342016004419 ], [ -99.259492653892494, 19.321449620702399 ], [ -99.259475695221525, 19.321463750240206 ], [ -99.259401611522236, 19.32152547551587 ], [ -99.259356175673119, 19.321564715903587 ], [ -99.259217611952209, 19.321664988281182 ], [ -99.259045934893734, 19.321856894262101 ], [ -99.258941037778527, 19.321974150304733 ], [ -99.258933636008862, 19.321982423612685 ], [ -99.258926234239894, 19.321990697824063 ], [ -99.258911430699698, 19.322007246245924 ], [ -99.25847848810848, 19.322305372603822 ], [ -99.258340589901749, 19.322325879290535 ], [ -99.258271641261686, 19.322336133046122 ], [ -99.258202691659307, 19.32234638587336 ], [ -99.258144819425254, 19.322382333203475 ], [ -99.258033140550936, 19.322451703362983 ], [ -99.257921460628452, 19.322521072552281 ], [ -99.257640229948663, 19.322695758799831 ], [ -99.257473848836511, 19.322909695987661 ], [ -99.257378666451572, 19.323058455898501 ], [ -99.257335472109418, 19.323126620105214 ], [ -99.257258380099827, 19.323248276880197 ], [ -99.257134109804738, 19.323444383415257 ], [ -99.257106515668539, 19.323487928763679 ], [ -99.256966634119934, 19.323708668457819 ], [ -99.25695345521595, 19.323729465576431 ], [ -99.256915736070425, 19.323788989543335 ], [ -99.256622691073446, 19.324238678619569 ], [ -99.256533225760066, 19.324424712498953 ], [ -99.256461203155965, 19.324469134494493 ], [ -99.256329901055807, 19.324829691184746 ], [ -99.256319063537973, 19.32485945086675 ], [ -99.256308226016301, 19.324889210548072 ], [ -99.25627671005681, 19.324957673488701 ], [ -99.256262301203577, 19.324988971814488 ], [ -99.25622361255715, 19.32507301608366 ], [ -99.256108713360149, 19.325322610432522 ], [ -99.25602999431517, 19.325543824708809 ], [ -99.255988799165181, 19.325615840189968 ], [ -99.255964913347981, 19.325657596194848 ], [ -99.255899913403724, 19.325771492258141 ], [ -99.255834912416702, 19.32588538739547 ], [ -99.255769912293673, 19.325999283411662 ], [ -99.255702374807427, 19.326089772753967 ], [ -99.255518597650493, 19.326336005611513 ], [ -99.255370365411977, 19.326534613483872 ], [ -99.255026545510916, 19.326702601769551 ], [ -99.254826074975128, 19.326800549852109 ], [ -99.25415609479272, 19.326979768945023 ], [ -99.253785144104796, 19.327044329245815 ], [ -99.253471814816336, 19.327098860459628 ], [ -99.252625550863669, 19.327104512724702 ], [ -99.252249174937788, 19.327200775738049 ], [ -99.251896438819045, 19.327178708934554 ], [ -99.251590599579259, 19.327159709080686 ], [ -99.251502281608012, 19.32715404884258 ], [ -99.251222760324396, 19.327130167178581 ], [ -99.250655487928128, 19.327081699928168 ], [ -99.250324549281416, 19.327131092363036 ], [ -99.250281848028649, 19.327137466235769 ], [ -99.250190627326162, 19.327151080476835 ], [ -99.25001300850748, 19.327177590071933 ], [ -99.249980172350817, 19.327182489922087 ], [ -99.249835389628018, 19.327204098590862 ], [ -99.249745045738479, 19.32722905954191 ], [ -99.249579998207608, 19.327274659056243 ], [ -99.249443074662068, 19.327340594540164 ], [ -99.249188503346076, 19.327463182863358 ], [ -99.248969071734251, 19.327541910046566 ], [ -99.248694273370802, 19.327640353240039 ], [ -99.248027985191612, 19.327899082117678 ], [ -99.247906383205404, 19.327913520978182 ], [ -99.247784781196842, 19.327927959757833 ], [ -99.247407639406958, 19.327972740123034 ], [ -99.24660000732986, 19.32806863442098 ], [ -99.246402427578815, 19.328092093015492 ], [ -99.246294961797503, 19.328104852454292 ], [ -99.246020650103176, 19.328171451676344 ], [ -99.245754294125689, 19.328181475318342 ], [ -99.245381393676823, 19.328144937215498 ], [ -99.244993674084938, 19.328367281726155 ], [ -99.244509673274209, 19.328524412166239 ], [ -99.244323406517424, 19.328597397622136 ], [ -99.24379109512428, 19.328525374269933 ], [ -99.24371986808508, 19.328494842076317 ], [ -99.243059627222266, 19.328211816563648 ], [ -99.242776344261344, 19.32791431459523 ], [ -99.242467621956536, 19.327786306215771 ], [ -99.24214670662613, 19.327264561929095 ], [ -99.24197974111307, 19.326993106925954 ], [ -99.240887505141956, 19.325217310473207 ], [ -99.240652063109863, 19.32485527873806 ], [ -99.240574896627024, 19.324699641587003 ], [ -99.240320949203578, 19.324502661305051 ], [ -99.23975649218319, 19.324522641005125 ], [ -99.239302992712339, 19.324694573054714 ], [ -99.23921240915621, 19.324662323875746 ], [ -99.238785026797316, 19.324497215666437 ], [ -99.238737809280437, 19.324507310695942 ], [ -99.238241053945202, 19.32454662005129 ], [ -99.238171782665802, 19.324549295194235 ], [ -99.237514780937644, 19.324557456834796 ], [ -99.237153317931813, 19.32462784703301 ], [ -99.236330677857126, 19.32527090339255 ], [ -99.236393544827052, 19.3255305161214 ], [ -99.233223237655565, 19.327615775593223 ], [ -99.232977968797115, 19.327951881921628 ], [ -99.232632006311135, 19.328175006400233 ], [ -99.231942121693024, 19.32895593291337 ], [ -99.231568601347945, 19.329236756567745 ], [ -99.231213863222862, 19.329794634865749 ], [ -99.230459931284585, 19.330186806069147 ], [ -99.229342559914741, 19.330565683218879 ], [ -99.228419984036648, 19.331027471798254 ], [ -99.227503186805265, 19.331376772947362 ], [ -99.227178135297763, 19.331557478788717 ], [ -99.226319940718909, 19.331573804654422 ], [ -99.225961338653434, 19.331756742430645 ], [ -99.225359243916074, 19.331952146651989 ], [ -99.225182289206657, 19.332231142635955 ], [ -99.224990888127849, 19.332277391462704 ], [ -99.224811533726964, 19.332270710913861 ], [ -99.224358701916699, 19.332549649327071 ], [ -99.224196612669189, 19.33276381051633 ], [ -99.223764518453621, 19.332968074727425 ], [ -99.223271653654919, 19.33302534016293 ], [ -99.223193974971778, 19.333072854011849 ], [ -99.22200632666916, 19.333799293840318 ], [ -99.221716720912539, 19.333614054380277 ], [ -99.221169543466345, 19.333800310905612 ], [ -99.220340710553643, 19.333897822095587 ], [ -99.219570079046122, 19.334056651659534 ], [ -99.219104052232083, 19.334152700512249 ], [ -99.218723982266752, 19.334482151870294 ], [ -99.218128003003216, 19.334657716107092 ], [ -99.217871088904616, 19.334651121536844 ], [ -99.21712775033906, 19.334829635728827 ], [ -99.216977253942304, 19.335017992402779 ], [ -99.216416744536815, 19.335327866468834 ], [ -99.216010089169245, 19.335335772927102 ], [ -99.215674159894562, 19.335603422779034 ], [ -99.215306406889894, 19.336133495112382 ], [ -99.214615195250147, 19.336361362558076 ], [ -99.214146073743677, 19.336452625316021 ], [ -99.213770539013311, 19.336590238835793 ], [ -99.213381954168426, 19.336522084700988 ], [ -99.213148954830217, 19.336481224901004 ], [ -99.212628557483171, 19.336289795320322 ], [ -99.211307178946655, 19.336228181835398 ], [ -99.210865101903295, 19.336091292332679 ], [ -99.210409469758147, 19.336350027338451 ], [ -99.209674402789489, 19.336430176687681 ], [ -99.209362621310376, 19.336515124240965 ], [ -99.209307088448213, 19.336642071811472 ], [ -99.207982304270274, 19.337287758409481 ], [ -99.207917561041839, 19.33726590324272 ], [ -99.207720798485639, 19.336797920015446 ], [ -99.207660198880404, 19.336619501320342 ], [ -99.207599599407502, 19.336441081696648 ], [ -99.207095973064881, 19.336612876307655 ], [ -99.206912160944682, 19.336597224566244 ], [ -99.206703469102806, 19.3364113894676 ], [ -99.206644103556357, 19.336358525255843 ], [ -99.206555305976124, 19.336279451838227 ], [ -99.206919195421492, 19.335971306121099 ], [ -99.208253253152563, 19.334793463680466 ], [ -99.208976618287124, 19.333794662034663 ], [ -99.209336283013997, 19.33333555348116 ], [ -99.209681348497909, 19.332693056002817 ], [ -99.210324538731285, 19.331155005165833 ], [ -99.212656212826573, 19.326867042402082 ], [ -99.214205051405003, 19.325424734929552 ], [ -99.214189087889977, 19.325376709497014 ], [ -99.220221500890759, 19.32128836824922 ], [ -99.220532519205577, 19.321077571206647 ], [ -99.220812695901131, 19.320765142954926 ], [ -99.221088713045319, 19.320346968231785 ], [ -99.22141276794315, 19.319856011483228 ], [ -99.221452029888269, 19.319754098785882 ], [ -99.221517668550291, 19.319442511754801 ], [ -99.221568057058619, 19.319201731630962 ], [ -99.221539721799999, 19.318626166524016 ], [ -99.221400912997709, 19.31789188288333 ], [ -99.22125971620197, 19.317078425088315 ], [ -99.221044445649142, 19.315975999910957 ], [ -99.220890362859322, 19.31495239338032 ], [ -99.220700119800782, 19.31404156553068 ], [ -99.220390960265377, 19.313182251004783 ], [ -99.219818944137273, 19.312005929539012 ], [ -99.219240088323929, 19.311183841392399 ], [ -99.219048260918584, 19.310925063728948 ], [ -99.218856434119061, 19.310666285850608 ], [ -99.219211692477543, 19.31076829125259 ], [ -99.219671039225773, 19.310891712068951 ], [ -99.220101432956113, 19.311012395799093 ], [ -99.220495902791029, 19.311066394808211 ], [ -99.220665775048488, 19.311091624133962 ], [ -99.220688147544337, 19.311193834557447 ], [ -99.221791372515113, 19.311112163369547 ], [ -99.222992457512078, 19.310995751200647 ], [ -99.224041316627719, 19.310913034818725 ], [ -99.22471586431918, 19.31073534226752 ], [ -99.225079009814706, 19.31063968018859 ], [ -99.225110088584714, 19.310409716017293 ], [ -99.225241777773775, 19.309872014271587 ], [ -99.225342242770196, 19.309780061072058 ], [ -99.225442708606153, 19.309688107816275 ], [ -99.225728663063435, 19.309437979820618 ], [ -99.225993458675376, 19.309301883456172 ], [ -99.226347840981546, 19.309069923340378 ], [ -99.226780137536593, 19.308812237690677 ], [ -99.227094878552492, 19.308528642718777 ], [ -99.227457145674464, 19.308202222446599 ], [ -99.227792519130759, 19.307900032467227 ], [ -99.227722534106732, 19.307650344340193 ], [ -99.227629428382457, 19.307466802103484 ], [ -99.227466230557553, 19.307243282897147 ], [ -99.227389144966764, 19.307116603310387 ], [ -99.227535073616991, 19.306947094456543 ], [ -99.228910293326791, 19.306372136307793 ], [ -99.229222018801693, 19.306432710013723 ], [ -99.229678906022059, 19.306250126602794 ], [ -99.229769064451645, 19.30599676732195 ], [ -99.229880194680277, 19.305906646337458 ], [ -99.229991325737558, 19.305816524380734 ], [ -99.231280534484199, 19.305223561374905 ], [ -99.231052855108246, 19.304840207891033 ], [ -99.231242362191793, 19.30473607117769 ], [ -99.231301282285173, 19.304689326859926 ], [ -99.231345428971821, 19.304623934644741 ], [ -99.231399308910994, 19.30448852512508 ], [ -99.231440887556943, 19.304007038536731 ], [ -99.231478306551708, 19.303573718927421 ], [ -99.231490759461877, 19.303425403267763 ], [ -99.231495576052239, 19.303368044457702 ], [ -99.231583397897623, 19.302856149974673 ], [ -99.231708991635173, 19.302124088837282 ], [ -99.231784705124696, 19.301934148224863 ], [ -99.23198775281935, 19.301692034169267 ], [ -99.232076952332505, 19.301609350320394 ], [ -99.232270646179671, 19.301438559613537 ], [ -99.232418479209045, 19.301338662597452 ], [ -99.233237128659184, 19.300785467466294 ], [ -99.232660289800435, 19.300121536614117 ], [ -99.232608244623918, 19.300046849728993 ], [ -99.232515034949316, 19.299866586007649 ], [ -99.232559207137498, 19.299877746886448 ], [ -99.232708738629739, 19.299783278906322 ], [ -99.232768473007681, 19.29968994652527 ], [ -99.232830606337629, 19.299592865090737 ], [ -99.232851642670781, 19.299379536420417 ], [ -99.232753076096088, 19.299239564454766 ], [ -99.232789245888995, 19.298731667196265 ], [ -99.232795203836801, 19.298597400065759 ], [ -99.232756277842213, 19.298468696601727 ], [ -99.232677955048814, 19.298288168132881 ], [ -99.232616310063847, 19.298171499681143 ], [ -99.232554632179472, 19.29803148148703 ], [ -99.232505168493915, 19.297833073764188 ], [ -99.23251111840338, 19.297692968519829 ], [ -99.232596959342843, 19.297529412665344 ], [ -99.232701218685662, 19.297348321653754 ], [ -99.232860825179799, 19.297178834438178 ], [ -99.233002004583071, 19.297021045026739 ], [ -99.233075498636651, 19.296822480503636 ], [ -99.233511579334333, 19.296524217275245 ], [ -99.233695759525816, 19.296343023473963 ], [ -99.233800174426577, 19.296272840525209 ], [ -99.233963017987804, 19.296275637775825 ], [ -99.234156529308848, 19.296114775502797 ], [ -99.234254479558714, 19.295822780986729 ], [ -99.234383419216599, 19.295705867618178 ], [ -99.234481752222578, 19.295682392520458 ], [ -99.234580093515916, 19.295664753670845 ], [ -99.234850317303611, 19.295465935609588 ], [ -99.234936253778486, 19.295372426916099 ], [ -99.23513538334231, 19.295297429146906 ], [ -99.235332734249113, 19.295135515971634 ], [ -99.235467562188177, 19.295054419156472 ], [ -99.235540283580889, 19.295036975497514 ], [ -99.235719810354098, 19.295135016749867 ], [ -99.235851227955393, 19.295151706220484 ], [ -99.236028751897791, 19.295127874051616 ], [ -99.236151897549306, 19.294940293157921 ], [ -99.235939392699649, 19.29472337172998 ], [ -99.235882373460726, 19.294602036910103 ], [ -99.235878733996486, 19.294521141184166 ], [ -99.235931901300788, 19.294470472458453 ], [ -99.236045456238855, 19.294413004607584 ], [ -99.236532009123835, 19.294425884990204 ], [ -99.236705971325009, 19.294395313122308 ], [ -99.236879793729287, 19.294266959102494 ], [ -99.236993376358953, 19.294229721609835 ], [ -99.237128349365875, 19.294249777384692 ], [ -99.237252660737823, 19.294283310733565 ], [ -99.237359090843086, 19.294192156523099 ], [ -99.237536817829508, 19.294309939491963 ], [ -99.237706523219785, 19.294260216673599 ], [ -99.238032407403139, 19.294450910160659 ], [ -99.238056968980246, 19.294470262325589 ], [ -99.238081531513629, 19.294489613582126 ], [ -99.238136372965386, 19.294532821876221 ], [ -99.238453525011863, 19.294662785151804 ], [ -99.238620459014044, 19.294682798082718 ], [ -99.238748169146277, 19.294621958116252 ], [ -99.23912099980231, 19.294564130239287 ], [ -99.239220348076628, 19.294506679025915 ], [ -99.239382303764799, 19.294510756828146 ], [ -99.239546184052841, 19.294421976965413 ], [ -99.239705503911722, 19.294397140276406 ], [ -99.24000832913184, 19.294249387002143 ], [ -99.240172701800461, 19.294082274836537 ], [ -99.240421516414628, 19.294053879295639 ], [ -99.240704313029397, 19.294221496366571 ], [ -99.240832115092488, 19.294194353240535 ], [ -99.24093855003855, 19.294126777168085 ], [ -99.241265126532767, 19.294038678460446 ], [ -99.241364430195773, 19.29395087968248 ], [ -99.241520373070998, 19.293741621002564 ], [ -99.241605382797545, 19.293593148970874 ], [ -99.241974075045746, 19.293167812147111 ], [ -99.24164699687941, 19.292911987059931 ], [ -99.241710747885477, 19.292797260490399 ], [ -99.241909471081229, 19.292702587054002 ], [ -99.242079855452076, 19.292655155678634 ], [ -99.24216497226449, 19.292580862586533 ], [ -99.242298623893376, 19.292495159601916 ], [ -99.24232814503263, 19.292459261193613 ], [ -99.24232060614591, 19.292162551082349 ], [ -99.242370222405199, 19.292095048650769 ], [ -99.242362912271119, 19.292026866233545 ], [ -99.242395906400034, 19.291883004098846 ], [ -99.242451819114734, 19.291755086832794 ], [ -99.242533053944314, 19.291676284571828 ], [ -99.242696246482737, 19.291636048667105 ], [ -99.242881024729712, 19.291703133903717 ], [ -99.242937421663513, 19.291433419147115 ], [ -99.242908775133174, 19.291271610311998 ], [ -99.242861289299199, 19.289292497587905 ], [ -99.24272120626847, 19.289295974276634 ], [ -99.24256495123683, 19.289289438177626 ], [ -99.242380238220861, 19.289249221399896 ], [ -99.242230945523289, 19.28914826541428 ], [ -99.242081653958479, 19.28904730839853 ], [ -99.241903944358057, 19.288939646135468 ], [ -99.241797225070414, 19.288811657849404 ], [ -99.241711742872781, 19.288636436664241 ], [ -99.241452010245254, 19.288289482439872 ], [ -99.241313248547783, 19.288104215973103 ], [ -99.241249102976823, 19.287949197351988 ], [ -99.241113849338319, 19.287733579604115 ], [ -99.240800799141255, 19.287349604608334 ], [ -99.240788158116956, 19.287116040348778 ], [ -99.241027361874742, 19.286870507497845 ], [ -99.241546404678544, 19.286571840932297 ], [ -99.241693689126706, 19.286199852622971 ], [ -99.241709202338882, 19.285881151934635 ], [ -99.24230316285248, 19.284962262465157 ], [ -99.24255816094535, 19.28448390380591 ], [ -99.242538089914206, 19.284419435454549 ], [ -99.242569957229009, 19.284354899054485 ], [ -99.242793645634208, 19.284320457044512 ], [ -99.24294658657054, 19.284181664279433 ], [ -99.242933496791892, 19.283954794671004 ], [ -99.242879534843453, 19.283823580024958 ], [ -99.242771817327863, 19.28369973083506 ], [ -99.242318119137252, 19.283350236359102 ], [ -99.242049228377567, 19.283314124378514 ], [ -99.241984604390822, 19.283177268004383 ], [ -99.242194621308499, 19.282941954619414 ], [ -99.242378634274701, 19.282715606193484 ], [ -99.242440049574483, 19.282693643495353 ], [ -99.242616734970781, 19.282707997053983 ], [ -99.242785652994783, 19.282664010244726 ], [ -99.242923771916423, 19.282569008656591 ], [ -99.243246310178733, 19.28252481802383 ], [ -99.243422747597478, 19.282371415431012 ], [ -99.2435838003436, 19.282203446904354 ], [ -99.243668086858307, 19.282064754075257 ], [ -99.243683276070328, 19.281948035492007 ], [ -99.243621601430718, 19.281794950102107 ], [ -99.24349841513957, 19.281598185132104 ], [ -99.243429156437372, 19.281510753435732 ], [ -99.243359898760644, 19.281423321710179 ], [ -99.243336780252122, 19.281372296919496 ], [ -99.243351948095309, 19.281240990298631 ], [ -99.243397840315112, 19.28110964275216 ], [ -99.243696965755319, 19.280817496862003 ], [ -99.243934740641421, 19.28059107605694 ], [ -99.243927016137263, 19.280561911104673 ], [ -99.244126472185997, 19.28039389082117 ], [ -99.244318289787955, 19.280255053990189 ], [ -99.244632786200455, 19.280232236887219 ], [ -99.244917839975642, 19.280035752787501 ], [ -99.244955371390844, 19.279962454792894 ], [ -99.244888616068849, 19.279587144653167 ], [ -99.244854273099605, 19.279123816992964 ], [ -99.244878030944164, 19.279056761483663 ], [ -99.245170268944506, 19.278059506876112 ], [ -99.245251658805927, 19.277766659900596 ], [ -99.245377132372582, 19.2769204248699 ], [ -99.245357659482508, 19.276738108944723 ], [ -99.245207548121329, 19.276512205871519 ], [ -99.245011494316614, 19.276381183227034 ], [ -99.244934681537714, 19.276377638709324 ], [ -99.244735069625904, 19.276436255756998 ], [ -99.24441551260189, 19.276155474494018 ], [ -99.244277600542176, 19.276123240088623 ], [ -99.244166078479367, 19.276021276991781 ], [ -99.244085279986066, 19.275919273700239 ] ] ] } },
{ "type": "Feature", "properties": { "alcaldia_norm": "MIGUEL HIDALGO", "alcaldia": "MIGUEL HIDALGO", "cve_col": "16-019", "colonia": "BOSQUES DE LAS LOMAS", "pob_2010": 8046.0, "SUP_COL_M2": 3250310.0, "VIV2010": 2219, "DENVIVHa": 6.82704, "SUPMNZHa": 325.031, "C_DENVIVHa": 1 }, "geometry": { "type": "Polygon", "coordinates": [ [ [ -99.225869638430865, 19.395703352767285 ], [ -99.226696580722461, 19.395810770490563 ], [ -99.227056101990627, 19.395823397858816 ], [ -99.22740035993283, 19.395824083722175 ], [ -99.229826654380076, 19.395303285014172 ], [ -99.230537132318787, 19.395106107578613 ], [ -99.230900795678338, 19.394961781405527 ], [ -99.231247721909497, 19.394895483438702 ], [ -99.231597493293322, 19.394911799628929 ], [ -99.23200481628497, 19.394930799885952 ], [ -99.232392960905173, 19.394948904655404 ], [ -99.232495762200315, 19.394922158567407 ], [ -99.232598563462531, 19.394895413325287 ], [ -99.232901733733939, 19.394816537733568 ], [ -99.233652375797647, 19.39450761362022 ], [ -99.235710923464069, 19.39366040514437 ], [ -99.236080899855011, 19.393539185864391 ], [ -99.236566721449677, 19.393538554468467 ], [ -99.237214611716809, 19.393625520740539 ], [ -99.237645449380324, 19.393597517513449 ], [ -99.238076123294462, 19.393457006203239 ], [ -99.238451797250647, 19.393278148713708 ], [ -99.238801251910772, 19.392967609862897 ], [ -99.238892179039439, 19.392854983151064 ], [ -99.238983106043406, 19.392742356393715 ], [ -99.239092645484064, 19.392503477502242 ], [ -99.239121242564138, 19.392283913644587 ], [ -99.23911145865155, 19.392026782744797 ], [ -99.23909915693595, 19.391021666385239 ], [ -99.239142180394808, 19.390780131165137 ], [ -99.239261003057436, 19.39026631534653 ], [ -99.239605871411214, 19.389486164380923 ], [ -99.23976388168181, 19.389063994723717 ], [ -99.239849916894528, 19.388887153518951 ], [ -99.240114737442426, 19.388721101758154 ], [ -99.240734643140598, 19.388374848220426 ], [ -99.241031976091548, 19.388230273380433 ], [ -99.24131344173037, 19.388058685107335 ], [ -99.241724411054236, 19.387700690292867 ], [ -99.241847686864347, 19.387583379370703 ], [ -99.242261935734263, 19.387278283898972 ], [ -99.242644599974852, 19.387071675910398 ], [ -99.242711009305708, 19.38703956564909 ], [ -99.242891427908049, 19.386965308900468 ], [ -99.243072837142705, 19.386963815804933 ], [ -99.243231989278684, 19.386971910079456 ], [ -99.243391141428717, 19.386980004214525 ], [ -99.243436775111945, 19.386982325361657 ], [ -99.243632071172911, 19.386992257883598 ], [ -99.243758716261354, 19.387013115151944 ], [ -99.243941989678021, 19.387072653502841 ], [ -99.244357257333888, 19.387207557088612 ], [ -99.244810186187294, 19.387338207618512 ], [ -99.245053994946758, 19.387388944222685 ], [ -99.245478059618605, 19.387386273939907 ], [ -99.245775503693977, 19.387319789252178 ], [ -99.246107675598822, 19.387193182045269 ], [ -99.246648303548511, 19.386798816507042 ], [ -99.247287035322628, 19.386262510889299 ], [ -99.247309411077325, 19.386435183922735 ], [ -99.247313805877283, 19.386469101032947 ], [ -99.247393828127116, 19.387067216770365 ], [ -99.247518802622906, 19.387503534518533 ], [ -99.247550485554385, 19.387614146055565 ], [ -99.247607680525633, 19.387905389894151 ], [ -99.247620992570603, 19.388022067814845 ], [ -99.247629156743017, 19.388113862382003 ], [ -99.247564011128475, 19.388315063039148 ], [ -99.247517614728167, 19.388548771305441 ], [ -99.247518048289109, 19.388835650577203 ], [ -99.247387748093956, 19.389232136902883 ], [ -99.247151283931927, 19.389498636645531 ], [ -99.247002442560898, 19.390001619169791 ], [ -99.24703447472308, 19.390575336205341 ], [ -99.24706020255779, 19.391101741896012 ], [ -99.247005047764858, 19.391728812929699 ], [ -99.246743841686637, 19.39212547646536 ], [ -99.246563571314226, 19.392456964525653 ], [ -99.246526518270016, 19.39268770190256 ], [ -99.246543699667185, 19.392874729461695 ], [ -99.246630502805701, 19.392970407329855 ], [ -99.246704214858497, 19.393034553030944 ], [ -99.246533722267714, 19.393332433666782 ], [ -99.246365765424727, 19.393563348422887 ], [ -99.24628882260572, 19.393710535426436 ], [ -99.246257142358573, 19.393871078682551 ], [ -99.246373934152757, 19.393783746425136 ], [ -99.246480157688282, 19.393764354066835 ], [ -99.24661444253212, 19.393778837613272 ], [ -99.246727712458949, 19.393831992782097 ], [ -99.24681239812324, 19.393924504966954 ], [ -99.246871332539911, 19.393997419591123 ], [ -99.246946282117364, 19.394094916309957 ], [ -99.247061762100671, 19.394201229780872 ], [ -99.247354830586985, 19.394262939716228 ], [ -99.247600995374441, 19.394282939353129 ], [ -99.247793986817925, 19.394270710254531 ], [ -99.247915819065554, 19.394244431104447 ], [ -99.248227134973135, 19.394007403528381 ], [ -99.248669120124006, 19.393616405684391 ], [ -99.249024131500661, 19.39342072287371 ], [ -99.249248509828945, 19.393402670848708 ], [ -99.249628949075159, 19.393532279683608 ], [ -99.24970633891256, 19.393587191184263 ], [ -99.249817211718906, 19.393653525803138 ], [ -99.24999077939232, 19.393721064686403 ], [ -99.250427123344679, 19.393720464269361 ], [ -99.250751246303011, 19.39370818785806 ], [ -99.250888346973895, 19.393684338371937 ], [ -99.251137540597995, 19.393589353789483 ], [ -99.251473938997222, 19.393452842409754 ], [ -99.251667158852655, 19.393440744454058 ], [ -99.251952559943661, 19.393469570208559 ], [ -99.252533747759273, 19.393528269629176 ], [ -99.252733264795651, 19.393557567669294 ], [ -99.252839278972644, 19.393586995527176 ], [ -99.252951600519623, 19.39366373438483 ], [ -99.253332483463495, 19.394077258334676 ], [ -99.25342573109296, 19.394182124724832 ], [ -99.253663435809955, 19.394449445244302 ], [ -99.254031698766312, 19.394762429840426 ], [ -99.254343696794706, 19.394969020288876 ], [ -99.254480944114917, 19.39503980843984 ], [ -99.25458695131104, 19.395063320406035 ], [ -99.254689845977481, 19.395052437369522 ], [ -99.254758304055855, 19.394981360373325 ], [ -99.254811008024646, 19.394838234448184 ], [ -99.254692295061389, 19.394660949394748 ], [ -99.254411419675137, 19.394424740761451 ], [ -99.254323966773597, 19.394306561271776 ], [ -99.254305100545338, 19.394200117365585 ], [ -99.254360999958635, 19.394069907613069 ], [ -99.254610032075831, 19.393871405201736 ], [ -99.254843598651476, 19.393749819189814 ], [ -99.255102094321771, 19.393625240023074 ], [ -99.255264096021065, 19.393580649826511 ], [ -99.255856146602468, 19.393497006906859 ], [ -99.255974527052302, 19.393461350202688 ], [ -99.256061734584776, 19.393422779437159 ], [ -99.256525605073563, 19.393087925334893 ], [ -99.256684348694392, 19.392954612780304 ], [ -99.25677155210083, 19.39291308379774 ], [ -99.256886848256102, 19.39289813334025 ], [ -99.258226889758078, 19.392801594782068 ], [ -99.258345297167978, 19.392783681099182 ], [ -99.258507207450975, 19.392682895581821 ], [ -99.258669062419884, 19.39254661900139 ], [ -99.258759390582426, 19.392511000394929 ], [ -99.258909006909249, 19.392519659280154 ], [ -99.258987761254133, 19.392577604087116 ], [ -99.25904296580697, 19.392698955057625 ], [ -99.259075274782006, 19.392806618312648 ], [ -99.259132488017372, 19.392888245971459 ], [ -99.259194471840743, 19.392989194727292 ], [ -99.259458971685405, 19.39379633612872 ], [ -99.259500545827535, 19.393935821503295 ], [ -99.259550897770623, 19.39413097358398 ], [ -99.259543340849987, 19.394227219069339 ], [ -99.259488581283023, 19.394351149681391 ], [ -99.259387005268195, 19.394468891500587 ], [ -99.258733048085986, 19.394836149848949 ], [ -99.258309226757277, 19.395062880074502 ], [ -99.257985605234964, 19.395265882728534 ], [ -99.257350892689644, 19.395723079825551 ], [ -99.256158549921849, 19.396696957512347 ], [ -99.255868128102591, 19.396973356067409 ], [ -99.255744720670222, 19.397129974899613 ], [ -99.255611276884892, 19.397459348874783 ], [ -99.25550784571341, 19.397783369391622 ], [ -99.255367033206483, 19.398224489760661 ], [ -99.255352794815849, 19.398457099871962 ], [ -99.255216336428873, 19.39889500486791 ], [ -99.255179517486127, 19.399267709139902 ], [ -99.25520474560652, 19.39945695111793 ], [ -99.255232410638115, 19.399603815939685 ], [ -99.25528143792647, 19.399749238239234 ], [ -99.255285025579866, 19.3997772802193 ], [ -99.255333214966626, 19.399928884233724 ], [ -99.255377136623835, 19.400112188667052 ], [ -99.255389918427525, 19.400313282324237 ], [ -99.255365352512626, 19.400549919420008 ], [ -99.255309590157864, 19.400768853934405 ], [ -99.255247714027945, 19.401064693819812 ], [ -99.255192089695882, 19.40137235462154 ], [ -99.255186123590434, 19.401543899379035 ], [ -99.255242423715458, 19.401669515411999 ], [ -99.255162663300865, 19.401724542060425 ], [ -99.255008554820535, 19.401830861614105 ], [ -99.254786728298456, 19.401983900795827 ], [ -99.25473885189183, 19.402016930253847 ], [ -99.254693807789678, 19.402048006402417 ], [ -99.254272572054461, 19.402338614995905 ], [ -99.254226246232378, 19.402370575758646 ], [ -99.254170719343918, 19.402408882659717 ], [ -99.25389577129215, 19.40259856685568 ], [ -99.253840913090755, 19.402636413631758 ], [ -99.253592857796363, 19.402807544357529 ], [ -99.253526990674914, 19.40285298410728 ], [ -99.253190728251965, 19.403084978260729 ], [ -99.253160732121174, 19.403105701719749 ], [ -99.252524266825773, 19.403545424542362 ], [ -99.252132171243829, 19.403960022649873 ], [ -99.251784800292526, 19.404302315332384 ], [ -99.251758740183931, 19.404327993638184 ], [ -99.251732463240145, 19.40435388551899 ], [ -99.251244521341334, 19.404743455726734 ], [ -99.251198344260715, 19.404777592582331 ], [ -99.251150995155456, 19.404810159473428 ], [ -99.250912208457393, 19.405017218387105 ], [ -99.250786233369482, 19.405149861624615 ], [ -99.250735069057868, 19.405215052610629 ], [ -99.25063867673272, 19.405337872141445 ], [ -99.250159415461269, 19.405618961872246 ], [ -99.25006246556211, 19.405698337243866 ], [ -99.249678874327785, 19.406012383831179 ], [ -99.248897127685396, 19.406625683437177 ], [ -99.248450058891905, 19.406941717607033 ], [ -99.248329669608253, 19.407075178416473 ], [ -99.24807706588517, 19.40727938589518 ], [ -99.248038120535995, 19.407309239282736 ], [ -99.248001221501255, 19.407333738932415 ], [ -99.247819104155738, 19.407485602074882 ], [ -99.247780077170987, 19.407519474369678 ], [ -99.247739283379588, 19.407551469323334 ], [ -99.247494149282275, 19.407743733069193 ], [ -99.24743211411905, 19.407792388978347 ], [ -99.247212770823594, 19.407964423564319 ], [ -99.246813196959948, 19.408277815309813 ], [ -99.246764626577701, 19.408315907174035 ], [ -99.246243672528664, 19.408724498747524 ], [ -99.246209117022545, 19.408751601193124 ], [ -99.246187431230496, 19.408768608795253 ], [ -99.246152582691735, 19.408795940268767 ], [ -99.245408370352024, 19.40937962599978 ], [ -99.245336098395171, 19.409436308322398 ], [ -99.245297127828167, 19.409456372948757 ], [ -99.245030863442864, 19.409593468910387 ], [ -99.244716165975106, 19.409676703735411 ], [ -99.244563501142565, 19.40972422904758 ], [ -99.244101760207656, 19.409914786937073 ], [ -99.243995956221241, 19.409953195332331 ], [ -99.243197143005631, 19.410650459148009 ], [ -99.243046143989858, 19.410783476656935 ], [ -99.242913209556278, 19.410900579751754 ], [ -99.2426859400843, 19.411087208276509 ], [ -99.242508473465506, 19.411226448472483 ], [ -99.242424390686352, 19.411279796213371 ], [ -99.242178300016349, 19.411386595460019 ], [ -99.242077600369385, 19.411415021564931 ], [ -99.241788826555393, 19.411496542213875 ], [ -99.241386919545718, 19.411630164994627 ], [ -99.241153308681376, 19.411745819020187 ], [ -99.240888608453659, 19.411917706483308 ], [ -99.240471105522474, 19.412045433066396 ], [ -99.24001929281566, 19.412158416422628 ], [ -99.239794891975407, 19.412179415184021 ], [ -99.239386483577519, 19.41213263306113 ], [ -99.23888446246049, 19.412017950882699 ], [ -99.238529054552913, 19.411977011993475 ], [ -99.238239194548314, 19.411998094757802 ], [ -99.238027348672603, 19.412078226182647 ], [ -99.237645693955741, 19.412208856306311 ], [ -99.23737774394796, 19.412292017329445 ], [ -99.237190812757447, 19.412357327629319 ], [ -99.23706003980007, 19.412458053632459 ], [ -99.236954230313373, 19.412576492469647 ], [ -99.236686912764469, 19.413097365731293 ], [ -99.236432112922188, 19.413653711451531 ], [ -99.236245555739856, 19.413979282238927 ], [ -99.235847330316076, 19.41451215412976 ], [ -99.235741774424625, 19.414808043111957 ], [ -99.235518038046465, 19.415293367981498 ], [ -99.235449631259456, 19.415411757438463 ], [ -99.235150749987966, 19.41566649161037 ], [ -99.234845565693163, 19.415873912766216 ], [ -99.234546682632825, 19.416128645950032 ], [ -99.234335163432419, 19.416442416355647 ], [ -99.234148395659332, 19.416626024116997 ], [ -99.234005077141404, 19.416676486443549 ], [ -99.233849216188972, 19.416675208665747 ], [ -99.23377280067686, 19.416644252434288 ], [ -99.23376575273214, 19.416661346362009 ], [ -99.233736346880448, 19.416732661631205 ], [ -99.233544473986001, 19.417194646004148 ], [ -99.233371482739514, 19.417461792449682 ], [ -99.233347490348223, 19.41749884332334 ], [ -99.233318867498852, 19.417543044964308 ], [ -99.233163497426602, 19.417811779005362 ], [ -99.232940381370028, 19.418740727702644 ], [ -99.2329149709972, 19.418770180037356 ], [ -99.232056542756496, 19.419765161830213 ], [ -99.230562478031572, 19.421334552187233 ], [ -99.229815397502676, 19.422092624153851 ], [ -99.229105319481548, 19.422566725157573 ], [ -99.228321165150263, 19.423573270724642 ], [ -99.227959796086324, 19.423745260936908 ], [ -99.22768601615644, 19.424135997515979 ], [ -99.227499174517362, 19.42427819272935 ], [ -99.227162666884155, 19.424396914710435 ], [ -99.226801220895737, 19.42451566721919 ], [ -99.226589439211466, 19.424657892648639 ], [ -99.226377935699276, 19.425001228890117 ], [ -99.226141836097028, 19.4255930275548 ], [ -99.225868392075085, 19.426232192989826 ], [ -99.225632076568232, 19.426670199578215 ], [ -99.225407869971392, 19.426847930002072 ], [ -99.225021478078403, 19.426966709961643 ], [ -99.224722372369641, 19.427085381094408 ], [ -99.224585289435879, 19.427144701053376 ], [ -99.224557972375962, 19.427171605177907 ], [ -99.223027550111667, 19.428678897355901 ], [ -99.223003780894089, 19.42870230671792 ], [ -99.22317936651487, 19.429162889245834 ], [ -99.223351348665531, 19.429443050841137 ], [ -99.223609131643428, 19.429723107507169 ], [ -99.223254174781857, 19.429754161502181 ], [ -99.223330983106223, 19.430236713610402 ], [ -99.222938341939454, 19.430281984596043 ], [ -99.222458817054289, 19.430337272324106 ], [ -99.222168878459186, 19.430496436426449 ], [ -99.221921350392861, 19.430632318989435 ], [ -99.22183960943137, 19.430677191029595 ], [ -99.221907580528281, 19.430791425030385 ], [ -99.222052064989228, 19.430989805768586 ], [ -99.222064123510208, 19.431006362547297 ], [ -99.223605247476627, 19.433122329328363 ], [ -99.223658243386168, 19.433195091260977 ], [ -99.222875404884462, 19.433762100362905 ], [ -99.222788212914381, 19.433825253650891 ], [ -99.222917134862271, 19.433892621367459 ], [ -99.226857724240503, 19.435951716920165 ], [ -99.227097116817646, 19.436076803286511 ], [ -99.227178385073827, 19.436119267703035 ], [ -99.227277341999653, 19.436167436807544 ], [ -99.228206231860909, 19.436619594378687 ], [ -99.228475767528167, 19.436750796232914 ], [ -99.22858979842178, 19.436806302819114 ], [ -99.229674202503702, 19.437334147619282 ], [ -99.23002994369368, 19.437089659306533 ], [ -99.230546094478512, 19.436734925166817 ], [ -99.231004844113798, 19.436419636801354 ], [ -99.231463592924413, 19.436104347282438 ], [ -99.231610749270828, 19.436152001583366 ], [ -99.231661684641224, 19.436167815839681 ], [ -99.231814454645601, 19.436217967920218 ], [ -99.232121852243694, 19.436299957242543 ], [ -99.232212077269651, 19.436331527150248 ], [ -99.232339118742473, 19.43641691520039 ], [ -99.232446102926829, 19.436489655082347 ], [ -99.232763791953232, 19.436761742932323 ], [ -99.233054788943022, 19.437052875132064 ], [ -99.23316524946631, 19.437220666961544 ], [ -99.233265657841116, 19.437366290744237 ], [ -99.233332658163391, 19.437505620539383 ], [ -99.23335702270866, 19.437643015141443 ], [ -99.233401508851856, 19.437849775968981 ], [ -99.233437257403608, 19.438126419095042 ], [ -99.233473074953025, 19.438450574265048 ], [ -99.233520879614559, 19.438917249528288 ], [ -99.233535778095941, 19.439034613572254 ], [ -99.233559507188559, 19.43914637674402 ], [ -99.233600912538023, 19.439258117158708 ], [ -99.233683600390535, 19.439394957630217 ], [ -99.233836966334891, 19.439512143286404 ], [ -99.233978489213882, 19.439587421441811 ], [ -99.234190662131681, 19.43962347998912 ], [ -99.23510713108702, 19.439776011310499 ], [ -99.235413524439949, 19.439772818901719 ], [ -99.236548130069181, 19.440008905077455 ], [ -99.237673950022398, 19.440278532645898 ], [ -99.238216558046929, 19.44063276587007 ], [ -99.238467261981199, 19.440825279385464 ], [ -99.238717966506471, 19.441017793447863 ], [ -99.239018855394647, 19.44127731779038 ], [ -99.239287324672802, 19.441528498763983 ], [ -99.239602842813667, 19.441718130886716 ], [ -99.240115850005267, 19.441971782746073 ], [ -99.240020942754015, 19.442009516567861 ], [ -99.239509290962616, 19.442212940146444 ], [ -99.238996762527961, 19.442286281251633 ], [ -99.238407697651411, 19.442404439305321 ], [ -99.238225214529535, 19.442527651615322 ], [ -99.23804866311842, 19.442678804370082 ], [ -99.237724835081835, 19.442852508874829 ], [ -99.236445334849037, 19.443449839884959 ], [ -99.236259975149636, 19.443536373836476 ], [ -99.236187959366987, 19.443569993756839 ], [ -99.235922816638833, 19.443581517705645 ], [ -99.235821364693621, 19.443651010917613 ], [ -99.235775652377527, 19.443682322729966 ], [ -99.23555180535719, 19.44372733128694 ], [ -99.235404317424468, 19.443604550054523 ], [ -99.235286307905852, 19.443492909478 ], [ -99.23515648995334, 19.443364515621486 ], [ -99.235020932853089, 19.443342332345075 ], [ -99.234685130982513, 19.44338748390588 ], [ -99.234054972566554, 19.443617474677229 ], [ -99.233731082335794, 19.443752043852772 ], [ -99.233377809302738, 19.443942547977986 ], [ -99.232688571075528, 19.444066405857576 ], [ -99.232423292919478, 19.443982900629475 ], [ -99.232128591646941, 19.443927381070086 ], [ -99.231686613395055, 19.443894408064008 ], [ -99.231173980950956, 19.44390065143477 ], [ -99.23095551784823, 19.443936979904816 ], [ -99.230902992434693, 19.443945714326386 ], [ -99.230549624852429, 19.44407193065237 ], [ -99.230352346593577, 19.444156026470367 ], [ -99.230140377361394, 19.44426808912652 ], [ -99.230040260314397, 19.444307343511472 ], [ -99.229374455333783, 19.44433613486321 ], [ -99.229283161225268, 19.444364198672321 ], [ -99.229062418761089, 19.444523783291238 ], [ -99.228829917785419, 19.44470294528076 ], [ -99.228659185846269, 19.444809364698322 ], [ -99.228473705907433, 19.444904622619177 ], [ -99.22817626559295, 19.444997226891807 ], [ -99.227348935824097, 19.445400721439782 ], [ -99.226604154419974, 19.445846031773829 ], [ -99.226197975010479, 19.446137201822879 ], [ -99.225997931996162, 19.446355448053463 ], [ -99.225015816557587, 19.44775967549851 ], [ -99.224521326283735, 19.448112437645463 ], [ -99.223873725130744, 19.448538052801094 ], [ -99.223679438281778, 19.448661265124635 ], [ -99.223390869520557, 19.448784593370043 ], [ -99.223133375917442, 19.448871346482786 ], [ -99.222716475527491, 19.449011804214958 ], [ -99.22244852274099, 19.449129516153629 ], [ -99.222227739522907, 19.449269528829536 ], [ -99.222074710021545, 19.449401072695373 ], [ -99.221957154697023, 19.449619214374142 ], [ -99.22173143851208, 19.450466324760292 ], [ -99.221623039019065, 19.450919220388716 ], [ -99.221608652623701, 19.451173567942373 ], [ -99.221712602647983, 19.451547143996319 ], [ -99.221747810601116, 19.451673673096156 ], [ -99.220150324486525, 19.45246775752716 ], [ -99.220040409412036, 19.452527896929986 ], [ -99.219978704420853, 19.452561657896126 ], [ -99.219973651026109, 19.45286192457845 ], [ -99.219906842830326, 19.452860827144395 ], [ -99.219810769647779, 19.452860251356157 ], [ -99.219349491376391, 19.452877830449971 ], [ -99.21866193482073, 19.453063809157346 ], [ -99.21843406799259, 19.45312544533552 ], [ -99.218148042084948, 19.453252712373608 ], [ -99.217481750742493, 19.453549177719253 ], [ -99.217148169579801, 19.45396042695436 ], [ -99.216925895890625, 19.454228172011341 ], [ -99.215404388428041, 19.456060908789553 ], [ -99.215127185095909, 19.456621812690123 ], [ -99.214313672237637, 19.458438313939769 ], [ -99.214284931907315, 19.458502487514966 ], [ -99.214271248561815, 19.458533041234556 ], [ -99.214234128273674, 19.458683214415508 ], [ -99.214115501752531, 19.4591631350178 ], [ -99.214003060421092, 19.45988023903811 ], [ -99.213944173801124, 19.460264399651592 ], [ -99.213895810235087, 19.460438577919415 ], [ -99.213782722786021, 19.460664045308551 ], [ -99.212761233867255, 19.462263252020282 ], [ -99.212656594396663, 19.462427067965407 ], [ -99.212696685566939, 19.462448411039059 ], [ -99.21355889469767, 19.462907402586808 ], [ -99.21278010282559, 19.465109390278172 ], [ -99.212698189327099, 19.465340991808766 ], [ -99.212424346639693, 19.466177751638273 ], [ -99.212128126802298, 19.467082874513469 ], [ -99.211852725782038, 19.467057589764671 ], [ -99.211739398253883, 19.46710381359409 ], [ -99.211569285712585, 19.467647446591428 ], [ -99.211481297467614, 19.46792863076455 ], [ -99.211146727292686, 19.46807753597183 ], [ -99.210796163021783, 19.468385217048095 ], [ -99.210781584730753, 19.468400492370481 ], [ -99.210591267422515, 19.468599912840716 ], [ -99.210531948327599, 19.468662069863971 ], [ -99.210014341849984, 19.469236246362335 ], [ -99.209841835989835, 19.469451537276129 ], [ -99.209016409000768, 19.469990218390723 ], [ -99.208789624518403, 19.469985358426513 ], [ -99.208762725667526, 19.470062207211203 ], [ -99.207849868826912, 19.469791832063837 ], [ -99.207731541226764, 19.469882588913585 ], [ -99.207646723865722, 19.469944626010612 ], [ -99.207500567991417, 19.470557993795879 ], [ -99.207464851336653, 19.47071598011139 ], [ -99.206923482869726, 19.471208211431012 ], [ -99.206870694376676, 19.471218083357556 ], [ -99.206798192707993, 19.471231642338996 ], [ -99.20658071734448, 19.471370964360901 ], [ -99.206460499465024, 19.471447490791398 ], [ -99.205915638410147, 19.471794329399369 ], [ -99.205363001707383, 19.472075286047911 ], [ -99.205183588584291, 19.472172052391393 ], [ -99.205074477479528, 19.472221968020438 ], [ -99.204336991558691, 19.472390585277491 ], [ -99.202522112206935, 19.472944273483741 ], [ -99.20213345988401, 19.473042935189454 ], [ -99.201351087230265, 19.473241542307104 ], [ -99.201196179971419, 19.473280865215937 ], [ -99.20083615586708, 19.473271868635592 ], [ -99.197377942338619, 19.472215496261271 ], [ -99.193657598794559, 19.471159512141185 ], [ -99.193443012081872, 19.471105695361132 ], [ -99.192885022041665, 19.470985687107877 ], [ -99.192507738638341, 19.47090454306278 ], [ -99.1917342385062, 19.470694576197587 ], [ -99.190960739383868, 19.470484605106538 ], [ -99.190494689421143, 19.470358091521629 ], [ -99.190660602335257, 19.466954048830186 ], [ -99.190681272246167, 19.466652361286009 ], [ -99.190695652563235, 19.466234905849017 ], [ -99.190761454388209, 19.46488480820604 ], [ -99.190773299395829, 19.464667238082338 ], [ -99.190175470692651, 19.46446816695558 ], [ -99.190118887279382, 19.464449325025804 ], [ -99.190042849803476, 19.464426389745203 ], [ -99.189998624122083, 19.464413286089279 ], [ -99.189963551707464, 19.464402470084522 ], [ -99.18987301629636, 19.464375161464904 ], [ -99.189825017900702, 19.464360683546477 ], [ -99.189143282227178, 19.464155046365537 ], [ -99.18800469550753, 19.463811597492555 ], [ -99.188028912213255, 19.463665081325292 ], [ -99.188259139984652, 19.462352970279444 ], [ -99.18853766489778, 19.460765579940574 ], [ -99.187332559622277, 19.460464109295302 ], [ -99.187283316002663, 19.460451790959862 ], [ -99.185443135649592, 19.460049246238917 ], [ -99.185292468958437, 19.46001628618211 ], [ -99.184227172273623, 19.459837348063555 ], [ -99.184164140725514, 19.459826759952989 ], [ -99.18315474128427, 19.459657203502886 ], [ -99.182082313561708, 19.459477053479073 ], [ -99.182008854342442, 19.459464785132198 ], [ -99.181147312397144, 19.459320891878011 ], [ -99.180995039689805, 19.45929545963422 ], [ -99.179930632905624, 19.459117677368052 ], [ -99.1789647864545, 19.458956351345726 ], [ -99.178835642375617, 19.458935904676604 ], [ -99.178709804261857, 19.458915331751037 ], [ -99.177989771501615, 19.458787965687453 ], [ -99.177733424556308, 19.458742619947657 ], [ -99.177085637552821, 19.458628028543046 ], [ -99.17687721723992, 19.458592882961359 ], [ -99.17577021015201, 19.458406203450615 ], [ -99.174613645737907, 19.458211159388068 ], [ -99.172925625114246, 19.457926475759827 ], [ -99.171124950346893, 19.457622774453323 ], [ -99.170303608520584, 19.457484240103966 ], [ -99.168933878474945, 19.457264506561998 ], [ -99.168744174645113, 19.457234073276108 ], [ -99.168611520053801, 19.457211474426643 ], [ -99.168524029925294, 19.457196569359485 ], [ -99.168343231209178, 19.457165767696086 ], [ -99.168129600800881, 19.45712937244258 ], [ -99.168043921388843, 19.457118563836612 ], [ -99.167887930949576, 19.457089121418967 ], [ -99.167731946649084, 19.457065596422819 ], [ -99.167669229210929, 19.457056384962272 ], [ -99.167601313465767, 19.457046128161355 ], [ -99.167491484615724, 19.457029542437613 ], [ -99.167328326826791, 19.45700287696409 ], [ -99.16677695267164, 19.456905014918288 ], [ -99.166059246122728, 19.456784998854964 ], [ -99.16563020759088, 19.456711212940121 ], [ -99.165525967558438, 19.45669328612253 ], [ -99.165154488632055, 19.456632639947262 ], [ -99.164951948166504, 19.45659957460499 ], [ -99.164940888719187, 19.456597711251625 ], [ -99.164325534663021, 19.456494057357254 ], [ -99.16400845488306, 19.456442302744914 ], [ -99.163814027878885, 19.45641056810404 ], [ -99.163739159212369, 19.456400017905469 ], [ -99.163719756688764, 19.456397283593827 ], [ -99.163681673926362, 19.456391917336525 ], [ -99.163605187288141, 19.456381138997813 ], [ -99.163741800762679, 19.455777763125347 ], [ -99.163859000268388, 19.455081406362972 ], [ -99.163898675106196, 19.454823433218856 ], [ -99.163979861672829, 19.454244353088932 ], [ -99.164056985419151, 19.453682503293631 ], [ -99.164079638290048, 19.453517477811058 ], [ -99.164138597651117, 19.452947071674501 ], [ -99.164170617542069, 19.452648534594211 ], [ -99.164194627659498, 19.452424668379376 ], [ -99.164207593781498, 19.452291697579071 ], [ -99.164253552155074, 19.45182038076419 ], [ -99.164233325513194, 19.450087322031354 ], [ -99.164235187350229, 19.450061056396706 ], [ -99.164237048234909, 19.450034791666535 ], [ -99.164240770953455, 19.449982260397618 ], [ -99.164421181251825, 19.449172700610369 ], [ -99.164643107746215, 19.448258648068371 ], [ -99.164865259493027, 19.447343656911187 ], [ -99.165024140434753, 19.446689256880433 ], [ -99.165318324161944, 19.445169382827761 ], [ -99.165600781273383, 19.443693109808407 ], [ -99.165595756288027, 19.44360985359145 ], [ -99.165590730355504, 19.443526597374401 ], [ -99.165584515556588, 19.443424610796949 ], [ -99.165998726623414, 19.442713687262522 ], [ -99.167384144881311, 19.440335798141756 ], [ -99.167630305354507, 19.439916656827997 ], [ -99.168188182462032, 19.438740712502867 ], [ -99.168494111109553, 19.438144523264668 ], [ -99.168758153575212, 19.437629955978014 ], [ -99.169530625589104, 19.436219857422078 ], [ -99.171079708662546, 19.434157147418308 ], [ -99.17137033127679, 19.433713090320417 ], [ -99.172329378669389, 19.432258107874461 ], [ -99.173021752726925, 19.430967440968899 ], [ -99.173552743130642, 19.429977597911108 ], [ -99.173776809206785, 19.429598530249805 ], [ -99.174000874248534, 19.429219462304196 ], [ -99.174778751585322, 19.428054470400799 ], [ -99.174813101967487, 19.428003196230208 ], [ -99.174847453280748, 19.427951922052074 ], [ -99.175596508508463, 19.426877753195438 ], [ -99.175635598813571, 19.426817128880423 ], [ -99.176368433282093, 19.425680593868531 ], [ -99.176735877559153, 19.425110727347803 ], [ -99.177030832203755, 19.424601287721735 ], [ -99.1775882003747, 19.423716319113204 ], [ -99.177555160907389, 19.4237082775545 ], [ -99.177522121443289, 19.423700235989742 ], [ -99.177456041573095, 19.423684153746766 ], [ -99.177564955134599, 19.423380391683388 ], [ -99.177680536880288, 19.423058029815977 ], [ -99.177685172762054, 19.420382297498474 ], [ -99.177718553829052, 19.419956864878806 ], [ -99.177755596783413, 19.419485486040948 ], [ -99.177813131533028, 19.419088841346909 ], [ -99.177860736632184, 19.418945881647296 ], [ -99.17823174186023, 19.41826469394136 ], [ -99.178691867499197, 19.417419865441861 ], [ -99.178913030891096, 19.41701378798982 ], [ -99.17983737293126, 19.415677863283957 ], [ -99.179875939523171, 19.41560996897244 ], [ -99.180420255830413, 19.41465181141713 ], [ -99.181172553658214, 19.413327526011319 ], [ -99.182179083806247, 19.411555616451164 ], [ -99.182349158818027, 19.411387983891153 ], [ -99.182899188167355, 19.410467214477979 ], [ -99.183120944366465, 19.410056972196323 ], [ -99.183471942584049, 19.409407632704578 ], [ -99.184276666336274, 19.407918888140053 ], [ -99.184149088162854, 19.407875016010546 ], [ -99.182509134299153, 19.407311054362143 ], [ -99.181209547410887, 19.4068641280885 ], [ -99.18070215234971, 19.406687781561008 ], [ -99.178952415240019, 19.406079643085171 ], [ -99.177812221156429, 19.405680401110072 ], [ -99.177115599832817, 19.405441215477431 ], [ -99.174398245139869, 19.40454911628817 ], [ -99.173493592184897, 19.404257991992779 ], [ -99.172580789633713, 19.403964240156604 ], [ -99.171690391650031, 19.403677761030711 ], [ -99.171306728562556, 19.403554318946551 ], [ -99.171176613335902, 19.403512345990325 ], [ -99.171145525616524, 19.403371892008945 ], [ -99.170995656319732, 19.402694782797074 ], [ -99.170911368493307, 19.402313967853559 ], [ -99.170818544045517, 19.401932748775842 ], [ -99.170772828814819, 19.401755954266775 ], [ -99.170495171808625, 19.4004492681199 ], [ -99.170461584937385, 19.400291203593685 ], [ -99.170411595251593, 19.400055942791973 ], [ -99.170348555154078, 19.399824702224329 ], [ -99.1704983251919, 19.399786334203878 ], [ -99.170535273009691, 19.399775237035925 ], [ -99.170577219430953, 19.399762638599846 ], [ -99.170611847883507, 19.399752237654322 ], [ -99.170697071937525, 19.399722251546468 ], [ -99.170723054723595, 19.399713109454684 ], [ -99.171644182634239, 19.399389009072454 ], [ -99.172161398205674, 19.399218614067056 ], [ -99.17287242294033, 19.399012711266106 ], [ -99.175149201289486, 19.39832362247013 ], [ -99.175336172181332, 19.398249294231267 ], [ -99.175436261758506, 19.398223888824802 ], [ -99.175535615870999, 19.398226739068615 ], [ -99.175641125534796, 19.39824304882934 ], [ -99.175843504052438, 19.398321162863262 ], [ -99.17604114837647, 19.398393985419741 ], [ -99.176195117040422, 19.398462903522766 ], [ -99.176403179192576, 19.398553475608342 ], [ -99.176359427965636, 19.39848050422551 ], [ -99.176342728747358, 19.39842329287907 ], [ -99.176350945005083, 19.39832856448259 ], [ -99.176384121343048, 19.398237758441638 ], [ -99.176471379072652, 19.398156765883151 ], [ -99.176581081805409, 19.398125901048253 ], [ -99.17766647246934, 19.397920967518687 ], [ -99.177752047298725, 19.397903863095298 ], [ -99.178128409640863, 19.397817556714184 ], [ -99.178475128397807, 19.397738534674978 ], [ -99.178877251711839, 19.397644604735795 ], [ -99.179496196596261, 19.397491977152917 ], [ -99.179615005790282, 19.397435655288881 ], [ -99.180140718787499, 19.397313280359963 ], [ -99.180926896736665, 19.39714349751689 ], [ -99.181202964802338, 19.397102371454967 ], [ -99.181450487397953, 19.397056033662931 ], [ -99.182230294715708, 19.396918519089319 ], [ -99.182335082555397, 19.396900040377844 ], [ -99.182436962146468, 19.396795601210705 ], [ -99.183461305003732, 19.39642747609329 ], [ -99.184075099972219, 19.396190226821862 ], [ -99.18435394803997, 19.396144468808124 ], [ -99.18509858446744, 19.396022276800814 ], [ -99.185314778958301, 19.395956386430992 ], [ -99.185981190562714, 19.395778390446893 ], [ -99.186503454759162, 19.395638892262888 ], [ -99.187551442155936, 19.395702219191485 ], [ -99.187654358940861, 19.395705246219091 ], [ -99.187824490039517, 19.395710251609639 ], [ -99.188516359605714, 19.395665946170368 ], [ -99.188622832687969, 19.395659127388619 ], [ -99.18889452927921, 19.395641727854574 ], [ -99.188946312555004, 19.395638401658271 ], [ -99.188972098484811, 19.395636745442417 ], [ -99.189007458071643, 19.395634473774805 ], [ -99.189076980219923, 19.395630043725799 ], [ -99.189150689053207, 19.395816843089271 ], [ -99.18925597376419, 19.396083665192961 ], [ -99.189372803466597, 19.396346963322792 ], [ -99.189565862794794, 19.396836888712041 ], [ -99.189866380644077, 19.397599503885075 ], [ -99.189921801140855, 19.397740142509782 ], [ -99.190185910386916, 19.398355572787235 ], [ -99.190536269499191, 19.39917197849212 ], [ -99.190630041972142, 19.399386340537763 ], [ -99.190728829884208, 19.399531865027178 ], [ -99.190827618926136, 19.399677390361802 ], [ -99.190881493125744, 19.399764799950276 ], [ -99.190957957591479, 19.39988886800219 ], [ -99.191090638610035, 19.400051421720296 ], [ -99.191215509006554, 19.400199194089151 ], [ -99.191332894450127, 19.400315888810095 ], [ -99.191501476700111, 19.400453290804897 ], [ -99.191738173544508, 19.400620168101252 ], [ -99.191940997694189, 19.400782648080039 ], [ -99.192065843381954, 19.400908234320859 ], [ -99.192167343053569, 19.401063425884949 ], [ -99.1922610926988, 19.401255600593824 ], [ -99.192331153805341, 19.401471193237676 ], [ -99.192347292259527, 19.401654849241428 ], [ -99.192324267539206, 19.401958075159609 ], [ -99.192277806478529, 19.40242272481369 ], [ -99.192252878097108, 19.402672031963878 ], [ -99.19219327728517, 19.403237578271252 ], [ -99.192199877117403, 19.403488514906659 ], [ -99.19220647792703, 19.403739452437442 ], [ -99.192263296654929, 19.403733134048743 ], [ -99.192320114425854, 19.403726815643303 ], [ -99.192387310372837, 19.403719249035998 ], [ -99.192412060800081, 19.40371636977704 ], [ -99.192461588552803, 19.403710809136289 ], [ -99.192513554216077, 19.403704974782457 ], [ -99.19297493500585, 19.403653170209385 ], [ -99.193854262338277, 19.403553242281333 ], [ -99.194686489840123, 19.403463015053646 ], [ -99.194940983526891, 19.40341373509515 ], [ -99.195137649099806, 19.403388430335546 ], [ -99.195466673045857, 19.403346094264052 ], [ -99.195895185798179, 19.403299517666483 ], [ -99.196367858843544, 19.4032402664184 ], [ -99.196655262238821, 19.403203849177842 ], [ -99.196752190381019, 19.403189592856116 ], [ -99.197622438628258, 19.403071264856035 ], [ -99.19788748687192, 19.403033245981959 ], [ -99.198103928347038, 19.402991087326601 ], [ -99.198280591467821, 19.402936394675436 ], [ -99.198448402576318, 19.402869135285464 ], [ -99.198682356460054, 19.402766928719203 ], [ -99.198916310049199, 19.402664721853267 ], [ -99.199024529465731, 19.402621321304995 ], [ -99.19985267746921, 19.40228067814158 ], [ -99.200440222605422, 19.402036000231497 ], [ -99.200542258165157, 19.401998135493116 ], [ -99.201005260880478, 19.401818256432097 ], [ -99.201420400503395, 19.401679452012274 ], [ -99.201513628692396, 19.401652532461831 ], [ -99.201894148754477, 19.401553072843541 ], [ -99.202234530724823, 19.401511675309738 ], [ -99.202293396626843, 19.401505113835849 ], [ -99.202414218260088, 19.401490600173048 ], [ -99.2024668584084, 19.40148577891949 ], [ -99.203066658606318, 19.401419522038783 ], [ -99.203779778044876, 19.401340745213215 ], [ -99.204557806726399, 19.401257832127868 ], [ -99.205087284805288, 19.401190579510448 ], [ -99.206205672640507, 19.4010508745164 ], [ -99.20784542916526, 19.4008439103639 ], [ -99.207882222934472, 19.400837859426584 ], [ -99.208426203810347, 19.400748388659245 ], [ -99.209069128919637, 19.400660484328906 ], [ -99.210522008992129, 19.400424742934401 ], [ -99.210962387654064, 19.40030619605799 ], [ -99.211492872099512, 19.400131932631151 ], [ -99.212041655041531, 19.399957646319244 ], [ -99.212088267958478, 19.39994214006353 ], [ -99.212329760479648, 19.399861803543295 ], [ -99.212565830276645, 19.399770890432283 ], [ -99.212730217650346, 19.399702807655071 ], [ -99.212891102627268, 19.399659434847656 ], [ -99.212991198749179, 19.399599829040064 ], [ -99.213260236630902, 19.399439619486188 ], [ -99.213703710161099, 19.399204674416435 ], [ -99.213797405220163, 19.399160879119069 ], [ -99.213891100227499, 19.399117082869953 ], [ -99.214215850012195, 19.39896534744959 ], [ -99.214845626569257, 19.398707794730459 ], [ -99.216938706718395, 19.39802139586218 ], [ -99.217302544305099, 19.397902394520063 ], [ -99.218306131605587, 19.397577797174289 ], [ -99.219794842915164, 19.397096279537461 ], [ -99.222165359654966, 19.396334735380933 ], [ -99.222301218244368, 19.396289086687283 ], [ -99.222437076757032, 19.396243437892647 ], [ -99.223015592963407, 19.396043865594308 ], [ -99.223658017720567, 19.395870035875269 ], [ -99.225004612467686, 19.395680688989884 ], [ -99.225869638430865, 19.395703352767285 ] ] ] } },
{ "type": "Feature", "properties": { "alcaldia_norm": "MILPA ALTA", "alcaldia": "MILPA ALTA", "cve_col": "09-001", "colonia": "SAN AGUSTIN OHTENCO (PBLO)", "pob_2010": 1404.0, "SUP_COL_M2": 575094.0, "VIV2010": 372, "DENVIVHa": 6.46851, "SUPMNZHa": 57.5094, "C_DENVIVHa": 1 }, "geometry": { "type": "MultiPolygon", "coordinates": [ [ [ [ -99.037657011771898, 19.181983803886229 ], [ -99.037574819734317, 19.181847205271531 ], [ -99.037422800747422, 19.181753557157876 ], [ -99.037246140683024, 19.181691140311489 ], [ -99.037106457518306, 19.181648232317155 ], [ -99.036917482252861, 19.181624850633234 ], [ -99.036786020514, 19.181605360534832 ], [ -99.036691377005823, 19.181576822767418 ], [ -99.036622496887816, 19.181571383293605 ], [ -99.03651917311285, 19.181546861629531 ], [ -99.036433070889714, 19.181530517240212 ], [ -99.036332614412572, 19.181495086631227 ], [ -99.036301045804251, 19.181500547013218 ], [ -99.036269477193642, 19.18150600648605 ], [ -99.036229318155534, 19.181596003582023 ], [ -99.036163321371063, 19.181653281854267 ], [ -99.036048537327432, 19.181721477058197 ], [ -99.035936627921984, 19.181808760648011 ], [ -99.035807504757813, 19.18192877053086 ], [ -99.035649705928307, 19.18215513565039 ], [ -99.035580859568427, 19.182307857556278 ], [ -99.035537844785225, 19.182474207511092 ], [ -99.035532132380226, 19.182599647388063 ], [ -99.035532154018512, 19.18270054390317 ], [ -99.035520689857179, 19.182776899487219 ], [ -99.035501358240182, 19.18278936956283 ], [ -99.03544034194266, 19.182828727039546 ], [ -99.035368608779706, 19.182907820857405 ], [ -99.035259577743261, 19.183041461352882 ], [ -99.035144798523405, 19.183134199134841 ], [ -99.034972609605617, 19.183186043142246 ], [ -99.034788945349746, 19.183254251566456 ], [ -99.034648335468987, 19.183349720546442 ], [ -99.034539289916424, 19.18341791371283 ], [ -99.034413022647911, 19.183477930198695 ], [ -99.034364244983578, 19.183537931199581 ], [ -99.034321212099925, 19.1836197467454 ], [ -99.034266689936359, 19.183655207449981 ], [ -99.03418633068587, 19.183660675667845 ], [ -99.034060048528048, 19.183649791784891 ], [ -99.034022736726243, 19.183638891341783 ], [ -99.033985423977981, 19.183627989987485 ], [ -99.033922271666313, 19.183565283196689 ], [ -99.03389929804402, 19.183499840543437 ], [ -99.033876322209835, 19.183423491426318 ], [ -99.033793081708197, 19.183371694757621 ], [ -99.033676468066233, 19.183354481672158 ], [ -99.033488845483447, 19.183287216417654 ], [ -99.033451824494506, 19.183283939844085 ], [ -99.033273592817878, 19.183268166553432 ], [ -99.033055476656571, 19.183284567469986 ], [ -99.032831621246046, 19.18330642328851 ], [ -99.032705355056791, 19.183374619350221 ], [ -99.032670927593514, 19.183437344863485 ], [ -99.032678265804975, 19.183528765149283 ], [ -99.032747936320405, 19.183569112419079 ], [ -99.032853295066872, 19.183644969766636 ], [ -99.032968851744869, 19.183736969819471 ], [ -99.033148987467214, 19.183896762022112 ], [ -99.033209591348822, 19.183954321775666 ], [ -99.033258452741876, 19.18400072954941 ], [ -99.033451485981942, 19.18418891133501 ], [ -99.03394433510401, 19.184731255430286 ], [ -99.034109181758296, 19.184891049497917 ], [ -99.034199255919233, 19.184995968088526 ], [ -99.034440579577534, 19.18523808194875 ], [ -99.034569746409431, 19.185405953679531 ], [ -99.034668324164628, 19.185544772815167 ], [ -99.034749910890042, 19.185686823309918 ], [ -99.034876420879129, 19.185945487875337 ], [ -99.034906302449627, 19.186032272942963 ], [ -99.034953917215518, 19.186219533576242 ], [ -99.034977746662179, 19.186419713318973 ], [ -99.034977795069324, 19.186648956771826 ], [ -99.03496424079961, 19.186829770841253 ], [ -99.03492349081786, 19.186968615409597 ], [ -99.034886160442952, 19.187207552353225 ], [ -99.034855629608643, 19.18746263167942 ], [ -99.03485228155364, 19.187698333045887 ], [ -99.034869312105485, 19.187885599473567 ], [ -99.034882550291627, 19.187973518279794 ], [ -99.034899939601274, 19.188089006092909 ], [ -99.03494414816295, 19.188237521763586 ], [ -99.034978425524272, 19.188314676503683 ], [ -99.035022621945714, 19.188414156487074 ], [ -99.035035945023807, 19.188444145790548 ], [ -99.035132365082305, 19.188624582726078 ], [ -99.03515153264658, 19.188660452505957 ], [ -99.035321493927469, 19.188961627069908 ], [ -99.035404018543915, 19.189119900252059 ], [ -99.03554641699138, 19.189399567949479 ], [ -99.03571469897625, 19.189700746063195 ], [ -99.035823113991867, 19.189902044242285 ], [ -99.035908875937622, 19.190066463853938 ], [ -99.036012436037495, 19.19025700552876 ], [ -99.036114372621455, 19.190416810930298 ], [ -99.036211449899483, 19.190542808856208 ], [ -99.036271311157421, 19.190607341935515 ], [ -99.036355440389102, 19.190701069438099 ], [ -99.0364282426805, 19.190768673552846 ], [ -99.036551195211956, 19.190873150583737 ], [ -99.036641787386301, 19.190933067386748 ], [ -99.03674532049817, 19.190991445178426 ], [ -99.037000911132068, 19.19111279992805 ], [ -99.037533135204853, 19.191413902545207 ], [ -99.037791969858361, 19.19156906479634 ], [ -99.038002270935934, 19.191685817438248 ], [ -99.038109080884084, 19.191752046455822 ], [ -99.038277285415091, 19.191856343004883 ], [ -99.038471415226795, 19.191983855809422 ], [ -99.038589520300931, 19.192099090708833 ], [ -99.038748629457274, 19.192132178688563 ], [ -99.039663942093213, 19.193770886703952 ], [ -99.039679083281655, 19.193796887915237 ], [ -99.039739997328383, 19.193901497279739 ], [ -99.039843557582572, 19.194064373836714 ], [ -99.039932565627112, 19.194248769062064 ], [ -99.04000540324337, 19.194450072399412 ], [ -99.040032935953576, 19.194592988025651 ], [ -99.040045943773919, 19.194871143865523 ], [ -99.040024959299103, 19.195050952081331 ], [ -99.039981326515885, 19.195221545179336 ], [ -99.039902107400081, 19.195385998706598 ], [ -99.039779218449951, 19.195568903580337 ], [ -99.039628825340586, 19.195728761477756 ], [ -99.03943961117956, 19.195885554853973 ], [ -99.039250393522678, 19.196033127080483 ], [ -99.038990018829821, 19.196240649089273 ], [ -99.038635844891687, 19.196535787299542 ], [ -99.03846765882588, 19.196700258906557 ], [ -99.038357697711945, 19.196838592609001 ], [ -99.038273621540299, 19.196996899121874 ], [ -99.03820734251056, 19.197173643791249 ], [ -99.038170816585406, 19.197355182054899 ], [ -99.038155625838328, 19.197473613399008 ], [ -99.038153952179712, 19.197616269633638 ], [ -99.038167629874792, 19.197734607303783 ], [ -99.038215464725482, 19.197987488012583 ], [ -99.038249623790236, 19.198130137673605 ], [ -99.038290601021473, 19.198241984329268 ], [ -99.038352054014993, 19.198353827597266 ], [ -99.03856513122615, 19.198502889746475 ], [ -99.038614438027352, 19.198562089388552 ], [ -99.038724882764029, 19.198706079400218 ], [ -99.038809317306189, 19.198836980430691 ], [ -99.038882727346575, 19.198929175287862 ], [ -99.039028285356153, 19.199145845282843 ], [ -99.039830808288627, 19.200247860420717 ], [ -99.039964591868099, 19.200550465145572 ], [ -99.040003963263686, 19.200737268656656 ], [ -99.040016282381004, 19.201131639315335 ], [ -99.040109340334737, 19.200990858316043 ], [ -99.040244511963508, 19.200855241991377 ], [ -99.040368414755847, 19.200716060046478 ], [ -99.04052611077968, 19.200544758550357 ], [ -99.040676289159123, 19.20034848167894 ], [ -99.040909077773975, 19.20009866536348 ], [ -99.041044248904129, 19.199966617342501 ], [ -99.041100580907695, 19.199955899821113 ], [ -99.041344716158193, 19.200030774754431 ], [ -99.041509975363823, 19.200073554327439 ], [ -99.041648948259521, 19.200127043723739 ], [ -99.041787919392789, 19.200176965014485 ], [ -99.042039567403862, 19.200251836404 ], [ -99.042186049068178, 19.200294619669837 ], [ -99.042257406193031, 19.200294603240351 ], [ -99.04232499951803, 19.200262474747106 ], [ -99.042418865500437, 19.200162547247064 ], [ -99.04249019600546, 19.200059056920871 ], [ -99.042685393496285, 19.199684365235832 ], [ -99.042831781571735, 19.199366773646695 ], [ -99.04302697003186, 19.198967104666767 ], [ -99.043064505212229, 19.198885030938673 ], [ -99.043109560756051, 19.198838635441039 ], [ -99.043188420914774, 19.198810071977558 ], [ -99.043278543994262, 19.198763665819239 ], [ -99.043391214366153, 19.198770775196834 ], [ -99.043470366741687, 19.198764946250268 ], [ -99.043522653147519, 19.198738632044797 ], [ -99.043642804515102, 19.198631561663081 ], [ -99.043747945794408, 19.198570878792392 ], [ -99.043875602313065, 19.198442398461619 ], [ -99.043995739960863, 19.198285374934148 ], [ -99.044018240958664, 19.198160486794006 ], [ -99.0441270517384, 19.197778678218427 ], [ -99.044190832898551, 19.197539602271501 ], [ -99.044262138271336, 19.197350477401127 ], [ -99.044416008360415, 19.196943681733178 ], [ -99.044487341019007, 19.19685446260338 ], [ -99.044645023329124, 19.196661748597869 ], [ -99.044896576335319, 19.196404786568088 ], [ -99.045234506821899, 19.19614780290479 ], [ -99.045489848884884, 19.196015720981475 ], [ -99.045733908306389, 19.195826553487965 ], [ -99.04582027261047, 19.195780147006904 ], [ -99.045985506914533, 19.195744424733117 ], [ -99.046128213214715, 19.195726548889983 ], [ -99.046361055044528, 19.195719354180103 ], [ -99.04640510440727, 19.195720864050529 ], [ -99.046567612480445, 19.195726437856788 ], [ -99.046661494448955, 19.195701437081187 ], [ -99.046736590971818, 19.195651465033112 ], [ -99.046785399079667, 19.195601499661546 ], [ -99.046822936680996, 19.195537265147141 ], [ -99.04684545441684, 19.19548373846683 ], [ -99.046871728566884, 19.195430210823556 ], [ -99.046871712404709, 19.19537312189464 ], [ -99.046871689171525, 19.19529105605034 ], [ -99.046837840500288, 19.195119797894176 ], [ -99.046804006971627, 19.194998491752582 ], [ -99.046762670681801, 19.194909301341777 ], [ -99.046736354276632, 19.194812970186394 ], [ -99.046766378779012, 19.194741600684608 ], [ -99.046785146006215, 19.194705915877716 ], [ -99.046785111726265, 19.194584601102829 ], [ -99.046743768499013, 19.19447043376622 ], [ -99.046751260212048, 19.194399070908922 ], [ -99.046758750967186, 19.194327707147274 ], [ -99.046852576582978, 19.194106463448385 ], [ -99.04695017970981, 19.193967283688764 ], [ -99.047066558801177, 19.193820963053799 ], [ -99.047250499793918, 19.193542607051683 ], [ -99.04732933835561, 19.193449816852883 ], [ -99.047393134612193, 19.193282101547702 ], [ -99.047411873954559, 19.193150077895567 ], [ -99.047456904223196, 19.193025184349064 ], [ -99.047625840558879, 19.192814624787857 ], [ -99.047712199677292, 19.19275751339757 ], [ -99.047843259206772, 19.192702995823154 ], [ -99.047892441817694, 19.192682536561541 ], [ -99.04805766533201, 19.192621836398502 ], [ -99.048170313038824, 19.192564717902897 ], [ -99.048290449638515, 19.192432667498004 ], [ -99.048376606311592, 19.192296185855781 ], [ -99.048425575233523, 19.192186435153349 ], [ -99.048448086778208, 19.192115068245041 ], [ -99.048470585677578, 19.191997316393003 ], [ -99.048436727685441, 19.191797513545723 ], [ -99.048440428806416, 19.191611972786887 ], [ -99.048455289589043, 19.191062486405777 ], [ -99.048476938926527, 19.19083755186616 ], [ -99.04851816646314, 19.190753927858797 ], [ -99.048611437031653, 19.19050050984141 ], [ -99.048661398286811, 19.190345292954351 ], [ -99.048711358497442, 19.190190076051515 ], [ -99.048817912964196, 19.189765614329623 ], [ -99.048871217098622, 19.189645237844442 ], [ -99.04932465097518, 19.189803487793995 ], [ -99.049611383451278, 19.189911102200874 ], [ -99.049738063807396, 19.189904733518947 ], [ -99.049851413999306, 19.189917372421007 ], [ -99.050038120174605, 19.189974334643132 ], [ -99.050208007984082, 19.190043029237799 ], [ -99.050398207609888, 19.190119937699023 ], [ -99.050731614127614, 19.190227537521157 ], [ -99.050663043147807, 19.190515162144365 ], [ -99.05092023589782, 19.190510877657864 ], [ -99.051186291177572, 19.190485524838103 ], [ -99.051439051599289, 19.190485454141761 ], [ -99.051722851805323, 19.190485374348672 ], [ -99.052031167424119, 19.190491206725348 ], [ -99.052364003603174, 19.190600343723911 ], [ -99.052937772617952, 19.190866856581849 ], [ -99.053080794669782, 19.19089399100536 ], [ -99.053195206122282, 19.190893957865875 ], [ -99.053321859857007, 19.190847333710447 ], [ -99.053460757659764, 19.190754120320197 ], [ -99.053491385511634, 19.190697818638245 ], [ -99.053640778537797, 19.190683335810906 ], [ -99.053767856902269, 19.190712044173523 ], [ -99.053864714834944, 19.190844243361006 ], [ -99.053858710937817, 19.190987971127878 ], [ -99.053834533568946, 19.191068465255618 ], [ -99.053731706008477, 19.191189225495563 ], [ -99.05362888669643, 19.191332981580874 ], [ -99.053592621776488, 19.191459471020039 ], [ -99.053538280053829, 19.191821676246011 ], [ -99.053556524141456, 19.19210337414696 ], [ -99.053643199809883, 19.192323250038438 ], [ -99.05369583640335, 19.192534511369519 ], [ -99.053720121313674, 19.192781713156954 ], [ -99.053629465747051, 19.193120933087027 ], [ -99.053496434182364, 19.193402675118516 ], [ -99.053290759825785, 19.193592452753055 ], [ -99.053818196434733, 19.193640796662944 ], [ -99.054687170616262, 19.193800810548687 ], [ -99.054922399077824, 19.19334701926428 ], [ -99.054963219541932, 19.193222775849151 ], [ -99.05508987326354, 19.193172268878772 ], [ -99.055265834008765, 19.192949413722378 ], [ -99.056346745127954, 19.19338131383633 ], [ -99.056222028261658, 19.193658555504971 ], [ -99.056076240447823, 19.193938883501556 ], [ -99.055914244339732, 19.194225377174682 ], [ -99.055823534727452, 19.194410207055487 ], [ -99.055567398346909, 19.194963628755932 ], [ -99.055549797130098, 19.195001658428769 ], [ -99.055335922003366, 19.195266606524235 ], [ -99.055109060490949, 19.195476117778181 ], [ -99.054934068394459, 19.195685612316456 ], [ -99.054823901899994, 19.195858127596885 ], [ -99.055788114749404, 19.19525149622924 ], [ -99.055959154041517, 19.195135344900439 ], [ -99.056216587937598, 19.194960524478827 ], [ -99.05681107296985, 19.195123493334286 ], [ -99.057346024305161, 19.195270140000474 ], [ -99.057458961838577, 19.195282026010066 ], [ -99.057493805566352, 19.195153301337811 ], [ -99.05757182476836, 19.19507932126912 ], [ -99.058751431940649, 19.195317381535688 ], [ -99.058337469368183, 19.195675166029037 ], [ -99.05826669351562, 19.195915629147905 ], [ -99.058345072251441, 19.196103340013039 ], [ -99.058366554386211, 19.19625798451267 ], [ -99.058371796902478, 19.196417818984028 ], [ -99.058360823870586, 19.196583795972064 ], [ -99.058400098186269, 19.196749384619181 ], [ -99.058472815020849, 19.196838313842427 ], [ -99.058550286086842, 19.196910641458057 ], [ -99.058626434597102, 19.196895901389148 ], [ -99.058716760124412, 19.196818614614035 ], [ -99.058919419058014, 19.196851660270976 ], [ -99.059190521103474, 19.196975429959192 ], [ -99.059363487293609, 19.196990089799538 ], [ -99.059967631757445, 19.197180935830939 ], [ -99.060291866557478, 19.197300950405225 ], [ -99.060560972547393, 19.197374782975164 ], [ -99.060758756192811, 19.197448638791123 ], [ -99.060844156094888, 19.197473994072741 ], [ -99.060911145039626, 19.197497868763179 ], [ -99.061060269589277, 19.197488579247437 ], [ -99.061151037599956, 19.197473148221661 ], [ -99.061261068199116, 19.197470176125314 ], [ -99.061358512928962, 19.197454599070497 ], [ -99.0614362712043, 19.19732521133556 ], [ -99.061488109670037, 19.197238952826559 ], [ -99.061507571990674, 19.19726666698881 ], [ -99.061553088190323, 19.19761469623549 ], [ -99.061577849475185, 19.197710129219356 ], [ -99.061504540702458, 19.197833395330161 ], [ -99.061316581276458, 19.198030580336443 ], [ -99.061242060834218, 19.198147647027476 ], [ -99.061141631717618, 19.198338642647489 ], [ -99.061054200523529, 19.198612795032012 ], [ -99.061087714859681, 19.198826113753096 ], [ -99.061086745409739, 19.198954668711767 ], [ -99.060991169371547, 19.199121022814015 ], [ -99.060916652177397, 19.19924886927355 ], [ -99.060837270520736, 19.19937517732744 ], [ -99.060767609143085, 19.1994845413567 ], [ -99.060715765825975, 19.199563099706886 ], [ -99.060615657982439, 19.199619723755013 ], [ -99.060699139008833, 19.199882819838148 ], [ -99.060740988597104, 19.200310027814204 ], [ -99.060681607551388, 19.200799513157939 ], [ -99.060622095585174, 19.200932508588355 ], [ -99.060452300907556, 19.201127334189927 ], [ -99.060170281821968, 19.201076395884527 ], [ -99.059829993004911, 19.201091208504831 ], [ -99.059493493811772, 19.201147904391753 ], [ -99.059067749082786, 19.201473408649093 ], [ -99.058909920019204, 19.201494679435609 ], [ -99.058752090914666, 19.201515950086332 ], [ -99.058537705825117, 19.201615043272927 ], [ -99.058411492187844, 19.20171217502477 ], [ -99.058367738721898, 19.201750689544575 ], [ -99.058320735703646, 19.201767644360874 ], [ -99.058251032632029, 19.20176612652968 ], [ -99.058176460837714, 19.201750750330614 ], [ -99.058118095348163, 19.201723048162748 ], [ -99.058075936838833, 19.201687641810768 ], [ -99.058046749185465, 19.20165839038906 ], [ -99.058024860875605, 19.20164607741776 ], [ -99.058002973519962, 19.201633763539775 ], [ -99.057954344678151, 19.201636858890346 ], [ -99.057876531038289, 19.201621483593456 ], [ -99.057779252925101, 19.201569153796818 ], [ -99.057698170559505, 19.2014767782766 ], [ -99.0576625019592, 19.201458308743828 ], [ -99.057571717505738, 19.201433697470918 ], [ -99.057454998732879, 19.201412173351805 ], [ -99.05724587051138, 19.201356798307181 ], [ -99.057083755428366, 19.201310648318813 ], [ -99.056934612478045, 19.201279894033974 ], [ -99.056769257217582, 19.2012383647352 ], [ -99.056639572676801, 19.201224544950694 ], [ -99.056551472619233, 19.201229495763702 ], [ -99.05652934748484, 19.201230738913701 ], [ -99.056500176057, 19.201250768645121 ], [ -99.056467766375391, 19.201281578377603 ], [ -99.056439237045879, 19.201332317275831 ], [ -99.056484597051124, 19.201317442068515 ], [ -99.056508065114329, 19.201329323649627 ], [ -99.056553439839305, 19.201357547283184 ], [ -99.056616028768133, 19.201408057451712 ], [ -99.056772514409175, 19.201568513897005 ], [ -99.056825721307874, 19.201627943279423 ], [ -99.056869543072835, 19.201690347985579 ], [ -99.05686330297128, 19.201740879401104 ], [ -99.056800766886283, 19.20184493017182 ], [ -99.056691309796193, 19.201975745482933 ], [ -99.056538036858129, 19.202061989621175 ], [ -99.056315943379872, 19.202172033305228 ], [ -99.056187686938799, 19.20222260212951 ], [ -99.056084465952978, 19.202292483541854 ], [ -99.056045384267961, 19.20236977501823 ], [ -99.056000051538788, 19.202463417203486 ], [ -99.055928132914943, 19.202580845107931 ], [ -99.055853088448444, 19.202707191220327 ], [ -99.055809317465247, 19.202797860451327 ], [ -99.055749905067898, 19.202890020189809 ], [ -99.055699896427413, 19.203037164716466 ], [ -99.055627986833869, 19.203182830110872 ], [ -99.055576381151212, 19.203231888567171 ], [ -99.05552477448667, 19.203280947009038 ], [ -99.055462219048877, 19.203331495414364 ], [ -99.055371500725911, 19.203370163496164 ], [ -99.055252618442424, 19.203388033024723 ], [ -99.055165028763454, 19.203423726729515 ], [ -99.055146270006986, 19.20346237303535 ], [ -99.055128298145718, 19.203515879435962 ], [ -99.055130658859582, 19.203560463341294 ], [ -99.055152568189982, 19.203587207701965 ], [ -99.055224535906788, 19.203613936989498 ], [ -99.055355948338445, 19.203640648311264 ], [ -99.055477046839371, 19.203658353192985 ], [ -99.055706368054302, 19.203673237986376 ], [ -99.055837784673059, 19.203714810197802 ], [ -99.055884741414118, 19.2037950478346 ], [ -99.055900440491712, 19.203958520264543 ], [ -99.055888710358843, 19.204049113757584 ], [ -99.055884859859177, 19.204145780746831 ], [ -99.05590991523917, 19.204223053523219 ], [ -99.055944368037601, 19.20433301832761 ], [ -99.055941271410333, 19.204428133349296 ], [ -99.055925678673319, 19.204576753171491 ], [ -99.055950754237969, 19.204713471776508 ], [ -99.056029013417572, 19.204841257751472 ], [ -99.056138545524078, 19.204924448606544 ], [ -99.056191746212974, 19.204963072965032 ], [ -99.056257462160843, 19.205004664991925 ], [ -99.056323181176964, 19.205055174276968 ], [ -99.056332588810719, 19.205117589655543 ], [ -99.056301313937794, 19.205153266586137 ], [ -99.056216851340935, 19.205185988303974 ], [ -99.056022906727847, 19.205284134165524 ], [ -99.055785161625181, 19.205388237105364 ], [ -99.05541603803708, 19.205566688374816 ], [ -99.055262755154573, 19.205635097763945 ], [ -99.055078187954834, 19.205709460377115 ], [ -99.054959310906213, 19.205751109132855 ], [ -99.054843570453571, 19.20581356205787 ], [ -99.054737232076917, 19.205923569133986 ], [ -99.054674715700159, 19.206098954678488 ], [ -99.054649741109856, 19.206265410825797 ], [ -99.054624780207874, 19.206473480040472 ], [ -99.054640500878577, 19.206705315640214 ], [ -99.054653063340041, 19.20685095540313 ], [ -99.054675017229741, 19.207011453593747 ], [ -99.054696957405937, 19.207130339612135 ], [ -99.054722008755022, 19.207195722819147 ], [ -99.05472045464343, 19.207225446649318 ], [ -99.054718899579697, 19.207255169575902 ], [ -99.054684496069754, 19.207290848061614 ], [ -99.054465576048216, 19.207564365667604 ], [ -99.054234152579781, 19.207876527349903 ], [ -99.054015237832843, 19.208170850485654 ], [ -99.053796321341167, 19.2084622009261 ], [ -99.053596162824959, 19.208708961927012 ], [ -99.053518916348423, 19.208812002708719 ], [ -99.05340226433556, 19.208967608778845 ], [ -99.053305313433796, 19.209095446816598 ], [ -99.053249588229747, 19.209136559135516 ], [ -99.053161928835294, 19.209188146100765 ], [ -99.053106613717603, 19.209197085740147 ], [ -99.053051297642853, 19.20920602626688 ], [ -99.052980323873967, 19.209211996165379 ], [ -99.052894732835043, 19.209202104962799 ], [ -99.052779913944363, 19.209184289943909 ], [ -99.052656744130033, 19.209162510703109 ], [ -99.052518970346981, 19.209166516777117 ], [ -99.052364508160338, 19.209208206568128 ], [ -99.05228519846591, 19.209257807906326 ], [ -99.052195465910685, 19.20935500624692 ], [ -99.052130794252037, 19.209483928001045 ], [ -99.052122482039991, 19.209602918697126 ], [ -99.052143385538514, 19.209694136144929 ], [ -99.052185174789116, 19.209817078227079 ], [ -99.052266644027782, 19.209995537054326 ], [ -99.052297490628703, 19.21006800159152 ], [ -99.052350207238149, 19.210191842452733 ], [ -99.052414967598963, 19.21034254194533 ], [ -99.052469271625768, 19.210431767875349 ], [ -99.052529830077475, 19.210495209883057 ], [ -99.052588296640806, 19.210546754632674 ], [ -99.052640496586946, 19.210582435873281 ], [ -99.052724005229166, 19.210608193080404 ], [ -99.052817946429542, 19.210614115405367 ], [ -99.052968249063568, 19.210618037677605 ], [ -99.05307471316867, 19.210619990607057 ], [ -99.05325633976625, 19.210655634149457 ], [ -99.053333591735395, 19.210699240104184 ], [ -99.053417117504608, 19.210774574776529 ], [ -99.053469333416103, 19.210861817287164 ], [ -99.053492329823314, 19.210964933600764 ], [ -99.053484008259801, 19.211052193762562 ], [ -99.053458979756854, 19.211119626959871 ], [ -99.053367271714919, 19.211222048284693 ], [ -99.053023451803114, 19.211372918468253 ], [ -99.052831706590482, 19.211457782411902 ], [ -99.052659800222941, 19.211545781882315 ], [ -99.052672483701016, 19.211561888441569 ], [ -99.052710399005846, 19.211610033729425 ], [ -99.052725779525758, 19.211715724387076 ], [ -99.052591546746172, 19.211861550080179 ], [ -99.052346068904555, 19.212058432158639 ], [ -99.052131996690846, 19.212149300817451 ], [ -99.051928566028479, 19.212280156133495 ], [ -99.05178987836338, 19.212412122623878 ], [ -99.051517596892836, 19.212780310158561 ], [ -99.051345024042064, 19.213017261513663 ], [ -99.051218495206598, 19.213268779092289 ], [ -99.051099632908617, 19.213502070374339 ], [ -99.051092038218044, 19.213757199467018 ], [ -99.051184268855906, 19.214249202692582 ], [ -99.051230460175432, 19.214420481528013 ], [ -99.051276552653661, 19.214591768509766 ], [ -99.051441639798469, 19.214956188143173 ], [ -99.051587525144157, 19.215255010009848 ], [ -99.051803268277467, 19.215515935067994 ], [ -99.051913770706392, 19.215674053223477 ], [ -99.051980137321422, 19.215886912952222 ], [ -99.052013251942114, 19.216043956730228 ], [ -99.051953874728028, 19.216624215350123 ], [ -99.051949917815023, 19.216662889615751 ], [ -99.051988947084197, 19.21682574551237 ], [ -99.05211951166109, 19.217197463853179 ], [ -99.052238539808158, 19.217485358324531 ], [ -99.052472712120576, 19.217911717180844 ], [ -99.052883475896209, 19.218651465030707 ], [ -99.052987111028912, 19.218789932485514 ], [ -99.05380274267803, 19.219396644819696 ], [ -99.054100027079656, 19.219609656246693 ], [ -99.054126910627147, 19.219689830524217 ], [ -99.054146123988744, 19.219780941495451 ], [ -99.054215227105146, 19.219908484005241 ], [ -99.054430069727189, 19.220159909513132 ], [ -99.05463740736927, 19.220476929123048 ], [ -99.054668196987322, 19.220615413687963 ], [ -99.054698907294963, 19.22066643005644 ], [ -99.054741119929147, 19.220691929312348 ], [ -99.054794839708208, 19.22070649249445 ], [ -99.054883094699761, 19.220735622751651 ], [ -99.054967534354532, 19.220826714074519 ], [ -99.055194018770791, 19.221172889376234 ], [ -99.055534208280037, 19.222015483211464 ], [ -99.05508872104599, 19.22203073558056 ], [ -99.054998683106376, 19.222040829464596 ], [ -99.054829051420498, 19.222166800211099 ], [ -99.054155140536352, 19.222143310753559 ], [ -99.054064516004544, 19.22221031055668 ], [ -99.053990008709619, 19.22225635491483 ], [ -99.05397027297704, 19.22231140160131 ], [ -99.053947899835578, 19.222351436929497 ], [ -99.053946613727788, 19.222445256132101 ], [ -99.053930835206586, 19.222519065231769 ], [ -99.05389265615544, 19.222549098924048 ], [ -99.053839985500204, 19.222561623165397 ], [ -99.053734382026605, 19.222637797519582 ], [ -99.053654350651072, 19.222695526090035 ], [ -99.053609592602228, 19.222743074448008 ], [ -99.053429427270444, 19.222751481313537 ], [ -99.053379054846047, 19.222751495997645 ], [ -99.053238236816597, 19.222746935097319 ], [ -99.053080200388109, 19.222709453788166 ], [ -99.052989300812726, 19.222650873953562 ], [ -99.052928316141248, 19.222625706880606 ], [ -99.052832865572341, 19.222598032796224 ], [ -99.052801055864379, 19.222613151704032 ], [ -99.052774554032482, 19.22264338062174 ], [ -99.052740091322391, 19.222650945866572 ], [ -99.052684408794718, 19.222625777185865 ], [ -99.052655240168832, 19.222608157093514 ], [ -99.052615462529673, 19.222575429402948 ], [ -99.052559784050203, 19.222562853486082 ], [ -99.052496154347153, 19.222557835151299 ], [ -99.052464343968893, 19.222567917421927 ], [ -99.0524166269674, 19.222583041721652 ], [ -99.052347698345983, 19.222588098009417 ], [ -99.052215136036551, 19.222575543940557 ], [ -99.052135595259955, 19.222555419373883 ], [ -99.052064010354684, 19.222545366573652 ], [ -99.052010986623429, 19.222542862893512 ], [ -99.051923486559588, 19.222507629853059 ], [ -99.05186515441936, 19.222484981318704 ], [ -99.05181741923009, 19.222442181644681 ], [ -99.051793546678368, 19.222401893954654 ], [ -99.051774982383535, 19.222384270723143 ], [ -99.051642414772687, 19.222354086857859 ], [ -99.051607939491205, 19.222321357452326 ], [ -99.05157345793792, 19.222268480821196 ], [ -99.051515100816644, 19.222165243297951 ], [ -99.051491225858513, 19.22211991898843 ], [ -99.051451443080026, 19.222069561660714 ], [ -99.051424928553203, 19.222059495946478 ], [ -99.051340081171034, 19.222026780621686 ], [ -99.051228724001817, 19.221999109251588 ], [ -99.050963583433145, 19.221918594313731 ], [ -99.050846921041639, 19.221883369769298 ], [ -99.050727607540338, 19.221843108401142 ], [ -99.050555251778832, 19.221744937771227 ], [ -99.050515487074989, 19.22175250406114 ], [ -99.050335233338913, 19.221833142562293 ], [ -99.050088706920477, 19.221936464980363 ], [ -99.049879279991742, 19.221984370979708 ], [ -99.04972551284402, 19.221984412779896 ], [ -99.049611198449881, 19.221948376150429 ], [ -99.049468319843967, 19.22188122845909 ], [ -99.049423254480018, 19.221893832522763 ], [ -99.049370244334355, 19.22193917783936 ], [ -99.049301315885273, 19.221944232980892 ], [ -99.04925889655587, 19.221941726553339 ], [ -99.049216487724181, 19.221974477073836 ], [ -99.049174078875652, 19.222007227584449 ], [ -99.049097202021727, 19.222029913262741 ], [ -99.049070686896101, 19.222017328465945 ], [ -99.049033543494062, 19.221926676363733 ], [ -99.048972537307932, 19.221825956570278 ], [ -99.0488477236118, 19.221667338986606 ], [ -99.048778966861349, 19.221702607038008 ], [ -99.048635814499562, 19.221737902962179 ], [ -99.048490011512271, 19.221773198572297 ], [ -99.048368075145618, 19.221828635893161 ], [ -99.048264695726829, 19.221881549503166 ], [ -99.048198428846263, 19.221924379231623 ], [ -99.048124202681052, 19.221944545966693 ], [ -99.048005083616872, 19.22193614887766 ], [ -99.047933308848144, 19.221909339049908 ], [ -99.047920045863364, 19.221884157813669 ], [ -99.047920031993485, 19.221836308954575 ], [ -99.047914723342885, 19.221813644378724 ], [ -99.047888206882647, 19.221796022830876 ], [ -99.047798057524574, 19.221760788507133 ], [ -99.047752974382334, 19.221715469238244 ], [ -99.047681386471112, 19.221692821919039 ], [ -99.047623061725602, 19.221692837089368 ], [ -99.047559435401226, 19.221697891101012 ], [ -99.047503760492773, 19.221695386803685 ], [ -99.047466640437619, 19.221682804523407 ], [ -99.047450726751578, 19.221660142680921 ], [ -99.047418906845607, 19.221637485858381 ], [ -99.047302133951334, 19.221551897802236 ], [ -99.047233198890964, 19.221536804944026 ], [ -99.047159062150712, 19.221526742748821 ], [ -99.04711655071111, 19.221544390301965 ], [ -99.047053022418368, 19.221549435978805 ], [ -99.046302669052352, 19.221270084762082 ], [ -99.046273530244477, 19.221355717600499 ], [ -99.046066724971169, 19.221297846786555 ], [ -99.046151510480058, 19.221113982590772 ], [ -99.046215098608087, 19.220972935988726 ], [ -99.046297246391177, 19.220839439996052 ], [ -99.046435055161339, 19.22066059883489 ], [ -99.046540366316052, 19.220535495375493 ], [ -99.046666346714716, 19.220180271882569 ], [ -99.046738463835169, 19.219964277000823 ], [ -99.04677812993306, 19.21985456467073 ], [ -99.046821851161567, 19.219706027235723 ], [ -99.046960400800913, 19.219354089033125 ], [ -99.047134497298728, 19.219053682256465 ], [ -99.047248417404973, 19.218784183612915 ], [ -99.047317512190091, 19.218540283355068 ], [ -99.047371424989294, 19.218349972857698 ], [ -99.047274165127249, 19.21837437564626 ], [ -99.046474986669494, 19.218562742913377 ], [ -99.046291937469007, 19.218619829237461 ], [ -99.046152156536721, 19.218636462714571 ], [ -99.046007476673651, 19.218631491437637 ], [ -99.045846985836846, 19.218615567879336 ], [ -99.045719137387636, 19.218602884104957 ], [ -99.045673267788885, 19.218598332526184 ], [ -99.0455477264981, 19.218585877608731 ], [ -99.045506289035387, 19.218587150439028 ], [ -99.045466973978691, 19.218588071175766 ], [ -99.04541998628477, 19.218582616967801 ], [ -99.045371077385823, 19.218565322331244 ], [ -99.045326956199375, 19.218525252978267 ], [ -99.045304890349556, 19.218484268089362 ], [ -99.045282815280331, 19.218409578861273 ], [ -99.045281842581574, 19.218359478985732 ], [ -99.045285655838597, 19.218280229376496 ], [ -99.045294273164146, 19.218231038106868 ], [ -99.045326855318379, 19.21815724633991 ], [ -99.045355611483629, 19.218116248876512 ], [ -99.045380530978278, 19.21807251942781 ], [ -99.045415040021823, 19.218031519626145 ], [ -99.045453379944774, 19.217972301135802 ], [ -99.045496520784894, 19.217938586992773 ], [ -99.045544461200208, 19.217918535397398 ], [ -99.045590479436214, 19.217886641567084 ], [ -99.045644165991277, 19.217845637852893 ], [ -99.045689223143981, 19.217802814320756 ], [ -99.045720857145312, 19.217769102089484 ], [ -99.045748652910675, 19.217723549917668 ], [ -99.045767814866878, 19.217667069077969 ], [ -99.0457773854435, 19.217597837858101 ], [ -99.045773535931872, 19.217548649676676 ], [ -99.045740918063998, 19.217492181766069 ], [ -99.045708300274072, 19.217439356853575 ], [ -99.045550998932981, 19.217286363632539 ], [ -99.04539168245276, 19.217135199956644 ], [ -99.045282346355847, 19.217055067353481 ], [ -99.045163417179808, 19.216962184273605 ], [ -99.045011880570627, 19.216849269439599 ], [ -99.044846909637741, 19.216696277485905 ], [ -99.044791279941606, 19.216647101943561 ], [ -99.044729899885667, 19.216607036655059 ], [ -99.044676200002684, 19.216601584796198 ], [ -99.044593736884465, 19.216607069841249 ], [ -99.044513195129937, 19.216625308062021 ], [ -99.044413472985866, 19.21663626308025 ], [ -99.044323332235535, 19.216619888221189 ], [ -99.044217847504086, 19.216598052061951 ], [ -99.044098937209014, 19.216568931256329 ], [ -99.043836626918278, 19.216499919895938 ], [ -99.043799388407066, 19.21620705507177 ], [ -99.043863066658233, 19.216204436145123 ], [ -99.043864773905852, 19.216166932035989 ], [ -99.043843082885502, 19.216105431808433 ], [ -99.043816459715799, 19.216056987385464 ], [ -99.04373883241972, 19.216004341869688 ], [ -99.043665638875268, 19.215949588629496 ], [ -99.04355473802471, 19.21585692580377 ], [ -99.043472668500939, 19.215776895881206 ], [ -99.043401687218491, 19.21570107656488 ], [ -99.043357317360645, 19.215629463291993 ], [ -99.043350635691084, 19.215515710206915 ], [ -99.04335504729525, 19.215429339845578 ], [ -99.043339505187191, 19.215353507377753 ], [ -99.043317315271707, 19.215296635289761 ], [ -99.043279600549994, 19.215233446961083 ], [ -99.043233027995456, 19.215214499143588 ], [ -99.043150977232855, 19.215208198577283 ], [ -99.043022367510375, 19.215231400895547 ], [ -99.042964713578016, 19.215237734326244 ], [ -99.042862710867482, 19.215252503752904 ], [ -99.042749617299521, 19.21525253016971 ], [ -99.042665345544222, 19.215229377728448 ], [ -99.042585502084108, 19.215183052138848 ], [ -99.042490135379438, 19.215132516844086 ], [ -99.042403643967177, 19.215100938256818 ], [ -99.042252839446448, 19.215050415657039 ], [ -99.042148615313465, 19.215046226387592 ], [ -99.042017789171226, 19.215077855050943 ], [ -99.041920222611807, 19.215092622936073 ], [ -99.041820434293825, 19.215094752370202 ], [ -99.041749465760333, 19.21506527656577 ], [ -99.041709538236859, 19.215014728225338 ], [ -99.041654087705354, 19.214968395771105 ], [ -99.041560945244697, 19.214938925835522 ], [ -99.041361356663785, 19.214894732558928 ], [ -99.041197253305924, 19.214865277536202 ], [ -99.041024285394144, 19.214858996432682 ], [ -99.040904542447876, 19.214871663009063 ], [ -99.040804755808296, 19.214880111794759 ], [ -99.040625040945429, 19.214490435978604 ], [ -99.040474188031197, 19.214237681270301 ], [ -99.040287886060824, 19.21411132872597 ], [ -99.040048378672836, 19.214043970700342 ], [ -99.039729039482211, 19.213968204046896 ], [ -99.039640337179691, 19.213959796713212 ], [ -99.039651534639958, 19.21394063936394 ], [ -99.039773332409894, 19.213732258516078 ], [ -99.039436252294607, 19.213648068656592 ], [ -99.039143527110326, 19.213589147428539 ], [ -99.038788710979489, 19.213521812342453 ], [ -99.038469361611092, 19.213395486046757 ], [ -99.038389518226509, 19.213336518803825 ], [ -99.038407240224871, 19.213260678925728 ], [ -99.038518007921937, 19.212801423597728 ], [ -99.03857122061801, 19.212767707141399 ], [ -99.038682089018508, 19.212742405052314 ], [ -99.038757474387751, 19.212704470589596 ], [ -99.038806245950781, 19.21264547628051 ], [ -99.038894912831097, 19.212506424053853 ], [ -99.038948108530903, 19.212405297861618 ], [ -99.038970260323708, 19.21230839062385 ], [ -99.039023461835129, 19.212228329859656 ], [ -99.0391077230869, 19.212215672085772 ], [ -99.039227474242566, 19.212245138490733 ], [ -99.039369401049498, 19.212278813326598 ], [ -99.039520193105773, 19.212291420688139 ], [ -99.039631066088134, 19.212287183476331 ], [ -99.039777412927435, 19.212257659777837 ], [ -99.039835062394161, 19.212236581804326 ], [ -99.039866091983896, 19.212173377794858 ], [ -99.039866081829345, 19.212131245987067 ], [ -99.039826154576318, 19.212076483946607 ], [ -99.039757399169531, 19.212021728152628 ], [ -99.039659813558487, 19.211954339662459 ], [ -99.039551137699377, 19.21187220615915 ], [ -99.03939144973593, 19.21175006019233 ], [ -99.039256162524779, 19.211659506589658 ], [ -99.03917188261066, 19.211592114082364 ], [ -99.039076513046354, 19.211516298260676 ], [ -99.039005531634118, 19.211423624113262 ], [ -99.03892787829804, 19.211244582897283 ], [ -99.038899028912184, 19.211149793116682 ], [ -99.038859079490933, 19.211002341592476 ], [ -99.038865696470708, 19.210850666917011 ], [ -99.038881166286359, 19.210629474082754 ], [ -99.038887787193474, 19.210494652488268 ], [ -99.038932092259671, 19.210305052159665 ], [ -99.038976414141402, 19.210191288003724 ], [ -99.039038462750213, 19.210020642691664 ], [ -99.039098292214391, 19.209843677920283 ], [ -99.039162538140957, 19.20958876935147 ], [ -99.039191322526392, 19.20940970453556 ], [ -99.039200180116637, 19.20935703854062 ], [ -99.03920017262918, 19.209325439900763 ], [ -99.039164684843271, 19.209289635572141 ], [ -99.039053802960225, 19.209251741582179 ], [ -99.038781039336939, 19.209171750020595 ], [ -99.038632460315071, 19.209127542933498 ], [ -99.038492750473182, 19.209083334767158 ], [ -99.038321995970932, 19.209032812173707 ], [ -99.038195591848194, 19.208990707634481 ], [ -99.0381224075917, 19.20895069768023 ], [ -99.038089138115126, 19.208917000220296 ], [ -99.038077506018922, 19.208882236357049 ], [ -99.038091337641944, 19.208855419281644 ], [ -99.038082458427539, 19.208799033580242 ], [ -99.038100174747925, 19.208700020694398 ], [ -99.038146714260378, 19.208582042984936 ], [ -99.03816443975245, 19.208523055279588 ], [ -99.03817773457682, 19.208478814950958 ], [ -99.038188809479678, 19.20842825517391 ], [ -99.038177775629407, 19.208396999540252 ], [ -99.038122261966464, 19.208318727537669 ], [ -99.038075677907017, 19.208242900108878 ], [ -99.038031307984397, 19.208148114285951 ], [ -99.037997998530884, 19.207939570489511 ], [ -99.038000202480902, 19.207880586012578 ], [ -99.037991310241893, 19.207783685277928 ], [ -99.03798021454331, 19.207747876560127 ], [ -99.037962464899977, 19.207701535132074 ], [ -99.037931416582254, 19.207682582732051 ], [ -99.037907012065745, 19.20762571039506 ], [ -99.037893696490613, 19.207579368946501 ], [ -99.03787150467231, 19.207501429778791 ], [ -99.037869275126454, 19.207448766126827 ], [ -99.037904727488581, 19.207332897389783 ], [ -99.037919941846809, 19.207292059288889 ], [ -99.037942400670872, 19.207231774642882 ], [ -99.037986720963346, 19.207111690778014 ], [ -99.038058549908044, 19.206978832134759 ], [ -99.038068730213979, 19.206960000428541 ], [ -99.038254956189093, 19.206799862678643 ], [ -99.038493203730368, 19.206644181952697 ], [ -99.038515972487104, 19.20662930328319 ], [ -99.038461500020532, 19.206571664623471 ], [ -99.038323215515405, 19.206523296964072 ], [ -99.037897810792899, 19.206465901590288 ], [ -99.037544918615126, 19.206389571327922 ], [ -99.037421822380423, 19.206384918695317 ], [ -99.037398481829271, 19.206366131821781 ], [ -99.037369170423659, 19.206336656628597 ], [ -99.037789105354818, 19.204797537839081 ], [ -99.037780493603577, 19.204748729972536 ], [ -99.037742055496182, 19.204672259991355 ], [ -99.037690822108061, 19.204647937105932 ], [ -99.037597511814042, 19.204634051191942 ], [ -99.037231583409351, 19.20455764887063 ], [ -99.037114420882432, 19.204239595664433 ], [ -99.037109842031313, 19.20421700107331 ], [ -99.037105263181459, 19.204194406482038 ], [ -99.037313796394827, 19.20403793253849 ], [ -99.037408911682348, 19.203945793174594 ], [ -99.037447317607345, 19.203881474595196 ], [ -99.037460102711918, 19.203784136467593 ], [ -99.037440881087491, 19.203733734727063 ], [ -99.037421659474987, 19.203683333887973 ], [ -99.037317359400248, 19.203613829775705 ], [ -99.037154518165991, 19.203559981361799 ], [ -99.036997160882621, 19.203483535272827 ], [ -99.036816004548768, 19.203342783988365 ], [ -99.036584921057525, 19.203199896992103 ], [ -99.036560209200488, 19.203197860353274 ], [ -99.036422683784139, 19.203181556084015 ], [ -99.036289451353696, 19.203142795422185 ], [ -99.036147623668398, 19.203106077925952 ], [ -99.035595358761654, 19.202971453329262 ], [ -99.03494639414636, 19.202808264472871 ], [ -99.034922758173323, 19.202810310544169 ], [ -99.034896982302385, 19.202855226333206 ], [ -99.03485617899068, 19.202967512201081 ], [ -99.034821803115605, 19.202987932605136 ], [ -99.034748752174536, 19.203022650408414 ], [ -99.034669251816439, 19.203045121801701 ], [ -99.034587599509578, 19.203053302590583 ], [ -99.034478007020439, 19.203028826222557 ], [ -99.034338330042289, 19.20299823072148 ], [ -99.034233038882789, 19.202990085041474 ], [ -99.03415782876462, 19.202975808995603 ], [ -99.034076169740828, 19.202951327181157 ], [ -99.03398161314432, 19.202898268479927 ], [ -99.03389780859213, 19.202890118623859 ], [ -99.033792524608771, 19.202916675730833 ], [ -99.033707395380745, 19.202948125583038 ], [ -99.033655010281592, 19.202952426203936 ], [ -99.033592696847336, 19.202957541099067 ], [ -99.033446576576992, 19.202943277738949 ], [ -99.033347730537315, 19.202931047238568 ], [ -99.033208060813152, 19.20293515572352 ], [ -99.033083429436587, 19.202922929748809 ], [ -99.032978130249532, 19.202873954699811 ], [ -99.032778261904099, 19.202710677745454 ], [ -99.032730975252079, 19.202645360532273 ], [ -99.032670799353923, 19.20259229501211 ], [ -99.032619223910032, 19.202567807184543 ], [ -99.032574107336259, 19.202604560719948 ], [ -99.032568741100278, 19.202633140915484 ], [ -99.032563374862619, 19.202661722014533 ], [ -99.032578426905303, 19.202714795592502 ], [ -99.032608525644065, 19.202798488207254 ], [ -99.032621436824172, 19.20289239081141 ], [ -99.032602113968252, 19.20297200997922 ], [ -99.032587087218616, 19.203047544341075 ], [ -99.03257850607325, 19.203116954659464 ], [ -99.03260215659752, 19.203188399912953 ], [ -99.032630100051449, 19.203239429622929 ], [ -99.032649456096337, 19.203323124137476 ], [ -99.032645190022436, 19.203484397015181 ], [ -99.032645207338604, 19.203572177202126 ], [ -99.032589371234664, 19.20373345924882 ], [ -99.03252707572986, 19.203831458337749 ], [ -99.032473373003185, 19.203919248043757 ], [ -99.032447598696308, 19.203976411987021 ], [ -99.032428276831013, 19.204062154926831 ], [ -99.032404649689724, 19.20411523625161 ], [ -99.03236597656263, 19.204141781656169 ], [ -99.032312262244403, 19.204166288136143 ], [ -99.032237056528132, 19.20417650830969 ], [ -99.032159700260721, 19.204178563462293 ], [ -99.032080197806636, 19.20419490812467 ], [ -99.032037231996739, 19.20424390964865 ], [ -99.03201360920967, 19.204315363223621 ], [ -99.032009319983771, 19.204360274847737 ], [ -99.032030817531506, 19.204411306671503 ], [ -99.032069507787213, 19.204472542420806 ], [ -99.032112501140475, 19.204560315980334 ], [ -99.032127550279327, 19.204603182650189 ], [ -99.032125411781919, 19.204652177034006 ], [ -99.032108234117018, 19.204719546353285 ], [ -99.032097506494139, 19.204803246178731 ], [ -99.032058843835514, 19.204884909321972 ], [ -99.032035226104497, 19.204982901465204 ], [ -99.032037395622183, 19.205089054466598 ], [ -99.032076089205034, 19.205166621845901 ], [ -99.032140568783461, 19.205250308496527 ], [ -99.032159919659804, 19.20530746447513 ], [ -99.032162079342385, 19.205362581900385 ], [ -99.032136300739268, 19.205399331924589 ], [ -99.032106224182428, 19.205436082697751 ], [ -99.032095493344883, 19.205503450881103 ], [ -99.032112694866612, 19.205558566575657 ], [ -99.032162134099352, 19.205644297416164 ], [ -99.032207280201504, 19.205754525094534 ], [ -99.03228680729211, 19.2058606653815 ], [ -99.032381375827512, 19.205968842736414 ], [ -99.032417915199375, 19.206017830280679 ], [ -99.032497436938556, 19.206095390338653 ], [ -99.032564062203448, 19.206154579450409 ], [ -99.032619943012392, 19.206215812016879 ], [ -99.03264144516325, 19.206283174488227 ], [ -99.03266294920131, 19.20636482702341 ], [ -99.032699495199068, 19.206446476872955 ], [ -99.032751081966609, 19.206522000230116 ], [ -99.032736048906941, 19.20656691377927 ], [ -99.032736059812223, 19.206622032477359 ], [ -99.032768297011813, 19.206648564380608 ], [ -99.032822020712999, 19.206662844836782 ], [ -99.032877895438872, 19.206687331823694 ], [ -99.032890797339476, 19.206732240372734 ], [ -99.032903704524713, 19.206803687485479 ], [ -99.032886518839845, 19.206830229134916 ], [ -99.03284784637232, 19.206862899335363 ], [ -99.03280487362241, 19.206879237759857 ], [ -99.032746855509473, 19.206883331266923 ], [ -99.032656600562902, 19.206862933502503 ], [ -99.032022661965641, 19.206681359408307 ], [ -99.031532701169041, 19.206530379206541 ], [ -99.031388719158045, 19.206475286117623 ], [ -99.031251188050234, 19.206440605680971 ], [ -99.031165231880706, 19.206422247111504 ], [ -99.031092170215771, 19.206412052584422 ], [ -99.031059942144438, 19.206432472816502 ], [ -99.031038461679572, 19.206477387319687 ], [ -99.031021286631372, 19.206557005023885 ], [ -99.031014855363225, 19.206640704043 ], [ -99.031014869904396, 19.206718278172858 ], [ -99.030993387664793, 19.206748902602968 ], [ -99.030963306788749, 19.206765239319967 ], [ -99.030909587216129, 19.206767289952371 ], [ -99.030821483827623, 19.206759138516908 ], [ -99.03069254722358, 19.206722414650031 ], [ -99.030613034714719, 19.206691807147493 ], [ -99.030473354977531, 19.206659168054188 ], [ -99.030359462730516, 19.206634689950885 ], [ -99.030267056815944, 19.206595918163565 ], [ -99.030131672968636, 19.206551029600231 ], [ -99.030019927398698, 19.206518384663593 ], [ -99.029893138145027, 19.206465329150582 ], [ -99.029828670788945, 19.206451049583769 ], [ -99.029686841692381, 19.206414327105005 ], [ -99.029568651762432, 19.206389849205301 ], [ -99.029439719580139, 19.206369456089291 ], [ -99.029196894975883, 19.206326625623049 ], [ -99.029100193335623, 19.206298060862796 ], [ -99.02904646648885, 19.206263365449335 ], [ -99.029029268779681, 19.206224581104745 ], [ -99.029022802376602, 19.206108221825659 ], [ -99.029018475775516, 19.205944909770523 ], [ -99.028999120062466, 19.205848966393692 ], [ -99.028979764135599, 19.205757105245031 ], [ -99.028917436476547, 19.205687707214906 ], [ -99.028822874630961, 19.205604024164725 ], [ -99.028719710259736, 19.205481555340903 ], [ -99.028672426073399, 19.205420320234435 ], [ -99.028622994717637, 19.205369293288342 ], [ -99.028541333918625, 19.20533664274565 ], [ -99.028425295198659, 19.205314205337572 ], [ -99.028302807603339, 19.205285645052623 ], [ -99.028225444149953, 19.20524891147393 ], [ -99.028133036037516, 19.205189724735472 ], [ -99.028087901900108, 19.205138696080372 ], [ -99.028085742449932, 19.205071330102065 ], [ -99.028079284811767, 19.205008047013134 ], [ -99.028059935292148, 19.204944765897054 ], [ -99.028004055647244, 19.204883531929482 ], [ -99.027967520937096, 19.204852916702301 ], [ -99.027935275206573, 19.204769223669203 ], [ -99.027950305697502, 19.204707978865954 ], [ -99.02799971834105, 19.204650811949023 ], [ -99.028025497747365, 19.204614062502362 ], [ -99.028040536406621, 19.204595687900845 ], [ -99.028055572639587, 19.20456302232423 ], [ -99.028055562602489, 19.204503821379706 ], [ -99.02802977008011, 19.204462997584411 ], [ -99.027978192321513, 19.20442421838591 ], [ -99.02796099773029, 19.204395640867538 ], [ -99.027954543615238, 19.204352772543139 ], [ -99.027945935982117, 19.204277241269139 ], [ -99.027922287655343, 19.204207836988793 ], [ -99.027885735990196, 19.204081275286789 ], [ -99.027844890784024, 19.203969003395461 ], [ -99.027771820127256, 19.203897565024349 ], [ -99.027675100765322, 19.203758763875665 ], [ -99.027636410256093, 19.20368527868828 ], [ -99.027640700310712, 19.203638325593708 ], [ -99.027647127373442, 19.203519922719941 ], [ -99.027649261384454, 19.203436224436714 ], [ -99.02765140316653, 19.203393353896843 ], [ -99.027672874325575, 19.203295363526252 ], [ -99.027733033409817, 19.203250442651299 ], [ -99.027823277623312, 19.203227973538397 ], [ -99.027861947830303, 19.203181015216153 ], [ -99.027902761449639, 19.203101394181491 ], [ -99.027928530645809, 19.203005443788285 ], [ -99.027913474557906, 19.202919706546886 ], [ -99.027900565358109, 19.202821720471722 ], [ -99.027866174216172, 19.202756400943507 ], [ -99.02783608688847, 19.20273190850326 ], [ -99.027778065230294, 19.202701295587545 ], [ -99.027724342564966, 19.202682931412397 ], [ -99.027681363904748, 19.202660482463433 ], [ -99.027655572785875, 19.202625782407463 ], [ -99.027646972882707, 19.202595161989084 ], [ -99.027625469156391, 19.202503301891173 ], [ -99.027616865177478, 19.20244818536419 ], [ -99.027582478988393, 19.202411445023198 ], [ -99.027537349515896, 19.202382871658529 ], [ -99.027485771165374, 19.202335926942713 ], [ -99.027444926662838, 19.202223654940052 ], [ -99.027395480759182, 19.202076681166002 ], [ -99.027335277502445, 19.201852134805346 ], [ -99.027324522370904, 19.201782727602652 ], [ -99.027324515630269, 19.201741899851097 ], [ -99.027318054648845, 19.201650037466074 ], [ -99.027287953467052, 19.201539805387334 ], [ -99.027266456746474, 19.201482649187664 ], [ -99.027221324895791, 19.201437744098499 ], [ -99.027201977130076, 19.201380587571585 ], [ -99.027176178266686, 19.201296893415687 ], [ -99.027096662329924, 19.201225455708229 ], [ -99.026965579903901, 19.201170357200333 ], [ -99.02676144217763, 19.201133641583851 ], [ -99.026660447805853, 19.20111528308221 ], [ -99.02655085940323, 19.201101009810248 ], [ -99.026499287615195, 19.201090809427487 ], [ -99.026467054461733, 19.201076524910413 ], [ -99.026443411807421, 19.201041824367302 ], [ -99.026443403653531, 19.200990788769587 ], [ -99.026451992456089, 19.200947917302202 ], [ -99.026477766732128, 19.20088054724182 ], [ -99.026522866527444, 19.200733558629924 ], [ -99.026520702570608, 19.200639654016008 ], [ -99.026490604362607, 19.200537588067718 ], [ -99.026449748937551, 19.200355907908637 ], [ -99.026421791608499, 19.200208929836172 ], [ -99.026413183915679, 19.20012727465264 ], [ -99.0264088795969, 19.200086447512394 ], [ -99.026395979975248, 19.20004153756798 ], [ -99.026366969748338, 19.200026231331247 ], [ -99.026337959526785, 19.200010925089877 ], [ -99.026286387119001, 19.199994600843151 ], [ -99.023203109641997, 19.199412381686393 ], [ -99.023240357332995, 19.199590033231829 ], [ -99.023348779477104, 19.200011179119667 ], [ -99.02347363862917, 19.200563350139571 ], [ -99.02358533600264, 19.200915862025138 ], [ -99.023785751434957, 19.201667683739416 ], [ -99.023866614980591, 19.20196944758985 ], [ -99.023927028693677, 19.202194895197483 ], [ -99.023919445930346, 19.202272813784823 ], [ -99.023910634033953, 19.202363360611901 ], [ -99.02383185875253, 19.202606707909869 ], [ -99.023725541759532, 19.203114983606525 ], [ -99.023717006065809, 19.203155789864461 ], [ -99.023779401706165, 19.203183859444813 ], [ -99.023838512424263, 19.203204130080447 ], [ -99.023897624107988, 19.203224399793104 ], [ -99.023960026128222, 19.203296144769407 ], [ -99.02397647140441, 19.203483325219537 ], [ -99.024012622001266, 19.203679861401021 ], [ -99.024065186361611, 19.203845198017849 ], [ -99.02410462370635, 19.204060452181206 ], [ -99.024114495674112, 19.204200837369658 ], [ -99.024104654152993, 19.204269472036369 ], [ -99.024301694122201, 19.204353678096545 ], [ -99.02440021258758, 19.20438174266997 ], [ -99.024482317868163, 19.204450365095845 ], [ -99.024564483396148, 19.204930787688685 ], [ -99.024646617826917, 19.205192831172294 ], [ -99.024679481079502, 19.205358171135835 ], [ -99.024604054783836, 19.206041395148489 ], [ -99.024482561581692, 19.206097565815064 ], [ -99.024388886648154, 19.206195954015833 ], [ -99.024223114455651, 19.206455664451894 ], [ -99.024141144120932, 19.206796424511023 ], [ -99.024128049046382, 19.207074079383375 ], [ -99.024123180863299, 19.207221625957818 ], [ -99.024151076395682, 19.207348609752412 ], [ -99.024216763073383, 19.20741411469724 ], [ -99.024276232509976, 19.207495558040637 ], [ -99.024262794906576, 19.207804070523558 ], [ -99.02427926661727, 19.208165953496373 ], [ -99.024292450387961, 19.208493519766982 ], [ -99.024338460214238, 19.208730611066695 ], [ -99.024341766143252, 19.208886595733919 ], [ -99.024310373046859, 19.208985293704551 ], [ -99.024299095675119, 19.20902074833139 ], [ -99.024315530940967, 19.209126815442776 ], [ -99.024364801913919, 19.209214160664885 ], [ -99.024423921997666, 19.209282786132185 ], [ -99.024448474411031, 19.209307970316001 ], [ -99.024506032033344, 19.209367007198225 ], [ -99.024542165577756, 19.209435635697755 ], [ -99.024544636403903, 19.209488670009986 ], [ -99.024547107231797, 19.209541705225629 ], [ -99.024514289735365, 19.209689894461007 ], [ -99.024476687423004, 19.209949919520241 ], [ -99.024415805614709, 19.209916085894466 ], [ -99.024340269714187, 19.209869300775463 ], [ -99.024192491950629, 19.209856841387332 ], [ -99.024084118405355, 19.209828778017283 ], [ -99.023877223776438, 19.20976953096724 ], [ -99.023706453570128, 19.209722757966684 ], [ -99.023685102764148, 19.209686883739938 ], [ -99.023663752918878, 19.209651010414195 ], [ -99.023509397752179, 19.209569917991168 ], [ -99.023020076388917, 19.20943271342799 ], [ -99.022977392142366, 19.209476394212789 ], [ -99.022875624038633, 19.209716624058455 ], [ -99.022819803450815, 19.209757186706245 ], [ -99.022704863683813, 19.209732243979204 ], [ -99.022596487488713, 19.20968234246698 ], [ -99.022284505693719, 19.20960438811376 ], [ -99.022192552063345, 19.209566962413049 ], [ -99.021939689828088, 19.209557633638365 ], [ -99.021798499733492, 19.209691797411278 ], [ -99.021644186666563, 19.20992579333458 ], [ -99.021575244130503, 19.210075547074815 ], [ -99.02151615699907, 19.210253376366978 ], [ -99.021397937418286, 19.210268988894974 ], [ -99.021325692455534, 19.210278356527954 ], [ -99.021174625399652, 19.210225339401987 ], [ -99.02099399585029, 19.210109930781844 ], [ -99.020895465091357, 19.210006992496997 ], [ -99.020859334278597, 19.209941483019268 ], [ -99.020859311856356, 19.209763659764572 ], [ -99.020796911707734, 19.209723111164454 ], [ -99.020573603299724, 19.209701298198009 ], [ -99.020294468397111, 19.209676372314465 ], [ -99.020202522414479, 19.209698219733777 ], [ -99.020061316218943, 19.209720073408523 ], [ -99.019851144829104, 19.209707617337763 ], [ -99.019673814812506, 19.209710756194315 ], [ -99.019440653255856, 19.20967646485628 ], [ -99.019283021275982, 19.209639044649702 ], [ -99.0190235840208, 19.209567318685838 ], [ -99.018902075994973, 19.209533015040385 ], [ -99.018764333152177, 19.209484594625426 ], [ -99.018449491680428, 19.209429621768926 ], [ -99.018221506672418, 19.209419331001207 ], [ -99.017928379081269, 19.209371229900505 ], [ -99.017512203940242, 19.209244069404221 ], [ -99.017613501865625, 19.208975907710336 ], [ -99.017638819148203, 19.208841829730691 ], [ -99.017617099429259, 19.208776512522967 ], [ -99.017642411545978, 19.208594304531573 ], [ -99.017646015850403, 19.208458508801169 ], [ -99.017620677028845, 19.208389754081594 ], [ -99.017618856836521, 19.208288338352823 ], [ -99.017586280309132, 19.208217865393724 ], [ -99.017526566065001, 19.208176616817454 ], [ -99.01731848414596, 19.208147414801228 ], [ -99.016954792025217, 19.208090725046947 ], [ -99.016734042683225, 19.208042615319069 ], [ -99.016580242446238, 19.208020283217138 ], [ -99.016531392155372, 19.208042633706008 ], [ -99.016475307967809, 19.208111395011208 ], [ -99.016460837815828, 19.208161245251745 ], [ -99.016399319083803, 19.20816640755244 ], [ -99.016259039352477, 19.208130567455175 ], [ -99.016182188747976, 19.208120015765584 ], [ -99.016118861638205, 19.20813549170575 ], [ -99.016070013137991, 19.208187063863992 ], [ -99.016019357047796, 19.208257544385571 ], [ -99.015986790675257, 19.208285050091991 ], [ -99.01573530689582, 19.208501655994358 ], [ -99.015471129683348, 19.208429483465487 ], [ -99.015250377784156, 19.208353869993495 ], [ -99.01500429492711, 19.208281695284217 ], [ -99.014931915880581, 19.208243884756754 ], [ -99.014931911226384, 19.2081923168877 ], [ -99.015011520636946, 19.208151056090109 ], [ -99.015170740909596, 19.208096038158423 ], [ -99.01523949198409, 19.20803415101161 ], [ -99.015261197664998, 19.207958516328979 ], [ -99.015250333418919, 19.207872570781326 ], [ -99.015134522943001, 19.20776600768146 ], [ -99.015087474863179, 19.207711005829417 ], [ -99.015087464831097, 19.207600994368786 ], [ -99.015054874032586, 19.207360347875319 ], [ -99.015109144467289, 19.207240019273591 ], [ -99.01516702443422, 19.207030305133852 ], [ -99.01519957458963, 19.206827469693671 ], [ -99.015264692105589, 19.20661088010025 ], [ -99.015300873516367, 19.206545557771207 ], [ -99.015232116436721, 19.206535249921117 ], [ -99.015148887855005, 19.206562759686058 ], [ -99.014939001029219, 19.206555901192221 ], [ -99.014682066280685, 19.20650091621161 ], [ -99.014511986323754, 19.206500929753727 ], [ -99.014385334811564, 19.206552507614504 ], [ -99.014338287566375, 19.20651125699694 ], [ -99.01425866935864, 19.206432193362044 ], [ -99.01418991268558, 19.206425322979499 ], [ -99.01408859232609, 19.206476897769569 ], [ -99.013900416660604, 19.206452847123629 ], [ -99.013672432056154, 19.206394421574849 ], [ -99.013549392629855, 19.206366927840318 ], [ -99.013411871993597, 19.206250050756847 ], [ -99.013379296964644, 19.206170983289944 ], [ -99.013426325348235, 19.205995649054099 ], [ -99.013498678386711, 19.205730929512534 ], [ -99.013523995418964, 19.205559035603343 ], [ -99.013375628762219, 19.205559046487721 ], [ -99.013205546077529, 19.205524680227654 ], [ -99.013049944177652, 19.205552194241367 ], [ -99.012807491818975, 19.205565962774791 ], [ -99.012688073455536, 19.20555909536024 ], [ -99.012590367434044, 19.205552226378135 ], [ -99.012541513032517, 19.20551785113668 ], [ -99.012479989066705, 19.205442222436687 ], [ -99.012456460789863, 19.205354558631083 ], [ -99.012460068505504, 19.205208450278363 ], [ -99.012465486735849, 19.205077811262658 ], [ -99.012445579167689, 19.205015932053662 ], [ -99.012393105036296, 19.204978119157033 ], [ -99.012353298269829, 19.204965229871455 ], [ -99.012313491509531, 19.204952340577215 ], [ -99.012135270480385, 19.204944617276961 ], [ -99.011957049467767, 19.204936893803428 ], [ -99.011859341256724, 19.204893926909257 ], [ -99.011781532556398, 19.204802828655374 ], [ -99.011705535725511, 19.204746109748662 ], [ -99.011537265843828, 19.204730650047772 ], [ -99.011403374863406, 19.20473237735391 ], [ -99.011169965896357, 19.204694575270182 ], [ -99.01102340627331, 19.20464817303958 ], [ -99.01080628093554, 19.204584585567432 ], [ -99.010724858271971, 19.204555368543716 ], [ -99.010638005930261, 19.204500368757135 ], [ -99.010496872712537, 19.204423025054759 ], [ -99.010373831507124, 19.204335366641896 ], [ -99.010303262023101, 19.204256299853135 ], [ -99.010256217825628, 19.204221924799505 ], [ -99.010129563151523, 19.20421505612164 ], [ -99.009937770906888, 19.20417381230321 ], [ -99.009756832156569, 19.204103345900496 ], [ -99.009628365099402, 19.204026000851467 ], [ -99.009512565382124, 19.203996785089469 ], [ -99.009394958386792, 19.203986477574659 ], [ -99.009232114558472, 19.203934918856131 ], [ -99.009063845449148, 19.203914300093928 ], [ -99.008995090317271, 19.2039125845501 ], [ -99.008851385583725, 19.203843443931557 ], [ -99.008618366883482, 19.203793280717925 ], [ -99.008547736355894, 19.203745628456641 ], [ -99.008443800708662, 19.203739533873254 ], [ -99.008283289826551, 19.203837231900174 ], [ -99.008219259684012, 19.203910546867693 ], [ -99.00784489944941, 19.20374365987978 ], [ -99.007436061464063, 19.203614209504995 ], [ -99.007445374866663, 19.2037064348659 ], [ -99.007449206255757, 19.203824788724027 ], [ -99.007416372868406, 19.203913700841969 ], [ -99.007345775195006, 19.203999495633688 ], [ -99.007212786303597, 19.204125848579729 ], [ -99.007166816896415, 19.204203842980014 ], [ -99.00714922166739, 19.204242325280706 ], [ -99.007106900057281, 19.204334887045611 ], [ -99.007079804233413, 19.204394148693712 ], [ -99.007032206222959, 19.204788792201761 ], [ -99.006851625553452, 19.205495411049309 ], [ -99.006868046564207, 19.205535966145906 ], [ -99.006909095830366, 19.205581200827506 ], [ -99.006981342655493, 19.205645151847939 ], [ -99.006994481096456, 19.205715344583083 ], [ -99.006952933037198, 19.205890357042438 ], [ -99.006923892879442, 19.206050714737099 ], [ -99.006861504122909, 19.206145868230653 ], [ -99.006820460773625, 19.206247259484098 ], [ -99.00685166056175, 19.206340849596955 ], [ -99.006910773335065, 19.206432878783829 ], [ -99.0069271966738, 19.206526468534609 ], [ -99.006912421272375, 19.206576384920236 ], [ -99.006927841715438, 19.206596075206761 ], [ -99.006943261210864, 19.206615765491975 ], [ -99.006988644594642, 19.206721580947249 ], [ -99.007087656637182, 19.206803878793576 ], [ -99.00716133446096, 19.206837491752268 ], [ -99.007326511096338, 19.206908405969656 ], [ -99.007582209223486, 19.207066642801642 ], [ -99.007797781719916, 19.207242166978336 ], [ -99.007951762248126, 19.207373810276305 ], [ -99.008212127023171, 19.207515492062363 ], [ -99.008426496296607, 19.207632579184651 ], [ -99.008536886087001, 19.207729726107026 ], [ -99.008675467170605, 19.207793106693156 ], [ -99.00882431062405, 19.207812603378816 ], [ -99.00888872732078, 19.207810748486629 ], [ -99.008952624483328, 19.207841852390427 ], [ -99.009014218145509, 19.207900360741739 ], [ -99.008916737890118, 19.208592745955254 ], [ -99.008973203830493, 19.208748773505473 ], [ -99.009019402018069, 19.20884628927406 ], [ -99.008978362515094, 19.209216861442339 ], [ -99.008875725259514, 19.209485041927024 ], [ -99.008787481238173, 19.209540653795404 ], [ -99.008747419425916, 19.2096314227413 ], [ -99.008682702176131, 19.209774896720088 ], [ -99.008577916440927, 19.209886165685813 ], [ -99.008442306279534, 19.209930091423303 ], [ -99.008309776114615, 19.209930097479333 ], [ -99.008245661715677, 19.209906020912985 ], [ -99.00817724253784, 19.209880327711065 ], [ -99.008016970311644, 19.209807135721064 ], [ -99.007992315070879, 19.209848128096148 ], [ -99.008038549716474, 19.209918397904133 ], [ -99.008084785352665, 19.209988667699839 ], [ -99.008134681835614, 19.210158285432687 ], [ -99.008143354572425, 19.210187768017754 ], [ -99.008155690904744, 19.210334166505977 ], [ -99.008220416899874, 19.210372226767305 ], [ -99.008285456805922, 19.21040918713015 ], [ -99.008414596015456, 19.210486410124311 ], [ -99.008513228826956, 19.210591812403045 ], [ -99.008618024204921, 19.21065622304322 ], [ -99.008728982542067, 19.210688425561219 ], [ -99.008786480386249, 19.210685691687786 ], [ -99.008861512530146, 19.210673779389289 ], [ -99.008944734924469, 19.210773326795177 ], [ -99.009009463340604, 19.2108318837784 ], [ -99.009077270090202, 19.210834808576159 ], [ -99.009111558497892, 19.210831653698442 ], [ -99.009172814906819, 19.210826019389938 ], [ -99.009283774616009, 19.210878717670035 ], [ -99.009400898029554, 19.21093141556662 ], [ -99.009493364064298, 19.210966546711486 ], [ -99.009641306256185, 19.210978250658293 ], [ -99.00963823225004, 19.211104153745456 ], [ -99.009413254407207, 19.211426244005246 ], [ -99.009311554212744, 19.211604855981918 ], [ -99.00925916918996, 19.211806889653683 ], [ -99.009191372776925, 19.211997211508184 ], [ -99.009166722509107, 19.212111404890564 ], [ -99.009172891545163, 19.212208027871725 ], [ -99.00922529035428, 19.212249016529377 ], [ -99.009303885963135, 19.212254868842049 ], [ -99.009445664105783, 19.212240221780121 ], [ -99.009553537691843, 19.212225576378884 ], [ -99.009596686522926, 19.212196293600677 ], [ -99.009635213485836, 19.212194828411707 ], [ -99.009696857889423, 19.212227032923735 ], [ -99.00976158351105, 19.212240205226617 ], [ -99.009788965174707, 19.21224722227139 ], [ -99.009858673219512, 19.212265087435902 ], [ -99.009938810649089, 19.212297290870612 ], [ -99.010032816589714, 19.212297285748864 ], [ -99.010163806771956, 19.212285566864466 ], [ -99.010285552117907, 19.212292880429573 ], [ -99.010424249364405, 19.212301656118086 ], [ -99.01050438889574, 19.212349963186465 ], [ -99.010556789481186, 19.212412911629158 ], [ -99.010593777763773, 19.212449509471195 ], [ -99.010672374359459, 19.212483176744815 ], [ -99.01078795847306, 19.212525626239231 ], [ -99.010838814510791, 19.21253440676303 ], [ -99.010894292784187, 19.212524155878185 ], [ -99.010999087025411, 19.212553429238312 ], [ -99.011093096547796, 19.212604663357578 ], [ -99.011014508680461, 19.212704219524074 ], [ -99.010963659374028, 19.212797917713463 ], [ -99.0109436332379, 19.21291943050036 ], [ -99.010903575279812, 19.213077543546291 ], [ -99.010891255866667, 19.213213695673637 ], [ -99.010962153723099, 19.213333738960078 ], [ -99.010837648241719, 19.21372595928354 ], [ -99.010761853323373, 19.213964731156544 ], [ -99.010795765095807, 19.214084775761844 ], [ -99.010870774895125, 19.214160349026731 ], [ -99.010986876941544, 19.214333642929141 ], [ -99.011005376750006, 19.214433193227155 ], [ -99.011012288562412, 19.214551864805557 ], [ -99.011060483209633, 19.214558250494534 ], [ -99.011136382975764, 19.214621513647863 ], [ -99.0111401469062, 19.21468402563552 ], [ -99.011123229261855, 19.21472867811692 ], [ -99.01125296028043, 19.214751889278126 ], [ -99.011273643191572, 19.214775107088126 ], [ -99.011236041708301, 19.214796542673412 ], [ -99.011202201737561, 19.214830479560344 ], [ -99.011222885257425, 19.214862627304939 ], [ -99.011360136306934, 19.214878693805193 ], [ -99.011392100944875, 19.21491084083085 ], [ -99.011409026263337, 19.214964422063364 ], [ -99.011378947865353, 19.215025150342456 ], [ -99.01128870446847, 19.21507516569454 ], [ -99.011172148867232, 19.215269854503401 ], [ -99.011115749931676, 19.215353803419756 ], [ -99.011036786794804, 19.215394887129239 ], [ -99.010980382767187, 19.215403821349856 ], [ -99.010916455830966, 19.215375247770805 ], [ -99.010848775742048, 19.215446694833584 ], [ -99.010779213376281, 19.215496708707171 ], [ -99.010690848371823, 19.215530649600016 ], [ -99.010559240144204, 19.215557447919682 ], [ -99.010440792082647, 19.215571742953387 ], [ -99.010352346379591, 19.21557969642986 ], [ -99.010249017623565, 19.215586042929903 ], [ -99.010250900262108, 19.215630694274111 ], [ -99.010327994544298, 19.215761072682799 ], [ -99.010279121342947, 19.215939683031486 ], [ -99.010292288149657, 19.21603255770124 ], [ -99.010316734129802, 19.216093282728718 ], [ -99.010296056748075, 19.216159368611567 ], [ -99.010339305164109, 19.216232595018969 ], [ -99.010459632230109, 19.21619686667168 ], [ -99.010563041678481, 19.216196860740077 ], [ -99.010683370862353, 19.216195067055924 ], [ -99.010807462968188, 19.216227209688533 ], [ -99.010907115497574, 19.216284357671668 ], [ -99.010914644333653, 19.216411168341743 ], [ -99.010869529824589, 19.21655227038536 ], [ -99.010809371116608, 19.216645149346309 ], [ -99.01068340547863, 19.216730888012432 ], [ -99.01056871943743, 19.216793406864959 ], [ -99.010508557521788, 19.216839848476951 ], [ -99.01034874283846, 19.216829140936493 ], [ -99.010318660595615, 19.216824677217421 ], [ -99.010288577403102, 19.21682021439722 ], [ -99.010194137830823, 19.217081022168127 ], [ -99.010237309924136, 19.217101524883535 ], [ -99.010280482028165, 19.217122027588744 ], [ -99.010329824582826, 19.217202091400466 ], [ -99.010327774546411, 19.217295829086918 ], [ -99.010239218045797, 19.217496030341895 ], [ -99.010146238597002, 19.217605750429232 ], [ -99.010130444351731, 19.217641496313796 ], [ -99.010120169526232, 19.217702035293613 ], [ -99.010148951149944, 19.217733278954636 ], [ -99.010176705241079, 19.217747924446591 ], [ -99.010204458385715, 19.217762569030644 ], [ -99.01034630900412, 19.217813335402429 ], [ -99.010436764591631, 19.217856293511495 ], [ -99.010467604055847, 19.217916830162942 ], [ -99.010451030705411, 19.21801315067826 ], [ -99.010426499223584, 19.218065249486571 ], [ -99.010333997631236, 19.218182426453247 ], [ -99.010294944061982, 19.218289835388447 ], [ -99.010295939312741, 19.218398724213436 ], [ -99.010311400697816, 19.21845582751186 ], [ -99.010360744739529, 19.218537844300972 ], [ -99.010440922420003, 19.218600331153485 ], [ -99.010531379787253, 19.218649148204531 ], [ -99.010619780597764, 19.218701869517428 ], [ -99.010654731729986, 19.218756547804499 ], [ -99.01067529454626, 19.218828802093626 ], [ -99.010663670854726, 19.218934394775456 ], [ -99.010586913830664, 19.21910611298259 ], [ -99.010571721628523, 19.219526726782938 ], [ -99.010572564166182, 19.219729075696101 ], [ -99.010529397128167, 19.219799380662938 ], [ -99.010393725162047, 19.219949758356432 ], [ -99.010334128597819, 19.220277841767512 ], [ -99.010323749171462, 19.220447267796366 ], [ -99.010268362439774, 19.220596161411482 ], [ -99.010147079090146, 19.220713339862925 ], [ -99.01005662961586, 19.22081098747552 ], [ -99.010023759993715, 19.221182032509535 ], [ -99.009914821032893, 19.221486683373922 ], [ -99.009906605228835, 19.221603855501261 ], [ -99.009822327607324, 19.22177961710873 ], [ -99.009799721724036, 19.221908507075977 ], [ -99.009797677579954, 19.222107698403615 ], [ -99.009824409667488, 19.222219009656627 ], [ -99.0098511376017, 19.222260018442839 ], [ -99.009960100720463, 19.222345938083457 ], [ -99.00994160488942, 19.222459204766501 ], [ -99.009906667838351, 19.222648633785575 ], [ -99.00988191124577, 19.222769019610322 ], [ -99.009781156942026, 19.223221132441719 ], [ -99.009728241724531, 19.223406636494666 ], [ -99.009683505143215, 19.223503919963147 ], [ -99.009604532103012, 19.223824269770411 ], [ -99.009485293654777, 19.223814511904653 ], [ -99.009448302774985, 19.224072290366987 ], [ -99.009466810308382, 19.224154309837761 ], [ -99.009421588783837, 19.224279294899826 ], [ -99.009376367034548, 19.224384750889392 ], [ -99.009275641620519, 19.224580042093255 ], [ -99.009228360331988, 19.224624959781099 ], [ -99.00918107695685, 19.22463277414219 ], [ -99.009096786380866, 19.224615202284543 ], [ -99.008983714177191, 19.224601537794427 ], [ -99.008928207499864, 19.224603493504485 ], [ -99.008926154680651, 19.224662078974507 ], [ -99.008942605296852, 19.224730428523127 ], [ -99.008981669332741, 19.224789011981095 ], [ -99.009040271155413, 19.224807461795066 ], [ -99.009070073255089, 19.224847592993967 ], [ -99.009063910865649, 19.22494914187314 ], [ -99.008952915366891, 19.225304567332451 ], [ -99.008747366848041, 19.225991983079489 ], [ -99.008617852622791, 19.226074008724144 ], [ -99.008550019541232, 19.226271250035424 ], [ -99.008457512928672, 19.226406002011736 ], [ -99.008452877387739, 19.226494077731946 ], [ -99.008323082777892, 19.226573541055874 ], [ -99.00823366800762, 19.226633823171436 ], [ -99.008161558613295, 19.226658485117866 ], [ -99.008060605000693, 19.226680409052292 ], [ -99.007953479427329, 19.226739774506438 ], [ -99.007839135598203, 19.226603098645459 ], [ -99.007699432778395, 19.226605415450567 ], [ -99.007574001384782, 19.226570670728925 ], [ -99.007500747284581, 19.226572547209546 ], [ -99.007430282891647, 19.226620320306484 ], [ -99.007297017074819, 19.226660039893758 ], [ -99.007035705246437, 19.226640193002673 ], [ -99.006854826028231, 19.226641185848457 ], [ -99.005670356133706, 19.226647683613951 ], [ -99.005214371409735, 19.226650182464926 ], [ -99.00494079012735, 19.226653173315608 ], [ -99.004871889603834, 19.226653927078164 ], [ -99.004793661993673, 19.226675016255843 ], [ -99.004739742399821, 19.226707266040091 ], [ -99.004723109084722, 19.226717214909566 ], [ -99.004613358874977, 19.226729628855288 ], [ -99.00449838238643, 19.226737077681253 ], [ -99.004451346575067, 19.226712257436905 ], [ -99.004375565332381, 19.226675026720695 ], [ -99.003903976916718, 19.226661332969403 ], [ -99.003658920380119, 19.226596612618099 ], [ -99.003332509324807, 19.226569260637682 ], [ -99.003314702290453, 19.226599032173503 ], [ -99.003243095437895, 19.22671875183137 ], [ -99.003145017341808, 19.226694694910037 ], [ -99.003102361380357, 19.226684232062208 ], [ -99.002592135266624, 19.226559080160072 ], [ -99.002506295644267, 19.226613441698497 ], [ -99.002481259683989, 19.22671196846709 ], [ -99.002356076217652, 19.226711970120107 ], [ -99.002220160364928, 19.226610047303897 ], [ -99.002069938855982, 19.22655568962308 ], [ -99.001919718314028, 19.226576076162122 ], [ -98.999734363391852, 19.226372236997076 ], [ -98.999702172893336, 19.226576085979964 ], [ -98.999554385715641, 19.226613023601416 ], [ -98.999366241469829, 19.226615504734568 ], [ -98.999239305861011, 19.226552241102134 ], [ -98.998993989568689, 19.226504736298619 ], [ -98.99889094867082, 19.2264834578991 ], [ -98.998689303391359, 19.226441816452898 ], [ -98.998582670990544, 19.226419796782043 ], [ -98.998559808409453, 19.226431648333733 ], [ -98.997812689232831, 19.226818936919475 ], [ -98.997429966583979, 19.227017328670012 ], [ -98.99740950999194, 19.227027932941159 ], [ -98.99672878438561, 19.226965873537424 ], [ -98.996701325586159, 19.22696336966764 ], [ -98.996553777559768, 19.226934973048866 ], [ -98.996373272343476, 19.226870670723478 ], [ -98.996027305504569, 19.226688484551079 ], [ -98.995923232571798, 19.226706456875462 ], [ -98.995903206138621, 19.226709915065918 ], [ -98.995801663755131, 19.227034976766792 ], [ -98.995324297752731, 19.226963339691981 ], [ -98.995280547857675, 19.226960926471008 ], [ -98.994308262516611, 19.226874328073784 ], [ -98.994010790973135, 19.226840634155145 ], [ -98.993499398491252, 19.226804006859201 ], [ -98.992950179955898, 19.226764669963103 ], [ -98.992598295136943, 19.22673946595971 ], [ -98.992480706368397, 19.226707192907 ], [ -98.991537558034636, 19.226549992077761 ], [ -98.991513904164421, 19.226546048841797 ], [ -98.991355899346701, 19.226519712610596 ], [ -98.990512944614892, 19.226379207014496 ], [ -98.988398553193448, 19.226026756153946 ], [ -98.988265957168437, 19.225848030950832 ], [ -98.985262393096065, 19.221799423125354 ], [ -98.984412692745508, 19.223536262727748 ], [ -98.982771934856643, 19.221234853919306 ], [ -98.982326856669687, 19.220645369731539 ], [ -98.982077109541663, 19.22040129855403 ], [ -98.981684672336058, 19.219825037005105 ], [ -98.981220873680925, 19.219255547191739 ], [ -98.980575118264866, 19.218557234030307 ], [ -98.979929367351247, 19.217858918544593 ], [ -98.979044581480252, 19.216977537623137 ], [ -98.978316765809907, 19.216367334958388 ], [ -98.977622529299893, 19.21592878130441 ], [ -98.977601560407805, 19.215915535228834 ], [ -98.977878789923054, 19.215102072428152 ], [ -98.979296008757998, 19.215312894318235 ], [ -98.97939165257408, 19.215329424698101 ], [ -98.979961160893851, 19.213918588892568 ], [ -98.980522948579363, 19.212526853691369 ], [ -98.98058289079826, 19.212384258603254 ], [ -98.981062965049972, 19.211028566044821 ], [ -98.981108762046347, 19.210893596026999 ], [ -98.981154558967773, 19.210758626899448 ], [ -98.981160890837558, 19.21060115761372 ], [ -98.981263538450094, 19.210140353394923 ], [ -98.981302647091923, 19.209964788080537 ], [ -98.981315412008058, 19.209921662529215 ], [ -98.981509685727744, 19.209265326205777 ], [ -98.98143955615889, 19.209100304667157 ], [ -98.981426128100068, 19.209068706467683 ], [ -98.981430422598109, 19.20905786011863 ], [ -98.981443806524197, 19.208999482060744 ], [ -98.98154538300021, 19.208556424395461 ], [ -98.981526966157332, 19.208551577546871 ], [ -98.9810708442795, 19.208431532244344 ], [ -98.980994199327654, 19.208313615911706 ], [ -98.980848188964202, 19.208268517240061 ], [ -98.980749627593084, 19.208268506916365 ], [ -98.98073138223144, 19.208213019382928 ], [ -98.98060726669668, 19.208230345606566 ], [ -98.980424749880143, 19.20820258294723 ], [ -98.980227634093097, 19.208160946901941 ], [ -98.97999401300072, 19.208126242931215 ], [ -98.979862599958466, 19.208112356912281 ], [ -98.979800550443201, 19.208053395882985 ], [ -98.979764057447255, 19.20796669439444 ], [ -98.979792062624711, 19.20787627567293 ], [ -98.979837093348053, 19.207730885625633 ], [ -98.979848059993458, 19.207606043057364 ], [ -98.979822516804518, 19.207533214410745 ], [ -98.979742216106956, 19.207463847399076 ], [ -98.97957808968485, 19.207415137043121 ], [ -98.979450110639391, 19.207377155375642 ], [ -98.979059615130865, 19.207304247390326 ], [ -98.978813844397635, 19.207314851749665 ], [ -98.978542681766029, 19.207234803248099 ], [ -98.978267410462934, 19.207156705050338 ], [ -98.977907911254661, 19.207084450789058 ], [ -98.977527869097969, 19.207004387631937 ], [ -98.977455975752534, 19.206945829475281 ], [ -98.977458037856096, 19.206885328302445 ], [ -98.97750941104799, 19.20677994581683 ], [ -98.977542302118778, 19.206619915009291 ], [ -98.977505354119188, 19.206399375111115 ], [ -98.977463652545239, 19.206248966389083 ], [ -98.977410883733683, 19.206188585892289 ], [ -98.977294553399759, 19.206098205727027 ], [ -98.977212882117186, 19.206053714908727 ], [ -98.977023884731892, 19.206049788031049 ], [ -98.976892414457453, 19.206002932038871 ], [ -98.976875991861007, 19.205917057608591 ], [ -98.976892452069507, 19.205733605094832 ], [ -98.976929471758211, 19.205433056485994 ], [ -98.976995253876439, 19.205116898313207 ], [ -98.977081573974559, 19.20483587228026 ], [ -98.977176115312687, 19.204523620903934 ], [ -98.977204906249113, 19.204301136970646 ], [ -98.977151501363338, 19.204250387555803 ], [ -98.976904992641039, 19.204195710613085 ], [ -98.976547552351818, 19.204137115892959 ], [ -98.976329801418487, 19.204101958302051 ], [ -98.976206539987899, 19.204125362086685 ], [ -98.976116143968511, 19.204172189811434 ], [ -98.976009317439136, 19.204191692313575 ], [ -98.975861407683425, 19.204191672900198 ], [ -98.975758685142083, 19.204242402114758 ], [ -98.975586134073438, 19.204172120003435 ], [ -98.975503958530084, 19.204195528781646 ], [ -98.9753437229583, 19.204195507303439 ], [ -98.974863184365276, 19.20443510530616 ], [ -98.974830678347971, 19.204351000724191 ], [ -98.974780099943374, 19.204309801821609 ], [ -98.974716874375076, 19.204273750720255 ], [ -98.974639197257176, 19.204229115602875 ], [ -98.974574166153133, 19.204181048865969 ], [ -98.974534428821514, 19.204132986524399 ], [ -98.974433278526618, 19.204004247932019 ], [ -98.974301416330505, 19.203880654539248 ], [ -98.974238320281486, 19.203833176293159 ], [ -98.974155093292396, 19.203803399622455 ], [ -98.974082828358945, 19.203813686732655 ], [ -98.973828460695316, 19.203296820297208 ], [ -98.973254744117369, 19.202266899675646 ], [ -98.973229998317109, 19.201945201292965 ], [ -98.973312332692927, 19.201445087779994 ], [ -98.973180828613195, 19.200819913018169 ], [ -98.972919775067226, 19.20028681646868 ], [ -98.972736776196029, 19.200116546561265 ], [ -98.972397667729524, 19.199720082641072 ], [ -98.972592279267644, 19.198135336432216 ], [ -98.974619817895245, 19.198898919322321 ], [ -98.975537931693324, 19.199407905383829 ], [ -98.976468849306471, 19.199589762981748 ], [ -98.976555947909446, 19.199983733665874 ], [ -98.976629322025985, 19.199940223905703 ], [ -98.976711662063792, 19.199745685250331 ], [ -98.976816079099535, 19.199589295686192 ], [ -98.97693655342259, 19.199465333689531 ], [ -98.977093164383149, 19.199345190853769 ], [ -98.977269851763992, 19.199215513108722 ], [ -98.977354181138324, 19.199143044678646 ], [ -98.977426459214243, 19.199110628882583 ], [ -98.977585061653926, 19.199101111976972 ], [ -98.977701498725096, 19.199133550878901 ], [ -98.977791838758662, 19.199146912925436 ], [ -98.97794441829619, 19.199141209704212 ], [ -98.978165257980081, 19.199122162507994 ], [ -98.978273668222897, 19.199120267569416 ], [ -98.97833992120718, 19.199106924322269 ], [ -98.978384093495578, 19.199072597012563 ], [ -98.978424254036014, 19.199003937602001 ], [ -98.978460401732676, 19.198923833536757 ], [ -98.978536704144332, 19.198818938908712 ], [ -98.978584899705226, 19.198721669513493 ], [ -98.978617035502396, 19.198607232422894 ], [ -98.978647166045917, 19.198485166545716 ], [ -98.978611036773088, 19.198424126737315 ], [ -98.978520706263268, 19.198332563685604 ], [ -98.978482570672199, 19.198265802884137 ], [ -98.978472545463504, 19.198170434486709 ], [ -98.978482598688032, 19.198050272279886 ], [ -98.978500673393327, 19.198006405513262 ], [ -98.978535305795916, 19.197945976769134 ], [ -98.97868662678512, 19.197769283443115 ], [ -98.978743627596018, 19.197731776334781 ], [ -98.978790739155258, 19.197702039404234 ], [ -98.978952421846202, 19.197687931527579 ], [ -98.979046777123287, 19.197703201232688 ], [ -98.979088225349216, 19.197722508237998 ], [ -98.979189307648696, 19.197769974700396 ], [ -98.979741393657193, 19.197785295416523 ], [ -98.979940144354444, 19.197789131988383 ], [ -98.980068628704515, 19.197804404897514 ], [ -98.980166995681998, 19.197842561909507 ], [ -98.98027339183372, 19.197899794261943 ], [ -98.980363728461782, 19.197937950304166 ], [ -98.980594995760697, 19.197967668501825 ], [ -98.980670890035469, 19.197945612384778 ], [ -98.9807070279046, 19.197930357289358 ], [ -98.980759230061537, 19.197894123336347 ], [ -98.980827492585249, 19.197854076322788 ], [ -98.980883707712977, 19.197836916379426 ], [ -98.9812987601196, 19.197884311109163 ], [ -98.981393631414008, 19.197873208259107 ], [ -98.981437801884923, 19.197846509658689 ], [ -98.981545156288064, 19.197742515231621 ], [ -98.981749001796686, 19.197634825900206 ], [ -98.981947875984574, 19.197604130763544 ], [ -98.982155386629046, 19.197633822964594 ], [ -98.982323329537323, 19.197740657862294 ], [ -98.982473713086662, 19.197905739368718 ], [ -98.982606200363051, 19.198041173369507 ], [ -98.982836166459023, 19.198203584295626 ], [ -98.983111138015616, 19.198316455554362 ], [ -98.983553747246859, 19.198420821866744 ], [ -98.983736992070135, 19.198447633465381 ], [ -98.984049615178563, 19.198521955424397 ], [ -98.984216233842048, 19.198642132319922 ], [ -98.984349149421774, 19.198756115508289 ], [ -98.984481216755555, 19.198869128804507 ], [ -98.984683967881637, 19.199048436106878 ], [ -98.984846577246387, 19.199124743206287 ], [ -98.984985098676788, 19.199162901847117 ], [ -98.985336426237083, 19.199208706068163 ], [ -98.985513095002474, 19.199216349558775 ], [ -98.985741965095599, 19.199189665326681 ], [ -98.985994929414787, 19.199119112864231 ], [ -98.986304106755526, 19.199052378983669 ], [ -98.986514682790727, 19.199096889770018 ], [ -98.986908397484612, 19.19903716421873 ], [ -98.987159357475321, 19.198920834211307 ], [ -98.987251707289602, 19.198920840654225 ], [ -98.98755610348563, 19.199084672405792 ], [ -98.987885991415126, 19.199127712045012 ], [ -98.9883970093926, 19.198980255953497 ], [ -98.98980738750538, 19.198947703577705 ], [ -98.989962246187801, 19.198980383551991 ], [ -98.990369879172491, 19.199066406172026 ], [ -98.990745055266203, 19.198955807506934 ], [ -98.99094972037804, 19.198860025741158 ], [ -98.991088249055096, 19.198785645841316 ], [ -98.991210715612368, 19.198730338691842 ], [ -98.99130507682662, 19.198665493769301 ], [ -98.991465691097403, 19.198541524106904 ], [ -98.99154198314622, 19.198474770404907 ], [ -98.991628315055323, 19.198381314053599 ], [ -98.99169055459295, 19.198305023285616 ], [ -98.991712641733756, 19.198228730685845 ], [ -98.99174075179728, 19.198160067804498 ], [ -98.991802992616613, 19.198055166105444 ], [ -98.991851176487785, 19.198013207178757 ], [ -98.991949552455054, 19.197944547372387 ], [ -98.991987046051889, 19.197923439241041 ], [ -98.992055956650404, 19.197900682219508 ], [ -98.992178728220225, 19.197872110043384 ], [ -98.99225652182129, 19.197863680460838 ], [ -98.99228752219777, 19.197596124105118 ], [ -98.992373438250937, 19.197445776362592 ], [ -98.99240961707855, 19.197299722045745 ], [ -98.992418669070588, 19.197093526605578 ], [ -98.992445803879178, 19.196977542351561 ], [ -98.992283042566527, 19.196702607812075 ], [ -98.992319219916098, 19.196586623952083 ], [ -98.992373483371708, 19.196466345315908 ], [ -98.992364443681296, 19.196384725530404 ], [ -98.992219763958758, 19.196217185108626 ], [ -98.992115781482056, 19.195968026910627 ], [ -98.992057015928353, 19.195688800156979 ], [ -98.99205570103625, 19.195516266204045 ], [ -98.991933744643589, 19.195522358478559 ], [ -98.991852556314484, 19.19547073001203 ], [ -98.99159303040679, 19.195493320169508 ], [ -98.991484894098008, 19.195526190873757 ], [ -98.991392129085966, 19.195534816446877 ], [ -98.991333561405455, 19.195590454828963 ], [ -98.991312255828859, 19.195767494713579 ], [ -98.991221741419068, 19.195863597824953 ], [ -98.991040719675055, 19.195919230209917 ], [ -98.990880997767235, 19.195909105767868 ], [ -98.990747896569275, 19.195893924246235 ], [ -98.990645376111445, 19.195940663675049 ], [ -98.990588164639291, 19.196060839531548 ], [ -98.99064672244883, 19.196187299655634 ], [ -98.990588143647045, 19.196430094340904 ], [ -98.99055618635947, 19.196652657234274 ], [ -98.99046034895828, 19.196713351692502 ], [ -98.990263352511036, 19.196789215612132 ], [ -98.990108954223786, 19.196774032496197 ], [ -98.989954559341172, 19.196703208117661 ], [ -98.989720305204074, 19.19658179630143 ], [ -98.989406193781875, 19.196414855024756 ], [ -98.989129352306577, 19.196237798850017 ], [ -98.988889781727622, 19.196035453089891 ], [ -98.988559699239389, 19.195878625956762 ], [ -98.988501137336627, 19.19583562641807 ], [ -98.98854905912448, 19.195762284731284 ], [ -98.988756694352062, 19.195817938715106 ], [ -98.988953686282969, 19.195802775828994 ], [ -98.989081468834641, 19.195731967485813 ], [ -98.98907615310236, 19.195605509131219 ], [ -98.988926022283849, 19.195334950088213 ], [ -98.987995507676771, 19.193658001504289 ], [ -98.987798554552668, 19.19317997997414 ], [ -98.987790624963623, 19.192408590236465 ], [ -98.98781991396713, 19.19231754301433 ], [ -98.98798762705313, 19.192198684775107 ], [ -98.988051521355175, 19.192105110181075 ], [ -98.98817134000528, 19.19169792535569 ], [ -98.988541410930679, 19.190886094108045 ], [ -98.988511620265683, 19.190813650366604 ], [ -98.988500108949523, 19.190755721989571 ], [ -98.988158154519965, 19.190683500561253 ], [ -98.9875648254678, 19.190422862309415 ], [ -98.987430597739717, 19.1889071234549 ], [ -98.988236477185183, 19.18884658316453 ], [ -98.988527719018464, 19.188939105848128 ], [ -98.988872454177852, 19.188798804518882 ], [ -98.988936643573211, 19.188731727551364 ], [ -98.989007251390746, 19.188667699294573 ], [ -98.989061812266982, 19.188606719306982 ], [ -98.989077864783781, 19.188518294642638 ], [ -98.989103552156706, 19.188310953300842 ], [ -98.989129231260037, 19.188228627706458 ], [ -98.989203045930694, 19.188198140439386 ], [ -98.989392388498857, 19.18823169236245 ], [ -98.989530382228622, 19.188274388022151 ], [ -98.989687632018629, 19.188317085564933 ], [ -98.989809581873615, 19.188332337739478 ], [ -98.989921905146247, 19.188324720811377 ], [ -98.99003904308195, 19.188321678859069 ], [ -98.990169016165822, 19.188323209592031 ], [ -98.990310221704618, 19.188344561874132 ], [ -98.990459448430428, 19.188387257427554 ], [ -98.99059583807049, 19.188443673839885 ], [ -98.990682485690598, 19.18847112063272 ], [ -98.990780366860747, 19.188483322588844 ], [ -98.990863807047077, 19.188477228257035 ], [ -98.990898306595938, 19.188465795725335 ], [ -98.990932807091227, 19.188454363187173 ], [ -98.990982552773943, 19.188401005520873 ], [ -98.991074021584566, 19.188295813479467 ], [ -98.991159073467102, 19.188173851998293 ], [ -98.991197588371222, 19.188082378971846 ], [ -98.991245732481943, 19.187984807890004 ], [ -98.991271410309352, 19.187905531245455 ], [ -98.9912698132012, 19.187762219889617 ], [ -98.991300316011817, 19.187472551326312 ], [ -98.991295511813547, 19.18728655297749 ], [ -98.99130322379078, 19.187237211291947 ], [ -98.991311547583294, 19.187183947358754 ], [ -98.991319872321682, 19.187130682521165 ], [ -98.991349725740548, 19.187014099245324 ], [ -98.991386206694855, 19.186976288954622 ], [ -98.991426003089217, 19.186982592669089 ], [ -98.991465798535415, 19.186988896374888 ], [ -98.991543731825089, 19.187014108288984 ], [ -98.991583527603581, 19.187014110118724 ], [ -98.991629957679507, 19.18699993240109 ], [ -98.991659806572926, 19.186968424507565 ], [ -98.991684681379951, 19.18692431177881 ], [ -98.991676393446454, 19.186853414905904 ], [ -98.991664790478154, 19.186766763706668 ], [ -98.991658163729582, 19.186650177811394 ], [ -98.991654852421789, 19.186560375609098 ], [ -98.991643247736661, 19.186508384133621 ], [ -98.991580239873301, 19.18646111691973 ], [ -98.991492359293972, 19.186418574242794 ], [ -98.991329860545434, 19.186371302302575 ], [ -98.991200526102446, 19.186319306101236 ], [ -98.991109329194956, 19.186289366783214 ], [ -98.991044659978627, 19.186292515015804 ], [ -98.990989939365647, 19.186309842653191 ], [ -98.990883816963333, 19.186306686034168 ], [ -98.99078764367971, 19.186308257371479 ], [ -98.990711368198916, 19.186309828762958 ], [ -98.990668256967226, 19.186289344881981 ], [ -98.99063177879151, 19.186260985145516 ], [ -98.990608566718464, 19.186216870097944 ], [ -98.990591988685438, 19.186147547983104 ], [ -98.990578728602856, 19.18605774524633 ], [ -98.990592003807265, 19.185881292285725 ], [ -98.990623516133383, 19.185752104590829 ], [ -98.990668294420786, 19.185624492800741 ], [ -98.990714728444402, 19.185517362777045 ], [ -98.990754528787264, 19.185429137961016 ], [ -98.990776090867655, 19.18532988375328 ], [ -98.990799308898914, 19.185265290261292 ], [ -98.990830816498601, 19.185216452261571 ], [ -98.990865639100193, 19.185181793361753 ], [ -98.990933624809728, 19.185158164563273 ], [ -98.991041408055906, 19.18511090551657 ], [ -98.991135923500153, 19.18509515502506 ], [ -98.991243702365452, 19.185110915281129 ], [ -98.991301737487902, 19.185128248359675 ], [ -98.991366404801013, 19.185134553265424 ], [ -98.991416150496477, 19.185114074806734 ], [ -98.991445999171987, 19.185080990800639 ], [ -98.991475848078721, 19.185043181078473 ], [ -98.991499064988488, 19.184994341673693 ], [ -98.99151730917265, 19.184907691827917 ], [ -98.991542188936251, 19.184761173335446 ], [ -98.991550483149666, 19.184687125825789 ], [ -98.991532246496405, 19.184627256938015 ], [ -98.991489138271845, 19.1845547831918 ], [ -98.991451002686588, 19.184521696017185 ], [ -98.99142944739198, 19.184499638077021 ], [ -98.991421987778054, 19.184472855082337 ], [ -98.991414527215397, 19.18444607118348 ], [ -98.991429452689857, 19.184397232299943 ], [ -98.991459302776704, 19.184334214264535 ], [ -98.991497443818872, 19.184260169044279 ], [ -98.99153558481224, 19.184205028469101 ], [ -98.991575383040427, 19.184143587012986 ], [ -98.99161352382734, 19.184072692241418 ], [ -98.991643378712766, 19.183911994102864 ], [ -98.991664941806576, 19.183759173573964 ], [ -98.991693137436116, 19.183623683661597 ], [ -98.991739574870337, 19.183423599894219 ], [ -98.991781034326664, 19.183308592260207 ], [ -98.991834099244542, 19.183225094397788 ], [ -98.991885506125669, 19.183124266123762 ], [ -98.991907064842252, 19.183073851346332 ], [ -98.991933598642248, 19.182993502755828 ], [ -98.991955158441499, 19.18290055023613 ], [ -98.991988325146252, 19.18282965515882 ], [ -98.992038070148411, 19.182807601288683 ], [ -98.992131562530716, 19.182814068945767 ], [ -98.992128992615676, 19.182711263581513 ], [ -98.992160727974678, 19.182574442508685 ], [ -98.992202226326526, 19.182430663866715 ], [ -98.992242492635455, 19.182352492040547 ], [ -98.992258367995447, 19.182321671196519 ], [ -98.992297422073605, 19.182252102109352 ], [ -98.992324271773583, 19.18220340372266 ], [ -98.992334036730838, 19.18215470371517 ], [ -98.992312073235809, 19.182099046211121 ], [ -98.992275466578576, 19.182024835893063 ], [ -98.992214451626467, 19.181964537776132 ], [ -98.992085100970129, 19.181860176143399 ], [ -98.991828836739018, 19.181695513271293 ], [ -98.991787347098438, 19.181660726051902 ], [ -98.991762942263009, 19.181623620566075 ], [ -98.99174830172305, 19.181554048269003 ], [ -98.991738544723063, 19.181440415627371 ], [ -98.991709260807298, 19.181359247543178 ], [ -98.991689738057616, 19.181308228119363 ], [ -98.991667774832806, 19.181253730045476 ], [ -98.991637268532699, 19.181195752138919 ], [ -98.991600660672617, 19.181155167536261 ], [ -98.991535984707937, 19.18112501724476 ], [ -98.991448122386643, 19.181078632678933 ], [ -98.991382227054729, 19.181031088687494 ], [ -98.991328535839571, 19.180968472492562 ], [ -98.991257761440394, 19.18086179309558 ], [ -98.99120773186381, 19.18078874142731 ], [ -98.991139397983758, 19.18070525325075 ], [ -98.991047875078934, 19.180657707898423 ], [ -98.990992962146223, 19.180625238865215 ], [ -98.990938049235012, 19.180592769815451 ], [ -98.990812360028457, 19.18049652313454 ], [ -98.990707418089414, 19.180388683197847 ], [ -98.990651287373396, 19.180297077962813 ], [ -98.990603698092471, 19.180237940398992 ], [ -98.990510956891441, 19.180178800493696 ], [ -98.990404790719282, 19.180128935035611 ], [ -98.990254739328734, 19.180051550686308 ], [ -98.990158292499459, 19.17999557805194 ], [ -98.990031383180309, 19.179910925889551 ], [ -98.98992033819134, 19.179841349076561 ], [ -98.989825157217581, 19.179760177047385 ], [ -98.98971655506999, 19.179658133895504 ], [ -98.989644560935275, 19.179567686968674 ], [ -98.98954328122467, 19.17946100607513 ], [ -98.989462743575643, 19.179393748838855 ], [ -98.989383426071328, 19.179345044741723 ], [ -98.989250413507364, 19.179299816010911 ], [ -98.989072249543412, 19.179251105963296 ], [ -98.988924593116508, 19.17920935375745 ], [ -98.988783037723607, 19.179190792960512 ], [ -98.988679310404734, 19.179183829516944 ], [ -98.988569483427057, 19.179162951484319 ], [ -98.988458435937318, 19.179131637696148 ], [ -98.988310778953831, 19.179101481025473 ], [ -98.988257086073645, 19.179087563447446 ], [ -98.988202173382845, 19.179066688699884 ], [ -98.988147223819567, 19.179029605158732 ], [ -98.988095855517201, 19.17898988830278 ], [ -98.9880569635679, 19.178947248609884 ], [ -98.988000833321635, 19.178889269319733 ], [ -98.987915413126018, 19.17885215840904 ], [ -98.98784951773797, 19.178831282832096 ], [ -98.98783853696186, 19.178803453802498 ], [ -98.987892235475528, 19.178738524646583 ], [ -98.987914203636805, 19.17870374071601 ], [ -98.987941053542983, 19.178661999123975 ], [ -98.987967905060188, 19.178610982330689 ], [ -98.987997194888322, 19.178578517894746 ], [ -98.988024043915289, 19.178548372320016 ], [ -98.988121673122407, 19.17848808310292 ], [ -98.988251031109812, 19.178430115796122 ], [ -98.988377947574065, 19.178383743369757 ], [ -98.988521946867564, 19.178344329000367 ], [ -98.988619574813484, 19.178311868724638 ], [ -98.988663996421565, 19.178288661337518 ], [ -98.988707440403573, 19.17826317371539 ], [ -98.988790426442975, 19.17820288414282 ], [ -98.988839241751336, 19.178158825635467 ], [ -98.988880735497744, 19.178110127717023 ], [ -98.988919790000153, 19.178040559316834 ], [ -98.988966167107421, 19.177973310373538 ], [ -98.988997899857807, 19.177901421586245 ], [ -98.988997907247551, 19.177790108365009 ], [ -98.989024760725684, 19.177688071947756 ], [ -98.989054054319141, 19.177592993651242 ], [ -98.989110195771431, 19.177479363835673 ], [ -98.989115083228995, 19.177384283173975 ], [ -98.989080928204316, 19.17718020598943 ], [ -98.989080941954995, 19.176971492778332 ], [ -98.989095600501201, 19.176744228227182 ], [ -98.989085846670875, 19.176614361301954 ], [ -98.989066329876806, 19.176493770800096 ], [ -98.989002883720175, 19.176354624557849 ], [ -98.988915030220639, 19.176224752922856 ], [ -98.988905271594589, 19.176169095712524 ], [ -98.988910159906482, 19.176062419913318 ], [ -98.988885760893467, 19.175960381297525 ], [ -98.988856485111071, 19.175793408750756 ], [ -98.988846731367602, 19.175665860825511 ], [ -98.988893123826941, 19.175345836237003 ], [ -98.988949274700644, 19.175095383901585 ], [ -98.989017626984065, 19.174849570324827 ], [ -98.98904936248384, 19.174726662926965 ], [ -98.989068895727968, 19.174594478690732 ], [ -98.989044500511383, 19.174436782544934 ], [ -98.989022542828792, 19.174325467969656 ], [ -98.988998147387932, 19.174172409865886 ], [ -98.988971311590873, 19.17401703258334 ], [ -98.988946915160142, 19.173880207652761 ], [ -98.988927395513301, 19.173794402497446 ], [ -98.988932282191669, 19.173710917838665 ], [ -98.988939608663884, 19.173652941713879 ], [ -98.988934733291387, 19.173567137438873 ], [ -98.988904540542592, 19.173492431511512 ], [ -98.988859084835155, 19.173425671340752 ], [ -98.988785870002758, 19.173402476617653 ], [ -98.988741942373139, 19.173370007557232 ], [ -98.988719981716571, 19.173293477428103 ], [ -98.988678504017557, 19.173124185028083 ], [ -98.988658989039948, 19.172987361250836 ], [ -98.988668762772605, 19.172818072001665 ], [ -98.988691467486277, 19.172707803047778 ], [ -98.988714172169693, 19.172597534089736 ], [ -98.988800454120721, 19.172110123492949 ], [ -98.988803485673444, 19.172033920236778 ], [ -98.98880046315405, 19.17197640800396 ], [ -98.988800469564751, 19.171881513168778 ], [ -98.988805013245496, 19.171821125658404 ], [ -98.988820147304182, 19.171776554448243 ], [ -98.988848901601699, 19.171710416932502 ], [ -98.988859497684004, 19.171641403476567 ], [ -98.988851940971841, 19.171503373914309 ], [ -98.98882623518432, 19.17125606971312 ], [ -98.988809602070688, 19.171077781062515 ], [ -98.988797508839696, 19.170909557768141 ], [ -98.988780874212921, 19.170768651899571 ], [ -98.988730954305368, 19.170570231930313 ], [ -98.98867346972888, 19.170368935738285 ], [ -98.98862657476397, 19.170194957888917 ], [ -98.98857665616454, 19.169996537865572 ], [ -98.988554927338654, 19.169875867555227 ], [ -98.988277553214147, 19.16990872945637 ], [ -98.98819566682289, 19.170369419878476 ], [ -98.987887146352435, 19.170285636445698 ], [ -98.987899769009019, 19.169884772695443 ], [ -98.986162420637015, 19.169572966733146 ], [ -98.986114033401165, 19.16951282923262 ], [ -98.986132679539139, 19.169102507359259 ], [ -98.986125271448131, 19.168660348833171 ], [ -98.986076893402384, 19.168494093654974 ], [ -98.986143906588637, 19.168391517441478 ], [ -98.986300254782208, 19.168356157219559 ], [ -98.986423106036455, 19.16826065963102 ], [ -98.986467784721981, 19.168158082547698 ], [ -98.986531074721668, 19.168059043200333 ], [ -98.986404515447362, 19.1679918263487 ], [ -98.986296565871513, 19.167949370895812 ], [ -98.986158846899812, 19.167790183609657 ], [ -98.98601740478567, 19.167641607791868 ], [ -98.985976470612314, 19.167482427707558 ], [ -98.985950422641892, 19.167369232565253 ], [ -98.985957876939821, 19.16725957817243 ], [ -98.986021167255331, 19.167167613563276 ], [ -98.986099344830151, 19.167107486537539 ], [ -98.986136581302063, 19.166958924238422 ], [ -98.987149134915143, 19.166453168658208 ], [ -98.987018882650602, 19.166021612358417 ], [ -98.986888647730396, 19.165367208690437 ], [ -98.986821658433456, 19.165190340458864 ], [ -98.986520179448078, 19.164709250266881 ], [ -98.98631547123685, 19.164401492055692 ], [ -98.986449494088319, 19.164217563962488 ], [ -98.986546291952365, 19.164026559373927 ], [ -98.986665413916441, 19.163962896889256 ], [ -98.986799425327106, 19.163913384546909 ], [ -98.986806893819406, 19.163616254749545 ], [ -98.986672935516282, 19.163007834327672 ], [ -98.988281034275133, 19.16264006874772 ], [ -98.989866721888717, 19.163397138122452 ], [ -98.990429003037875, 19.164892438543415 ], [ -98.990447156710133, 19.16494491948805 ], [ -98.990465310393887, 19.164997399526872 ], [ -98.990519772588272, 19.165152685988868 ], [ -98.990575749443977, 19.165266275182159 ], [ -98.990665009442395, 19.165470448248538 ], [ -98.990717958447362, 19.165615668573235 ], [ -98.99076334485261, 19.165723506592002 ], [ -98.990816298558414, 19.165804026351225 ], [ -98.990876815751065, 19.165908989355874 ], [ -98.990946408834432, 19.166052772564026 ], [ -98.991006927463118, 19.166151984043431 ], [ -98.991141578518707, 19.166386353439751 ], [ -98.991223276335617, 19.166547391557415 ], [ -98.991315566763916, 19.166701240788036 ], [ -98.991376084076435, 19.1668162678031 ], [ -98.991441143463319, 19.166882410146624 ], [ -98.991539489697189, 19.166962931797315 ], [ -98.991625731142292, 19.167054954897573 ], [ -98.991711972395663, 19.167152729435468 ], [ -98.99179216332206, 19.167205932410553 ], [ -98.991821747921094, 19.167234368485911 ], [ -98.991851331579184, 19.167262805460144 ], [ -98.991868721776939, 19.167208518740065 ], [ -98.991970701128878, 19.167139884150806 ], [ -98.992149164545665, 19.167055102737823 ], [ -98.992246893162815, 19.167010692890557 ], [ -98.992323380241288, 19.166909756017422 ], [ -98.99248060090467, 19.166744221320343 ], [ -98.99266756317769, 19.166598874789795 ], [ -98.992807785843397, 19.166473714260402 ], [ -98.992909771693135, 19.166255687986855 ], [ -98.992948018599094, 19.166106298299677 ], [ -98.992965021710177, 19.165928644742998 ], [ -98.993058505595613, 19.165775219169511 ], [ -98.993202982750049, 19.165500667317964 ], [ -98.993360212999804, 19.165040386552178 ], [ -98.993508921437311, 19.165173632989838 ], [ -98.993619389449577, 19.165290727021677 ], [ -98.993755351102436, 19.165452235861153 ], [ -98.993878562714741, 19.165674308233282 ], [ -98.993953182974593, 19.165812838769138 ], [ -98.99406125680261, 19.166013472602273 ], [ -98.99414623026037, 19.16619113044154 ], [ -98.994220582607412, 19.166334467007214 ], [ -98.994299184551608, 19.166447522548687 ], [ -98.994443644744493, 19.166607012139728 ], [ -98.994609351588707, 19.166754390151663 ], [ -98.99472407197581, 19.166835144650236 ], [ -98.994979009002435, 19.166948204875869 ], [ -98.995229697912222, 19.167028963627796 ], [ -98.995522877211585, 19.167109723077637 ], [ -98.995726828434741, 19.167174329952264 ], [ -98.996185718264954, 19.167311618208945 ], [ -98.996474649992948, 19.167396414013528 ], [ -98.996844312478515, 19.167513510870712 ], [ -98.996844317780244, 19.167234916605072 ], [ -98.996810331894068, 19.166899794752673 ], [ -98.996780597172219, 19.16647988382157 ], [ -98.996763603134994, 19.166399131448827 ], [ -98.996750860939557, 19.166144762005114 ], [ -98.996729618458801, 19.166019596450667 ], [ -98.996716873387044, 19.16591461816008 ], [ -98.996674386381713, 19.165773301256888 ], [ -98.99667014251196, 19.165547195895702 ], [ -98.996653153947051, 19.16515554816209 ], [ -98.996678016976503, 19.164852324311099 ], [ -98.996708405596422, 19.16440374732375 ], [ -98.996745802789874, 19.164079528588303 ], [ -98.996771513805044, 19.163826370787564 ], [ -98.996813582126236, 19.163610965716565 ], [ -98.996902391071302, 19.163275644301546 ], [ -98.996995871544684, 19.163026929521717 ], [ -98.997065982263607, 19.162795979381443 ], [ -98.99713609389164, 19.162556147127383 ], [ -98.997171148186212, 19.162465100011577 ], [ -98.997173489075138, 19.162276342262011 ], [ -98.997220229167937, 19.16210535025283 ], [ -98.99725528621957, 19.161896606495382 ], [ -98.997297353422724, 19.161681201268244 ], [ -98.997306703450533, 19.16154351919154 ], [ -98.9973207265529, 19.161425822769449 ], [ -98.99733921472972, 19.161369787654582 ], [ -98.997372139452892, 19.161328113376378 ], [ -98.997460943564647, 19.161154901364576 ], [ -98.997528714722222, 19.161019440587552 ], [ -98.997690160325419, 19.160800058497053 ], [ -98.997785774763074, 19.16065525225968 ], [ -98.997904957725993, 19.16049980545429 ], [ -98.997972726896407, 19.160475378678367 ], [ -98.998006594886604, 19.160498112952435 ], [ -98.998029963158231, 19.160545857564699 ], [ -98.998108259150214, 19.160955047851523 ], [ -98.998234444367611, 19.161527984999978 ], [ -98.998274169919469, 19.161656785509756 ], [ -98.99831389625534, 19.161714523027026 ], [ -98.998367643773975, 19.161778923125681 ], [ -98.998507856078419, 19.161874413928722 ], [ -98.998629372982123, 19.161963242020139 ], [ -98.998692468498191, 19.162029863515727 ], [ -98.99869480456691, 19.162112028210345 ], [ -98.998662087865114, 19.162207517582097 ], [ -98.998631706875386, 19.162305227484779 ], [ -98.998610674801313, 19.162382950961764 ], [ -98.998610673927075, 19.162487323551101 ], [ -98.998617683240823, 19.162589474768076 ], [ -98.998629367055088, 19.162680522513494 ], [ -98.998662082975102, 19.162813763911313 ], [ -98.998671429150932, 19.162904811634792 ], [ -98.998680775440263, 19.163102452459448 ], [ -98.998704142112743, 19.163426672062442 ], [ -98.99872984626225, 19.1636665064838 ], [ -98.99872750722389, 19.16396629835733 ], [ -98.998725168181863, 19.164141732068902 ], [ -98.998729841109295, 19.164339372831982 ], [ -98.99879059873625, 19.164561441494076 ], [ -98.998912117953537, 19.164765744535039 ], [ -98.999000919554348, 19.164890103183268 ], [ -98.999038310083961, 19.164961165436715 ], [ -98.999094396438252, 19.165063316858447 ], [ -98.99915048177408, 19.165192116305459 ], [ -98.999300044599678, 19.165254296005532 ], [ -98.999424539380939, 19.165328185426358 ], [ -98.999481900633398, 19.165394805704633 ], [ -98.999549883406189, 19.165463444973657 ], [ -98.999636987441534, 19.165503821207761 ], [ -98.999842332584706, 19.165535419393141 ], [ -99.000015145700942, 19.165582554665139 ], [ -99.000108496530288, 19.165661939337742 ], [ -99.00019147795652, 19.165717814663296 ], [ -99.000299827246948, 19.165794528633047 ], [ -99.000465537204633, 19.165824810317655 ], [ -99.000582384220564, 19.165830866028752 ], [ -99.000705605237044, 19.16582480955222 ], [ -99.000779962472436, 19.165836922244161 ], [ -99.000828825777759, 19.165915655126529 ], [ -99.000864942890303, 19.165986313028629 ], [ -99.00088406357726, 19.166069083998071 ], [ -99.000864944301227, 19.166256832305688 ], [ -99.000864945585832, 19.166503126494973 ], [ -99.000854324211559, 19.166721156779346 ], [ -99.000809710695464, 19.166971488219549 ], [ -99.00074003805716, 19.167200666520593 ], [ -99.001771052894412, 19.167339912322483 ], [ -99.001907016250755, 19.166895774585953 ], [ -99.001962249736678, 19.16657276662168 ], [ -99.002008984457262, 19.166265907872511 ], [ -99.002055721357408, 19.166072102190938 ], [ -99.002234175724084, 19.165854069856792 ], [ -99.002395633978182, 19.165627962539254 ], [ -99.002429621303378, 19.1653735928526 ], [ -99.002395625579581, 19.165046547897518 ], [ -99.002327636428873, 19.164662976353554 ], [ -99.002255402296171, 19.164505510136227 ], [ -99.002263899450455, 19.164465133986024 ], [ -99.002272396600617, 19.164424757835278 ], [ -99.002484844311653, 19.164453019039044 ], [ -99.002650554375549, 19.164489354802036 ], [ -99.002858751652425, 19.164444937667714 ], [ -99.003405199044423, 19.164489184204601 ], [ -99.003606566941471, 19.164505488574274 ], [ -99.003861503904346, 19.16450952135736 ], [ -99.004226910179014, 19.164404535231114 ], [ -99.004609309302026, 19.164190533709721 ], [ -99.00486424331811, 19.164109775041045 ], [ -99.005076688224165, 19.164045167254692 ], [ -99.005267886497506, 19.163924033727259 ], [ -99.005412347596121, 19.163855390426086 ], [ -99.005493071306233, 19.163657545752393 ], [ -99.005663086101578, 19.163399173997608 ], [ -99.005743733655208, 19.162967108160899 ], [ -99.005743724846752, 19.162712738848203 ], [ -99.005735219834008, 19.162498745848271 ], [ -99.005709717875106, 19.162260528281173 ], [ -99.005730956746561, 19.162099023397229 ], [ -99.005828678338872, 19.162014230242907 ], [ -99.00669862866468, 19.161825442784135 ], [ -99.006906824481248, 19.161829473041077 ], [ -99.007267981516449, 19.161881948161163 ], [ -99.0076291374574, 19.161926346636498 ], [ -99.008058277636991, 19.161982855333097 ], [ -99.008181497855375, 19.162043413970476 ], [ -99.008432190087987, 19.162208943919595 ], [ -99.008657388978776, 19.162354287603165 ], [ -99.008789111236169, 19.162471371543891 ], [ -99.008857098817344, 19.162580383442933 ], [ -99.008937838385933, 19.162782259798014 ], [ -99.00904406736106, 19.162899344789 ], [ -99.00916729336474, 19.163028541865739 ], [ -99.009231033530327, 19.163145629764763 ], [ -99.009273527400239, 19.163230416789002 ], [ -99.009337266013702, 19.163317222610878 ], [ -99.009371261838325, 19.163410085071938 ], [ -99.009337277833268, 19.16352717788908 ], [ -99.009294794489151, 19.163632157229582 ], [ -99.00928787551608, 19.163665037904853 ], [ -99.009267183235352, 19.163763380783063 ], [ -99.009286308989189, 19.163866338920734 ], [ -99.009335177384074, 19.16395718255097 ], [ -99.00949027348085, 19.164138866814895 ], [ -99.009680907105988, 19.164320313195045 ], [ -99.009836582411154, 19.164490120013657 ], [ -99.01001080157539, 19.164687952858174 ], [ -99.010127663177244, 19.164940296724705 ], [ -99.010176536601364, 19.165115930170817 ], [ -99.010155301055804, 19.165267341503974 ], [ -99.010140440239482, 19.165430864569657 ], [ -99.010161695240143, 19.165596405523036 ], [ -99.010214817757216, 19.165763962780279 ], [ -99.01028281188195, 19.165941613196697 ], [ -99.010433984366941, 19.166357210530165 ], [ -99.010471931278062, 19.166571469054926 ], [ -99.010534456769747, 19.166874714122354 ], [ -99.010522953684585, 19.167116541704171 ], [ -99.010437989911281, 19.167378990767482 ], [ -99.010189469126942, 19.168134036319881 ], [ -99.009996169348241, 19.168660954289841 ], [ -99.009843223740859, 19.168994064767308 ], [ -99.009683894852216, 19.169181821393437 ], [ -99.00948419914333, 19.169361504942948 ], [ -99.009176153587589, 19.169581569741304 ], [ -99.009035940650122, 19.169706742726053 ], [ -99.008927598567794, 19.169886421142369 ], [ -99.00887236823722, 19.170017645888439 ], [ -99.008808643163889, 19.170229623064238 ], [ -99.008679064721051, 19.170595031485998 ], [ -99.008585599472596, 19.170881705968206 ], [ -99.008428400715573, 19.171239040454545 ], [ -99.008152229337099, 19.171675114063685 ], [ -99.007965282189886, 19.171971885423151 ], [ -99.007759211979973, 19.172258564292985 ], [ -99.007631744649402, 19.172411997753986 ], [ -99.007483032222581, 19.172585620899785 ], [ -99.007298204778365, 19.172817790393292 ], [ -99.007179238227664, 19.173051976112632 ], [ -99.007094262667209, 19.173233670545283 ], [ -99.007060276585847, 19.173409307845638 ], [ -99.007064533627329, 19.173584942765043 ], [ -99.00707940855078, 19.173663676125368 ], [ -99.007153778740715, 19.173883722287016 ], [ -99.007198403734691, 19.174075506560371 ], [ -99.007230279286787, 19.174226915318879 ], [ -99.00721966781316, 19.174491377826875 ], [ -99.007556873240262, 19.174528352093461 ], [ -99.00785559532801, 19.174557153862793 ], [ -99.008092885015159, 19.174626601375635 ], [ -99.00824373517186, 19.174689176741879 ], [ -99.008373340002535, 19.174763866838493 ], [ -99.008573059500804, 19.17489507962021 ], [ -99.008706915407018, 19.17501014528013 ], [ -99.008838647542305, 19.17512319105878 ], [ -99.009008624127674, 19.175266517770957 ], [ -99.00924234222957, 19.17546031112186 ], [ -99.009624791539224, 19.17579944947612 ], [ -99.009975072203432, 19.17610181784125 ], [ -99.010326228293096, 19.176405184123471 ], [ -99.01086351393235, 19.176869343263494 ], [ -99.01097406755288, 19.1769566435764 ], [ -99.011027119597117, 19.176998537400696 ], [ -99.011305457453162, 19.17716809944557 ], [ -99.011569586207997, 19.177272963316327 ], [ -99.011590166411096, 19.17728113373644 ], [ -99.011904617694242, 19.177341677595809 ], [ -99.012737571812963, 19.177396205547531 ], [ -99.012767224459282, 19.177398146552576 ], [ -99.013087671521717, 19.177412285766287 ], [ -99.013315382905574, 19.177422332659198 ], [ -99.013965524786329, 19.177446510301923 ], [ -99.014224732336203, 19.177470716352481 ], [ -99.014445547618067, 19.177474584334515 ], [ -99.014794138355981, 19.177502971411776 ], [ -99.015393648238899, 19.177691885638652 ], [ -99.015709889749303, 19.177831960155885 ], [ -99.015922362374866, 19.17792682487249 ], [ -99.016094465542494, 19.177995448857299 ], [ -99.016253820974853, 19.178066092789379 ], [ -99.016398302224715, 19.178122606859581 ], [ -99.016483291370434, 19.178154899311821 ], [ -99.016627772916792, 19.178203338184673 ], [ -99.016770129164598, 19.178255813290036 ], [ -99.016971978360417, 19.178328471688957 ], [ -99.01715045344713, 19.178372869043201 ], [ -99.017265187173493, 19.178399102314813 ], [ -99.017388419670382, 19.178419278673751 ], [ -99.017535021758036, 19.178431377703056 ], [ -99.017670999528519, 19.178433383642659 ], [ -99.017796352956537, 19.178425295612421 ], [ -99.018102298491826, 19.17838690869193 ], [ -99.018661717290954, 19.178272370905464 ], [ -99.01856983613412, 19.177802358251757 ], [ -99.018530321372097, 19.17761628982662 ], [ -99.018490808015898, 19.177450549464012 ], [ -99.018443056233849, 19.177192554996658 ], [ -99.018417544151646, 19.17709078703971 ], [ -99.018410129658292, 19.177061212525381 ], [ -99.018383786075646, 19.176931433780481 ], [ -99.01837060944905, 19.176831362726848 ], [ -99.018378821886415, 19.176689071695602 ], [ -99.01840677831477, 19.17651706966808 ], [ -99.018457765896599, 19.176282519404204 ], [ -99.018490662175665, 19.176143352855465 ], [ -99.01851533651282, 19.176060478181963 ], [ -99.018526844220546, 19.17595884114899 ], [ -99.018521897403332, 19.175865023224016 ], [ -99.018516947719164, 19.17575400600666 ], [ -99.018518582931677, 19.175653933456196 ], [ -99.018541613490854, 19.175586694742719 ], [ -99.018604124179433, 19.175392798505936 ], [ -99.018668284737615, 19.175239556428366 ], [ -99.018724220757065, 19.175119151164388 ], [ -99.01875218788507, 19.175047220543615 ], [ -99.018857479994367, 19.174825174304154 ], [ -99.018873927086304, 19.174753245749312 ], [ -99.018887084073555, 19.17467975313722 ], [ -99.01891998395871, 19.174578113862534 ], [ -99.018961115837783, 19.174510873222424 ], [ -99.018998956411522, 19.174448324287084 ], [ -99.019031861568223, 19.174393594209171 ], [ -99.019054892336129, 19.174323228442251 ], [ -99.019048304641359, 19.174279446885791 ], [ -99.0189857434911, 19.174024581890421 ], [ -99.018984087679542, 19.173933891501914 ], [ -99.018998884186885, 19.173818180857396 ], [ -99.019018198256859, 19.173775390741859 ], [ -99.019030140385397, 19.173733741019053 ], [ -99.019074555168473, 19.173591446153196 ], [ -99.019107456705896, 19.173507007032494 ], [ -99.019138710443698, 19.173402239993074 ], [ -99.019168318134717, 19.173300601003209 ], [ -99.019189700017876, 19.173202089847898 ], [ -99.019202847640742, 19.173058234718123 ], [ -99.019206115464485, 19.172859653036369 ], [ -99.019215969503122, 19.172692343178788 ], [ -99.01922911543079, 19.172534414818752 ], [ -99.01924884519066, 19.172387431101324 ], [ -99.019270229229235, 19.172317065464942 ], [ -99.019293255927607, 19.172223245489498 ], [ -99.019311329988, 19.171988698336467 ], [ -99.019317884135148, 19.171744771445244 ], [ -99.019298121567545, 19.171608737198081 ], [ -99.019278363760051, 19.171513358218633 ], [ -99.019275060961093, 19.171410158249206 ], [ -99.019286563335285, 19.17126943023937 ], [ -99.019298061685944, 19.171094302722878 ], [ -99.019306273229546, 19.170953574149092 ], [ -99.019325997812984, 19.170764372536429 ], [ -99.019345731070601, 19.170658044056292 ], [ -99.01939507453001, 19.170461020949993 ], [ -99.019406581861901, 19.170364074272836 ], [ -99.0194065728938, 19.170287456902173 ], [ -99.019403866068686, 19.170214153874106 ], [ -99.019426764916759, 19.170152481232389 ], [ -99.019464932649697, 19.170083552553066 ], [ -99.019526006921282, 19.170010993770859 ], [ -99.019583262515653, 19.169938435375105 ], [ -99.019629066427441, 19.169869504941854 ], [ -99.019650055573408, 19.169809647208048 ], [ -99.019644322068515, 19.169742536108046 ], [ -99.019598493542105, 19.169602877893794 ], [ -99.019556488744925, 19.169514005599183 ], [ -99.019451492688901, 19.169417884656799 ], [ -99.019354130589463, 19.169309066037531 ], [ -99.019293038246147, 19.169216568030034 ], [ -99.01927394511651, 19.169174851940195 ], [ -99.019235758044474, 19.169084165336884 ], [ -99.019220474927167, 19.168968082705266 ], [ -99.019228106331951, 19.168942688282705 ], [ -99.019250057240569, 19.168933616831609 ], [ -99.019272007195809, 19.168924546281733 ], [ -99.019375080444817, 19.16890458330246 ], [ -99.019516331433834, 19.168895499193386 ], [ -99.019686213604075, 19.16888459807825 ], [ -99.019831280905336, 19.168864630336152 ], [ -99.019987799288259, 19.168837405912264 ], [ -99.020060331953616, 19.168815632943449 ], [ -99.020146224088435, 19.168782974595317 ], [ -99.020218756200293, 19.168764828320722 ], [ -99.020251208403337, 19.16878296304759 ], [ -99.020279846294713, 19.168828305644144 ], [ -99.020291308495388, 19.168911739666459 ], [ -99.020310406294016, 19.16898973135218 ], [ -99.020340952618099, 19.16903144516283 ], [ -99.020364813802672, 19.169042325499557 ], [ -99.020388675941462, 19.169053205833084 ], [ -99.02051465880777, 19.169071330104185 ], [ -99.020636823419252, 19.169076757906396 ], [ -99.020739901816015, 19.169098512255943 ], [ -99.02082007727779, 19.169143848034707 ], [ -99.020873529690306, 19.169185560061159 ], [ -99.02094225157451, 19.169225456500861 ], [ -99.021018608837267, 19.169258095816364 ], [ -99.021106416074147, 19.169274410216406 ], [ -99.021253397699098, 19.169303414546292 ], [ -99.021396563135781, 19.16933604595966 ], [ -99.021444622789517, 19.169345968068608 ], [ -99.021528274943805, 19.169363238017706 ], [ -99.021654258883657, 19.169379547675771 ], [ -99.021782150727162, 19.169395857021051 ], [ -99.021873776011546, 19.169413984431003 ], [ -99.021963496319643, 19.169453877080951 ], [ -99.022026493047264, 19.169501029118596 ], [ -99.022141031175835, 19.169569939984534 ], [ -99.02227274913885, 19.169640662525527 ], [ -99.02238919360569, 19.16968962177706 ], [ -99.022469368083122, 19.1697222609255 ], [ -99.022517093396246, 19.169762158437273 ], [ -99.022528550345129, 19.169791178313066 ], [ -99.022589636264811, 19.169814750599222 ], [ -99.022667898535133, 19.169821996274912 ], [ -99.022786245600102, 19.169823795457283 ], [ -99.02284732736797, 19.169823787867418 ], [ -99.022883591727563, 19.169798389730911 ], [ -99.022906487720135, 19.16972583457725 ], [ -99.022933199654858, 19.169647836549672 ], [ -99.022965641524166, 19.169587977005765 ], [ -99.023009537366306, 19.169535371341325 ], [ -99.023097333827209, 19.169471876264932 ], [ -99.023221398756476, 19.169413818957445 ], [ -99.023402725230596, 19.169339428901996 ], [ -99.023553513813297, 19.169283181791872 ], [ -99.023704300045907, 19.16921786540718 ], [ -99.023790192450136, 19.16919064684696 ], [ -99.023864631768831, 19.169156174414628 ], [ -99.023914263465954, 19.169177933919848 ], [ -99.023977258183848, 19.169201505497401 ], [ -99.024045975296147, 19.169203310342059 ], [ -99.024276940894424, 19.169198744925058 ], [ -99.024471639155067, 19.169196905251471 ], [ -99.024681608842741, 19.169200504809936 ], [ -99.024812627067675, 19.16920414915602 ], [ -99.024876308188936, 19.169205920027768 ], [ -99.025011834834217, 19.169211343108461 ], [ -99.025130182311642, 19.169218582271082 ], [ -99.025343966646417, 19.16920222841842 ], [ -99.025561569712366, 19.169193129105949 ], [ -99.025753411140798, 19.169186773326292 ], [ -99.025836436629959, 19.169184022391399 ], [ -99.025945237998215, 19.169178565560568 ], [ -99.026059769832472, 19.16919850057042 ], [ -99.026111310657569, 19.16922025921048 ], [ -99.026159037366327, 19.169258342850586 ], [ -99.026201039043428, 19.169305495541927 ], [ -99.026214409645249, 19.169367163857554 ], [ -99.02623350856004, 19.169434271940062 ], [ -99.026250694351688, 19.169474173746067 ], [ -99.02627551633924, 19.169519515044225 ], [ -99.026332789548832, 19.169577549402284 ], [ -99.026393875062681, 19.169595678029111 ], [ -99.026506501596003, 19.169635566067274 ], [ -99.026674480477183, 19.16965730770325 ], [ -99.026825281734503, 19.169684493185823 ], [ -99.026947447588739, 19.169693543544849 ], [ -99.027115421839937, 19.169686264401129 ], [ -99.02725094566965, 19.169671733698525 ], [ -99.027468550746576, 19.169671701276044 ], [ -99.02769761120372, 19.169691618094713 ], [ -99.027877047603852, 19.169733309031873 ], [ -99.028012578146374, 19.169758682026529 ], [ -99.028207284732147, 19.169802183236612 ], [ -99.028415351089905, 19.169832986266858 ], [ -99.028558938561105, 19.169847847880455 ], [ -99.02862532479422, 19.169854719613902 ], [ -99.028737944807617, 19.169852888193017 ], [ -99.028823847747631, 19.169889151328363 ], [ -99.028871578426006, 19.169950813144933 ], [ -99.028907855171212, 19.17000159377249 ], [ -99.028984216892425, 19.170054182803394 ], [ -99.029085391648465, 19.170095883990207 ], [ -99.029259102317795, 19.170137574480961 ], [ -99.029404179860492, 19.170181083224367 ], [ -99.029579799538155, 19.17022277220169 ], [ -99.029639927505485, 19.17022276250578 ], [ -99.029700055472787, 19.170222752790185 ], [ -99.029858485611982, 19.17021365794696 ], [ -99.030039823119026, 19.170211814540494 ], [ -99.030160081024931, 19.170222677806738 ], [ -99.030205897467511, 19.170246250064164 ], [ -99.030230717344708, 19.17027345342785 ], [ -99.030232634783985, 19.170320611785172 ], [ -99.030219284140429, 19.170382284198233 ], [ -99.030181122833341, 19.170467539573895 ], [ -99.030156323719694, 19.170554606576683 ], [ -99.030154427742232, 19.170625345347226 ], [ -99.030175435591232, 19.170683384449827 ], [ -99.030282344854342, 19.170764988286276 ], [ -99.030341525045699, 19.170797627452696 ], [ -99.030419792107821, 19.170826634875496 ], [ -99.03050759875839, 19.170830247967118 ], [ -99.030595404743281, 19.170830233357325 ], [ -99.0306488474139, 19.170803017901846 ], [ -99.030713736478219, 19.170744964506472 ], [ -99.030812974927301, 19.170634305166576 ], [ -99.030868316211667, 19.170552674433793 ], [ -99.030925569731082, 19.170494623149413 ], [ -99.030986644284042, 19.170454708596694 ], [ -99.031068721775242, 19.170440184088754 ], [ -99.031121913733372, 19.170431255050776 ], [ -99.031166068694077, 19.170423843123217 ], [ -99.031217608860743, 19.170436531176854 ], [ -99.031254950161653, 19.170428944154612 ], [ -99.031265079997411, 19.170357028188889 ], [ -99.031304077766066, 19.170287331436047 ], [ -99.031372690079777, 19.170044147226104 ], [ -99.031422582609991, 19.169824689674662 ], [ -99.031435048780693, 19.169735722208952 ], [ -99.031428771764354, 19.16954592996969 ], [ -99.031447438269907, 19.16923751150107 ], [ -99.031472332207684, 19.168857920584365 ], [ -99.031506622669824, 19.16865329351409 ], [ -99.031506589424168, 19.168478328042532 ], [ -99.031490964026133, 19.168362674870266 ], [ -99.031462862831845, 19.168294472620495 ], [ -99.031484674787535, 19.16811357207354 ], [ -99.031550179562856, 19.167944525764469 ], [ -99.032058889673849, 19.168030437799874 ], [ -99.032380338431167, 19.168057071006071 ], [ -99.032573831968037, 19.168068899435127 ], [ -99.032751732900323, 19.168140040070856 ], [ -99.033120013405323, 19.168258595083252 ], [ -99.033208460341541, 19.168279256051765 ], [ -99.03315510646091, 19.1685588504021 ], [ -99.033225853794875, 19.168616781671648 ], [ -99.033316109870754, 19.168651532656497 ], [ -99.033489299359331, 19.168695539178419 ], [ -99.033767376176471, 19.168758067654181 ], [ -99.033921049686214, 19.168788170421081 ], [ -99.034018621254319, 19.168811330897267 ], [ -99.0341088704497, 19.168811314156144 ], [ -99.034201550566621, 19.168769576113988 ], [ -99.034428373059896, 19.168676823240308 ], [ -99.034838114946709, 19.168498276644929 ], [ -99.034989327827418, 19.168424078780319 ], [ -99.03514054797202, 19.168389283471122 ], [ -99.035328364994712, 19.168396200902148 ], [ -99.035367339718547, 19.168152826551097 ], [ -99.035455081141478, 19.167835273656944 ], [ -99.035503819086458, 19.167622028470124 ], [ -99.035552584777562, 19.167543214569513 ], [ -99.035669656094555, 19.167506107306494 ], [ -99.035840391972414, 19.16748753178398 ], [ -99.03601112680488, 19.167464319854972 ], [ -99.036142839669836, 19.167457341415442 ], [ -99.036206253301273, 19.167438786643448 ], [ -99.036255023671913, 19.167383150179475 ], [ -99.036313555648405, 19.167348371273405 ], [ -99.036376973286607, 19.1673483587224 ], [ -99.036489179482089, 19.167371514990801 ], [ -99.036735542258072, 19.167415503000566 ], [ -99.037001419320987, 19.16745948765239 ], [ -99.037228265940087, 19.167484937554853 ], [ -99.037467306791712, 19.1675080665655 ], [ -99.037586825041316, 19.167505724922098 ], [ -99.037686829652444, 19.167505704426684 ], [ -99.037752690551557, 19.167521915055435 ], [ -99.037742959319601, 19.167635487956804 ], [ -99.037742984642307, 19.167746741631181 ], [ -99.037757659919507, 19.167922889819149 ], [ -99.037786973067398, 19.168110623802551 ], [ -99.037830903096449, 19.168221868431655 ], [ -99.037889484821704, 19.168404961016773 ], [ -99.037948062542867, 19.168574146645671 ], [ -99.03800418788525, 19.16867843523961 ], [ -99.038096893684568, 19.168757220484906 ], [ -99.03818472829046, 19.168861502440162 ], [ -99.038309109663984, 19.168794260890973 ], [ -99.038467634167347, 19.168703834486834 ], [ -99.038611533380404, 19.168652812796616 ], [ -99.038750552373429, 19.168597157583584 ], [ -99.038877375422942, 19.168536867696446 ], [ -99.038972499290765, 19.168522941502463 ], [ -99.039043238814173, 19.168539150630323 ], [ -99.039055451451574, 19.1686109990214 ], [ -99.038943285433348, 19.168763996407812 ], [ -99.038787204456, 19.168870647763111 ], [ -99.038611622975793, 19.169037564357147 ], [ -99.038455561003488, 19.169232290561052 ], [ -99.038406805862465, 19.169352826014514 ], [ -99.038367819768311, 19.169528985337415 ], [ -99.038280047182624, 19.169691247892878 ], [ -99.038254595733818, 19.16971451305713 ], [ -99.038153235833249, 19.169807163282364 ], [ -99.038002025126488, 19.16988599908343 ], [ -99.037719109512054, 19.170015853343937 ], [ -99.037519118339645, 19.170113241035068 ], [ -99.037358160257355, 19.170238433530951 ], [ -99.037255738407296, 19.170345072646132 ], [ -99.037192349779986, 19.17047951676086 ], [ -99.037124108843216, 19.170729850819683 ], [ -99.03699732373795, 19.170966289721203 ], [ -99.03693394602405, 19.171151725213143 ], [ -99.036904724618665, 19.171374237459315 ], [ -99.036948692117562, 19.171652361798447 ], [ -99.036856050165909, 19.171865616092472 ], [ -99.036785336692319, 19.171972248560696 ], [ -99.036724390309047, 19.172127551492459 ], [ -99.036804892109075, 19.172159984573462 ], [ -99.036973214701277, 19.172234119838954 ], [ -99.03714885271944, 19.172301300004854 ], [ -99.037292776316534, 19.172342990711392 ], [ -99.037351321312627, 19.172359202958599 ], [ -99.037392788028058, 19.172361512640926 ], [ -99.037439126051794, 19.172329053998421 ], [ -99.037492778172506, 19.172280369702765 ], [ -99.03754399330866, 19.172243274695838 ], [ -99.037604967982972, 19.172220084604941 ], [ -99.037675706844951, 19.172227023567547 ], [ -99.037726937220114, 19.172257144124963 ], [ -99.037761103977729, 19.172333624306557 ], [ -99.037775752330589, 19.172393883446496 ], [ -99.037839185016608, 19.172447179072975 ], [ -99.037914807496605, 19.172477294548472 ], [ -99.037968470783611, 19.172481918800589 ], [ -99.038022133430076, 19.172479590476595 ], [ -99.038068471363232, 19.172447131675845 ], [ -99.038134325199508, 19.172423940397948 ], [ -99.038205055740903, 19.172398429959003 ], [ -99.038307497406549, 19.172370595660301 ], [ -99.038378228971524, 19.172349720496022 ], [ -99.038436762252985, 19.172314941833509 ], [ -99.038485538560977, 19.172277847074916 ], [ -99.038570906707463, 19.172261604109455 ], [ -99.038663597354372, 19.172261584614059 ], [ -99.038748973469012, 19.172275473544538 ], [ -99.038812401129618, 19.17231022656571 ], [ -99.038875829904015, 19.172349615809953 ], [ -99.0389099879621, 19.172386693114849 ], [ -99.038983157947072, 19.172361181859284 ], [ -99.039046572587338, 19.172340307991036 ], [ -99.039122179921662, 19.172305525478318 ], [ -99.039209985808114, 19.172277693794097 ], [ -99.039297800054101, 19.172289263825878 ], [ -99.039349027991634, 19.172307795124553 ], [ -99.039380738308566, 19.17231010554481 ], [ -99.039414884898804, 19.172298509411661 ], [ -99.039444148467382, 19.172270690173587 ], [ -99.039466096298881, 19.172247507845107 ], [ -99.039485602614519, 19.17221621306139 ], [ -99.039503887002084, 19.172177965977745 ], [ -99.039530711909279, 19.172150147250225 ], [ -99.039584372211664, 19.172138546883069 ], [ -99.039645355152032, 19.172151281141051 ], [ -99.0397099993301, 19.172169809441883 ], [ -99.039777081036092, 19.172183701850166 ], [ -99.039842941769152, 19.172190641034426 ], [ -99.039905141271802, 19.172191786135929 ], [ -99.039945387942524, 19.172187142042588 ], [ -99.039988069769635, 19.172172067213452 ], [ -99.040045386136342, 19.172148876205458 ], [ -99.040085629599915, 19.172134961398669 ], [ -99.040120992331651, 19.172110616549212 ], [ -99.04014781824678, 19.172087433073017 ], [ -99.040167326661233, 19.172065409803338 ], [ -99.040199025983711, 19.172022524373109 ], [ -99.040231946569563, 19.171987749839939 ], [ -99.04026730755966, 19.171956452401574 ], [ -99.040299012751234, 19.171937903174626 ], [ -99.040335593979918, 19.171906605455167 ], [ -99.040374610993368, 19.17186371748253 ], [ -99.040406308528915, 19.171813878551482 ], [ -99.0404380018052, 19.171746655953925 ], [ -99.040457501373751, 19.171688706721483 ], [ -99.040495287570764, 19.171602940499014 ], [ -99.040531858488706, 19.171529922856475 ], [ -99.040559890801674, 19.171454588969599 ], [ -99.040578171737252, 19.171403593456787 ], [ -99.040580601374103, 19.171363031643356 ], [ -99.040591559545177, 19.171287701523159 ], [ -99.040652513832498, 19.171184547382616 ], [ -99.040717123306266, 19.171062849233927 ], [ -99.040757349070702, 19.170978241020766 ], [ -99.040787824452693, 19.170917972092848 ], [ -99.040825617152905, 19.170860019655738 ], [ -99.040864636364461, 19.170827561772263 ], [ -99.040923170302293, 19.170799735778242 ], [ -99.040969511492875, 19.170784659903816 ], [ -99.041003663962769, 19.170798558307396 ], [ -99.041070754120852, 19.170848376180317 ], [ -99.041101248524669, 19.170869228849128 ], [ -99.041170770528439, 19.170887755546865 ], [ -99.041221997376454, 19.17090280959377 ], [ -99.041272009834813, 19.170937565685456 ], [ -99.041326902791525, 19.170981590445667 ], [ -99.041367163213266, 19.171037208197504 ], [ -99.041387906847646, 19.171080082923496 ], [ -99.041390366082155, 19.171158886800782 ], [ -99.041402580510535, 19.171233053135865 ], [ -99.041422104003658, 19.171272450495877 ], [ -99.041447720063843, 19.171292145596865 ], [ -99.041502609993799, 19.17132342379044 ], [ -99.041564815943346, 19.171347745942814 ], [ -99.041624582055476, 19.171370910017568 ], [ -99.041689225566131, 19.17138712040429 ], [ -99.041725817417813, 19.171403336241351 ], [ -99.041742901150286, 19.171441575511221 ], [ -99.041739257449095, 19.171501838496297 ], [ -99.0417197554344, 19.171548199059142 ], [ -99.041691717512762, 19.171599195996265 ], [ -99.041655140180396, 19.171640925086347 ], [ -99.04162588087722, 19.17168381021586 ], [ -99.041616134896401, 19.171729009041556 ], [ -99.041619807740986, 19.171784635022167 ], [ -99.041621041598361, 19.171842579678028 ], [ -99.041611295103579, 19.171881983647818 ], [ -99.041572282184234, 19.171939937420166 ], [ -99.041524728671718, 19.171983985283017 ], [ -99.041471075514039, 19.172023400073261 ], [ -99.041425963842528, 19.172076718945775 ], [ -99.041390609701068, 19.172134671852923 ], [ -99.041343054639498, 19.17217292571722 ], [ -99.041283298954994, 19.17219264004255 ], [ -99.041213786763066, 19.172215833270855 ], [ -99.041157691952549, 19.172243659710972 ], [ -99.041104041209394, 19.172293503685204 ], [ -99.041069906510288, 19.172352614865957 ], [ -99.041056506700954, 19.172415198136637 ], [ -99.041057740940516, 19.172475460011412 ], [ -99.041074827591061, 19.172521811411915 ], [ -99.041100455870932, 19.17259017990018 ], [ -99.041090718688352, 19.17266782788915 ], [ -99.041054148628035, 19.172744323269505 ], [ -99.0409895230801, 19.172798805002884 ], [ -99.04091148204833, 19.172856767338804 ], [ -99.040845636140361, 19.172911249292945 ], [ -99.040804184074346, 19.172969203439074 ], [ -99.040781036117608, 19.173070031998456 ], [ -99.040787147922288, 19.173127974664972 ], [ -99.040831064552492, 19.173167367562673 ], [ -99.040893275291339, 19.173212550326344 ], [ -99.040962811714522, 19.17328554438464 ], [ -99.04098356727421, 19.173375933873906 ], [ -99.040976271500199, 19.173465169205947 ], [ -99.040967747517215, 19.173518480692564 ], [ -99.040875097413533, 19.173681904115067 ], [ -99.040799497997952, 19.173753772781232 ], [ -99.040765360706516, 19.173800135580247 ], [ -99.040787323001936, 19.173839532454977 ], [ -99.040828800790308, 19.173881244013945 ], [ -99.040909316447298, 19.17396698396152 ], [ -99.040970308273501, 19.174008690234761 ], [ -99.041019093309941, 19.174010996559861 ], [ -99.041128851253262, 19.173978523715469 ], [ -99.041304463138758, 19.173922857490222 ], [ -99.041450806100613, 19.173877627901938 ], [ -99.041581969523364, 19.173867643420159 ], [ -99.041647516923817, 19.173900248564333 ], [ -99.041653786643252, 19.174009971594273 ], [ -99.041603878873346, 19.174119707361779 ], [ -99.04151339195046, 19.174199797502304 ], [ -99.041463479789016, 19.174288774062688 ], [ -99.041422941252733, 19.174425197245576 ], [ -99.041444818552904, 19.174549744601972 ], [ -99.041460447984747, 19.174647602878277 ], [ -99.041435500249548, 19.174727677259753 ], [ -99.041354409004725, 19.174941213108941 ], [ -99.04130138034985, 19.175047984279018 ], [ -99.041217136229164, 19.175136968485454 ], [ -99.041195321670003, 19.175264490874209 ], [ -99.041167267083608, 19.175400911185093 ], [ -99.041067430895339, 19.175543278880799 ], [ -99.040942544466361, 19.17564951832858 ], [ -99.040948767246633, 19.175678653879185 ], [ -99.040947562795836, 19.175738916277282 ], [ -99.040941482519486, 19.175813086685647 ], [ -99.04093542064841, 19.175957949409412 ], [ -99.04093919786682, 19.176016948154331 ], [ -99.04095835875151, 19.176038174802496 ], [ -99.041042710010359, 19.176060643099351 ], [ -99.041182338631103, 19.176097969286406 ], [ -99.0415526942638, 19.176234932459199 ], [ -99.041634564067678, 19.176271953245692 ], [ -99.041700828572502, 19.176258974798653 ], [ -99.04186063176995, 19.17617930349304 ], [ -99.041969773893769, 19.176162610690501 ], [ -99.042149109225974, 19.176247760798812 ], [ -99.042419835584454, 19.176310648319994 ], [ -99.04261106418096, 19.176355068586254 ], [ -99.042648108183784, 19.176401359153171 ], [ -99.042696567631992, 19.176451356955891 ], [ -99.042766844539344, 19.176495851242244 ], [ -99.042837110931231, 19.17649583485872 ], [ -99.04290735908738, 19.17642905293636 ], [ -99.042977592748599, 19.17630292255836 ], [ -99.043053451803715, 19.176167915092908 ], [ -99.043123614333524, 19.176153083432087 ], [ -99.043421617070251, 19.176236979798812 ], [ -99.043552437241132, 19.176267804679096 ], [ -99.043631440110659, 19.176244348037404 ], [ -99.043676648644634, 19.176206900300517 ], [ -99.043701126883121, 19.176261318367011 ], [ -99.04373569369146, 19.176438143498096 ], [ -99.043752745506623, 19.176531894572719 ], [ -99.043782555187519, 19.176756672047325 ], [ -99.043803604277812, 19.176856186284645 ], [ -99.043866897789158, 19.177045466345021 ], [ -99.043947204605658, 19.177318296799129 ], [ -99.043972581187546, 19.177466752609622 ], [ -99.043976842545348, 19.177611201723444 ], [ -99.043917760290142, 19.177755666001062 ], [ -99.04391776773339, 19.177783753675396 ], [ -99.044086686768111, 19.177799762896242 ], [ -99.04428095489547, 19.177859903237209 ], [ -99.044407657392625, 19.177920060633912 ], [ -99.044492136990371, 19.178004302299104 ], [ -99.044563956048108, 19.178116634673522 ], [ -99.044589331147066, 19.178257065980734 ], [ -99.044606251417733, 19.178361386355036 ], [ -99.044589375410752, 19.178421577553586 ], [ -99.04452605081454, 19.178489805331274 ], [ -99.044416291791549, 19.178626256733551 ], [ -99.044255874788774, 19.178822908289099 ], [ -99.044163017208859, 19.178995467535966 ], [ -99.044103930236886, 19.179119869488872 ], [ -99.043960385638087, 19.179248303418333 ], [ -99.043829514400741, 19.179396797476112 ], [ -99.043766197597137, 19.179497124404474 ], [ -99.043770440922373, 19.17957737375141 ], [ -99.04377048331672, 19.179737873553048 ], [ -99.043770522531744, 19.179886335392577 ], [ -99.043740995643944, 19.180010730165922 ], [ -99.043698798474068, 19.180135127046199 ], [ -99.04361861204967, 19.180319720937529 ], [ -99.043601747099856, 19.180424049407737 ], [ -99.043618666973543, 19.180528370753031 ], [ -99.043656692049993, 19.180600586756093 ], [ -99.043728502140965, 19.180676806453576 ], [ -99.043825647892064, 19.180744995672026 ], [ -99.043914335799982, 19.180769049487377 ], [ -99.043990353217552, 19.180785081894946 ], [ -99.044049484484205, 19.180821179781663 ], [ -99.044155072522443, 19.18087732974298 ], [ -99.044366248566547, 19.180981603272514 ], [ -99.044438050540094, 19.181025723275294 ], [ -99.044467628771002, 19.181093928497805 ], [ -99.044467639539235, 19.181134053215537 ], [ -99.044412759028518, 19.181198266237075 ], [ -99.044383224991563, 19.181298586084797 ], [ -99.044374802382308, 19.181386862865565 ], [ -99.044400150947496, 19.181426981454049 ], [ -99.044467732147567, 19.181479127769027 ], [ -99.044539534363935, 19.181523247729231 ], [ -99.044560669570146, 19.181599480286753 ], [ -99.044548022698933, 19.181679732792968 ], [ -99.044501598138055, 19.18178406940606 ], [ -99.044442523470963, 19.18196063319883 ], [ -99.044408770350017, 19.18207299111754 ], [ -99.044375006560543, 19.182149236967895 ], [ -99.0442567894641, 19.182247570976863 ], [ -99.044163907513408, 19.182335868086977 ], [ -99.044121703010305, 19.182430171951129 ], [ -99.044092196876321, 19.18263682249599 ], [ -99.044069018478751, 19.182817390177632 ], [ -99.044047946814871, 19.182979901317061 ], [ -99.043982558737085, 19.183236716782304 ], [ -99.043891828713129, 19.183483506650852 ], [ -99.043845411199882, 19.183617936157816 ], [ -99.043798985125321, 19.183720266247423 ], [ -99.043741987668724, 19.183768429854648 ], [ -99.043680761277585, 19.183798537518232 ], [ -99.043587863899972, 19.183832666241972 ], [ -99.043507631416503, 19.18385274763574 ], [ -99.043429512511963, 19.183876841145839 ], [ -99.043385181417534, 19.183916976340452 ], [ -99.04334930361081, 19.183987203510682 ], [ -99.043342979317799, 19.184027329712695 ], [ -99.043338777017951, 19.184103568373253 ], [ -99.043330336921386, 19.184127645371696 ], [ -99.043305004457409, 19.184149720031023 ], [ -99.043188886962341, 19.18420993445725 ], [ -99.043057993394058, 19.184290215534666 ], [ -99.042948212595562, 19.184358453623933 ], [ -99.042618854254087, 19.184506992187575 ], [ -99.042369724312138, 19.18462341224906 ], [ -99.042057251734207, 19.184751883549946 ], [ -99.041470309131796, 19.184992767170797 ], [ -99.041087557886243, 19.185115154179968 ], [ -99.040965821628248, 19.185173022317983 ], [ -99.037702522376762, 19.183536843729268 ], [ -99.037738998449527, 19.183322827219204 ], [ -99.037890979603517, 19.182420488678783 ], [ -99.037919986110182, 19.182241367459266 ], [ -99.037841916493136, 19.182169172094699 ], [ -99.037755625496402, 19.182073559498683 ], [ -99.037657011771898, 19.181983803886229 ] ] ], [ [ [ -99.080178995369621, 19.196202748518299 ], [ -99.080179826731566, 19.196179135009881 ], [ -99.080181723081267, 19.196125234610562 ], [ -99.080174729949235, 19.195961015688439 ], [ -99.08015532519552, 19.195867746460163 ], [ -99.080133167936282, 19.195800754021107 ], [ -99.080110998616263, 19.195708799141066 ], [ -99.080057006326541, 19.195578759719016 ], [ -99.080019620163142, 19.195474987721916 ], [ -99.079987780073893, 19.195401430136567 ], [ -99.079965622945551, 19.195334437673409 ], [ -99.079957288211645, 19.195255614533288 ], [ -99.07995588100836, 19.195205692065308 ], [ -99.07995241470897, 19.195185986430786 ], [ -99.079948948410859, 19.195166281699922 ], [ -99.079944789298054, 19.195143949169484 ], [ -99.079933713136555, 19.195116365258095 ], [ -99.079908809223241, 19.195087472416166 ], [ -99.079883908805087, 19.195067777020515 ], [ -99.079856248228651, 19.195058592517679 ], [ -99.079831358274106, 19.195058603352361 ], [ -99.07978572637272, 19.195059937258034 ], [ -99.079751159837926, 19.195066520736884 ], [ -99.07971244086059, 19.195066537567747 ], [ -99.079669566290093, 19.195049477151024 ], [ -99.079614243906633, 19.195028480879195 ], [ -99.079535412157426, 19.195002239487046 ], [ -99.079341777386958, 19.194912986876691 ], [ -99.079218679672564, 19.194853920451123 ], [ -99.079135693774077, 19.194817170985374 ], [ -99.079112173762795, 19.194789591487474 ], [ -99.079087270973602, 19.194764640684237 ], [ -99.079063752536172, 19.194742316478642 ], [ -99.079018106921112, 19.194714747407907 ], [ -99.07895865752171, 19.194686151283413 ], [ -99.078868753841689, 19.194640208125399 ], [ -99.078676473704093, 19.194541475706345 ], [ -99.078585188339829, 19.194498160198677 ], [ -99.078531241887177, 19.19446139801336 ], [ -99.078485592406807, 19.194423318211115 ], [ -99.078471754738331, 19.194402959958381 ], [ -99.078457917073692, 19.194382602608307 ], [ -99.078450984539174, 19.19434450623238 ], [ -99.078437135368176, 19.194299844366991 ], [ -99.078413607129377, 19.194256499785428 ], [ -99.07837763896373, 19.194223670212295 ], [ -99.078141102411422, 19.194055608765751 ], [ -99.0780968290684, 19.194004390480298 ], [ -99.078066385588926, 19.193957107547451 ], [ -99.078005520012738, 19.193909837549089 ], [ -99.077869959477795, 19.193810048061991 ], [ -99.077741311093561, 19.193705001147404 ], [ -99.077706729626485, 19.193681367401567 ], [ -99.077676297411827, 19.193657732795888 ], [ -99.0776596968538, 19.193641973924326 ], [ -99.077650000557696, 19.193606506786402 ], [ -99.07764859406555, 19.193556583385476 ], [ -99.077659622912137, 19.193484321275488 ], [ -99.077688621467985, 19.193400227806723 ], [ -99.077706573638892, 19.193348983058044 ], [ -99.077727291954147, 19.193297737135289 ], [ -99.077753533877015, 19.193232037018575 ], [ -99.077756281188982, 19.193193936507672 ], [ -99.077738278473049, 19.193137451691697 ], [ -99.077700911914889, 19.193069151328523 ], [ -99.077616498600293, 19.192935181872084 ], [ -99.077568084218399, 19.192898417054185 ], [ -99.077497543584187, 19.192857719419024 ], [ -99.077352313813805, 19.192777640770704 ], [ -99.077229219007222, 19.192719887039047 ], [ -99.077031437434272, 19.192625378400447 ], [ -99.07697749621137, 19.192597811392286 ], [ -99.076848875552983, 19.192549255369038 ], [ -99.076884844271518, 19.192584712448284 ], [ -99.076915284719448, 19.192626740286549 ], [ -99.076926365363192, 19.192667463091766 ], [ -99.076923628853905, 19.192729211086284 ], [ -99.076902914362236, 19.192787026272235 ], [ -99.076866999263927, 19.192867181272131 ], [ -99.076825544249729, 19.192928946387987 ], [ -99.076795154340388, 19.192995961259008 ], [ -99.07677996956177, 19.193052460063484 ], [ -99.076763422746808, 19.193152314084337 ], [ -99.076757927932576, 19.193231142276392 ], [ -99.076741372562338, 19.193312603197317 ], [ -99.076676448141512, 19.193457145234333 ], [ -99.076614282473784, 19.193585921097064 ], [ -99.076547943171704, 19.193662148387737 ], [ -99.076358573154167, 19.193818565945655 ], [ -99.076288080241952, 19.193881656167797 ], [ -99.076225866333189, 19.193906644481611 ], [ -99.076104204277541, 19.193957932141885 ], [ -99.075927252503718, 19.194057851656627 ], [ -99.075866432995625, 19.194107800816926 ], [ -99.075678462573379, 19.194304944535002 ], [ -99.075623159892828, 19.194323359537776 ], [ -99.075529126402515, 19.194315515783618 ], [ -99.075421248156289, 19.194270892381834 ], [ -99.075313369016357, 19.194226268012802 ], [ -99.074880982232187, 19.194074159723215 ], [ -99.074253982652891, 19.193853588066617 ], [ -99.073922054823512, 19.193724972242656 ], [ -99.073714598939517, 19.193640974535612 ], [ -99.073142024518617, 19.193415234846981 ], [ -99.072942870611811, 19.193341742649363 ], [ -99.072041143903618, 19.192995262696705 ], [ -99.0716870660616, 19.192799648447227 ], [ -99.071416136521833, 19.192691137034117 ], [ -99.071332491965563, 19.192668994286262 ], [ -99.071311165585271, 19.192827925057582 ], [ -99.07126265627916, 19.193097741942541 ], [ -99.071216060433343, 19.193291794066937 ], [ -99.071157790579775, 19.193480306204115 ], [ -99.071120899033289, 19.193628154880262 ], [ -99.071082042332634, 19.193729806464408 ], [ -99.071066499638917, 19.193770466734001 ], [ -99.071056791121492, 19.193807429312326 ], [ -99.071047083234575, 19.193848088223355 ], [ -99.071031553205358, 19.193918315538035 ], [ -99.070986814020799, 19.19390909292726 ], [ -99.070910929199187, 19.19384074914506 ], [ -99.070798083637314, 19.19376133150292 ], [ -99.070663852068762, 19.193700400987261 ], [ -99.070626314518492, 19.193686317862447 ], [ -99.070496554289051, 19.193637635820515 ], [ -99.070298123826205, 19.193545315379296 ], [ -99.070210580027563, 19.193500998325678 ], [ -99.070198896925774, 19.193471435741891 ], [ -99.07021237388048, 19.193146193874171 ], [ -99.070218152420892, 19.193011291741044 ], [ -99.070221924413261, 19.192734100491826 ], [ -99.070216057504766, 19.192658336926229 ], [ -99.069674000674937, 19.192416981392707 ], [ -99.069428184813574, 19.192307529342894 ], [ -99.06929591949725, 19.192292795824212 ], [ -99.069015818735267, 19.192241159064203 ], [ -99.068743497194646, 19.192189518960717 ], [ -99.068642487630726, 19.192155403197411 ], [ -99.068284415125319, 19.19203446425745 ], [ -99.068132098688153, 19.191971635306185 ], [ -99.068004265590744, 19.191864557722308 ], [ -99.067959341284137, 19.191810427135707 ], [ -99.067801887079412, 19.191620705275266 ], [ -99.067646251390059, 19.191532061543711 ], [ -99.067404980044017, 19.191303006516577 ], [ -99.067280392605738, 19.191036948674277 ], [ -99.067144200580216, 19.19092981841343 ], [ -99.067008008730781, 19.190822688049668 ], [ -99.066502213908507, 19.190571552939581 ], [ -99.066019759401144, 19.190320407122563 ], [ -99.065704614789752, 19.190172685824688 ], [ -99.065622888185814, 19.190076622104318 ], [ -99.065615099865781, 19.190055374124412 ], [ -99.065607311547382, 19.190034125240341 ], [ -99.065580065547721, 19.189991632546509 ], [ -99.065535324067497, 19.189973168664448 ], [ -99.065461406547954, 19.189952867920081 ], [ -99.065385538949727, 19.189917784306363 ], [ -99.065280489744367, 19.189864232080502 ], [ -99.065221268777989, 19.189828000134902 ], [ -99.065192945592543, 19.189810672670749 ], [ -99.065128748197012, 19.189777432970452 ], [ -99.065037335492818, 19.189779312662782 ], [ -99.064953707022283, 19.189792278560535 ], [ -99.064844770511286, 19.189746118323821 ], [ -99.064744077054357, 19.189689902707112 ], [ -99.064676533002029, 19.189650602580564 ], [ -99.064619889124288, 19.189634064944904 ], [ -99.064554530491847, 19.189615460771819 ], [ -99.064458681037081, 19.189611355299686 ], [ -99.06434541587798, 19.189636231000865 ], [ -99.064267015069717, 19.189688000854211 ], [ -99.064177730964389, 19.189760471249635 ], [ -99.064077559209622, 19.189847433413075 ], [ -99.063929485533677, 19.189988223273847 ], [ -99.063846724568549, 19.19003378570644 ], [ -99.063807273656039, 19.190036995089876 ], [ -99.063759590462652, 19.190033816009393 ], [ -99.063716017039454, 19.190017273552549 ], [ -99.063676799187945, 19.190000729573594 ], [ -99.06365501646124, 19.190002806719168 ], [ -99.063633280343296, 19.190004884749719 ], [ -99.063502588785511, 19.190153946580587 ], [ -99.063415492656986, 19.19025332227584 ], [ -99.063328406552728, 19.190381673038068 ], [ -99.063123757156305, 19.19068805770533 ], [ -99.063082141553323, 19.190747331775874 ], [ -99.063052865286423, 19.190767384292108 ], [ -99.063023589012417, 19.19078743680366 ], [ -99.062745724665731, 19.190970347911541 ], [ -99.06259891154383, 19.19106699080676 ], [ -99.062522687782845, 19.19111875826307 ], [ -99.062361522349065, 19.191209879430524 ], [ -99.062315176269962, 19.191186537775287 ], [ -99.062272194388655, 19.191172655415372 ], [ -99.062226442540904, 19.191156114250344 ], [ -99.062126225434767, 19.191127172201824 ], [ -99.062012944159164, 19.191112722522238 ], [ -99.061943235059871, 19.191108606900443 ], [ -99.061941049433884, 19.191088945665534 ], [ -99.061938863808422, 19.191069284430565 ], [ -99.061978041285357, 19.190980274471958 ], [ -99.062015031925981, 19.190868498890737 ], [ -99.062052032598288, 19.190783628823016 ], [ -99.062078151811605, 19.190727738445336 ], [ -99.061851586743046, 19.190690560609724 ], [ -99.061696907579432, 19.190651288746253 ], [ -99.06165333419807, 19.190634745800473 ], [ -99.06162282502622, 19.190603710448361 ], [ -99.06159884160347, 19.190545767373663 ], [ -99.061585737200801, 19.190454705454211 ], [ -99.061561741502899, 19.190363647187898 ], [ -99.06148981739868, 19.190262256151932 ], [ -99.061409196462037, 19.190204332024329 ], [ -99.06131332681673, 19.190146412957599 ], [ -99.061226167976145, 19.190082281270243 ], [ -99.061125945769973, 19.190034712393206 ], [ -99.060958197657314, 19.189997513842563 ], [ -99.060779564412726, 19.189976876340516 ], [ -99.060688069832764, 19.189968627379336 ], [ -99.060659743962489, 19.189947939978197 ], [ -99.06064013112433, 19.189927249692925 ], [ -99.06062051980615, 19.189910698578039 ], [ -99.060600908491892, 19.189894147461029 ], [ -99.060542087434754, 19.189879678871677 ], [ -99.060481088693152, 19.189869351058181 ], [ -99.060400486415219, 19.189861098362165 ], [ -99.060298101394935, 19.189854923281576 ], [ -99.060172836407801, 19.189831163259964 ], [ -99.060114016536858, 19.189819798912584 ], [ -99.060059553183379, 19.189808433120188 ], [ -99.060009448422846, 19.189800171169608 ], [ -99.059937552103648, 19.189772253445888 ], [ -99.05988853366496, 19.189758817140842 ], [ -99.05980139483944, 19.189745392348467 ], [ -99.059726239035669, 19.189739207167118 ], [ -99.059645637603381, 19.189733024629184 ], [ -99.059562857716472, 19.189728912349697 ], [ -99.059470272184086, 19.189712384788248 ], [ -99.05938857512983, 19.189690679689086 ], [ -99.059317770892903, 19.189667935334832 ], [ -99.059256766380216, 19.189641049518727 ], [ -99.059191403744904, 19.189606920631327 ], [ -99.059128219757611, 19.189573825811639 ], [ -99.059074841617431, 19.189551076649916 ], [ -99.059019284503307, 19.189526258586845 ], [ -99.058971353339572, 19.189504541532074 ], [ -99.058950653266649, 19.189491095871148 ], [ -99.058907078254592, 19.189468342606354 ], [ -99.058890737114638, 19.189459034712335 ], [ -99.058861325740367, 19.189447660520194 ], [ -99.058810130336781, 19.189437329004551 ], [ -99.058689224059876, 19.189415636157104 ], [ -99.058587920959823, 19.18939083168706 ], [ -99.05849969001747, 19.189368093483726 ], [ -99.058384227628721, 19.189341223828428 ], [ -99.058293819726586, 19.189324695882547 ], [ -99.058209947901588, 19.189309199708021 ], [ -99.058062895838788, 19.189273026729698 ], [ -99.058302977729156, 19.188686566157038 ], [ -99.058325162428176, 19.188632373887152 ], [ -99.058760294444539, 19.187751974634732 ], [ -99.058816108341261, 19.187639177811747 ], [ -99.058880259913266, 19.187560097201423 ], [ -99.058963001647498, 19.187462795517018 ], [ -99.059056622804107, 19.187330305504005 ], [ -99.059152420553033, 19.187193674661827 ], [ -99.059202489926292, 19.187102592158062 ], [ -99.059265615222955, 19.186974251045658 ], [ -99.059311307074751, 19.186827288356945 ], [ -99.059346121125103, 19.186717583552021 ], [ -99.059372220795339, 19.186603742384616 ], [ -99.059439675456815, 19.186400891045633 ], [ -99.059509318778041, 19.186224944507885 ], [ -99.05957025636657, 19.18607176713267 ], [ -99.059648630111539, 19.185945491415954 ], [ -99.059757484045164, 19.18577367120098 ], [ -99.059899006457158, 19.185587353145017 ], [ -99.059999169395994, 19.185479696447139 ], [ -99.060092798366313, 19.185374111421091 ], [ -99.060180425713327, 19.185264453305791 ], [ -99.060219094521216, 19.18524781884922 ], [ -99.060138748942606, 19.185219907573455 ], [ -99.060077130611489, 19.185198501651215 ], [ -99.059820771583574, 19.185109443112193 ], [ -99.059564411879194, 19.185020384213722 ], [ -99.059379440367806, 19.184956124268847 ], [ -99.058925841163102, 19.184793216799573 ], [ -99.058710107258307, 19.184680569330524 ], [ -99.058654323380509, 19.184370495135198 ], [ -99.058510506131753, 19.183955559755237 ], [ -99.05830921526362, 19.183518799773196 ], [ -99.058332130980034, 19.183316761834472 ], [ -99.058556023520353, 19.182661456211402 ], [ -99.058578915653712, 19.182393894524374 ], [ -99.059009603680622, 19.18150372871186 ], [ -99.059687797218231, 19.181732842394421 ], [ -99.059831533673076, 19.181923905358875 ], [ -99.060107460200328, 19.182153147272818 ], [ -99.060308622955603, 19.182229525904884 ], [ -99.060389104636528, 19.182305943161762 ], [ -99.061273892196908, 19.182654498406524 ], [ -99.061374254476291, 19.182432258882177 ], [ -99.06145172843739, 19.182263061743722 ], [ -99.061532084934854, 19.182123877151945 ], [ -99.061586576211667, 19.181932858469814 ], [ -99.061623864324005, 19.181786745670628 ], [ -99.061635324280019, 19.181741841696688 ], [ -99.061692692882445, 19.181564464121454 ], [ -99.061781617666341, 19.181302491193595 ], [ -99.061861942861782, 19.181081449260436 ], [ -99.061942290284122, 19.180920436192014 ], [ -99.062008277954703, 19.180756698611642 ], [ -99.062062768237382, 19.180565679762505 ], [ -99.062143096796532, 19.180355552283991 ], [ -99.062217690393837, 19.18016998341918 ], [ -99.062291523640894, 19.180049621283146 ], [ -99.062303596976477, 19.180033048726852 ], [ -99.062389905427466, 19.179940723886233 ], [ -99.062513330421496, 19.179790610498006 ], [ -99.062576474426564, 19.179703274025226 ], [ -99.062642485744348, 19.179605022859686 ], [ -99.062708491821169, 19.179493128652695 ], [ -99.062791719493575, 19.179359400242245 ], [ -99.062857727441994, 19.179252962824535 ], [ -99.062943821187545, 19.179105589437757 ], [ -99.063032798728315, 19.178990958807073 ], [ -99.063104546155131, 19.178873605633449 ], [ -99.063205010371419, 19.178758970967532 ], [ -99.063342820295702, 19.178682523094036 ], [ -99.06350072299594, 19.178581510550259 ], [ -99.063632791760384, 19.178510522194575 ], [ -99.063736146813298, 19.178447728985901 ], [ -99.063853850693874, 19.178360373110877 ], [ -99.063997400842524, 19.178278465900686 ], [ -99.064117972673628, 19.17818019516217 ], [ -99.064148831656951, 19.178151534579843 ], [ -99.064179690629246, 19.178122873088533 ], [ -99.064241408542514, 19.178065551897653 ], [ -99.064338995769091, 19.17794000301387 ], [ -99.064433715617611, 19.177825368777022 ], [ -99.064582957872702, 19.177612487552608 ], [ -99.064712094267733, 19.177388698694124 ], [ -99.064846973238829, 19.177164906807956 ], [ -99.064938919381106, 19.177005635223814 ], [ -99.065088025431194, 19.176747349180904 ], [ -99.065222893710896, 19.176499000291749 ], [ -99.065297495984865, 19.17634617390458 ], [ -99.065362046097547, 19.17619198549675 ], [ -99.065428036596387, 19.17604871205365 ], [ -99.06550982240833, 19.175908160469142 ], [ -99.065614575805583, 19.175758051606689 ], [ -99.065685628147904, 19.175654099361903 ], [ -99.066069937399263, 19.175119536471509 ], [ -99.066147482603725, 19.175018312840805 ], [ -99.066214303242148, 19.174910770403063 ], [ -99.066267319433919, 19.174822633745769 ], [ -99.06637669071786, 19.174647989542791 ], [ -99.066472236175187, 19.174458640826916 ], [ -99.066595017910146, 19.174227679808922 ], [ -99.066715041510747, 19.173929261015743 ], [ -99.066780477891157, 19.173690537587436 ], [ -99.066862260307161, 19.173360998362227 ], [ -99.066894985061623, 19.173257204181358 ], [ -99.067024813760753, 19.172941031911975 ], [ -99.067255078227305, 19.172429406464879 ], [ -99.067312369866215, 19.172310035181237 ], [ -99.067317802649669, 19.172239980721205 ], [ -99.067309585525607, 19.172177713466844 ], [ -99.067353220720136, 19.172047969397923 ], [ -99.06742412615742, 19.171832594814621 ], [ -99.067451373215945, 19.171689883385692 ], [ -99.067445855007676, 19.171549779562906 ], [ -99.067418479139533, 19.171373359288605 ], [ -99.067413821434513, 19.171323792046991 ], [ -99.067407509270183, 19.17125660768421 ], [ -99.067421120156283, 19.171155414170126 ], [ -99.067448375552786, 19.17103346008912 ], [ -99.067481252085614, 19.170949403653367 ], [ -99.067492017733954, 19.170921877756744 ], [ -99.06790120676115, 19.169985088896116 ], [ -99.068201309144555, 19.16938044386567 ], [ -99.068390541584819, 19.168946170591873 ], [ -99.068566308517944, 19.16871872658183 ], [ -99.068756521166364, 19.168565243634216 ], [ -99.068961163981228, 19.168450108478787 ], [ -99.069312813843013, 19.168280126823237 ], [ -99.069739386695289, 19.168027931596495 ], [ -99.07005354515627, 19.167830568234386 ], [ -99.070416734628949, 19.167682496034818 ], [ -99.070944238228648, 19.167504225922229 ], [ -99.071491939237688, 19.167367038212152 ], [ -99.07205693769248, 19.167232582257959 ], [ -99.072178014511096, 19.167216097276423 ], [ -99.072206854172705, 19.167240741187882 ], [ -99.074244324152104, 19.168000917427783 ], [ -99.076035634497742, 19.169268806582387 ], [ -99.075943866849912, 19.169384393689729 ], [ -99.075859564674587, 19.169544781139688 ], [ -99.075760382890493, 19.169728757175694 ], [ -99.075695994872959, 19.170025909148748 ], [ -99.075631603274445, 19.170313627735908 ], [ -99.075557248364888, 19.17052117500301 ], [ -99.075497748269626, 19.170653254706991 ], [ -99.075487834599485, 19.17068155613828 ], [ -99.075477920926389, 19.170709858472712 ], [ -99.075527574002436, 19.170752284540232 ], [ -99.075870082505276, 19.17083703630453 ], [ -99.076138132940073, 19.170902952511302 ], [ -99.076421075145092, 19.170973579709553 ], [ -99.07655014550204, 19.171025404878804 ], [ -99.076629574322908, 19.171058385778476 ], [ -99.076699070049244, 19.171077221664447 ], [ -99.076684240785539, 19.171209283077445 ], [ -99.076659518566728, 19.171412093355183 ], [ -99.076659594894963, 19.171577162566958 ], [ -99.076704285982487, 19.171624307059378 ], [ -99.076773790690908, 19.171662007812522 ], [ -99.076860647569163, 19.171657255700687 ], [ -99.076922683055301, 19.171643080593977 ], [ -99.076992154966703, 19.171610037447103 ], [ -99.077101354124736, 19.171621782865866 ], [ -99.077193188075967, 19.171647683744979 ], [ -99.077280068017672, 19.171692451564077 ], [ -99.07737686706993, 19.171723066034389 ], [ -99.077525806836348, 19.171805538277653 ], [ -99.077582899501593, 19.171836170303475 ], [ -99.077570541110831, 19.171942291267371 ], [ -99.077513565436973, 19.172163980164484 ], [ -99.077449164060866, 19.172425760760458 ], [ -99.077404566285665, 19.172581416341291 ], [ -99.077354973652689, 19.172668688077568 ], [ -99.077206126545249, 19.172786657702257 ], [ -99.077077122589955, 19.172881037301174 ], [ -99.077020065812334, 19.172928223491454 ], [ -99.076977894186498, 19.172965971878128 ], [ -99.07698287129314, 19.172996625025156 ], [ -99.077022586690859, 19.173013115380183 ], [ -99.077116889674016, 19.173010717908117 ], [ -99.077198795505211, 19.1730319071753 ], [ -99.077268299817717, 19.173067249847179 ], [ -99.07732292683265, 19.173130896105608 ], [ -99.077355238846579, 19.173236999126022 ], [ -99.07738509492998, 19.173399697866749 ], [ -99.077419891783791, 19.173512873483631 ], [ -99.077491897631916, 19.173590661483338 ], [ -99.077526670335942, 19.173651958169657 ], [ -99.077536626850971, 19.173715624121051 ], [ -99.077531704918755, 19.173805234910059 ], [ -99.077521793615659, 19.173838253115967 ], [ -99.077479641562363, 19.173916089284901 ], [ -99.077444925007853, 19.173975057411131 ], [ -99.077380452377867, 19.174085916990371 ], [ -99.077395382779571, 19.174173161517842 ], [ -99.077380522830794, 19.174236837934291 ], [ -99.077350781189168, 19.174321743401251 ], [ -99.077281343248572, 19.174427888358395 ], [ -99.077231765531749, 19.174550531943645 ], [ -99.077192085837069, 19.174609502106531 ], [ -99.077162331957396, 19.17466846808891 ], [ -99.077112728703241, 19.174734516966161 ], [ -99.077073058936207, 19.174817068668293 ], [ -99.077038400137354, 19.175001017291113 ], [ -99.07699380114839, 19.175154314846587 ], [ -99.076939245977087, 19.175248663091452 ], [ -99.076897086729772, 19.175312350901372 ], [ -99.076882233194155, 19.175392533371738 ], [ -99.076854988824024, 19.175510451718271 ], [ -99.076802909326759, 19.17559064976146 ], [ -99.0767458919413, 19.175725087550333 ], [ -99.076681427985292, 19.17585716964107 ], [ -99.076656634339543, 19.175909058902121 ], [ -99.076631825414736, 19.175927935056208 ], [ -99.076574756569528, 19.175951539533777 ], [ -99.07654003818007, 19.176008149593276 ], [ -99.076515268417481, 19.176111917729845 ], [ -99.076510344641051, 19.176196812699704 ], [ -99.076510364235347, 19.176239259150059 ], [ -99.076498038718242, 19.176420840450131 ], [ -99.076508020045466, 19.176538743216767 ], [ -99.076547766742067, 19.176621261675166 ], [ -99.076599920795857, 19.176701416157993 ], [ -99.07663966880699, 19.176788650365008 ], [ -99.076674473509854, 19.176918333986311 ], [ -99.076679504142419, 19.177064536139675 ], [ -99.076649797489893, 19.177224901014227 ], [ -99.076642380395157, 19.177286216358226 ], [ -99.076665963568445, 19.177300355629271 ], [ -99.076689547696475, 19.177314493993109 ], [ -99.077123934937006, 19.177484097811146 ], [ -99.077387055787909, 19.177599536098043 ], [ -99.077621790868903, 19.177687481267345 ], [ -99.077682434864784, 19.177703169123404 ], [ -99.078144161387101, 19.177952935166697 ], [ -99.078230243596366, 19.178016912050484 ], [ -99.078354717847006, 19.178037360538635 ], [ -99.078441121617985, 19.178046982016888 ], [ -99.078535151228095, 19.178063843751897 ], [ -99.078619020462028, 19.178087952446951 ], [ -99.078713038449507, 19.178078254676922 ], [ -99.078840110976188, 19.178112003120543 ], [ -99.078931616280371, 19.178162669618402 ], [ -99.079002798966229, 19.178227831937829 ], [ -99.079046026255085, 19.178285761806215 ], [ -99.079074060519261, 19.178300688726274 ], [ -99.079150239307992, 19.178341251459319 ], [ -99.079434895395693, 19.178440124411264 ], [ -99.079615349103946, 19.178507653990764 ], [ -99.079744958934612, 19.178531743227413 ], [ -99.079839003860073, 19.178577578523516 ], [ -99.079874593241698, 19.178606537277759 ], [ -99.079994084777724, 19.178724797915876 ], [ -99.080070373176426, 19.178835833766382 ], [ -99.080045092205452, 19.179106273108292 ], [ -99.079913103447012, 19.179420221184998 ], [ -99.079775994076087, 19.179656906156094 ], [ -99.079588103499646, 19.179980535747571 ], [ -99.079461091911796, 19.180077172761624 ], [ -99.079395086245825, 19.180212415919669 ], [ -99.079313822008814, 19.180323519247928 ], [ -99.079290976120888, 19.180376649750229 ], [ -99.079306244781534, 19.180420104501891 ], [ -99.079453651395923, 19.180458673359901 ], [ -99.079717969821658, 19.180533410050483 ], [ -99.080350801271138, 19.180694908090921 ], [ -99.080615112473808, 19.180755155469253 ], [ -99.08088960037648, 19.180837129557389 ], [ -99.081092924175437, 19.180897403114177 ], [ -99.081199677482573, 19.180945646900675 ], [ -99.081296265657869, 19.180991480307171 ], [ -99.081352180995253, 19.181010772286434 ], [ -99.081408086855092, 19.181010747497488 ], [ -99.081456337183113, 19.18094553316967 ], [ -99.081519833239327, 19.180877897237483 ], [ -99.081636704029222, 19.180829555209105 ], [ -99.081768845525758, 19.180829496385066 ], [ -99.081865394664447, 19.180798064295164 ], [ -99.081989874430207, 19.180720743514378 ], [ -99.082073707235949, 19.180667585418924 ], [ -99.082182982990687, 19.180677194898607 ], [ -99.082292273147431, 19.180715778536442 ], [ -99.082416816551628, 19.18076884237475 ], [ -99.082597274954082, 19.180836368991237 ], [ -99.082683704774084, 19.180896693352818 ], [ -99.082739649175267, 19.180973933353407 ], [ -99.082777819400704, 19.181077741665266 ], [ -99.082813435174671, 19.181157405629321 ], [ -99.082971049330908, 19.181278060994551 ], [ -99.083182020948399, 19.181384205836849 ], [ -99.083292207737728, 19.181420792987442 ], [ -99.083537847415016, 19.181502356851027 ], [ -99.083924161090948, 19.181606005216828 ], [ -99.084053440949305, 19.181665504988409 ], [ -99.084588643240608, 19.181880131078831 ], [ -99.084886129152594, 19.182071572452131 ], [ -99.084933942148396, 19.182086757731625 ], [ -99.085308854783875, 19.182203680916238 ], [ -99.08545942037307, 19.182279248409763 ], [ -99.085615772254712, 19.18234793734997 ], [ -99.085782262429333, 19.182428998272538 ], [ -99.086371571653302, 19.182667684187628 ], [ -99.086394644235227, 19.182701006334089 ], [ -99.086429395954667, 19.182728494694647 ], [ -99.086480066797591, 19.18275322543678 ], [ -99.086565479353581, 19.182786190113106 ], [ -99.086665370815197, 19.182828775559752 ], [ -99.086794215051015, 19.182880973100577 ], [ -99.086876720857873, 19.182891936312117 ], [ -99.086947643841228, 19.182894652834765 ], [ -99.087011331103568, 19.182898748268034 ], [ -99.087079352247912, 19.182889090165229 ], [ -99.08713434744017, 19.182878061811333 ], [ -99.087255917524814, 19.182860126070658 ], [ -99.087274729073926, 19.182851865889525 ], [ -99.087296428713287, 19.182829851971285 ], [ -99.087323912045804, 19.182798208555131 ], [ -99.087371660371488, 19.1827693055988 ], [ -99.087435335758144, 19.182752772800473 ], [ -99.08750770054786, 19.182744487073041 ], [ -99.087575735634189, 19.182759581584335 ], [ -99.087616275605612, 19.18278569144973 ], [ -99.08764812056657, 19.182791177368816 ], [ -99.087691542065073, 19.182791156625825 ], [ -99.087768251098311, 19.182786994337842 ], [ -99.087827584619419, 19.182769087972741 ], [ -99.087889813020738, 19.182753930312863 ], [ -99.087959278291351, 19.182736019052729 ], [ -99.088069274076304, 19.182726340460505 ], [ -99.088161918248133, 19.182749674179128 ], [ -99.088222721863417, 19.18277577507838 ], [ -99.088292222284267, 19.182823874466774 ], [ -99.088329867996592, 19.182849985566325 ], [ -99.088373301980084, 19.182873343760082 ], [ -99.088406595385251, 19.182880203453337 ], [ -99.088447122301758, 19.182881559433103 ], [ -99.088476064841728, 19.182871918738904 ], [ -99.088491979005255, 19.182858158704896 ], [ -99.088507892214977, 19.182844398669943 ], [ -99.088544047885335, 19.182789372688777 ], [ -99.088583096229698, 19.182732968893006 ], [ -99.088630835487521, 19.182687563142125 ], [ -99.088669893561871, 19.182647662698535 ], [ -99.088690137959674, 19.182611896957567 ], [ -99.088711823909833, 19.182566503774101 ], [ -99.088734967825985, 19.182540363369711 ], [ -99.088779808184569, 19.182486707744946 ], [ -99.088807274222148, 19.182423433773877 ], [ -99.088833300684485, 19.182375287460317 ], [ -99.088873795974067, 19.182316133693387 ], [ -99.088937460699057, 19.182280345988445 ], [ -99.088995344030977, 19.182258314330504 ], [ -99.089064811190397, 19.182244528269333 ], [ -99.089125593307259, 19.182230746399835 ], [ -99.089184926270022, 19.18221421510361 ], [ -99.089250044688782, 19.182188054231151 ], [ -99.089286220509777, 19.182172908765843 ], [ -99.089349896215282, 19.182157750810774 ], [ -99.089419381857311, 19.182178345059061 ], [ -99.089513490662, 19.18223330862876 ], [ -99.089552582608562, 19.182256668662738 ], [ -99.08960180684852, 19.182282773852503 ], [ -99.089661166780147, 19.18231437520274 ], [ -99.0897089428518, 19.182337730960192 ], [ -99.089743683661965, 19.182345965211216 ], [ -99.089765387376417, 19.182332202235337 ], [ -99.08976681790385, 19.182300571194698 ], [ -99.089771124179691, 19.182234558295338 ], [ -99.089804380243066, 19.182172655946058 ], [ -99.089857890021733, 19.182096307174529 ], [ -99.089908499274344, 19.182003451912689 ], [ -99.089951867554475, 19.181905789524674 ], [ -99.090006794038587, 19.181770989085532 ], [ -99.090041502065034, 19.181717338119082 ], [ -99.090076203884422, 19.181654060404874 ], [ -99.090105113956398, 19.181585285305378 ], [ -99.090131119915327, 19.181498632742457 ], [ -99.090167264821488, 19.181427103064284 ], [ -99.090196172570145, 19.181354201427972 ], [ -99.090233771063396, 19.181293672369428 ], [ -99.090275713041677, 19.181235892181324 ], [ -99.090320556296959, 19.181189112807473 ], [ -99.090394346701146, 19.181143693771357 ], [ -99.090455109532869, 19.181095530111772 ], [ -99.090524552790413, 19.181039111817338 ], [ -99.090559261048412, 19.180988210860871 ], [ -99.090598309986333, 19.180933182136403 ], [ -99.090611308178268, 19.180882292788858 ], [ -99.090627200912252, 19.180830025599647 ], [ -99.090645982721142, 19.180768131140891 ], [ -99.090656089545291, 19.180722743439745 ], [ -99.090683571133454, 19.180689724010108 ], [ -99.090724074386813, 19.180647072298854 ], [ -99.090757355190036, 19.180633303481223 ], [ -99.090787750125912, 19.180633288448732 ], [ -99.090823927727513, 19.180622268297299 ], [ -99.090859105021593, 19.180594461477799 ], [ -99.09089481056985, 19.18055347229242 ], [ -99.090922274168094, 19.180486071474235 ], [ -99.090943953946876, 19.180431052181412 ], [ -99.090955499257873, 19.180369160370677 ], [ -99.090977157113585, 19.180274258595666 ], [ -99.090995925891008, 19.180188984994949 ], [ -99.091029169757306, 19.18010645522822 ], [ -99.091091372865421, 19.180045913783417 ], [ -99.091123199261531, 19.180018393256432 ], [ -99.091185431059642, 19.18001011111178 ], [ -99.091223068256383, 19.180021094662507 ], [ -99.091311416546773, 19.180128318630484 ], [ -99.091364999094779, 19.180184676026055 ], [ -99.091385304044479, 19.180260304371675 ], [ -99.091388246168847, 19.18034694180561 ], [ -99.091394072973415, 19.180414325215953 ], [ -99.09139988309451, 19.180451453795229 ], [ -99.091411472997947, 19.180470701513212 ], [ -99.091423061952952, 19.180489949230889 ], [ -99.091457813277771, 19.180516061137283 ], [ -99.091517169696445, 19.180543536277366 ], [ -99.091569278391702, 19.18055038601705 ], [ -99.091605461435762, 19.180547617850138 ], [ -99.091654661906233, 19.180531089908698 ], [ -99.091724115175353, 19.180493924644047 ], [ -99.091800802276055, 19.18045400472008 ], [ -99.091880398549222, 19.180437461512536 ], [ -99.091936846166661, 19.18043880875344 ], [ -99.092000534703459, 19.180448403584929 ], [ -99.092074362710235, 19.180470370164034 ], [ -99.09214096568121, 19.180514343941361 ], [ -99.092211925224461, 19.180584445628334 ], [ -99.092225841235575, 19.180597654172011 ], [ -99.092265505162587, 19.180635301631835 ], [ -99.092363956976257, 19.180690261565573 ], [ -99.092442123885348, 19.180708100193471 ], [ -99.092518844111865, 19.180725939517263 ], [ -99.092599908660844, 19.180747902235577 ], [ -99.09269834277481, 19.18077260716079 ], [ -99.092785207033828, 19.180812444848907 ], [ -99.092885095802757, 19.180849525793466 ], [ -99.093003800284194, 19.180886596245969 ], [ -99.09315580652958, 19.180945654224576 ], [ -99.093239788065446, 19.181007497661959 ], [ -99.093326678912405, 19.181094092386889 ], [ -99.093356009186749, 19.181123746675457 ], [ -99.093393295642571, 19.181161444803529 ], [ -99.093480188027428, 19.181252165974914 ], [ -99.09357431317521, 19.181334632180072 ], [ -99.093695249243225, 19.181458601111395 ], [ -99.093806589438685, 19.181562677005353 ], [ -99.093865657299432, 19.181660371082067 ], [ -99.093899459414999, 19.181802935689255 ], [ -99.093931572505923, 19.181939092662425 ], [ -99.09399235601775, 19.182089653370593 ], [ -99.094064916234245, 19.182192146607143 ], [ -99.094122284417338, 19.182265811661825 ], [ -99.094169522503108, 19.182313847937845 ], [ -99.094188086459042, 19.182344277607001 ], [ -99.09419148746305, 19.182395541066331 ], [ -99.094159497019746, 19.182474057185466 ], [ -99.094103899735302, 19.182550983960255 ], [ -99.094026372936483, 19.182608697390229 ], [ -99.094002813888281, 19.182620892909256 ], [ -99.093911752657121, 19.182668031217116 ], [ -99.09379038398184, 19.182720960835731 ], [ -99.093674078987007, 19.182781897723295 ], [ -99.093569584069755, 19.18285724693899 ], [ -99.093529455478063, 19.182921281794577 ], [ -99.093517362822553, 19.182940579398483 ], [ -99.093448309167798, 19.183075185616371 ], [ -99.093396127480261, 19.183230610132465 ], [ -99.093365861689009, 19.183379615897593 ], [ -99.093325478337846, 19.183527023549139 ], [ -99.093266585990492, 19.183741727469524 ], [ -99.093197560639894, 19.183927598766342 ], [ -99.093145368594392, 19.184063798642189 ], [ -99.093132757923726, 19.184126284867915 ], [ -99.093120147243638, 19.184188771092391 ], [ -99.093101681409678, 19.184332963767723 ], [ -99.09308826662236, 19.184465940152194 ], [ -99.093077283491354, 19.184598078428383 ], [ -99.093276249476475, 19.184536751080142 ], [ -99.093611649835907, 19.184433937837014 ], [ -99.093905340986723, 19.184307734600814 ], [ -99.094108077219204, 19.184210390001336 ], [ -99.094057017684719, 19.184408499105103 ], [ -99.094038120797137, 19.184505749530345 ], [ -99.094066591339839, 19.184579565853539 ], [ -99.09412348953083, 19.184651567323609 ], [ -99.09414626481437, 19.184709179613947 ], [ -99.094136842440278, 19.184802823743158 ], [ -99.094142620728022, 19.184966689543348 ], [ -99.094125642101773, 19.185105356019182 ], [ -99.09411623504063, 19.185226011399905 ], [ -99.094089748087498, 19.185308859948289 ], [ -99.094074634400286, 19.185393502930737 ], [ -99.094112584761845, 19.185472716992937 ], [ -99.094150529091166, 19.185542926993882 ], [ -99.094213140421431, 19.185661744235158 ], [ -99.094237836162037, 19.185762573722208 ], [ -99.094254953081517, 19.185867008539244 ], [ -99.094262584192791, 19.185955241288614 ], [ -99.094268315437219, 19.186034471861408 ], [ -99.094336622504684, 19.186171294237031 ], [ -99.094391618474518, 19.186230691090763 ], [ -99.09449780040012, 19.186311670221226 ], [ -99.094547120583954, 19.18638907715583 ], [ -99.094602140277857, 19.186488089784707 ], [ -99.094638210867984, 19.186594315956043 ], [ -99.094672385716095, 19.186698741924602 ], [ -99.09473119091119, 19.186788749406965 ], [ -99.094774839506954, 19.186889569021538 ], [ -99.094791952762549, 19.186986800894029 ], [ -99.094823265921391, 19.187109945859007 ], [ -99.09484630616025, 19.187227255065682 ], [ -99.094869330805579, 19.187317280989728 ], [ -99.094890894342626, 19.187362289204323 ], [ -99.094936866335345, 19.187407283884678 ], [ -99.095005796593526, 19.187426347138839 ], [ -99.095122095888698, 19.187423558464221 ], [ -99.095262798300183, 19.187409843371817 ], [ -99.09546238214503, 19.187419288655299 ], [ -99.095584430999651, 19.187427410371882 ], [ -99.095669146207314, 19.187431459300573 ], [ -99.095755291403805, 19.187424592864478 ], [ -99.09580266522515, 19.187409562282937 ], [ -99.095848604322413, 19.18739726085758 ], [ -99.095887357525825, 19.187374048596784 ], [ -99.095894523505947, 19.187352217500372 ], [ -99.095893770276305, 19.187331051183321 ], [ -99.095882163444671, 19.187282649728814 ], [ -99.095898337591606, 19.187218831157299 ], [ -99.09592377948114, 19.187163809353038 ], [ -99.095979314612009, 19.18708676912669 ], [ -99.096048739188419, 19.186998719369441 ], [ -99.096136677485958, 19.186890856932198 ], [ -99.096254729288788, 19.186796180626828 ], [ -99.096375109892392, 19.186723506605663 ], [ -99.096511705264021, 19.186657424058406 ], [ -99.09663210105677, 19.186611153799578 ], [ -99.096777961093437, 19.186547267707997 ], [ -99.09686824954791, 19.186498812541718 ], [ -99.096928446225661, 19.186474577442972 ], [ -99.097065061799398, 19.186443700026778 ], [ -99.097386942957968, 19.186412725177348 ], [ -99.097576832123622, 19.186399422326666 ], [ -99.097762092547683, 19.186390522101028 ], [ -99.097850095692536, 19.186394875548014 ], [ -99.097924216626609, 19.186419040219825 ], [ -99.098000655364302, 19.186447603978841 ], [ -99.098109522665183, 19.186487151709475 ], [ -99.098195226342597, 19.186517910158631 ], [ -99.098313351136056, 19.186548652102974 ], [ -99.098380516920159, 19.186559617443098 ], [ -99.098445357784001, 19.186557382036881 ], [ -99.09851250264326, 19.186533142691456 ], [ -99.098558798970657, 19.186500112907122 ], [ -99.098595819563954, 19.186445084512254 ], [ -99.098616629130888, 19.186390064822952 ], [ -99.098637398067083, 19.186266834676374 ], [ -99.098644231502021, 19.186075402443873 ], [ -99.098639457388714, 19.185835568018863 ], [ -99.098641681793353, 19.185681543536429 ], [ -99.098662432277919, 19.185527509091301 ], [ -99.098706359375328, 19.185404266472908 ], [ -99.098772578145017, 19.185228326871488 ], [ -99.098821824823332, 19.185111156362048 ], [ -99.098861598027938, 19.185012013512711 ], [ -99.098907076046856, 19.184936296378652 ], [ -99.098986702987673, 19.184873175349423 ], [ -99.099041688890225, 19.184838903518948 ], [ -99.099164957343206, 19.184800990632318 ], [ -99.09925219862113, 19.184782921799645 ], [ -99.099472208584487, 19.184753966738125 ], [ -99.099551870961292, 19.184750319385589 ], [ -99.099659986854846, 19.18474845862406 ], [ -99.099756719925068, 19.184744801910824 ], [ -99.099874314524541, 19.184733924584688 ], [ -99.099921724512882, 19.184717678280879 ], [ -99.099953952959211, 19.184690627776899 ], [ -99.099991858118528, 19.18464014537442 ], [ -99.10003165662684, 19.184584254799105 ], [ -99.100101772562994, 19.184476083850452 ], [ -99.100147273835717, 19.184440014785871 ], [ -99.100200363808156, 19.184407545719147 ], [ -99.100266745333343, 19.184398499079052 ], [ -99.100319860369524, 19.184407480431503 ], [ -99.100390048121582, 19.184418255409579 ], [ -99.10047161569365, 19.184429024130566 ], [ -99.100628601905598, 19.184426100338889 ], [ -99.100783758611442, 19.18440376126533 ], [ -99.100909619598269, 19.184350838121148 ], [ -99.100988597314696, 19.18423395975714 ], [ -99.101008999634701, 19.184083732719781 ], [ -99.101096743268585, 19.183939032073294 ], [ -99.101212755626932, 19.183831978649376 ], [ -99.10131337690693, 19.183908313452289 ], [ -99.101439375312822, 19.184080713583118 ], [ -99.101658994805746, 19.184144572992192 ], [ -99.101834662097559, 19.184150039074666 ], [ -99.101963481830111, 19.184149967543529 ], [ -99.102121556453753, 19.184110935274486 ], [ -99.102215209441937, 19.184055247415717 ], [ -99.102232562771377, 19.183710297376397 ], [ -99.102337905639516, 19.183621222051112 ], [ -99.102396401937952, 19.183526609328492 ], [ -99.102507606859689, 19.183448657597367 ], [ -99.102683208871866, 19.183348414946696 ], [ -99.102835374438925, 19.183225932238582 ], [ -99.102764839922017, 19.182792014733533 ], [ -99.103060460132141, 19.182666668803655 ], [ -99.103364921128389, 19.182633116681377 ], [ -99.103616743052484, 19.182694173881096 ], [ -99.103771970899061, 19.182788666270703 ], [ -99.103927150063882, 19.182805268904371 ], [ -99.104099835888277, 19.182727281380494 ], [ -99.104213960142559, 19.182638199994155 ], [ -99.104351478560844, 19.182504596475841 ], [ -99.104483174752204, 19.182423850152009 ], [ -99.104591487157791, 19.182404316268435 ], [ -99.104755429700546, 19.182390314057717 ], [ -99.105054073299684, 19.182417960758482 ], [ -99.105294120233467, 19.182378877913781 ], [ -99.105630807625374, 19.18238146617594 ], [ -99.105783039381947, 19.182367469787689 ], [ -99.106093274431089, 19.182208729662911 ], [ -99.106268868426653, 19.182102921008592 ], [ -99.106564501782586, 19.182002605102763 ], [ -99.106664012770793, 19.181955257697375 ], [ -99.106739882001676, 19.181565764412845 ], [ -99.10683057659314, 19.181465568057771 ], [ -99.106850899736358, 19.181201288101001 ], [ -99.106923074650766, 19.180983905133115 ], [ -99.106991207760856, 19.180859047664352 ], [ -99.107811637627407, 19.181934269928128 ], [ -99.107798998910312, 19.183876022709491 ], [ -99.107577755893132, 19.185712223919836 ], [ -99.107513559013455, 19.188064382236533 ], [ -99.107350447165388, 19.18892217879554 ], [ -99.107449419077668, 19.191471484763884 ], [ -99.107582166036551, 19.192501720035693 ], [ -99.107512822608086, 19.192765943534059 ], [ -99.107530411646906, 19.19329186780606 ], [ -99.107040152269448, 19.193456003222305 ], [ -99.106791790771766, 19.19347517821166 ], [ -99.106697839227039, 19.193362711690629 ], [ -99.106205445340436, 19.193218582056648 ], [ -99.104765322867962, 19.19339853133912 ], [ -99.104685702498202, 19.193461460515774 ], [ -99.104646914370562, 19.193498930368225 ], [ -99.104653344647531, 19.193760810398299 ], [ -99.104494820436258, 19.194044609084681 ], [ -99.10449937667471, 19.194645749166497 ], [ -99.104575239373389, 19.195215348421964 ], [ -99.10457398778189, 19.195278967590784 ], [ -99.104568015428342, 19.195582391816647 ], [ -99.104562650496788, 19.195639682571578 ], [ -99.104556408213099, 19.195675396837398 ], [ -99.104556788818641, 19.195705697490762 ], [ -99.104559774148626, 19.195758969938765 ], [ -99.104553553159718, 19.195828412075027 ], [ -99.104522281248975, 19.195909772659348 ], [ -99.104503645454997, 19.196159763642008 ], [ -99.10451828693256, 19.196197450635363 ], [ -99.104543361697154, 19.196223228413654 ], [ -99.104593498714763, 19.196254943079591 ], [ -99.104609881455119, 19.196290356145507 ], [ -99.104513147409875, 19.196611855529866 ], [ -99.104492327429583, 19.196711066402013 ], [ -99.104480013038568, 19.197052316049245 ], [ -99.104513529726631, 19.197218949906002 ], [ -99.104572088546689, 19.197357794587599 ], [ -99.104626427911498, 19.197429186804875 ], [ -99.104670243409871, 19.197524216215474 ], [ -99.104644933837605, 19.197675084279545 ], [ -99.10459595178159, 19.197986051242431 ], [ -99.104482170307719, 19.19807543983967 ], [ -99.104444100060732, 19.198133791227036 ], [ -99.104398869505999, 19.198280785379843 ], [ -99.104395518165347, 19.198310819736278 ], [ -99.104404000153366, 19.198332939561727 ], [ -99.104429420436304, 19.198357061485368 ], [ -99.104491371951923, 19.198398259698678 ], [ -99.104569188130256, 19.198419335031179 ], [ -99.104670832251642, 19.198455481189395 ], [ -99.104766148145387, 19.198529847695209 ], [ -99.104819116561274, 19.19859418145246 ], [ -99.104846665898407, 19.198636404171182 ], [ -99.10486365933815, 19.19872690661667 ], [ -99.104870058003371, 19.198801323886972 ], [ -99.104857405606069, 19.198879774632175 ], [ -99.104833287748406, 19.198934232905078 ], [ -99.104814255776418, 19.19896843708511 ], [ -99.104795218703259, 19.198994596102271 ], [ -99.104769835187994, 19.199028803906931 ], [ -99.104737884110619, 19.199059871320113 ], [ -99.104710412915466, 19.19907959142267 ], [ -99.104617998792236, 19.199138836940644 ], [ -99.104425131027696, 19.199255422795385 ], [ -99.104316551591666, 19.199304969305782 ], [ -99.104219059704064, 19.199375288422061 ], [ -99.10410600363349, 19.199452256158143 ], [ -99.10400163367531, 19.199516044062189 ], [ -99.103330992961347, 19.199925915840875 ], [ -99.103091144538382, 19.200051900429152 ], [ -99.102841964340442, 19.200212322728884 ], [ -99.102577638116472, 19.200336659282335 ], [ -99.102383930087683, 19.200495796421844 ], [ -99.102340640275145, 19.200543965038996 ], [ -99.102277482676442, 19.200614241361453 ], [ -99.102229207059537, 19.200688325892852 ], [ -99.102141819614801, 19.200844812425288 ], [ -99.102105734873689, 19.200993768344834 ], [ -99.101587211234332, 19.200878075673195 ], [ -99.101544070417759, 19.201059554044512 ], [ -99.101447679087102, 19.201030958592593 ], [ -99.101294900997615, 19.200981398378147 ], [ -99.101208464455553, 19.200958532484005 ], [ -99.101094053757009, 19.200953873512347 ], [ -99.100985386360975, 19.200979659472981 ], [ -99.100938031605324, 19.201009690875566 ], [ -99.100881797325528, 19.201076551257948 ], [ -99.100840782552936, 19.2011515875936 ], [ -99.10082759999429, 19.201189237744412 ], [ -99.100801500395463, 19.201235079334964 ], [ -99.100766492385148, 19.201271923585832 ], [ -99.100712249597734, 19.201310142150565 ], [ -99.100643937317315, 19.201346458802874 ], [ -99.100555515005254, 19.201363692076214 ], [ -99.100473105378271, 19.201352280438766 ], [ -99.10042083661186, 19.201331305069072 ], [ -99.100292174680192, 19.201277911574135 ], [ -99.10021251651294, 19.20122777091489 ], [ -99.100159508951521, 19.201251252130579 ], [ -99.099983576175816, 19.201365368576297 ], [ -99.099963533133774, 19.201457032179018 ], [ -99.09994761391367, 19.20172054297079 ], [ -99.099903461506017, 19.201827494847318 ], [ -99.09986243803975, 19.201889165440328 ], [ -99.099749926538948, 19.201954147397391 ], [ -99.099641424877959, 19.202003851962655 ], [ -99.09948869692613, 19.202038304417538 ], [ -99.099211254028177, 19.202061374686334 ], [ -99.099018391327022, 19.202034739751557 ], [ -99.098962090843173, 19.20199276304777 ], [ -99.098950863030936, 19.201938759335448 ], [ -99.098882432596753, 19.201778403620434 ], [ -99.098781858292682, 19.20164097791255 ], [ -99.098705425411936, 19.201541728823077 ], [ -99.098633032216469, 19.201476847055634 ], [ -99.098492279690973, 19.201369993984205 ], [ -99.098387705015625, 19.201263122298851 ], [ -99.098240923698185, 19.201156272265298 ], [ -99.098148442677271, 19.201108585828251 ], [ -99.098053965077696, 19.201081904415172 ], [ -99.097947431869272, 19.201062866966002 ], [ -99.097533134659599, 19.201039517144903 ], [ -99.097394512400356, 19.20103170381606 ], [ -99.097304898503964, 19.201019096209425 ], [ -99.097229025853068, 19.201008421620156 ], [ -99.097074260114255, 19.200993228469216 ], [ -99.096972618384797, 19.20098700752683 ], [ -99.096859216103184, 19.201006707710519 ], [ -99.096778830490166, 19.201020116584214 ], [ -99.096726595768942, 19.20105642329526 ], [ -99.096681260114281, 19.201101727682733 ], [ -99.096676276249411, 19.200930426709444 ], [ -99.096687989500566, 19.200857678770621 ], [ -99.096691129705221, 19.200794303601807 ], [ -99.096695077407475, 19.200672097633504 ], [ -99.096682077673748, 19.200538989650948 ], [ -99.096666810592879, 19.200450617479284 ], [ -99.096614498006502, 19.200353264401272 ], [ -99.096553139643319, 19.200278254008058 ], [ -99.096505898470042, 19.200234936027741 ], [ -99.096466826113286, 19.200195404960617 ], [ -99.096439508940747, 19.200122314252742 ], [ -99.096407322634633, 19.200072686493495 ], [ -99.096233616178651, 19.200075232312134 ], [ -99.095962270902689, 19.200041004971155 ], [ -99.0950424428774, 19.199874824739556 ], [ -99.094851508684954, 19.199873013977054 ], [ -99.094774441436329, 19.199997705978745 ], [ -99.094742294998127, 19.200016816977655 ], [ -99.094452869522243, 19.199995962270947 ], [ -99.093709179525163, 19.199897053532315 ], [ -99.093311963924037, 19.199831795802584 ], [ -99.092942231194385, 19.199788059600451 ], [ -99.09288594277352, 19.199765175395171 ], [ -99.092785436625604, 19.199736584691408 ], [ -99.091847931764619, 19.199617307304859 ], [ -99.091560363787679, 19.199576807747569 ], [ -99.091482986002191, 19.199575891102718 ], [ -99.091434746429343, 19.199570187205531 ], [ -99.091378464510328, 19.199556848824109 ], [ -99.091319171223759, 19.1995492407843 ], [ -99.091289028160872, 19.199556893367383 ], [ -99.091271852855726, 19.199568365961383 ], [ -99.09125588476924, 19.199590325046206 ], [ -99.091237808268815, 19.199613247670335 ], [ -99.091214707113807, 19.199634263172214 ], [ -99.091125207050339, 19.199651700299931 ], [ -99.091049914573844, 19.199656303433493 ], [ -99.090969520738057, 19.199654433711544 ], [ -99.090772560888041, 19.199658350549303 ], [ -99.090366574750163, 19.19965282219815 ], [ -99.089966621778728, 19.199653018847812 ], [ -99.089805621953118, 19.199698281554262 ], [ -99.089764080343869, 19.199769990810086 ], [ -99.089715803233318, 19.199814372200557 ], [ -99.089692781978442, 19.199860363455127 ], [ -99.089659386747883, 19.199901981119339 ], [ -99.089632893763934, 19.199920605859184 ], [ -99.089598328750682, 19.199929380069783 ], [ -99.08949807778113, 19.1999338085873 ], [ -99.089419720193987, 19.199934941251382 ], [ -99.089320615053978, 19.199926231326707 ], [ -99.089235335445636, 19.199912041522673 ], [ -99.089160429439332, 19.199903319734215 ], [ -99.089063622392715, 19.199883660548295 ], [ -99.088999084465513, 19.199868365216592 ], [ -99.0889541348959, 19.199853059457595 ], [ -99.088925314586604, 19.199830083890145 ], [ -99.0889057158833, 19.199812576946353 ], [ -99.088895327834663, 19.199781927748951 ], [ -99.088892993535708, 19.199727190662585 ], [ -99.088907914574762, 19.199616610745913 ], [ -99.088922852062225, 19.199536685053019 ], [ -99.088934339135065, 19.199468803476069 ], [ -99.088941223464445, 19.199414061917615 ], [ -99.088948118966456, 19.19938012011767 ], [ -99.088948102494356, 19.199349466794679 ], [ -99.088948088375261, 19.199323192130411 ], [ -99.088913502279567, 19.199292554667512 ], [ -99.088876621883287, 19.199281625443035 ], [ -99.088814385801797, 19.199261949365098 ], [ -99.088747533267053, 19.199228044177104 ], [ -99.088684134913493, 19.199190852169423 ], [ -99.088620746331657, 19.199170082143596 ], [ -99.088561971872323, 19.199159162530627 ], [ -99.088476688260286, 19.199138403027117 ], [ -99.088359136251228, 19.199108900810018 ], [ -99.088281922257408, 19.199093611330408 ], [ -99.088190878708616, 19.199076138687353 ], [ -99.088128645699371, 19.199061936377259 ], [ -99.088043359648481, 19.199034608230633 ], [ -99.087994949457809, 19.199011641014099 ], [ -99.087969623903319, 19.19898605359154 ], [ -99.08794191474577, 19.198959117108533 ], [ -99.08788077373076, 19.198966205595227 ], [ -99.087883238635229, 19.199133214377142 ], [ -99.087846402497675, 19.19920548760054 ], [ -99.087793424674047, 19.199260251192641 ], [ -99.087727777119284, 19.199325969740165 ], [ -99.087667894756862, 19.19939825304618 ], [ -99.087629911130051, 19.199479284996901 ], [ -99.08761150977594, 19.19954716979737 ], [ -99.087590796554863, 19.199601917912343 ], [ -99.087565463467143, 19.19963586846627 ], [ -99.087526195835665, 19.199654504424895 ], [ -99.087487122784907, 19.199668748969863 ], [ -99.087467560325948, 19.199721307643291 ], [ -99.087460684752187, 19.199793565589285 ], [ -99.087442313368456, 19.199918378357086 ], [ -99.087447012248646, 19.20008697214179 ], [ -99.087449402964808, 19.200251186556791 ], [ -99.087447191551718, 19.200426352071862 ], [ -99.08744033928123, 19.200544590896449 ], [ -99.087440400587624, 19.200660636641175 ], [ -99.087440454954248, 19.200763545505691 ], [ -99.087443933831196, 19.200805145178201 ], [ -99.087447413661195, 19.200846744849997 ], [ -99.087440532456256, 19.200910245470528 ], [ -99.087424467013292, 19.20103724690377 ], [ -99.08741530726401, 19.201148918379069 ], [ -99.087386545811384, 19.2012464510195 ], [ -99.087378498219437, 19.201273739911237 ], [ -99.087337070978379, 19.20138104719009 ], [ -99.087293247709837, 19.201501499710194 ], [ -99.087244940529771, 19.20158489255024 ], [ -99.087208161973891, 19.201672318744215 ], [ -99.087137933721877, 19.20179387189269 ], [ -99.087081426638562, 19.201901193504213 ], [ -99.086950283742283, 19.202141004708697 ], [ -99.08687316270516, 19.202305257686938 ], [ -99.086785673010453, 19.20247389419686 ], [ -99.086640161220004, 19.202543032849093 ], [ -99.086564925601323, 19.202631823658606 ], [ -99.085903654005861, 19.202189291835946 ], [ -99.085625304606907, 19.2020770572346 ], [ -99.085082272484215, 19.201925778581888 ], [ -99.084734610905329, 19.201760205737386 ], [ -99.084484047617792, 19.201562029994015 ], [ -99.08437248073038, 19.201304481531828 ], [ -99.08381584926201, 19.200967463432555 ], [ -99.083690546249088, 19.200822107588092 ], [ -99.083530386600387, 19.200537963566465 ], [ -99.083370277442285, 19.200352965067516 ], [ -99.082770050739512, 19.200041857750328 ], [ -99.082305433444006, 19.199566891394593 ], [ -99.082166191572369, 19.199368662420259 ], [ -99.082110439368819, 19.199177006891059 ], [ -99.08213121577559, 19.198985316179261 ], [ -99.082142797523133, 19.198805554539618 ], [ -99.082049083084968, 19.198744726327266 ], [ -99.081894542048857, 19.198721034051239 ], [ -99.081790112913623, 19.198575666635289 ], [ -99.081718706337597, 19.19839298765206 ], [ -99.081370317498838, 19.1981038364179 ], [ -99.081142775259465, 19.19791498421624 ], [ -99.080947847288215, 19.197650682351043 ], [ -99.080822519313955, 19.197445837049987 ], [ -99.080718043584341, 19.197201323284016 ], [ -99.080773948229961, 19.197035539436921 ], [ -99.080728447990921, 19.196980253672681 ], [ -99.080554159737986, 19.196869973565949 ], [ -99.080532005961345, 19.196759908523738 ], [ -99.080523649157072, 19.19663641765743 ], [ -99.080404608790133, 19.196444377209033 ], [ -99.080368642943341, 19.196418117384738 ], [ -99.080271814763066, 19.196352470818567 ], [ -99.0802304173815, 19.196330148265449 ], [ -99.080199782328108, 19.19629601713611 ], [ -99.080183172993827, 19.1962631803646 ], [ -99.080180368523912, 19.19623131089433 ], [ -99.080178995369621, 19.196202748518299 ] ] ], [ [ [ -99.076348815204511, 19.204705152428517 ], [ -99.077419547228288, 19.205869915416844 ], [ -99.078304575072281, 19.206716177618052 ], [ -99.077093818326873, 19.206729985803012 ], [ -99.077085499491659, 19.206181320456036 ], [ -99.076784044673602, 19.206125419120173 ], [ -99.076561228998571, 19.206081935396849 ], [ -99.076377900040967, 19.206405726170001 ], [ -99.076679378315276, 19.206511430082116 ], [ -99.076725334632883, 19.206698169411752 ], [ -99.076168533068085, 19.207109269689955 ], [ -99.076116230903494, 19.207370753739646 ], [ -99.07604122841812, 19.207410521745185 ], [ -99.072120701346151, 19.209438355135148 ], [ -99.071763996240364, 19.209395005899008 ], [ -99.071630484300343, 19.209411366243867 ], [ -99.071455002595741, 19.209413246746831 ], [ -99.070760772540638, 19.209431220466538 ], [ -99.069736375973363, 19.209770015881436 ], [ -99.06734712378055, 19.210560174563685 ], [ -99.067320198327451, 19.21056908094463 ], [ -99.067318322635586, 19.210647000027119 ], [ -99.067306936471041, 19.210790155091129 ], [ -99.067301243750151, 19.210862638628697 ], [ -99.067293070397554, 19.210889401590695 ], [ -99.067270186538551, 19.210906372425988 ], [ -99.06724022648757, 19.210913398306591 ], [ -99.067175372300937, 19.210909798059394 ], [ -99.067108606301588, 19.210895326407744 ], [ -99.06702276112982, 19.210868176710314 ], [ -99.06696934332146, 19.210844640058486 ], [ -99.066936909902537, 19.21082834378333 ], [ -99.066920320941165, 19.210800674383069 ], [ -99.06689767705052, 19.210773595530771 ], [ -99.066859549650317, 19.21080119814027 ], [ -99.066799585167203, 19.210853762071732 ], [ -99.066698520290942, 19.210924468309813 ], [ -99.066584093783931, 19.210973435183249 ], [ -99.066238878211436, 19.211033191325811 ], [ -99.066122526854528, 19.211053331775265 ], [ -99.065985206142628, 19.21108962243747 ], [ -99.065775418071709, 19.211163991301476 ], [ -99.065605683469215, 19.211231097538992 ], [ -99.065184210927299, 19.211412451979385 ], [ -99.065075504677822, 19.211455978931742 ], [ -99.064631147683414, 19.211651836330532 ], [ -99.064411838855548, 19.211771508230651 ], [ -99.06394083172178, 19.212110525090392 ], [ -99.063780651808401, 19.212230174690831 ], [ -99.063532751154185, 19.212404216787981 ], [ -99.063412616391446, 19.212494860868585 ], [ -99.063061749395018, 19.212766787545736 ], [ -99.062958761497654, 19.212816300405549 ], [ -99.062930158170175, 19.212827535674094 ], [ -99.062886292941798, 19.212844765308752 ], [ -99.062756117617226, 19.212866554088091 ], [ -99.062697463032279, 19.212866574162639 ], [ -99.062555693223601, 19.212821604241931 ], [ -99.062439926681606, 19.212785120578737 ], [ -99.061461055700789, 19.212274404923548 ], [ -99.060899602630215, 19.211988503873677 ], [ -99.060655368269806, 19.211865948146229 ], [ -99.060521286060222, 19.211798665997915 ], [ -99.060381522715304, 19.211718607537456 ], [ -99.060128480933315, 19.211512705894876 ], [ -99.059865774681256, 19.211228991683985 ], [ -99.059726003745652, 19.211128334506288 ], [ -99.059571785967279, 19.211048279225942 ], [ -99.059414849746815, 19.210987584775364 ], [ -99.058639075972181, 19.210687556348116 ], [ -99.058598490952704, 19.210669675125772 ], [ -99.05835819984533, 19.210563810883091 ], [ -99.058166689797119, 19.2095997917495 ], [ -99.058994427356993, 19.208168921674833 ], [ -99.057764198531714, 19.206977141678458 ], [ -99.058541410980865, 19.204640238315029 ], [ -99.061376829277108, 19.202970269774312 ], [ -99.061528608628578, 19.202701580628702 ], [ -99.061625851204667, 19.202714827649533 ], [ -99.061631441910251, 19.202707297547072 ], [ -99.061674641715086, 19.202693075194411 ], [ -99.061717841512134, 19.202678851927825 ], [ -99.061827484274303, 19.202593564411949 ], [ -99.061930464998923, 19.202467232638959 ], [ -99.061973619194006, 19.202331447946911 ], [ -99.062003501507661, 19.202252502657213 ], [ -99.062023395972972, 19.202129355697494 ], [ -99.062076485951593, 19.201902002541679 ], [ -99.062152845764942, 19.20168727136322 ], [ -99.062232570907199, 19.201586206155348 ], [ -99.06228739121407, 19.201541983399814 ], [ -99.062342211491938, 19.201497761531503 ], [ -99.062435268533662, 19.20149772987018 ], [ -99.062554918588575, 19.201513475768792 ], [ -99.062629702359786, 19.201527658974108 ], [ -99.062721103776738, 19.201546572107219 ], [ -99.062800869837503, 19.201554438144512 ], [ -99.062907225714198, 19.20156703157237 ], [ -99.063000287000463, 19.201578050658153 ], [ -99.063086695404223, 19.201574863253388 ], [ -99.063154817311499, 19.201551159788391 ], [ -99.063193025998331, 19.201521150311702 ], [ -99.063246185364292, 19.201480085539227 ], [ -99.063292695767686, 19.20143270855619 ], [ -99.063335876367304, 19.201369544226583 ], [ -99.063375744428939, 19.201333220551835 ], [ -99.063413951469528, 19.201301633084451 ], [ -99.063478745590999, 19.201265299861674 ], [ -99.063560159473539, 19.201236855098411 ], [ -99.063666488137684, 19.201181563033316 ], [ -99.063709677645036, 19.201142080435265 ], [ -99.063742899326314, 19.201108915782463 ], [ -99.063804362876525, 19.201055218075766 ], [ -99.063837587565857, 19.201029946743397 ], [ -99.063887423837926, 19.200988882940468 ], [ -99.063938916728048, 19.200936767510239 ], [ -99.064016994431086, 19.200876748543624 ], [ -99.064098403138217, 19.200835673658069 ], [ -99.06417914693057, 19.200804568218249 ], [ -99.064229659222647, 19.200785109095744 ], [ -99.064352617030835, 19.200758227368866 ], [ -99.064468927018453, 19.20073292674541 ], [ -99.064593548738841, 19.200713938514841 ], [ -99.064753066650141, 19.200694937880492 ], [ -99.064824521568625, 19.200696491483175 ], [ -99.064905951034788, 19.200709092563923 ], [ -99.064947496846642, 19.200716971193032 ], [ -99.064999012587975, 19.200721688581964 ], [ -99.06505052179692, 19.200712198129324 ], [ -99.06512363734403, 19.200710594232969 ], [ -99.065196756291058, 19.20072004043859 ], [ -99.065261567221455, 19.200727910723412 ], [ -99.065341328018718, 19.200723145774337 ], [ -99.065376219551311, 19.20071366115079 ], [ -99.065450985094472, 19.200682060220903 ], [ -99.065515775698529, 19.200640990637005 ], [ -99.065573918531996, 19.200596765710348 ], [ -99.065645357135168, 19.200557272551638 ], [ -99.065764976699128, 19.200497237964488 ], [ -99.065877951580504, 19.200441942232068 ], [ -99.066010859848134, 19.200369273728647 ], [ -99.066083958214307, 19.200325043255386 ], [ -99.066172011346808, 19.200280807357082 ], [ -99.066201915283031, 19.200261852188198 ], [ -99.06623181826113, 19.200242897014785 ], [ -99.066319871942852, 19.200200239893711 ], [ -99.066368056886731, 19.200187592576043 ], [ -99.066436179016847, 19.200167044684534 ], [ -99.066552475252593, 19.200107010786596 ], [ -99.066650495139029, 19.200054877701355 ], [ -99.066746859154307, 19.200015375051581 ], [ -99.06679502968133, 19.199969574516963 ], [ -99.066838215250982, 19.199920618992977 ], [ -99.066878074863368, 19.199868506974298 ], [ -99.066917941784268, 19.199832181623123 ], [ -99.06693952480272, 19.199784811901317 ], [ -99.066962774769664, 19.199750072357414 ], [ -99.066994332389882, 19.199713750023246 ], [ -99.067030872990173, 19.199671111371245 ], [ -99.06706907319078, 19.199625314407498 ], [ -99.067123900515853, 19.199603192273237 ], [ -99.067177073335429, 19.199596858311775 ], [ -99.067226924706532, 19.199598418892219 ], [ -99.067270124498648, 19.19958735201347 ], [ -99.067319966545568, 19.199563652800556 ], [ -99.067379768438244, 19.199514690143271 ], [ -99.067409664717019, 19.199479948099921 ], [ -99.067444547170226, 19.199446782162845 ], [ -99.067482748155768, 19.199400985111964 ], [ -99.067522605508032, 19.199344136405781 ], [ -99.067545856578931, 19.199312553580082 ], [ -99.067580727367769, 19.199250971055001 ], [ -99.067612279598364, 19.199202018728922 ], [ -99.067653797073774, 19.199138854889934 ], [ -99.067730203628713, 19.199061469423931 ], [ -99.067796652289033, 19.199014083926432 ], [ -99.067858115038106, 19.198963541648364 ], [ -99.067902145391884, 19.198953264189452 ], [ -99.067946176691009, 19.19894298581589 ], [ -99.06803590600471, 19.198936638057745 ], [ -99.068137275707826, 19.198950809157743 ], [ -99.068208740308961, 19.198977620309424 ], [ -99.068268563564345, 19.198983913444433 ], [ -99.068323401241074, 19.198985470967372 ], [ -99.068404838308638, 19.199020172570588 ], [ -99.06846966112964, 19.199058038038725 ], [ -99.068531148228502, 19.199069066109182 ], [ -99.068587657295126, 19.199095882700728 ], [ -99.068662445721145, 19.199122693335433 ], [ -99.068773799482784, 19.199170012552596 ], [ -99.068870204873704, 19.199234703748147 ], [ -99.068959976695453, 19.199327814855845 ], [ -99.069004854599726, 19.199356214539709 ], [ -99.069092938722363, 19.199389334485112 ], [ -99.069194322650276, 19.199436658104464 ], [ -99.069274099224074, 19.199471359041631 ], [ -99.069360520290147, 19.199501322692441 ], [ -99.069412091652396, 19.199528135472914 ], [ -99.069459673022138, 19.199544857590528 ], [ -99.069521343826196, 19.199546507963685 ], [ -99.069637650239116, 19.199579944101867 ], [ -99.069697573882252, 19.199618422830344 ], [ -99.069771582975406, 19.199630112690233 ], [ -99.069880833842461, 19.199645137482445 ], [ -99.07000595071824, 19.199680243770924 ], [ -99.070141642784108, 19.199722041801671 ], [ -99.070220948047336, 19.199757165459481 ], [ -99.07030553451925, 19.199780569055491 ], [ -99.070430643038762, 19.199795586535522 ], [ -99.070485268197501, 19.199802262323981 ], [ -99.070515148097073, 19.199813103048399 ], [ -99.070545185933995, 19.199824000643325 ], [ -99.07061039317415, 19.199855782070465 ], [ -99.070638599253826, 19.199887576827056 ], [ -99.070638636403046, 19.199974624959509 ], [ -99.070585837166007, 19.200118608801315 ], [ -99.070550642381107, 19.200225759009577 ], [ -99.070533045922716, 19.2002793336585 ], [ -99.070540113805421, 19.20032620294754 ], [ -99.070568312577649, 19.200342932229972 ], [ -99.070603553076282, 19.200342918665221 ], [ -99.070638793574886, 19.200342905093692 ], [ -99.070672171235799, 19.200337817686023 ], [ -99.070726888147206, 19.200329478490175 ], [ -99.070818510000137, 19.200322747257914 ], [ -99.071264170963346, 19.200574196233809 ], [ -99.07143211503859, 19.200806071580807 ], [ -99.071638202264126, 19.201030684711597 ], [ -99.071851900342537, 19.201211805349601 ], [ -99.072195246254822, 19.201276903947864 ], [ -99.072599626802585, 19.20134197774744 ], [ -99.072996397665676, 19.201450542049795 ], [ -99.073400849666356, 19.201675074101537 ], [ -99.073881679865622, 19.202088025875103 ], [ -99.074248089743875, 19.202319813092632 ], [ -99.074710744992132, 19.202604154000976 ], [ -99.075865478500646, 19.203567211756855 ], [ -99.076252564112366, 19.204600448103776 ], [ -99.076348815204511, 19.204705152428517 ] ] ] ] } },
{ "type": "Feature", "properties": { "alcaldia_norm": "TLAHUAC", "alcaldia": "TLAHUAC", "cve_col": "11-001", "colonia": "AGRICOLA METROPOLITANA", "pob_2010": 9466.0, "SUP_COL_M2": 357503.0, "VIV2010": 2626, "DENVIVHa": 73.4539, "SUPMNZHa": 35.7503, "C_DENVIVHa": 4 }, "geometry": { "type": "Polygon", "coordinates": [ [ [ -99.037421172648081, 19.271718442966304 ], [ -99.037692128458318, 19.271808605127458 ], [ -99.038394612851832, 19.272002337744102 ], [ -99.040291425164895, 19.273108327095336 ], [ -99.04041948605672, 19.273242454743713 ], [ -99.04089633885927, 19.273481312409714 ], [ -99.041103866392021, 19.273619614232285 ], [ -99.041558644670829, 19.273845898652983 ], [ -99.041788218922235, 19.27387100015045 ], [ -99.044353398138981, 19.274604057538486 ], [ -99.04538654465928, 19.274914038454554 ], [ -99.046101814840227, 19.275173785398518 ], [ -99.047199371729249, 19.27557127164124 ], [ -99.047258614363216, 19.275592725610952 ], [ -99.047938554865496, 19.275793781896372 ], [ -99.048229970283074, 19.275919476188768 ], [ -99.048865819582929, 19.27630500326028 ], [ -99.049148415768059, 19.276464237174931 ], [ -99.050661089308775, 19.277402187578787 ], [ -99.051929767610716, 19.278141176604365 ], [ -99.052491098746628, 19.278449076228959 ], [ -99.05322588241998, 19.278754976117099 ], [ -99.05376297030638, 19.278978570685403 ], [ -99.05443459273144, 19.279237141792702 ], [ -99.054716858869, 19.279314073386377 ], [ -99.055233219092045, 19.27933835881684 ], [ -99.056744093265735, 19.279409409833931 ], [ -99.057440881287903, 19.279483626043788 ], [ -99.057654287059464, 19.279545587088812 ], [ -99.058021930573545, 19.279645078325895 ], [ -99.058518018341388, 19.279796864265791 ], [ -99.058924950494401, 19.279926971579894 ], [ -99.059409618522409, 19.280100464816922 ], [ -99.059747400535542, 19.280221909619609 ], [ -99.062787105381631, 19.281313283306517 ], [ -99.064555281186813, 19.281948097968328 ], [ -99.065938598505426, 19.282813685538272 ], [ -99.068490345334439, 19.284414672492829 ], [ -99.068901927876965, 19.284688017517961 ], [ -99.069094010837844, 19.284839888993517 ], [ -99.068973355719137, 19.28496987614129 ], [ -99.068741365119877, 19.285219998631952 ], [ -99.068610605451369, 19.285360977913243 ], [ -99.068522998726749, 19.28545543174538 ], [ -99.068487014764912, 19.285494227434725 ], [ -99.068436145353218, 19.285549071886582 ], [ -99.068254420497041, 19.285744998408344 ], [ -99.068071086504673, 19.285942658719222 ], [ -99.068031036331718, 19.285985838971282 ], [ -99.067903813462365, 19.286123002638345 ], [ -99.067705153535769, 19.286337185023672 ], [ -99.067531692180083, 19.286524199586882 ], [ -99.067345367337822, 19.286725082095728 ], [ -99.067159042041283, 19.286925964411502 ], [ -99.06704011821229, 19.287054179198119 ], [ -99.066957657819557, 19.287101910640249 ], [ -99.0669285104605, 19.287133336223967 ], [ -99.066912763765387, 19.287150312420234 ], [ -99.066671677636933, 19.287388739369437 ], [ -99.066312599711367, 19.287743856376316 ], [ -99.065985124537079, 19.288067716258045 ], [ -99.065922739831663, 19.288129412698442 ], [ -99.06569327784149, 19.288356339476593 ], [ -99.065661625688406, 19.288391983509477 ], [ -99.065414459488153, 19.28867031739922 ], [ -99.065340364514299, 19.288743593833583 ], [ -99.064978691869186, 19.289100947672402 ], [ -99.064277376829466, 19.289853049398491 ], [ -99.063714437537413, 19.290389722752039 ], [ -99.063517131875159, 19.290584153327497 ], [ -99.063382808105771, 19.290716519215273 ], [ -99.062782006616175, 19.29133824107079 ], [ -99.062438231156364, 19.291706958119061 ], [ -99.062054829929423, 19.292118173673469 ], [ -99.061614782508741, 19.292590140625958 ], [ -99.06159283688325, 19.293147161487543 ], [ -99.061570891115053, 19.293704182312975 ], [ -99.061554721150102, 19.294114594761975 ], [ -99.061715618128162, 19.294231970534899 ], [ -99.062005151960548, 19.294443189294086 ], [ -99.062129747104379, 19.294889466698692 ], [ -99.062351319224078, 19.295687778758332 ], [ -99.062458341039999, 19.296109124096766 ], [ -99.062521201727506, 19.296359572060105 ], [ -99.06264036807579, 19.296834349380212 ], [ -99.062652053200651, 19.296880905101037 ], [ -99.062659135044413, 19.296981727408269 ], [ -99.06267442707599, 19.29719944553251 ], [ -99.062663128046921, 19.297384607448162 ], [ -99.062837805529966, 19.297623690298778 ], [ -99.063043889176143, 19.297895515439137 ], [ -99.063266905579326, 19.298189673088093 ], [ -99.06346034440179, 19.298463343938735 ], [ -99.063478151418806, 19.298488536698773 ], [ -99.063495959393094, 19.298513729456687 ], [ -99.063615033510615, 19.298694172785169 ], [ -99.063650409788707, 19.298752198562486 ], [ -99.063723853415951, 19.298876061074171 ], [ -99.064098654413854, 19.299812690328704 ], [ -99.06412616453882, 19.299881438915371 ], [ -99.064425146831255, 19.300632094655608 ], [ -99.064600287333533, 19.301109133536119 ], [ -99.064791027320538, 19.301628660470122 ], [ -99.064504147513432, 19.302525688135042 ], [ -99.064486826932679, 19.302579848067342 ], [ -99.064434944977862, 19.302742072066515 ], [ -99.064361922427352, 19.302951054792885 ], [ -99.064160431068615, 19.303527702653085 ], [ -99.063823724125072, 19.304491311425455 ], [ -99.063708461560552, 19.304817270416812 ], [ -99.063439253279924, 19.305578579216817 ], [ -99.063414187393263, 19.30564946358912 ], [ -99.06339156513144, 19.305713437127228 ], [ -99.062599606764564, 19.30544651484189 ], [ -99.060846194181067, 19.304856293408527 ], [ -99.060479817439202, 19.304732963616743 ], [ -99.059820064928715, 19.304509661234569 ], [ -99.058390190051995, 19.306240620217839 ], [ -99.057438527678713, 19.307411884758192 ], [ -99.057267107491001, 19.307623191903254 ], [ -99.056929112436165, 19.308039274680638 ], [ -99.056532925223038, 19.308525510337027 ], [ -99.05637253863604, 19.308722124751117 ], [ -99.056298404282856, 19.308810209663228 ], [ -99.055758354251807, 19.309451876613146 ], [ -99.055670329205796, 19.309559628131986 ], [ -99.055182842192508, 19.310156949861028 ], [ -99.05488508776827, 19.310521788214171 ], [ -99.054574511153433, 19.310913310049575 ], [ -99.054371271624433, 19.311169517092683 ], [ -99.054249179929926, 19.311323429228548 ], [ -99.054106570595422, 19.311503202395901 ], [ -99.054104862634986, 19.311505356509134 ], [ -99.053911195002186, 19.311744250901185 ], [ -99.053568265797537, 19.312167259524877 ], [ -99.053367493084707, 19.312085226442374 ], [ -99.053042049923249, 19.311893175864366 ], [ -99.052861476837805, 19.31176835250503 ], [ -99.052778883717565, 19.311572493081059 ], [ -99.052742753453231, 19.311499047728923 ], [ -99.052049927010728, 19.311012591128002 ], [ -99.051669216589858, 19.311509240831779 ], [ -99.051458069376096, 19.311784688342172 ], [ -99.051210072833015, 19.312108204906117 ], [ -99.050379421919885, 19.311491121834642 ], [ -99.049920074786357, 19.311149873794417 ], [ -99.049627293361283, 19.310932365228279 ], [ -99.049325995248282, 19.311293067198289 ], [ -99.048931922110214, 19.311788071810231 ], [ -99.048131498325361, 19.312793489475524 ], [ -99.047859981641636, 19.312597579063077 ], [ -99.047751822837171, 19.312519557905823 ], [ -99.047690144210961, 19.312475066764627 ], [ -99.047560114681886, 19.312381270140087 ], [ -99.047405627568622, 19.312269829780472 ], [ -99.047376251257504, 19.312248640242736 ], [ -99.047220258162, 19.312136112918651 ], [ -99.04718898577498, 19.312101922670767 ], [ -99.047157714352863, 19.312067732417134 ], [ -99.046900476315244, 19.31190376399438 ], [ -99.046583975739281, 19.311702019646361 ], [ -99.045892549400548, 19.312589348939603 ], [ -99.045879169368334, 19.312606520608099 ], [ -99.045732607349322, 19.312794606221093 ], [ -99.045266068564487, 19.313393320377418 ], [ -99.045135135972757, 19.313360697157453 ], [ -99.044603652011347, 19.312911469629455 ], [ -99.043629398333934, 19.312214374859643 ], [ -99.043514413343544, 19.312354326214997 ], [ -99.043497041822363, 19.312375470588577 ], [ -99.043271145975822, 19.312650412375696 ], [ -99.043167137178145, 19.312777003660994 ], [ -99.043041548723068, 19.312926831456586 ], [ -99.042960932526498, 19.313023005427006 ], [ -99.042837306885573, 19.313170491032345 ], [ -99.042817474194905, 19.313194151019179 ], [ -99.042683262465999, 19.313354264215825 ], [ -99.042608624891969, 19.313443306138609 ], [ -99.042507474063626, 19.313563977793834 ], [ -99.042404970828173, 19.3136862628775 ], [ -99.04221955315127, 19.313907461298523 ], [ -99.042187210078396, 19.313945629097052 ], [ -99.041965074259593, 19.314207519291958 ], [ -99.041793560119316, 19.314409963325559 ], [ -99.041725375235032, 19.314347417701754 ], [ -99.040477900300317, 19.315418248936325 ], [ -99.040132137601773, 19.315091521207837 ], [ -99.040076946300047, 19.315097049752257 ], [ -99.040036923712478, 19.315058670483062 ], [ -99.039870004758782, 19.31489860632713 ], [ -99.039800918033393, 19.314832357571277 ], [ -99.039719887340297, 19.314753308140201 ], [ -99.039276214808254, 19.314920981513104 ], [ -99.03194959032723, 19.317689659946527 ], [ -99.030045916326586, 19.318142884086289 ], [ -99.02732004378862, 19.318791818209171 ], [ -99.026162751190583, 19.319067314993809 ], [ -99.026109587813465, 19.319079970411938 ], [ -99.026056424428162, 19.319092625814559 ], [ -99.026018908582699, 19.319101556477282 ], [ -99.023895010644168, 19.319607132797533 ], [ -99.022865384032613, 19.319852216375835 ], [ -99.02132680268879, 19.32021843523664 ], [ -99.018630995590215, 19.320860067482496 ], [ -99.010501517054649, 19.322794699246849 ], [ -99.008876943290829, 19.323181262276904 ], [ -99.008830282947343, 19.323192365141125 ], [ -99.003883354008366, 19.324369371813575 ], [ -99.001373344015477, 19.324966512228968 ], [ -98.99976383055315, 19.325349401536048 ], [ -98.999841947858087, 19.32310595474415 ], [ -98.999935120267224, 19.323027908991843 ], [ -99.000011851085446, 19.322871816478763 ], [ -98.999908937391893, 19.322745352942707 ], [ -98.999913197498671, 19.322668897709356 ], [ -99.000022812988931, 19.322575242572164 ], [ -99.000120325972475, 19.322475031669128 ], [ -99.000143389153038, 19.32228907332512 ], [ -99.000135866691068, 19.322271220008176 ], [ -99.000119667033871, 19.322232773243705 ], [ -99.000077620500505, 19.322132981731837 ], [ -98.999924160245897, 19.320899855206601 ], [ -98.999951563418293, 19.320670920543932 ], [ -98.999863873067042, 19.320400360594942 ], [ -98.999746132576078, 19.320171828851326 ], [ -98.999699453003672, 19.319895662979434 ], [ -98.999704934828983, 19.31963030677942 ], [ -98.999726857913188, 19.319281701940568 ], [ -98.999929641736372, 19.318423196026032 ], [ -99.000159826887327, 19.317507456095043 ], [ -99.000379045286095, 19.31543663440549 ], [ -99.000620187172586, 19.315311759802938 ], [ -99.000806524693374, 19.315249322554536 ], [ -99.001124387074299, 19.314239925438059 ], [ -99.001076035629552, 19.314013974128944 ], [ -99.00128879784971, 19.313844491197216 ], [ -99.001210495275899, 19.313503684992988 ], [ -99.001277833092885, 19.313282559778585 ], [ -99.001518971234688, 19.313168090499872 ], [ -99.001584734962165, 19.313043215967376 ], [ -99.00156637615008, 19.313022300921361 ], [ -99.001420320666796, 19.31285590681 ], [ -99.00146416090638, 19.312522909788896 ], [ -99.001639532451733, 19.312335597775689 ], [ -99.001902588304148, 19.312033817252043 ], [ -99.002253326387958, 19.31147188165124 ], [ -99.002297165299098, 19.31119091528825 ], [ -99.002154671218349, 19.310837108107727 ], [ -99.002340998136745, 19.310493703424367 ], [ -99.001540864023255, 19.310087872073947 ], [ -99.001299727698935, 19.309858939007622 ], [ -99.001212038026651, 19.309328226602307 ], [ -99.001288759936813, 19.309005634915366 ], [ -99.001332599922875, 19.30873507525412 ], [ -99.000959939392985, 19.308610203560796 ], [ -99.00066400317904, 19.30841248863269 ], [ -99.00023654191024, 19.308308427838217 ], [ -99.000028290994067, 19.308152336117235 ], [ -98.999907725219003, 19.308037868601048 ], [ -98.999973488174163, 19.30756959208064 ], [ -98.999688515751743, 19.307465529958112 ], [ -98.999261056608489, 19.307361466868237 ], [ -98.999212871824597, 19.307081174008914 ], [ -98.99900896680802, 19.307090906278429 ], [ -98.998691114284668, 19.306966030219538 ], [ -98.99851574801653, 19.306830749175329 ], [ -98.998548633179254, 19.306435315965434 ], [ -98.998502164130713, 19.306163235175603 ], [ -98.998482874490335, 19.306050287584547 ], [ -98.998470638310977, 19.305931243429175 ], [ -98.998658244057722, 19.305675667644937 ], [ -98.99880408534851, 19.305500279211984 ], [ -98.998822650787162, 19.305477952471232 ], [ -98.998866493458522, 19.305269829886363 ], [ -98.998756891603648, 19.305124142895274 ], [ -98.998800734946485, 19.304822364979714 ], [ -98.999052824762629, 19.304426932900498 ], [ -98.998745937979493, 19.304187589414198 ], [ -98.998504814380638, 19.303937840308556 ], [ -98.998362333804934, 19.303677685237492 ], [ -98.998471937922432, 19.303438344532275 ], [ -98.998811707135218, 19.303105350042237 ], [ -98.998965151842413, 19.302845197104354 ], [ -98.998800750720577, 19.302657885378121 ], [ -98.998701000435005, 19.302392077020251 ], [ -98.998778099758539, 19.301975816318947 ], [ -98.998822676993711, 19.301814987232127 ], [ -98.998592516060384, 19.301596456102896 ], [ -98.998307554534335, 19.301523610515826 ], [ -98.998165074968128, 19.30138832935647 ], [ -98.997989716474294, 19.301138580143434 ], [ -98.997964583065965, 19.300902705789571 ], [ -98.998077401743004, 19.300701522954338 ], [ -98.998116505390215, 19.300530744696474 ], [ -98.998132204891547, 19.300462181789733 ], [ -98.997891085548488, 19.30037892943151 ], [ -98.997792448414828, 19.30014999307939 ], [ -98.997836295483282, 19.299598467822822 ], [ -98.997913018946562, 19.29931750253435 ], [ -98.997945492899419, 19.299147931606903 ], [ -98.997956861384822, 19.299088566913721 ], [ -98.997748624965254, 19.298953284645851 ], [ -98.99781703639627, 19.298637809991973 ], [ -98.997598312977004, 19.298596790136322 ], [ -98.997533069846597, 19.298591157163447 ], [ -98.99748561972082, 19.298619314320124 ], [ -98.997411478541579, 19.29869533944462 ], [ -98.997331404515052, 19.298889625960054 ], [ -98.997286917323351, 19.299033229466197 ], [ -98.997221672462231, 19.299120517040077 ], [ -98.9971297384823, 19.299131778015944 ], [ -98.996874696387508, 19.299143037130218 ], [ -98.99656923771056, 19.299145847697567 ], [ -98.99642688915695, 19.299143028916035 ], [ -98.996302334371208, 19.299089526882799 ], [ -98.996219298554564, 19.29903884168009 ], [ -98.996106607737673, 19.298937471402915 ], [ -98.995987985989842, 19.29884454907916 ], [ -98.995893087646877, 19.298796678613453 ], [ -98.995744807665545, 19.298791044018877 ], [ -98.995596528221682, 19.298765698751176 ], [ -98.995344453296653, 19.29871500809023 ], [ -98.995225829064253, 19.298695295377978 ], [ -98.995101275205499, 19.298667134275171 ], [ -98.994932236632522, 19.298638971858075 ], [ -98.994875892791796, 19.298554497777687 ], [ -98.994795824414865, 19.298447496399536 ], [ -98.994712790471425, 19.298363020600661 ], [ -98.994653480519972, 19.298320782618521 ], [ -98.994634900074402, 19.298314509219189 ], [ -98.994520029910916, 19.298275726355278 ], [ -98.994303542145559, 19.298250377976455 ], [ -98.994143398471337, 19.298289793113963 ], [ -98.993986219487539, 19.298360182968437 ], [ -98.993731174084928, 19.29848406800652 ], [ -98.993443488998579, 19.299016236500147 ], [ -98.993271474112447, 19.299264018358834 ], [ -98.99312319050658, 19.299337222033948 ], [ -98.992986767218127, 19.299441399896455 ], [ -98.992897794314786, 19.299554027661319 ], [ -98.992737647793533, 19.2996215993604 ], [ -98.992550810815061, 19.29968635468407 ], [ -98.99226907164649, 19.299793342070675 ], [ -98.992213124787057, 19.299868869690656 ], [ -98.992109294398006, 19.299930934035586 ], [ -98.991828572638809, 19.300025851347588 ], [ -98.991655524828005, 19.300076959004443 ], [ -98.991536313500788, 19.300117115682713 ], [ -98.991444022794084, 19.300124413593029 ], [ -98.991378650289278, 19.300109806094046 ], [ -98.991309432932596, 19.300102500600577 ], [ -98.991263286416526, 19.300128056139879 ], [ -98.991213289994647, 19.30021933229251 ], [ -98.991144060419245, 19.300438396203216 ], [ -98.991063298890353, 19.300573484086037 ], [ -98.990951775734985, 19.30065380291958 ], [ -98.990797951762445, 19.300748724883668 ], [ -98.990655668430151, 19.300781577608053 ], [ -98.989713544737057, 19.300536901067527 ], [ -98.989240561582577, 19.300401782892312 ], [ -98.989021374135874, 19.300350653458473 ], [ -98.988898320931497, 19.300339692700121 ], [ -98.988871401190792, 19.300350644378774 ], [ -98.988832943860871, 19.30039445620428 ], [ -98.988821403830997, 19.300449222085181 ], [ -98.988770817096665, 19.300772846124403 ], [ -98.988694968867705, 19.300837329549051 ], [ -98.988539804833223, 19.300827160041198 ], [ -98.987903107666497, 19.300654395458643 ], [ -98.987822849653256, 19.300649310206193 ], [ -98.987769340166679, 19.300710267442152 ], [ -98.987303768484182, 19.301731335988993 ], [ -98.987207457758984, 19.301741490002573 ], [ -98.987100446339795, 19.30175164230582 ], [ -98.987004138398305, 19.301726234989339 ], [ -98.986891783109854, 19.301655105414216 ], [ -98.986822233182522, 19.301563659197789 ], [ -98.986677774724612, 19.301497607086393 ], [ -98.986447702264513, 19.301492510236081 ], [ -98.986041067354222, 19.301426437970498 ], [ -98.985527441605626, 19.30114191269881 ], [ -98.985308077168767, 19.301070773631007 ], [ -98.984633943066058, 19.300740510884797 ], [ -98.984428745405921, 19.300482598914929 ], [ -98.983635407727846, 19.301658723220982 ], [ -98.983559145201966, 19.301768117580089 ], [ -98.983476932212895, 19.301881013355725 ], [ -98.982505847703408, 19.302724378743513 ], [ -98.981346195573735, 19.303828834224937 ], [ -98.981167673426341, 19.30391802032694 ], [ -98.98065468258757, 19.303930455449184 ], [ -98.980369230931345, 19.30392964414542 ], [ -98.98030459811271, 19.303941702094964 ], [ -98.98021591595608, 19.303990019027644 ], [ -98.979985918239208, 19.304290398495347 ], [ -98.97967385590718, 19.304518868906094 ], [ -98.979263640005868, 19.304785869393289 ], [ -98.978879792126151, 19.305047309491613 ], [ -98.978221065003112, 19.30551087707147 ], [ -98.977473601478792, 19.306336273734541 ], [ -98.978086999526838, 19.306763531998232 ], [ -98.977736972066026, 19.30736984205052 ], [ -98.977544389657524, 19.308183825479748 ], [ -98.976958122470649, 19.308923003938791 ], [ -98.976581842052184, 19.309512695794151 ], [ -98.976161556913098, 19.31187990714924 ], [ -98.975916397682226, 19.313175640680768 ], [ -98.975478960541878, 19.313092520789048 ], [ -98.975347587648841, 19.314014489973147 ], [ -98.974796408511537, 19.313956271807083 ], [ -98.973667900293393, 19.313233473838245 ], [ -98.973177796475355, 19.314213533082196 ], [ -98.973029433136318, 19.314235774789296 ], [ -98.973059058424894, 19.314313701231395 ], [ -98.973125074469351, 19.314492411523638 ], [ -98.973224081228821, 19.314865503414875 ], [ -98.973273980252102, 19.315110929701415 ], [ -98.973336269347683, 19.315417297703469 ], [ -98.973359277333756, 19.316081942142691 ], [ -98.973376677282005, 19.317078123572912 ], [ -98.973448218420131, 19.317495464533962 ], [ -98.973547229063158, 19.317647136880943 ], [ -98.973776146303635, 19.317627413328136 ], [ -98.973892697602608, 19.317540501360327 ], [ -98.973984284678949, 19.317402219137215 ], [ -98.974017602208832, 19.317271829952276 ], [ -98.974025950923618, 19.317113779228464 ], [ -98.974315197775681, 19.31687190685733 ], [ -98.974357130337765, 19.316836700436355 ], [ -98.974704764142217, 19.316544834556623 ], [ -98.975169231017631, 19.316260441583243 ], [ -98.975693559369432, 19.316388517559535 ], [ -98.976083009029367, 19.316843701128612 ], [ -98.976112943238107, 19.317042825506832 ], [ -98.976277660799667, 19.317583316271513 ], [ -98.976577244034573, 19.317910480770781 ], [ -98.97710139651555, 19.319347057500639 ], [ -98.978224921787017, 19.320086784603774 ], [ -98.97871924117662, 19.320684203189131 ], [ -98.979213589334535, 19.321082500938441 ], [ -98.979752849871772, 19.321765258945327 ], [ -98.980146002402677, 19.322768014486783 ], [ -98.980165273368215, 19.322979108716392 ], [ -98.979936148908024, 19.323635586059485 ], [ -98.979853735196883, 19.323738693335745 ], [ -98.979761179845212, 19.323974310746753 ], [ -98.979705834182326, 19.323948032971025 ], [ -98.979440866505712, 19.323956388165094 ], [ -98.97937719465466, 19.323954906078502 ], [ -98.978974588400348, 19.32393185278238 ], [ -98.97869896803374, 19.323889225883036 ], [ -98.978601794543493, 19.324031753667551 ], [ -98.978539906917106, 19.324509672168027 ], [ -98.978425073314284, 19.32461865919942 ], [ -98.978301415929408, 19.324660567967971 ], [ -98.978336716170048, 19.32487857331796 ], [ -98.978389674898906, 19.325146889053432 ], [ -98.978389647338204, 19.325356506228239 ], [ -98.977841759167177, 19.325340436214152 ], [ -98.977398570592399, 19.325198482537573 ], [ -98.977341610318987, 19.325179196057647 ], [ -98.977035615191937, 19.325075587766065 ], [ -98.97656171419456, 19.324960442951642 ], [ -98.976386744404294, 19.324901440724588 ], [ -98.976149265224009, 19.324930886999464 ], [ -98.976079462730226, 19.324926156737824 ], [ -98.975942477482022, 19.324924081815361 ], [ -98.975819562176056, 19.324892135643044 ], [ -98.975705482878553, 19.324862485152259 ], [ -98.975565824584052, 19.324885608478215 ], [ -98.97328589109938, 19.324857647995284 ], [ -98.969271893303102, 19.324800141026586 ], [ -98.968988422341795, 19.324796432009769 ], [ -98.96675483654677, 19.324830135618466 ], [ -98.96615310012659, 19.32483921051757 ], [ -98.960185404645898, 19.324915656229837 ], [ -98.960075358179253, 19.324924078494174 ], [ -98.959994510504615, 19.324930265832734 ], [ -98.957901396484729, 19.323154875098247 ], [ -98.957960403628917, 19.323083789939375 ], [ -98.958565723297099, 19.322378466176371 ], [ -98.95881821517554, 19.322038265572971 ], [ -98.959162300387703, 19.321635856530527 ], [ -98.959222141179296, 19.321557632519511 ], [ -98.95984777971745, 19.320739795472637 ], [ -98.960855032879167, 19.319423089803824 ], [ -98.961391400913797, 19.318721924027223 ], [ -98.961817499750111, 19.318164903143185 ], [ -98.962468511015672, 19.317310021498134 ], [ -98.962607645814842, 19.317115618225529 ], [ -98.962964332864971, 19.316617245518486 ], [ -98.963110681957374, 19.316249700789346 ], [ -98.963400872229201, 19.314404605699718 ], [ -98.963435582669888, 19.314183906391108 ], [ -98.963530640601306, 19.31351372535768 ], [ -98.963628705726777, 19.312822339522391 ], [ -98.963726770022618, 19.312130953580724 ], [ -98.963866775769972, 19.311242678476162 ], [ -98.963879241959759, 19.3111556952706 ], [ -98.9638975408063, 19.311028019707951 ], [ -98.964039694815739, 19.310036161049926 ], [ -98.964129586848074, 19.309408943889615 ], [ -98.964190379867816, 19.308987364730754 ], [ -98.964202124881439, 19.308905911313087 ], [ -98.964347847862626, 19.307895359958561 ], [ -98.964502134003638, 19.30735264371344 ], [ -98.964620480083823, 19.307123953130407 ], [ -98.964835634434394, 19.306807473023373 ], [ -98.964960236040184, 19.306687468788965 ], [ -98.965126058318077, 19.306527763892973 ], [ -98.965366007292417, 19.306355745932137 ], [ -98.965425071475991, 19.306313402527735 ], [ -98.965491230364819, 19.306278162925246 ], [ -98.965758490244681, 19.30613580397161 ], [ -98.966051026479775, 19.306035796700503 ], [ -98.966191054053283, 19.306001673127628 ], [ -98.966285479820584, 19.305978661531029 ], [ -98.966822963835114, 19.305924870094216 ], [ -98.967036668707465, 19.305944168381341 ], [ -98.967225978518996, 19.305961263244157 ], [ -98.967214185647023, 19.305914089596165 ], [ -98.967199401528191, 19.30585495262422 ], [ -98.967172823619748, 19.305748641999045 ], [ -98.968121232027158, 19.299450856290367 ], [ -98.968837649079632, 19.294693249844642 ], [ -98.968934418797375, 19.294050592723792 ], [ -98.969018544421203, 19.293491907042789 ], [ -98.969105891513465, 19.292911823987982 ], [ -98.969176804821927, 19.292440872791556 ], [ -98.969397808298183, 19.290973128918964 ], [ -98.969507379487638, 19.290214228913698 ], [ -98.971679000576927, 19.290510650076165 ], [ -98.979422081076152, 19.291529111554024 ], [ -98.978636530559314, 19.296074326758649 ], [ -98.985100807999501, 19.29691965227391 ], [ -98.985669055382957, 19.294098927833979 ], [ -98.984728052547382, 19.293960573070606 ], [ -98.984605843124427, 19.293886619732355 ], [ -98.984532867307621, 19.293746027818493 ], [ -98.984532048586715, 19.293535082246379 ], [ -98.984773034616879, 19.292109764752283 ], [ -98.987237542081317, 19.292445014241558 ], [ -98.989270522822423, 19.292717843964109 ], [ -98.989944222782412, 19.288721302620441 ], [ -98.989863598501898, 19.288528644244664 ], [ -98.990030663048017, 19.287538453220577 ], [ -98.990047905713865, 19.28743625378036 ], [ -98.990208604229025, 19.286483861071556 ], [ -98.990225661014875, 19.28638276957853 ], [ -98.990380780123445, 19.285545632147787 ], [ -98.990543392151963, 19.28466805159961 ], [ -98.990702673180564, 19.283808431595219 ], [ -98.99135240593003, 19.279487214534431 ], [ -98.981637108609519, 19.278165404989775 ], [ -98.971654102850422, 19.276842545033389 ], [ -98.972275828034725, 19.273309857958278 ], [ -98.972438376907888, 19.272386216932656 ], [ -98.973139062500721, 19.268848699319122 ], [ -98.973262799525997, 19.267900814835592 ], [ -98.974492455305011, 19.261082127328567 ], [ -98.975183102826435, 19.261204713852017 ], [ -98.975936158466737, 19.261339160384086 ], [ -98.976868118779379, 19.261503260258724 ], [ -98.977872890700183, 19.2616772439237 ], [ -98.978850620965176, 19.261849242456282 ], [ -98.979786746827031, 19.262019255584782 ], [ -98.980539810424659, 19.262149731088847 ], [ -98.981652766332672, 19.262343461278594 ], [ -98.982466160223353, 19.262489740448267 ], [ -98.983651930852417, 19.262697295410138 ], [ -98.98462759296757, 19.262869262862392 ], [ -98.985934026448433, 19.263100521008429 ], [ -98.987429772092298, 19.263363394041413 ], [ -98.988447048896546, 19.263539295127003 ], [ -98.989187644620202, 19.263671709800541 ], [ -98.989869992438486, 19.263786338022488 ], [ -98.991084905009046, 19.26400174870637 ], [ -98.992062663260043, 19.264165774250191 ], [ -98.992736693705481, 19.264288293735085 ], [ -98.993000026131895, 19.26434223755799 ], [ -98.993786146052017, 19.264516993752562 ], [ -98.994073434138841, 19.262996664971915 ], [ -98.994826612814407, 19.258474772712379 ], [ -98.99553081153681, 19.254101077034317 ], [ -98.986384506400412, 19.251425059024271 ], [ -98.986413099053664, 19.251318137401483 ], [ -98.987189065650043, 19.247062716281928 ], [ -98.987126764750428, 19.247004742133715 ], [ -98.987895806961944, 19.242574862944021 ], [ -98.988719758863851, 19.238045812886785 ], [ -98.989546561762779, 19.233426175500362 ], [ -98.989643348725593, 19.233300387734555 ], [ -98.984911406418817, 19.231510983961169 ], [ -98.984226777255074, 19.231252780303464 ], [ -98.982199038266074, 19.230445885521451 ], [ -98.981992606682397, 19.230368918601965 ], [ -98.981770492062495, 19.230324217234649 ], [ -98.981834404849479, 19.230168020132343 ], [ -98.981582126575503, 19.230188588594473 ], [ -98.98098620640485, 19.23027022452219 ], [ -98.980756575794828, 19.230356692640449 ], [ -98.980629873098749, 19.230404403395482 ], [ -98.980256547952806, 19.23064618334703 ], [ -98.980162970892565, 19.230608663260199 ], [ -98.977218424377, 19.229427983213728 ], [ -98.978024725564055, 19.227400768589668 ], [ -98.975312630543442, 19.224428224551659 ], [ -98.974483779586308, 19.223519747182035 ], [ -98.973993097455491, 19.223356303387536 ], [ -98.973304959152031, 19.22312683260899 ], [ -98.971374459000714, 19.222478271906855 ], [ -98.971245021921632, 19.22232689123739 ], [ -98.97103590412695, 19.222241718126444 ], [ -98.9708350864274, 19.222394056152169 ], [ -98.970755075816598, 19.222472484994206 ], [ -98.970724105162859, 19.222499444233435 ], [ -98.970677655820907, 19.222496985843836 ], [ -98.970574445097114, 19.222438138097857 ], [ -98.970491881296752, 19.222364585142891 ], [ -98.970522862453308, 19.222278794745844 ], [ -98.970569328751267, 19.222185653044072 ], [ -98.970414505182831, 19.222143956346372 ], [ -98.970324191789047, 19.222116976648856 ], [ -98.970313874499709, 19.222087559829415 ], [ -98.97033194336008, 19.222060598569445 ], [ -98.970313886384773, 19.222021374844402 ], [ -98.970215840018199, 19.221947820156398 ], [ -98.970045540031279, 19.22186689892516 ], [ -98.9699123450293, 19.221823856043311 ], [ -98.96984959303677, 19.221815513181969 ], [ -98.969546333202402, 19.221739964020649 ], [ -98.969459854198462, 19.221986265796009 ], [ -98.969414367683342, 19.222190261855456 ], [ -98.969384355405097, 19.222317310070789 ], [ -98.969335043025524, 19.222342522681984 ], [ -98.969183327377863, 19.222338893986414 ], [ -98.969046748478064, 19.222522621637946 ], [ -98.968955694990413, 19.222652312854521 ], [ -98.968974108503602, 19.222671156380223 ], [ -98.969004993333826, 19.222702762013327 ], [ -98.96957589827656, 19.222831953402892 ], [ -98.970144934719954, 19.222960617631308 ], [ -98.970047930342588, 19.223319041257412 ], [ -98.96998758369871, 19.223573569796432 ], [ -98.96998755411407, 19.223736513488038 ], [ -98.969948727276275, 19.223889750904807 ], [ -98.969907857709984, 19.224042988878903 ], [ -98.969865685685647, 19.224331440658776 ], [ -98.969787293102314, 19.224487183933316 ], [ -98.969674946791045, 19.224657867712668 ], [ -98.969535613913251, 19.22479616750617 ], [ -98.969373301595667, 19.224949406797879 ], [ -98.969318776510832, 19.225000883203325 ], [ -98.969252127641724, 19.225226158836072 ], [ -98.969248014017879, 19.225383282588776 ], [ -98.969224750302658, 19.225668829094776 ], [ -98.970048937285327, 19.226330785472328 ], [ -98.970749658412799, 19.227005704355793 ], [ -98.971129845983214, 19.22740710300457 ], [ -98.97084087141333, 19.228878630647614 ], [ -98.970640098159407, 19.229323414231136 ], [ -98.970640079144218, 19.229430437636381 ], [ -98.970756235261689, 19.229631125785716 ], [ -98.970886473963461, 19.229841848580314 ], [ -98.971044879637191, 19.230055921400783 ], [ -98.971164575674734, 19.230149585535365 ], [ -98.971379332368315, 19.230283398923845 ], [ -98.971717322940407, 19.230413886368432 ], [ -98.972122956515619, 19.230521755507549 ], [ -98.971178037384533, 19.232855781217395 ], [ -98.969472746877983, 19.232311280975377 ], [ -98.968605554355364, 19.232172105733135 ], [ -98.967826732603342, 19.23178896131235 ], [ -98.966084843152359, 19.231240065189663 ], [ -98.965902504369197, 19.231183569812522 ], [ -98.965226599849174, 19.230974148748022 ], [ -98.964745462081339, 19.230823659898768 ], [ -98.963606310116319, 19.230467353977225 ], [ -98.962467162124184, 19.230111040963916 ], [ -98.962156978537124, 19.230013663584263 ], [ -98.960336677099761, 19.229442198665247 ], [ -98.959259649487421, 19.229102163723471 ], [ -98.957883888648283, 19.228672437637876 ], [ -98.956700742823543, 19.228295023130425 ], [ -98.956122930074812, 19.228113206464698 ], [ -98.954468106623992, 19.227592481632463 ], [ -98.952374205278986, 19.227067315520138 ], [ -98.949593940354418, 19.226217553568528 ], [ -98.945648117133757, 19.225125992256562 ], [ -98.945656691730463, 19.22475978599309 ], [ -98.947147223311589, 19.21977808915241 ], [ -98.948636807547558, 19.214921959934351 ], [ -98.950183382679228, 19.215557046063726 ], [ -98.950830859508258, 19.215753640439232 ], [ -98.951560644615384, 19.215854713765946 ], [ -98.952281582591809, 19.215650694910526 ], [ -98.952688268308165, 19.215314934453577 ], [ -98.953656968922829, 19.215297687243808 ], [ -98.955159872704428, 19.215306454242231 ], [ -98.955634807770295, 19.215560597823529 ], [ -98.955955196413299, 19.215767113568671 ], [ -98.956139329512865, 19.215879124782283 ], [ -98.956385869682919, 19.216027519268284 ], [ -98.956749964325596, 19.21606363525094 ], [ -98.956921835819145, 19.216067862795203 ], [ -98.957045796478383, 19.216070911312894 ], [ -98.957212704368885, 19.21597006777063 ], [ -98.957576853574395, 19.215790003980405 ], [ -98.957842389712923, 19.215617123283081 ], [ -98.957974191595468, 19.215505883290223 ], [ -98.958144078186493, 19.215355357875477 ], [ -98.958374787988973, 19.215102944098536 ], [ -98.958471546303301, 19.215051907942392 ], [ -98.958696174972246, 19.214933425920261 ], [ -98.959022342493711, 19.214845636826592 ], [ -98.959174651880716, 19.21480464249812 ], [ -98.959414706435425, 19.214714547923439 ], [ -98.95943623643582, 19.214706466862605 ], [ -98.95948174161488, 19.21468938797037 ], [ -98.95981024108481, 19.214628407651873 ], [ -98.960060199444811, 19.214526706669275 ], [ -98.960424416294302, 19.214411462997671 ], [ -98.960710076281103, 19.214316553263085 ], [ -98.961059977108093, 19.214343762959327 ], [ -98.961281330475245, 19.214411646042386 ], [ -98.961321345965715, 19.214415587600836 ], [ -98.96148841348996, 19.214432041163828 ], [ -98.961513961948441, 19.214427552195005 ], [ -98.96153951040553, 19.214423063222629 ], [ -98.961582344538598, 19.214272241282902 ], [ -98.961635462903274, 19.214185780953184 ], [ -98.961508952677718, 19.213669122677288 ], [ -98.963315734213481, 19.212911850051619 ], [ -98.96375110274866, 19.212729371532181 ], [ -98.964587450268866, 19.213065496872382 ], [ -98.964659778504213, 19.21278060169908 ], [ -98.96478992335247, 19.212488851833687 ], [ -98.964829675181065, 19.212464830624373 ], [ -98.964898341721067, 19.212409921237487 ], [ -98.964959781666849, 19.212351578009521 ], [ -98.965042921798656, 19.212197125338658 ], [ -98.965104413754901, 19.211891631484633 ], [ -98.965147825785962, 19.211647921585751 ], [ -98.965155074495755, 19.211541511189871 ], [ -98.965209320230471, 19.21132869703883 ], [ -98.965234645855347, 19.211177664809988 ], [ -98.965158812227031, 19.210954529548324 ], [ -98.965158828132999, 19.210879011483399 ], [ -98.965198596853014, 19.210772606351714 ], [ -98.96552032185096, 19.210117031545195 ], [ -98.965677557347078, 19.209849314902474 ], [ -98.965749831361009, 19.209815002268932 ], [ -98.965885349124079, 19.209729211255361 ], [ -98.965993766571259, 19.209643415115 ], [ -98.966078697901509, 19.209552465912953 ], [ -98.96617086049956, 19.20944092158993 ], [ -98.966230495146846, 19.209368846939455 ], [ -98.966302772332355, 19.209317371009085 ], [ -98.966574420550387, 19.208864908715519 ], [ -98.966597982338257, 19.208885383806059 ], [ -98.966621545083299, 19.208905858893708 ], [ -98.966645106883036, 19.208926333074363 ], [ -98.966668668688413, 19.208946808155687 ], [ -98.966910045102523, 19.207859182086615 ], [ -98.966914933074193, 19.207834616384481 ], [ -98.966930615903507, 19.207755790690221 ], [ -98.966936820223495, 19.207727733142004 ], [ -98.96699209723127, 19.207477758240646 ], [ -98.967060201770536, 19.207025468941996 ], [ -98.967068075644193, 19.206973172257136 ], [ -98.967097038562542, 19.206688268128534 ], [ -98.967207669647365, 19.206219828247818 ], [ -98.967224513181648, 19.206148506543574 ], [ -98.967237176718839, 19.206062692486793 ], [ -98.967262475908072, 19.206031803275291 ], [ -98.967266103532566, 19.205958002031263 ], [ -98.967305871066259, 19.20584473150971 ], [ -98.967323950271236, 19.205782947269473 ], [ -98.967342034608834, 19.205690269295854 ], [ -98.967336634460594, 19.205587288924903 ], [ -98.967370977874623, 19.205501478714702 ], [ -98.967392682944535, 19.205369325650164 ], [ -98.967430632597711, 19.205312693583359 ], [ -98.967470390354606, 19.205252629392898 ], [ -98.967493886581906, 19.20520285961971 ], [ -98.96751920283279, 19.20507928917046 ], [ -98.96758790239258, 19.204835582983801 ], [ -98.967533712034452, 19.204792665229487 ], [ -98.967663875024542, 19.204349876811872 ], [ -98.967783095234623, 19.204427132141099 ], [ -98.96779401298312, 19.204027230790626 ], [ -98.96776514535, 19.20383156507469 ], [ -98.967776000269495, 19.203754331732465 ], [ -98.967851882825173, 19.203726884654891 ], [ -98.967936803774919, 19.203668544483804 ], [ -98.968009079596968, 19.203608484944908 ], [ -98.968048834413977, 19.203560435049404 ], [ -98.968121110188505, 19.203495227713901 ], [ -98.968242170700492, 19.203399134161867 ], [ -98.968337928893675, 19.203352810112431 ], [ -98.968437298330556, 19.203320217286056 ], [ -98.968487884982906, 19.203308211553868 ], [ -98.968529440195681, 19.203291055602286 ], [ -98.968556543244773, 19.203270463822669 ], [ -98.968583649245645, 19.203229276513621 ], [ -98.968599928721304, 19.203122867427634 ], [ -98.968618028624974, 19.202947805389446 ], [ -98.968618053360061, 19.202817364648073 ], [ -98.968646970299957, 19.202752149673298 ], [ -98.968712028322116, 19.202645748905969 ], [ -98.966914532185314, 19.196777988289888 ], [ -98.972452566575498, 19.20193942054507 ], [ -98.972461742075154, 19.202233874997013 ], [ -98.972545040244867, 19.202418608294302 ], [ -98.97257270905564, 19.202613756170667 ], [ -98.972760563170482, 19.202806012412523 ], [ -98.972843643900262, 19.202939898826656 ], [ -98.972896346328241, 19.20305222179044 ], [ -98.972962837588199, 19.20319393215701 ], [ -98.973035080506833, 19.203317517761885 ], [ -98.973107324484403, 19.203441104240646 ], [ -98.973198566227509, 19.203573055852758 ], [ -98.97327349266277, 19.203681413588257 ], [ -98.973363797558406, 19.203837612551428 ], [ -98.973394501759074, 19.203887390055733 ], [ -98.97345049585256, 19.20394918655499 ], [ -98.973495652421647, 19.204002398570847 ], [ -98.973551651383531, 19.204040166173861 ], [ -98.973607654750722, 19.204050472458146 ], [ -98.973670885453132, 19.204052197767474 ], [ -98.973741345387594, 19.204033327661961 ], [ -98.973806388959943, 19.204000727008154 ], [ -98.973963582279097, 19.203878890658292 ], [ -98.974082828358945, 19.203813686732655 ], [ -98.974155093292396, 19.203803399622455 ], [ -98.974238320281486, 19.203833176293159 ], [ -98.974301416330505, 19.203880654539248 ], [ -98.974433278526618, 19.204004247932019 ], [ -98.974534428821514, 19.204132986524399 ], [ -98.974574166153133, 19.204181048865969 ], [ -98.974639197257176, 19.204229115602875 ], [ -98.974716874375076, 19.204273750720255 ], [ -98.974780099943374, 19.204309801821609 ], [ -98.974830678347971, 19.204351000724191 ], [ -98.974863184365276, 19.20443510530616 ], [ -98.9753437229583, 19.204195507303439 ], [ -98.975503958530084, 19.204195528781646 ], [ -98.975586134073438, 19.204172120003435 ], [ -98.975758685142083, 19.204242402114758 ], [ -98.975861407683425, 19.204191672900198 ], [ -98.976009317439136, 19.204191692313575 ], [ -98.976116143968511, 19.204172189811434 ], [ -98.976206539987899, 19.204125362086685 ], [ -98.976329801418487, 19.204101958302051 ], [ -98.976547552351818, 19.204137115892959 ], [ -98.976904992641039, 19.204195710613085 ], [ -98.977151501363338, 19.204250387555803 ], [ -98.977204906249113, 19.204301136970646 ], [ -98.977176115312687, 19.204523620903934 ], [ -98.977081573974559, 19.20483587228026 ], [ -98.976995253876439, 19.205116898313207 ], [ -98.976929471758211, 19.205433056485994 ], [ -98.976892452069507, 19.205733605094832 ], [ -98.976875991861007, 19.205917057608591 ], [ -98.976892414457453, 19.206002932038871 ], [ -98.977023884731892, 19.206049788031049 ], [ -98.977212882117186, 19.206053714908727 ], [ -98.977294553399759, 19.206098205727027 ], [ -98.977410883733683, 19.206188585892289 ], [ -98.977463652545239, 19.206248966389083 ], [ -98.977505354119188, 19.206399375111115 ], [ -98.977542302118778, 19.206619915009291 ], [ -98.97750941104799, 19.20677994581683 ], [ -98.977458037856096, 19.206885328302445 ], [ -98.977455975752534, 19.206945829475281 ], [ -98.977527869097969, 19.207004387631937 ], [ -98.977907911254661, 19.207084450789058 ], [ -98.978267410462934, 19.207156705050338 ], [ -98.978542681766029, 19.207234803248099 ], [ -98.978813844397635, 19.207314851749665 ], [ -98.979059615130865, 19.207304247390326 ], [ -98.979450110639391, 19.207377155375642 ], [ -98.97957808968485, 19.207415137043121 ], [ -98.979742216106956, 19.207463847399076 ], [ -98.979822516804518, 19.207533214410745 ], [ -98.979848059993458, 19.207606043057364 ], [ -98.979837093348053, 19.207730885625633 ], [ -98.979792062624711, 19.20787627567293 ], [ -98.979764057447255, 19.20796669439444 ], [ -98.979800550443201, 19.208053395882985 ], [ -98.979862599958466, 19.208112356912281 ], [ -98.97999401300072, 19.208126242931215 ], [ -98.980227634093097, 19.208160946901941 ], [ -98.980424749880143, 19.20820258294723 ], [ -98.98060726669668, 19.208230345606566 ], [ -98.98073138223144, 19.208213019382928 ], [ -98.980749627593084, 19.208268506916365 ], [ -98.980848188964202, 19.208268517240061 ], [ -98.980994199327654, 19.208313615911706 ], [ -98.9810708442795, 19.208431532244344 ], [ -98.981526966157332, 19.208551577546871 ], [ -98.98154538300021, 19.208556424395461 ], [ -98.981443806524197, 19.208999482060744 ], [ -98.981430422598109, 19.20905786011863 ], [ -98.981426128100068, 19.209068706467683 ], [ -98.98143955615889, 19.209100304667157 ], [ -98.981509685727744, 19.209265326205777 ], [ -98.981315412008058, 19.209921662529215 ], [ -98.981302647091923, 19.209964788080537 ], [ -98.981263538450094, 19.210140353394923 ], [ -98.981160890837558, 19.21060115761372 ], [ -98.981154558967773, 19.210758626899448 ], [ -98.981108762046347, 19.210893596026999 ], [ -98.981062965049972, 19.211028566044821 ], [ -98.98058289079826, 19.212384258603254 ], [ -98.980522948579363, 19.212526853691369 ], [ -98.979961160893851, 19.213918588892568 ], [ -98.97939165257408, 19.215329424698101 ], [ -98.979296008757998, 19.215312894318235 ], [ -98.977878789923054, 19.215102072428152 ], [ -98.977601560407805, 19.215915535228834 ], [ -98.977622529299893, 19.21592878130441 ], [ -98.978316765809907, 19.216367334958388 ], [ -98.979044581480252, 19.216977537623137 ], [ -98.979929367351247, 19.217858918544593 ], [ -98.980575118264866, 19.218557234030307 ], [ -98.981220873680925, 19.219255547191739 ], [ -98.981684672336058, 19.219825037005105 ], [ -98.982077109541663, 19.22040129855403 ], [ -98.982326856669687, 19.220645369731539 ], [ -98.982771934856643, 19.221234853919306 ], [ -98.984412692745508, 19.223536262727748 ], [ -98.985262393096065, 19.221799423125354 ], [ -98.988265957168437, 19.225848030950832 ], [ -98.988398553193448, 19.226026756153946 ], [ -98.990512944614892, 19.226379207014496 ], [ -98.991355899346701, 19.226519712610596 ], [ -98.991513904164421, 19.226546048841797 ], [ -98.991537558034636, 19.226549992077761 ], [ -98.992480706368397, 19.226707192907 ], [ -98.992598295136943, 19.22673946595971 ], [ -98.992950179955898, 19.226764669963103 ], [ -98.993499398491252, 19.226804006859201 ], [ -98.994010790973135, 19.226840634155145 ], [ -98.994308262516611, 19.226874328073784 ], [ -98.995280547857675, 19.226960926471008 ], [ -98.995324297752731, 19.226963339691981 ], [ -98.995801663755131, 19.227034976766792 ], [ -98.995903206138621, 19.226709915065918 ], [ -98.995923232571798, 19.226706456875462 ], [ -98.996027305504569, 19.226688484551079 ], [ -98.996373272343476, 19.226870670723478 ], [ -98.996553777559768, 19.226934973048866 ], [ -98.996701325586159, 19.22696336966764 ], [ -98.99672878438561, 19.226965873537424 ], [ -98.99740950999194, 19.227027932941159 ], [ -98.997429966583979, 19.227017328670012 ], [ -98.997812689232831, 19.226818936919475 ], [ -98.998559808409453, 19.226431648333733 ], [ -98.998582670990544, 19.226419796782043 ], [ -98.998689303391359, 19.226441816452898 ], [ -98.99889094867082, 19.2264834578991 ], [ -98.998993989568689, 19.226504736298619 ], [ -98.999239305861011, 19.226552241102134 ], [ -98.999366241469829, 19.226615504734568 ], [ -98.999554385715641, 19.226613023601416 ], [ -98.999702172893336, 19.226576085979964 ], [ -98.999734363391852, 19.226372236997076 ], [ -99.001919718314028, 19.226576076162122 ], [ -99.002069938855982, 19.22655568962308 ], [ -99.002220160364928, 19.226610047303897 ], [ -99.002356076217652, 19.226711970120107 ], [ -99.002481259683989, 19.22671196846709 ], [ -99.002506295644267, 19.226613441698497 ], [ -99.002592135266624, 19.226559080160072 ], [ -99.003102361380357, 19.226684232062208 ], [ -99.003145017341808, 19.226694694910037 ], [ -99.003243095437895, 19.22671875183137 ], [ -99.003314702290453, 19.226599032173503 ], [ -99.003332509324807, 19.226569260637682 ], [ -99.003658920380119, 19.226596612618099 ], [ -99.003903976916718, 19.226661332969403 ], [ -99.004375565332381, 19.226675026720695 ], [ -99.004451346575067, 19.226712257436905 ], [ -99.00449838238643, 19.226737077681253 ], [ -99.004613358874977, 19.226729628855288 ], [ -99.004723109084722, 19.226717214909566 ], [ -99.004739742399821, 19.226707266040091 ], [ -99.004793661993673, 19.226675016255843 ], [ -99.004871889603834, 19.226653927078164 ], [ -99.00494079012735, 19.226653173315608 ], [ -99.005214371409735, 19.226650182464926 ], [ -99.005670356133706, 19.226647683613951 ], [ -99.006854826028231, 19.226641185848457 ], [ -99.007035705246437, 19.226640193002673 ], [ -99.007297017074819, 19.226660039893758 ], [ -99.007430282891647, 19.226620320306484 ], [ -99.007500747284581, 19.226572547209546 ], [ -99.007574001384782, 19.226570670728925 ], [ -99.007699432778395, 19.226605415450567 ], [ -99.007839135598203, 19.226603098645459 ], [ -99.007953479427329, 19.226739774506438 ], [ -99.008060605000693, 19.226680409052292 ], [ -99.008161558613295, 19.226658485117866 ], [ -99.00823366800762, 19.226633823171436 ], [ -99.008323082777892, 19.226573541055874 ], [ -99.008452877387739, 19.226494077731946 ], [ -99.008457512928672, 19.226406002011736 ], [ -99.008550019541232, 19.226271250035424 ], [ -99.008617852622791, 19.226074008724144 ], [ -99.008747366848041, 19.225991983079489 ], [ -99.008952915366891, 19.225304567332451 ], [ -99.009030791843699, 19.225303900159712 ], [ -99.010342218905222, 19.225292655081962 ], [ -99.011145239647362, 19.225285764814899 ], [ -99.012625437405774, 19.225273054280173 ], [ -99.012513970028209, 19.225781767250488 ], [ -99.012318356726666, 19.226221940255357 ], [ -99.012112423833912, 19.226383345920368 ], [ -99.011880745051272, 19.226515409282598 ], [ -99.011693398503269, 19.226600172863982 ], [ -99.011664405072054, 19.226613503163765 ], [ -99.011571845836627, 19.226764853107976 ], [ -99.011458595629833, 19.227048518180961 ], [ -99.011468906737363, 19.227249035340961 ], [ -99.011546143083436, 19.227346842948258 ], [ -99.011582211560665, 19.227742985189533 ], [ -99.011281347316199, 19.228133161151085 ], [ -99.011257873958471, 19.228163601671042 ], [ -99.011180662548014, 19.228437483969799 ], [ -99.01108799917867, 19.228618443985333 ], [ -99.010933542128541, 19.228682031812564 ], [ -99.011038462318382, 19.228677185054732 ], [ -99.011138760753724, 19.228747123511148 ], [ -99.01128174330664, 19.228846824166517 ], [ -99.011423173622404, 19.228937415045039 ], [ -99.011607353191835, 19.228912410366021 ], [ -99.011873751535475, 19.228837414895459 ], [ -99.012133583625257, 19.228927996607197 ], [ -99.012649955735668, 19.229046677758653 ], [ -99.012850576600215, 19.228993554248238 ], [ -99.013011728458267, 19.228918564477667 ], [ -99.013146562920781, 19.228762349561329 ], [ -99.013287978861783, 19.228662367862082 ], [ -99.01352148840752, 19.228602992724944 ], [ -99.013679359033958, 19.228631097448066 ], [ -99.014067464869015, 19.228774777241139 ], [ -99.014320729231585, 19.22896220359527 ], [ -99.014481899829761, 19.229109024358472 ], [ -99.014603615079608, 19.229387060308504 ], [ -99.014419496090781, 19.230096246214956 ], [ -99.014393217215328, 19.230464893496361 ], [ -99.014307719899989, 19.230649221893749 ], [ -99.014212343461779, 19.23069921550827 ], [ -99.014038027434225, 19.230686731954471 ], [ -99.013916328753112, 19.230605514364896 ], [ -99.013847249063687, 19.230474307437419 ], [ -99.013603858237218, 19.230383726953384 ], [ -99.013426254043068, 19.230389987656032 ], [ -99.013307864370375, 19.230549325806614 ], [ -99.013228602253363, 19.230754571349426 ], [ -99.012906650021534, 19.231052336127295 ], [ -99.012745509543151, 19.231314771723227 ], [ -99.012442980524071, 19.232073950786408 ], [ -99.012387082808885, 19.232273896584882 ], [ -99.012311441161145, 19.232355128549457 ], [ -99.011949658564504, 19.232458248218183 ], [ -99.011798371085106, 19.232558229480883 ], [ -99.011828001427602, 19.232961236714932 ], [ -99.011808284786241, 19.233204918557828 ], [ -99.01174909274485, 19.233348631486152 ], [ -99.01179185971769, 19.233482965109328 ], [ -99.011860936513315, 19.233592303932056 ], [ -99.011910288764071, 19.233820360038894 ], [ -99.011706412398155, 19.234435822136557 ], [ -99.011680111254776, 19.2345982775044 ], [ -99.011653722832591, 19.234684164837176 ], [ -99.011555653644649, 19.234777327336101 ], [ -99.011466237138507, 19.234845830543058 ], [ -99.011316249027104, 19.234991055513319 ], [ -99.011163375838308, 19.235122579752538 ], [ -99.011068194075122, 19.235262320853053 ], [ -99.010964358570604, 19.235402062420455 ], [ -99.010946583008078, 19.23546961845858 ], [ -99.010938404360957, 19.235500700561687 ], [ -99.010935525319482, 19.235588377600255 ], [ -99.010943293242164, 19.235604975325312 ], [ -99.010993225711246, 19.235711669426479 ], [ -99.011082658690995, 19.235878798198449 ], [ -99.011146125463213, 19.235963731956321 ], [ -99.011278828526628, 19.236141817709029 ], [ -99.011336522775437, 19.236182911968172 ], [ -99.011457678037701, 19.236207564023498 ], [ -99.011578832384558, 19.236232215094862 ], [ -99.01167691212386, 19.236289746720253 ], [ -99.011688454293818, 19.236341804429479 ], [ -99.011671150712971, 19.236393863978741 ], [ -99.011639423954904, 19.236448663695807 ], [ -99.011552893748942, 19.236563745785755 ], [ -99.011434631992628, 19.23665416931841 ], [ -99.011350985274404, 19.236752811098736 ], [ -99.011215422264584, 19.236950092600672 ], [ -99.011137547412787, 19.237084353240956 ], [ -99.011126013484912, 19.237152851510707 ], [ -99.011082753181284, 19.237287109114209 ], [ -99.011022183241082, 19.237388489495036 ], [ -99.012324485568499, 19.237737682314616 ], [ -99.012700266895379, 19.237408161953844 ], [ -99.013268777392526, 19.237206763568494 ], [ -99.01339401470517, 19.236822342763737 ], [ -99.013808338818535, 19.236538580228238 ], [ -99.014299771999106, 19.236501932684206 ], [ -99.014964696384069, 19.236959510879107 ], [ -99.014964759405686, 19.237655111869504 ], [ -99.014203619458172, 19.238918236837161 ], [ -99.013962730471519, 19.239083002681124 ], [ -99.01341349121563, 19.239339317842582 ], [ -99.013635148796212, 19.239659643848697 ], [ -99.013180505700575, 19.23984858787853 ], [ -99.013197267812231, 19.239880423801008 ], [ -99.013067407606442, 19.240184870471776 ], [ -99.012960684185458, 19.240425636628967 ], [ -99.012948026595311, 19.240560949837324 ], [ -99.013057164501362, 19.240626592830601 ], [ -99.013121921350219, 19.240757679116978 ], [ -99.01327705824572, 19.240936990808766 ], [ -99.013417406120908, 19.240785756031222 ], [ -99.013507481607945, 19.24070615839662 ], [ -99.013631077648796, 19.240654414354868 ], [ -99.013746618826431, 19.24057530182203 ], [ -99.014041683684482, 19.240658362507759 ], [ -99.014363631119494, 19.240813995847152 ], [ -99.014458598759774, 19.240940880485415 ], [ -99.014636669135555, 19.240956784896778 ], [ -99.014751898032983, 19.241038357604552 ], [ -99.015103835219151, 19.240922920677701 ], [ -99.015377816085504, 19.241025348197812 ], [ -99.015335998918871, 19.241212159393022 ], [ -99.015052302092514, 19.241851707150889 ], [ -99.014946542528378, 19.242377040081021 ], [ -99.014932123394615, 19.242482106107012 ], [ -99.014667641791547, 19.242911521928658 ], [ -99.014624781148697, 19.242987593551995 ], [ -99.014520171407824, 19.243173258157359 ], [ -99.014258319285943, 19.243721261618088 ], [ -99.014258227005826, 19.243721455026638 ], [ -99.014234864901354, 19.24377034671943 ], [ -99.013999279052101, 19.244706811490925 ], [ -99.01391273795015, 19.24506312479685 ], [ -99.013840594357035, 19.245049425884908 ], [ -99.013268248135148, 19.24488958682775 ], [ -99.01258528343449, 19.244720617663596 ], [ -99.01249392648154, 19.245026682435146 ], [ -99.012691555212484, 19.245134119542257 ], [ -99.012332916508925, 19.246488462961779 ], [ -99.011975157811506, 19.246360594237586 ], [ -99.011654612015633, 19.246246024659914 ], [ -99.011296427980326, 19.246088827221758 ], [ -99.011071890171124, 19.246156585625776 ], [ -99.010983399407991, 19.246033222613679 ], [ -99.01083187548268, 19.245903897681558 ], [ -99.010340810896068, 19.245888737757987 ], [ -99.010526798895185, 19.24552826415535 ], [ -99.010532261613818, 19.24551364938899 ], [ -99.010606934844816, 19.245313875066934 ], [ -99.010637911550234, 19.245090513715581 ], [ -99.0105230527939, 19.244946808707283 ], [ -99.010391241933888, 19.244893400417215 ], [ -99.010373392041799, 19.244888283524418 ], [ -99.010226244223489, 19.245150159918214 ], [ -99.009819873690645, 19.245721186020077 ], [ -99.009620296870935, 19.246045527006061 ], [ -99.009408700133775, 19.246463512568702 ], [ -99.009180274745631, 19.246988848177924 ], [ -99.009048035896484, 19.24742966961287 ], [ -99.009026411889309, 19.247788261048278 ], [ -99.00886771575351, 19.248165131061644 ], [ -99.008790775301335, 19.248416376569566 ], [ -99.008862929881403, 19.248615082939811 ], [ -99.009009632101112, 19.248774956253921 ], [ -99.008920669967168, 19.249065030854517 ], [ -99.00890383828937, 19.249103859233642 ], [ -99.008939013830215, 19.249117554664775 ], [ -99.009144325450379, 19.249197492436878 ], [ -99.009137115892145, 19.249288853193917 ], [ -99.008940285985133, 19.249643481256076 ], [ -99.008716092215252, 19.250047406924995 ], [ -99.008485986183359, 19.249856718708848 ], [ -99.008377474585757, 19.249766793944513 ], [ -99.008373865210686, 19.249763802716863 ], [ -99.008339749818916, 19.249735531545351 ], [ -99.008035532494375, 19.249487064336176 ], [ -99.007852387326025, 19.249367172556763 ], [ -99.007590989342006, 19.249291155209967 ], [ -99.007460648034339, 19.249238483133293 ], [ -99.007330305858304, 19.249185810963478 ], [ -99.00640758332527, 19.248580257483457 ], [ -99.005532667228096, 19.248006068640176 ], [ -99.005255347009538, 19.247824067239701 ], [ -99.004978601190146, 19.247642442260968 ], [ -99.004850469141516, 19.247574816709431 ], [ -99.004795231639577, 19.247545663374297 ], [ -99.00473999415712, 19.247516510022379 ], [ -99.004036012577487, 19.248745033439782 ], [ -99.00339169043572, 19.250304478652346 ], [ -99.003114634209652, 19.251030749418216 ], [ -99.002904863386348, 19.251551125910648 ], [ -99.002386557582469, 19.251595311118407 ], [ -99.002160263779956, 19.251614601632401 ], [ -99.001822798981252, 19.251608740007711 ], [ -99.001236758216734, 19.252589698303577 ], [ -99.000290693449216, 19.254173260980082 ], [ -98.999608948010675, 19.255314372633215 ], [ -99.000735125971715, 19.255655612472548 ], [ -99.000967864415159, 19.255726133205236 ], [ -99.000340803301583, 19.256924007601182 ], [ -99.000382186043637, 19.256927195022275 ], [ -99.003148649840341, 19.257832326910663 ], [ -99.003277596526686, 19.257873033761577 ], [ -99.004103477271713, 19.258133753356226 ], [ -99.004337631876794, 19.258204578830334 ], [ -99.004608210421154, 19.258289405687773 ], [ -99.004781658765936, 19.258344583797516 ], [ -99.005086059758426, 19.258438468181428 ], [ -99.005354037452832, 19.258524940625701 ], [ -99.005405204477128, 19.258540176231328 ], [ -99.006421614983665, 19.258856412820176 ], [ -99.006637651122603, 19.258924886246849 ], [ -99.006747699527324, 19.258959765802661 ], [ -99.008611629623402, 19.259538046998845 ], [ -99.009770586626431, 19.259897600785958 ], [ -99.009810695692096, 19.259910023298609 ], [ -99.009632562826141, 19.260372204248451 ], [ -99.011478014466931, 19.260889972301662 ], [ -99.011870872339188, 19.260980244702502 ], [ -99.011939494496474, 19.260735741613018 ], [ -99.013272951321312, 19.261060629344701 ], [ -99.013197196464418, 19.2613253718587 ], [ -99.013560413642267, 19.262088916743711 ], [ -99.013594770204534, 19.262161139513172 ], [ -99.013520481701747, 19.262389750382649 ], [ -99.013417536343866, 19.26270654963843 ], [ -99.013358978995015, 19.262927632000647 ], [ -99.014360237375527, 19.263246404691021 ], [ -99.014990455780477, 19.263447045549945 ], [ -99.015124582005271, 19.26286656416444 ], [ -99.015696582944869, 19.263043828483188 ], [ -99.015871804050917, 19.262443658572121 ], [ -99.016345457429111, 19.260935252825927 ], [ -99.016649362350122, 19.259952176259407 ], [ -99.016656728678342, 19.259951552909744 ], [ -99.017540332096686, 19.260255829266171 ], [ -99.018796841024837, 19.26075470161517 ], [ -99.019733513110808, 19.261101731515012 ], [ -99.020281765001855, 19.260928106805782 ], [ -99.02032176597092, 19.260935225667296 ], [ -99.021012810518357, 19.261058197598562 ], [ -99.022314999581013, 19.261361780492756 ], [ -99.024155533753529, 19.261815541879631 ], [ -99.025833224734171, 19.262229137324066 ], [ -99.0261301739137, 19.26201213993275 ], [ -99.026278761290214, 19.261968323266434 ], [ -99.026741368633338, 19.261831904917017 ], [ -99.026792641256847, 19.261816785025477 ], [ -99.026860689429583, 19.261833586467489 ], [ -99.026938897500528, 19.261852896985385 ], [ -99.028629036991035, 19.262270212759905 ], [ -99.029514939640393, 19.262488944866128 ], [ -99.029602676391562, 19.262510606954525 ], [ -99.030146084912175, 19.263026496521892 ], [ -99.030242445136409, 19.263117976423192 ], [ -99.03053545897842, 19.264422585001796 ], [ -99.030539674380876, 19.264441352318954 ], [ -99.032550493853392, 19.266697335719712 ], [ -99.032642188681692, 19.266778704980997 ], [ -99.033601576127111, 19.267630051583737 ], [ -99.033616603159444, 19.26764629720234 ], [ -99.033837269670542, 19.267884866122071 ], [ -99.034113581069249, 19.268183593738534 ], [ -99.034424203664472, 19.268519413082512 ], [ -99.034482660670662, 19.268603968829339 ], [ -99.035537274093087, 19.270129409009773 ], [ -99.035863937184601, 19.270601901920354 ], [ -99.036837698286931, 19.27139232244124 ], [ -99.037059577572705, 19.271572424060714 ], [ -99.037208469151892, 19.271687428394593 ], [ -99.037421172648081, 19.271718442966304 ] ] ] } },
{ "type": "Feature", "properties": { "alcaldia_norm": "TLALPAN", "alcaldia": "TLALPAN", "cve_col": "12-062", "colonia": "ISSSFAM No. 1-VILLA TLALPAN", "pob_2010": 2219.0, "SUP_COL_M2": 187248.0, "VIV2010": 556, "DENVIVHa": 29.6932, "SUPMNZHa": 18.7248, "C_DENVIVHa": 2 }, "geometry": { "type": "MultiPolygon", "coordinates": [ [ [ [ -99.229479203459221, 19.231895180146164 ], [ -99.229672496543373, 19.232133757470155 ], [ -99.229688558585067, 19.232152789069207 ], [ -99.229925464406605, 19.232318837778422 ], [ -99.230809223925633, 19.233323641904818 ], [ -99.231122086412256, 19.233588105426605 ], [ -99.233218580468161, 19.235861838192324 ], [ -99.235605650729241, 19.23473536155403 ], [ -99.235697722242392, 19.234250630795003 ], [ -99.240742240847922, 19.234206092727955 ], [ -99.241087291034901, 19.234130701578923 ], [ -99.242605469699626, 19.233772743296417 ], [ -99.242625303266308, 19.233847654173356 ], [ -99.243443670843035, 19.233743529050699 ], [ -99.243050926232812, 19.234914948836671 ], [ -99.243569512317762, 19.235882656786234 ], [ -99.244152747178504, 19.236592859532255 ], [ -99.244346070787287, 19.237114511728276 ], [ -99.244622467176711, 19.237292118630894 ], [ -99.244790451847678, 19.237516706356644 ], [ -99.245273935320299, 19.237684667993385 ], [ -99.245688330049006, 19.237815252968055 ], [ -99.246053514045173, 19.238011473901903 ], [ -99.246389252586454, 19.238301404427506 ], [ -99.246991839836667, 19.238975029026076 ], [ -99.247061364720864, 19.239302786235172 ], [ -99.246825264617115, 19.239696525579372 ], [ -99.24634213698134, 19.239772114349353 ], [ -99.245917929561614, 19.239679012212747 ], [ -99.245611928510968, 19.239492079837035 ], [ -99.245365294535517, 19.239436207978152 ], [ -99.244911489305665, 19.239333776813623 ], [ -99.24472415321074, 19.239362128193243 ], [ -99.244665091699389, 19.239437145143938 ], [ -99.244300668244961, 19.239756115647065 ], [ -99.244212408850089, 19.24009345171314 ], [ -99.244104674025849, 19.240599422388726 ], [ -99.243907916907972, 19.240927535689014 ], [ -99.243869118337301, 19.241367844484927 ], [ -99.243117170056905, 19.241867891834787 ], [ -99.242488934030618, 19.242266897880896 ], [ -99.242332276525033, 19.242640392701905 ], [ -99.242595419435901, 19.243411504107222 ], [ -99.242962710451408, 19.243734531728101 ], [ -99.24238734525764, 19.244456982921736 ], [ -99.242755589584434, 19.245427040965904 ], [ -99.241804903016686, 19.246035434404597 ], [ -99.242233789804601, 19.246944907030564 ], [ -99.242328389019988, 19.247361364322998 ], [ -99.238320031785292, 19.248616377888819 ], [ -99.233591827204847, 19.249257813508194 ], [ -99.23324062829424, 19.249328503650126 ], [ -99.232935603346704, 19.249364013271975 ], [ -99.232855325381237, 19.249597819441053 ], [ -99.232705006980396, 19.249733078863638 ], [ -99.232206286820514, 19.250084923175717 ], [ -99.231883017516751, 19.250296059577007 ], [ -99.231726053988695, 19.250436742722421 ], [ -99.23166150155977, 19.250550968402933 ], [ -99.231522953191572, 19.250638946448372 ], [ -99.231541590486742, 19.250744286083481 ], [ -99.231671103230809, 19.250805584474669 ], [ -99.231902284173898, 19.250849193408676 ], [ -99.231994818102351, 19.250910537528476 ], [ -99.232087537302789, 19.25110358583153 ], [ -99.232281875618725, 19.25124382440195 ], [ -99.232513168656112, 19.251366454364881 ], [ -99.232661196569182, 19.251445288143536 ], [ -99.232892775140542, 19.251769863839638 ], [ -99.23289951737712, 19.251857860359454 ], [ -99.232791453362125, 19.252033401679821 ], [ -99.232699587039534, 19.252446191504312 ], [ -99.232621092272353, 19.252507752732519 ], [ -99.232302305511993, 19.252622301684706 ], [ -99.232177642294104, 19.252723432761208 ], [ -99.232062365300663, 19.252925525583024 ], [ -99.231975476347429, 19.25359293685846 ], [ -99.231910836507268, 19.253645700400128 ], [ -99.231638579281807, 19.2539796953943 ], [ -99.231398820584189, 19.254414622600574 ], [ -99.231288570323088, 19.254906457737246 ], [ -99.228445369999818, 19.254646621404312 ], [ -99.226915096525147, 19.254481701297134 ], [ -99.225966789501143, 19.253973618664844 ], [ -99.225445816680022, 19.251590415845158 ], [ -99.22654491777358, 19.250838343581101 ], [ -99.22701133232701, 19.25051289594558 ], [ -99.227903854428675, 19.249828364998631 ], [ -99.227067795426649, 19.248976131552936 ], [ -99.226696528032193, 19.248844425535335 ], [ -99.225994140435688, 19.248471997870549 ], [ -99.223842992681867, 19.246611253468586 ], [ -99.227414909951605, 19.245495023115996 ], [ -99.228201745410686, 19.245313685437633 ], [ -99.229331544012425, 19.245126587416422 ], [ -99.229165923462489, 19.244962949731939 ], [ -99.228672562041737, 19.244429802361605 ], [ -99.228014252776617, 19.244216104969073 ], [ -99.227445040001484, 19.24412897791656 ], [ -99.22628370807972, 19.244108459266464 ], [ -99.225647082838051, 19.244143027922487 ], [ -99.224879006901688, 19.244289237569326 ], [ -99.224905835282073, 19.244400687151099 ], [ -99.22472972336368, 19.244365431718368 ], [ -99.224578200460201, 19.244102113577984 ], [ -99.224399989164581, 19.243830382580558 ], [ -99.223679074598053, 19.24334479664887 ], [ -99.222862340862022, 19.243014723395213 ], [ -99.222478177415439, 19.242993232593044 ], [ -99.22212413706724, 19.242890625449565 ], [ -99.221761352829475, 19.242897821705714 ], [ -99.221160336375121, 19.242959357908731 ], [ -99.221058419902164, 19.242550711530306 ], [ -99.221166811795612, 19.2424830152199 ], [ -99.2213461506838, 19.242275035956467 ], [ -99.221931276162891, 19.242299664683504 ], [ -99.222112578537946, 19.242230190310423 ], [ -99.222558501672381, 19.241893511800924 ], [ -99.222885661069014, 19.241845818325029 ], [ -99.223205567617782, 19.241695095966296 ], [ -99.223580770078499, 19.241667611730577 ], [ -99.223747647484515, 19.241452888994623 ], [ -99.224352208150535, 19.241386272731791 ], [ -99.22444823582768, 19.241382776832225 ], [ -99.224640259949979, 19.241352136770669 ], [ -99.224917602479763, 19.24128929900359 ], [ -99.225139853552207, 19.241255243098092 ], [ -99.225529268464598, 19.241217602864012 ], [ -99.225755088478792, 19.241191987260642 ], [ -99.225779318696368, 19.240906282637777 ], [ -99.225864767569178, 19.240637875964907 ], [ -99.225969361980432, 19.239989068894975 ], [ -99.225909961412469, 19.239695369026535 ], [ -99.225671562464711, 19.239242267775303 ], [ -99.225628124087436, 19.23868969538551 ], [ -99.225618618068324, 19.23839034424163 ], [ -99.224433962013748, 19.23837392351134 ], [ -99.222215618308596, 19.238135232567135 ], [ -99.220555139039845, 19.237936598515475 ], [ -99.220530339185188, 19.236666940523975 ], [ -99.220117264163434, 19.236291234096207 ], [ -99.219787001740855, 19.236138014003956 ], [ -99.219492954169311, 19.23591578005842 ], [ -99.219063837640803, 19.235884943238457 ], [ -99.218228670349347, 19.236020569871616 ], [ -99.218213834270799, 19.235845623436923 ], [ -99.218070551275218, 19.235554216799454 ], [ -99.217809049603545, 19.235457380501032 ], [ -99.217772806603193, 19.235198308599365 ], [ -99.217721842822328, 19.2350923216007 ], [ -99.217164108862974, 19.235079715235802 ], [ -99.216697018904682, 19.235174029895227 ], [ -99.216074918788038, 19.235490413616382 ], [ -99.215600985013097, 19.235549698261792 ], [ -99.215539669055673, 19.235941280744768 ], [ -99.214938227282175, 19.236037220340354 ], [ -99.214797228879036, 19.235550642952575 ], [ -99.214364284970699, 19.235433697522282 ], [ -99.211582102629521, 19.235476084654298 ], [ -99.210262046512582, 19.234635858505357 ], [ -99.209417075616486, 19.234636826864655 ], [ -99.208698359297017, 19.233653562198203 ], [ -99.208069502261282, 19.233122852844723 ], [ -99.207773165038617, 19.233092356395304 ], [ -99.207488554860603, 19.233119716332126 ], [ -99.207230469729552, 19.233453304671404 ], [ -99.207011399071064, 19.233885075245649 ], [ -99.206283298040987, 19.234502693852122 ], [ -99.205760046164869, 19.234673215726797 ], [ -99.20558809512282, 19.234937750397584 ], [ -99.205164483416667, 19.23530956186184 ], [ -99.204760552691369, 19.235524005427315 ], [ -99.204535559201148, 19.235763422002844 ], [ -99.204350049433188, 19.235782511003681 ], [ -99.204283818864255, 19.235807760422801 ], [ -99.204230703267854, 19.235864579127266 ], [ -99.203762956429699, 19.236057639574916 ], [ -99.203030739973968, 19.235978978924535 ], [ -99.202067991647155, 19.235542936085608 ], [ -99.201168652699735, 19.235878051234572 ], [ -99.201106215901945, 19.235901628841297 ], [ -99.201107014155383, 19.236557288463313 ], [ -99.201358608473399, 19.23703385638942 ], [ -99.201442812811678, 19.237470871607261 ], [ -99.201212934342706, 19.237649941282939 ], [ -99.200626895527776, 19.237372424729021 ], [ -99.200355252368666, 19.237611144427738 ], [ -99.200334744874652, 19.237948931899382 ], [ -99.200167786703929, 19.238267010798815 ], [ -99.198766975362133, 19.238844724295792 ], [ -99.197427436675127, 19.23819051245054 ], [ -99.196695639428739, 19.238469459896461 ], [ -99.195942332126023, 19.238251713310174 ], [ -99.19560816223283, 19.238689178576855 ], [ -99.195273591218367, 19.238788878586465 ], [ -99.194478395494357, 19.23800154263661 ], [ -99.193527288018657, 19.236935070357241 ], [ -99.193062007740423, 19.236413346411542 ], [ -99.192955614866165, 19.236312514274619 ], [ -99.192907850084495, 19.236694438706767 ], [ -99.192899285274564, 19.237128141436397 ], [ -99.192951123172321, 19.237498592715003 ], [ -99.193744038901073, 19.24064849218605 ], [ -99.193916779128472, 19.240969988613344 ], [ -99.194113642345783, 19.241234016610715 ], [ -99.194507057003335, 19.241494963544056 ], [ -99.195081809710217, 19.241672424983587 ], [ -99.195671645491046, 19.241818274611024 ], [ -99.195859202468355, 19.241881260857614 ], [ -99.196074043485439, 19.242001660347231 ], [ -99.196216294082248, 19.242107776971174 ], [ -99.196340465606795, 19.242268483446445 ], [ -99.196467722754022, 19.242480885002518 ], [ -99.1965465845784, 19.242681850085962 ], [ -99.196598247849877, 19.242897204782999 ], [ -99.196601627380844, 19.243195903671474 ], [ -99.196393043984216, 19.24325357025095 ], [ -99.196278168635516, 19.243282415253574 ], [ -99.196133056855246, 19.243314163771171 ], [ -99.196030201943131, 19.243279808909655 ], [ -99.195914427887587, 19.243231330605166 ], [ -99.195778903683276, 19.243214315391278 ], [ -99.195646206197395, 19.243317557812674 ], [ -99.195495131503066, 19.243421116194444 ], [ -99.195386375022281, 19.243510267940593 ], [ -99.195271587627431, 19.243613787397607 ], [ -99.195156779720492, 19.243700074279765 ], [ -99.195035900156313, 19.243766262044243 ], [ -99.195006039532586, 19.243817526009 ], [ -99.194811699822566, 19.243911468932776 ], [ -99.194785149416546, 19.243967578809745 ], [ -99.194833627621307, 19.244047947465411 ], [ -99.194876020783497, 19.244096728721594 ], [ -99.194990991925494, 19.244148304746428 ], [ -99.195096860889805, 19.244174040711417 ], [ -99.195178541119887, 19.244202675402402 ], [ -99.195260222328429, 19.244231309151871 ], [ -99.195378329742823, 19.244377662270907 ], [ -99.195499597308995, 19.244638897226888 ], [ -99.195560314585592, 19.244839882070021 ], [ -99.195497216167709, 19.245181734159679 ], [ -99.195428120640216, 19.245566673923435 ], [ -99.195392009330163, 19.245716063706102 ], [ -99.195347828731386, 19.246712742104609 ], [ -99.195215553428795, 19.247211800272478 ], [ -99.195182625999593, 19.247657851053834 ], [ -99.194663731744072, 19.248706734174377 ], [ -99.194542851717586, 19.248775793693341 ], [ -99.194452268974842, 19.248893647304275 ], [ -99.194809542482545, 19.249263772693904 ], [ -99.195369981154357, 19.250098967438547 ], [ -99.195545900581635, 19.250541087890671 ], [ -99.195461454079094, 19.25073361144571 ], [ -99.195488871930323, 19.250903037891149 ], [ -99.195628101499864, 19.251006285955281 ], [ -99.195640674246121, 19.251408371647315 ], [ -99.195574311330759, 19.251549177469105 ], [ -99.195522949403042, 19.251589441552273 ], [ -99.195456453658252, 19.251618234352698 ], [ -99.195305191159051, 19.251569569531078 ], [ -99.195138839132994, 19.251546769442488 ], [ -99.194742612578821, 19.251486876910668 ], [ -99.194627646540113, 19.251443917059795 ], [ -99.194575715315892, 19.251303329592265 ], [ -99.194594001936295, 19.251122273885915 ], [ -99.194575495463042, 19.250814975022578 ], [ -99.194545095169389, 19.250680017530357 ], [ -99.194445223723932, 19.250614063919738 ], [ -99.194333326351952, 19.250608438627495 ], [ -99.194191306120644, 19.250703370035442 ], [ -99.194136702561451, 19.250824043815882 ], [ -99.19382897013962, 19.251174784361158 ], [ -99.19375356738523, 19.251344319966055 ], [ -99.193720568402497, 19.251571254158019 ], [ -99.193793379891432, 19.251769354541807 ], [ -99.193758967156839, 19.251897651548315 ], [ -99.193747448241226, 19.252053000348933 ], [ -99.193886436024997, 19.252350647115126 ], [ -99.193813832276589, 19.252588228650986 ], [ -99.19345748804362, 19.253114982662829 ], [ -99.193442773946515, 19.253384431034519 ], [ -99.193475634518336, 19.253564761935269 ], [ -99.193480334005585, 19.253622943338382 ], [ -99.193922337111644, 19.253729449209921 ], [ -99.194216903492475, 19.253712679639733 ], [ -99.194684647874993, 19.253605207737742 ], [ -99.194953210322481, 19.253580235201504 ], [ -99.195083213969866, 19.253613011721175 ], [ -99.195317353166388, 19.25378556684727 ], [ -99.195542828833268, 19.253958130926911 ], [ -99.196019501894497, 19.254072824101819 ], [ -99.196825398616454, 19.254170704123034 ], [ -99.197198041931273, 19.25423613391823 ], [ -99.197796203693898, 19.254507038362039 ], [ -99.198108425111016, 19.254761793605418 ], [ -99.198238676491641, 19.255000287584728 ], [ -99.198568684166318, 19.255633546692842 ], [ -99.200166631610358, 19.258684688866335 ], [ -99.200271296457856, 19.258900898647088 ], [ -99.197267722391246, 19.261924628601864 ], [ -99.196199564579757, 19.261024244029805 ], [ -99.196061099261271, 19.261123100677665 ], [ -99.195832845442439, 19.261465533265255 ], [ -99.195734199893565, 19.261496351525366 ], [ -99.192615730270447, 19.259856143558267 ], [ -99.192346948060589, 19.25510635727132 ], [ -99.192313842149602, 19.255073170611428 ], [ -99.192079673866843, 19.255083809636172 ], [ -99.191922114496847, 19.255100603809112 ], [ -99.191733310897746, 19.255116425637283 ], [ -99.191580772286684, 19.255169554526148 ], [ -99.191333392547293, 19.255111612598185 ], [ -99.191265806760214, 19.255008853071647 ], [ -99.191156650993335, 19.254971325505494 ], [ -99.191054950176181, 19.254921702570865 ], [ -99.190967651424558, 19.254899980158527 ], [ -99.190864006904022, 19.255002777543428 ], [ -99.190808071739255, 19.255062275751239 ], [ -99.190775357798941, 19.25516208181811 ], [ -99.190729463140102, 19.255224495839297 ], [ -99.190629096107173, 19.255274282634744 ], [ -99.190469085696762, 19.255276723112658 ], [ -99.190366187822477, 19.255247729803266 ], [ -99.190288813757959, 19.255255570715374 ], [ -99.190086279324348, 19.255449643364773 ], [ -99.189985684908706, 19.255520419396891 ], [ -99.18980851811844, 19.255616218052634 ], [ -99.189607273821707, 19.255709962893839 ], [ -99.189390599140481, 19.255708108744567 ], [ -99.189145436553176, 19.255675104779513 ], [ -99.188950650576558, 19.255675306076533 ], [ -99.18879964429064, 19.255681697791164 ], [ -99.188501948620242, 19.255642512272768 ], [ -99.188335554567814, 19.255590718626049 ], [ -99.188278689170644, 19.255624034781142 ], [ -99.188140894294904, 19.255701083891445 ], [ -99.187968037182202, 19.255738676409809 ], [ -99.187712019166383, 19.255782589017844 ], [ -99.187442851292744, 19.255809886836762 ], [ -99.187127717376384, 19.255833074083764 ], [ -99.186744765000199, 19.255881272344944 ], [ -99.186470124399079, 19.255833755518655 ], [ -99.186292122958591, 19.25583128620773 ], [ -99.186064603436108, 19.255880475153184 ], [ -99.185974287404804, 19.255890879567733 ], [ -99.185884894686041, 19.255919280976165 ], [ -99.185210459223768, 19.256200487679791 ], [ -99.184657865921906, 19.256394067063049 ], [ -99.184352312090382, 19.256983731932618 ], [ -99.184313034126831, 19.257119762644713 ], [ -99.184301023036838, 19.25716136213504 ], [ -99.184620990904506, 19.257343765688667 ], [ -99.184688872655499, 19.25746465638575 ], [ -99.184811139622639, 19.257752777025456 ], [ -99.185020178461585, 19.258089708456623 ], [ -99.185104403459576, 19.258285217781729 ], [ -99.185161620618814, 19.258560535623641 ], [ -99.185275920662988, 19.258992786012829 ], [ -99.185355388454568, 19.258876631914926 ], [ -99.185869443486652, 19.258125260912866 ], [ -99.186038854175905, 19.257877639385143 ], [ -99.186770863287919, 19.258180579701015 ], [ -99.186813130662728, 19.258212927463379 ], [ -99.187028194648519, 19.258301170222943 ], [ -99.187138449077338, 19.25834640890664 ], [ -99.187162115187789, 19.258354769586578 ], [ -99.18718578129959, 19.258363129359701 ], [ -99.187233113531349, 19.258379849800424 ], [ -99.187593385763762, 19.258520970102669 ], [ -99.187626759665747, 19.258526444162896 ], [ -99.187660133569878, 19.258531918217002 ], [ -99.188122385679549, 19.258711838792028 ], [ -99.188030943229165, 19.258817227490454 ], [ -99.188051608188758, 19.258947534496329 ], [ -99.188374352300826, 19.259156183068647 ], [ -99.188410137397327, 19.25917721689185 ], [ -99.188445922502922, 19.259198250707943 ], [ -99.188770679788547, 19.259402350685136 ], [ -99.1888353519345, 19.259403584407732 ], [ -99.188974969534797, 19.259501437174265 ], [ -99.189064674112998, 19.259616894760679 ], [ -99.189250012318155, 19.259855438448284 ], [ -99.189289424247775, 19.259891410766919 ], [ -99.18931874365218, 19.259918400415174 ], [ -99.189122986021999, 19.260249113913698 ], [ -99.188952947782596, 19.260764380307052 ], [ -99.188888887064806, 19.260738284135389 ], [ -99.188625405732466, 19.260648232760516 ], [ -99.188551821231343, 19.260642777752814 ], [ -99.188180080712002, 19.260555235832758 ], [ -99.188121006170618, 19.260612194216002 ], [ -99.188054121768062, 19.260676683335326 ], [ -99.187947005247807, 19.260698582594546 ], [ -99.187727895381087, 19.26069661154181 ], [ -99.187533460590913, 19.261322315994803 ], [ -99.187340174267447, 19.261276378205771 ], [ -99.187292280915571, 19.261285835183099 ], [ -99.18724438755811, 19.261295292147903 ], [ -99.186844700328777, 19.261302713934327 ], [ -99.186796706875526, 19.261303639586739 ], [ -99.186717809857612, 19.261296162182273 ], [ -99.186574448392051, 19.261257179294756 ], [ -99.186325255356294, 19.261733613501725 ], [ -99.186159178786184, 19.261682156528742 ], [ -99.18614055416954, 19.261676570495663 ], [ -99.186121929553096, 19.261670983556922 ], [ -99.185709331193479, 19.261499561507172 ], [ -99.185685947243755, 19.261487741748567 ], [ -99.185656440620591, 19.261478454153437 ], [ -99.185614175887508, 19.261464225204112 ], [ -99.185324923660517, 19.261310704839236 ], [ -99.185275749342026, 19.261252412873091 ], [ -99.184951639990857, 19.261050215672046 ], [ -99.1844043320597, 19.260708771691391 ], [ -99.18437868547727, 19.260692771538874 ], [ -99.184554026729742, 19.2604656187521 ], [ -99.184434678376306, 19.260365368949504 ], [ -99.184783740962928, 19.259904340904029 ], [ -99.185154201704677, 19.25919365058369 ], [ -99.185040157795612, 19.258990450827735 ], [ -99.184982701167669, 19.258501523528007 ], [ -99.184534635436279, 19.257665553405079 ], [ -99.184253467212997, 19.258255193444658 ], [ -99.184037302234131, 19.258816457091733 ], [ -99.183497697050242, 19.258513313824288 ], [ -99.183301435327991, 19.258558708434116 ], [ -99.183140083332916, 19.258596028216353 ], [ -99.182716950779366, 19.258243866423012 ], [ -99.182191466821976, 19.257978714628489 ], [ -99.181637928034164, 19.257504558685199 ], [ -99.181454402057142, 19.25743656541886 ], [ -99.181308179868438, 19.257444285558368 ], [ -99.181247448738162, 19.257825625406966 ], [ -99.181133353840693, 19.258035316569092 ], [ -99.18099525416126, 19.258176855097116 ], [ -99.18055113822389, 19.258078817114932 ], [ -99.18029570448742, 19.257899792410594 ], [ -99.179875448607206, 19.257738603936897 ], [ -99.179649559196207, 19.257832251839034 ], [ -99.179495460178316, 19.257930879126839 ], [ -99.17938649377362, 19.257968861757803 ], [ -99.179519542744401, 19.258072257328688 ], [ -99.17982255819723, 19.257998734171895 ], [ -99.179923702492204, 19.258102160809063 ], [ -99.179361435405653, 19.259375330352398 ], [ -99.179329505484105, 19.259352636224062 ], [ -99.178976354238458, 19.259779712626425 ], [ -99.178971151745927, 19.259885769753183 ], [ -99.178939424460779, 19.260049927137434 ], [ -99.178918718400922, 19.260570104642809 ], [ -99.178878958018558, 19.260681244754629 ], [ -99.179003541130612, 19.26107985273396 ], [ -99.179132810366696, 19.261670153610662 ], [ -99.179411653821504, 19.261807307408798 ], [ -99.179529508058309, 19.261756293151471 ], [ -99.180076257014235, 19.261827013657737 ], [ -99.180933835358815, 19.26187706673786 ], [ -99.181448337804468, 19.261866377277268 ], [ -99.181652100157095, 19.261957792476039 ], [ -99.181288838951303, 19.263037209472326 ], [ -99.184428221717212, 19.264396840108684 ], [ -99.184457827488046, 19.264367591463277 ], [ -99.184554220910186, 19.264296235291798 ], [ -99.184672325120175, 19.264469172123455 ], [ -99.184790613033485, 19.264804985935054 ], [ -99.184790289836499, 19.265054146166964 ], [ -99.1852465176284, 19.265104828034396 ], [ -99.184212370480864, 19.266775501285533 ], [ -99.184236797384514, 19.266809695837054 ], [ -99.184055331768661, 19.266896089846199 ], [ -99.183922789395609, 19.266984523914029 ], [ -99.183725329562776, 19.266981620802394 ], [ -99.183500827101824, 19.266954125872672 ], [ -99.182962587080837, 19.266857371453732 ], [ -99.182332114300436, 19.266688168847505 ], [ -99.182265976802057, 19.266697401410205 ], [ -99.182199709569829, 19.266721862980933 ], [ -99.182145760434693, 19.266781697246241 ], [ -99.182157265260713, 19.266935417176288 ], [ -99.182170299133219, 19.267109567305535 ], [ -99.182163493959592, 19.267251738519015 ], [ -99.182149149625204, 19.267551374736783 ], [ -99.182185637045094, 19.267679992819652 ], [ -99.182222123571108, 19.267808610893912 ], [ -99.182317361382744, 19.26844433767215 ], [ -99.18236018113673, 19.268681099790214 ], [ -99.182433508389337, 19.268916289673964 ], [ -99.182835007206535, 19.268945719201451 ], [ -99.182857351622431, 19.268946171317442 ], [ -99.183248888752701, 19.268981685732111 ], [ -99.183304527359681, 19.268986884292417 ], [ -99.183689438533037, 19.269020902391805 ], [ -99.183722124516677, 19.269024693266278 ], [ -99.183751914467436, 19.269027499259405 ], [ -99.184166714712418, 19.269065987831013 ], [ -99.184222138419841, 19.269070441647578 ], [ -99.184277153957652, 19.269086894794636 ], [ -99.184653118138257, 19.269118418331313 ], [ -99.184701094567174, 19.269109595472205 ], [ -99.184737447704848, 19.269108632410624 ], [ -99.185116488684614, 19.269151143151355 ], [ -99.185155167386355, 19.269155006326454 ], [ -99.185191258886718, 19.269156639880112 ], [ -99.18559357902457, 19.269203791145625 ], [ -99.185633397103217, 19.269208695976864 ], [ -99.18567668264069, 19.269213262894699 ], [ -99.186054243705897, 19.269249378337239 ], [ -99.186100343500584, 19.269263384549365 ], [ -99.186141323535153, 19.269275835206319 ], [ -99.186536597204466, 19.269303647046097 ], [ -99.18657579075915, 19.269307456977959 ], [ -99.186614984315568, 19.269311266901379 ], [ -99.1870044512346, 19.269354275497104 ], [ -99.18703253566575, 19.269355174003852 ], [ -99.187060620096119, 19.269356071602527 ], [ -99.188188743084865, 19.269487538353932 ], [ -99.190277994086202, 19.269733875830372 ], [ -99.190277937746671, 19.269685058663487 ], [ -99.18978109704571, 19.269606217841833 ], [ -99.189725234808094, 19.269474013732914 ], [ -99.189776170681426, 19.269359333420422 ], [ -99.189980268116628, 19.269209223808247 ], [ -99.190458313016634, 19.269094098982421 ], [ -99.190592848676317, 19.269010193091042 ], [ -99.190755126887964, 19.268829265353808 ], [ -99.190875775573048, 19.268780643032184 ], [ -99.19108476986321, 19.268850964200009 ], [ -99.191191664841952, 19.268952253682588 ], [ -99.191242874721013, 19.269075645340084 ], [ -99.191326527427591, 19.269150506633462 ], [ -99.191451982164764, 19.269242958760692 ], [ -99.191498488703004, 19.269313449529527 ], [ -99.191596063061752, 19.269383887678284 ], [ -99.191670389768092, 19.269423488393784 ], [ -99.191753913705682, 19.269388130619891 ], [ -99.192073933626745, 19.269118861191124 ], [ -99.192199214018189, 19.269061416263373 ], [ -99.192665466845014, 19.269069270630062 ], [ -99.192807530625331, 19.269188629389117 ], [ -99.192865746421077, 19.269206636421757 ], [ -99.192939408878161, 19.269205392876675 ], [ -99.193131013864871, 19.269273979501161 ], [ -99.193311563448248, 19.269336747598608 ], [ -99.19334179707927, 19.269366335644094 ], [ -99.193797853450917, 19.269564973388285 ], [ -99.193734495956704, 19.269954623931042 ], [ -99.193789265718053, 19.270015166939018 ], [ -99.195065767407996, 19.270178300529412 ], [ -99.195038601983001, 19.270334162851995 ], [ -99.195038642949896, 19.27036879223801 ], [ -99.195038683917986, 19.270403422527622 ], [ -99.19499349126643, 19.270732452119088 ], [ -99.194998079503662, 19.27075841884443 ], [ -99.195002668695111, 19.27078438647229 ], [ -99.194875436314362, 19.271122161324126 ], [ -99.194875461898647, 19.271143804914676 ], [ -99.194875487481895, 19.27116544760144 ], [ -99.194739077162325, 19.271451287993315 ], [ -99.194726460195966, 19.27148696202423 ], [ -99.194713842272549, 19.271522636055209 ], [ -99.194567586542433, 19.271857025652288 ], [ -99.194574947927919, 19.271881388914068 ], [ -99.19462472890693, 19.271888629084657 ], [ -99.194460219405599, 19.272218840158025 ], [ -99.193887079095816, 19.272838986492715 ], [ -99.193399235408066, 19.273227032349268 ], [ -99.193323003694076, 19.273311186803571 ], [ -99.193304457569923, 19.273331659808914 ], [ -99.193145652618711, 19.273482741029152 ], [ -99.193117089378219, 19.273509986365138 ], [ -99.193090828461621, 19.273534978957755 ], [ -99.192828247832367, 19.27368032231395 ], [ -99.19242413198242, 19.273720112281083 ], [ -99.192403904846643, 19.273738798468042 ], [ -99.192386216911387, 19.27375513768467 ], [ -99.192367338678807, 19.273768438882399 ], [ -99.191252882451565, 19.274388069499494 ], [ -99.190727096953395, 19.274492761105368 ], [ -99.190562699187296, 19.274582874357662 ], [ -99.190525677850445, 19.27474611532493 ], [ -99.192500699478444, 19.278019834770216 ], [ -99.193320138622568, 19.279479424417655 ], [ -99.193740952809804, 19.279326257135487 ], [ -99.193770071942097, 19.279307230611799 ], [ -99.193804731138144, 19.279291560110195 ], [ -99.1942330357179, 19.279126614386868 ], [ -99.19427756294445, 19.279117228739867 ], [ -99.194347675907011, 19.279100475721105 ], [ -99.194442634567025, 19.27904847489571 ], [ -99.194487943024427, 19.279030947502683 ], [ -99.194533762929666, 19.279013748514345 ], [ -99.194831702678755, 19.278922249465236 ], [ -99.194871286943524, 19.278911526894227 ], [ -99.194910222679496, 19.278895632015306 ], [ -99.195053236126554, 19.278848704707439 ], [ -99.195078237004736, 19.278836947514066 ], [ -99.195103797815804, 19.27882546897424 ], [ -99.195381282659483, 19.27870983578423 ], [ -99.195408623584186, 19.278701148750077 ], [ -99.195435963555298, 19.278692462616618 ], [ -99.196378095278547, 19.278379147331876 ], [ -99.197320223378554, 19.278065828114876 ], [ -99.19785473320681, 19.277868116250325 ], [ -99.198234107132208, 19.277738417420156 ], [ -99.19837961818375, 19.277686285609995 ], [ -99.198509616387142, 19.277639711346875 ], [ -99.198535201894572, 19.277666467609354 ], [ -99.198567673980577, 19.277679033136653 ], [ -99.19869091442402, 19.277598810919493 ], [ -99.198764524547826, 19.277577160481162 ], [ -99.198802957866619, 19.277565856306545 ], [ -99.198842062245447, 19.277555435248598 ], [ -99.198862935832651, 19.277549795811041 ], [ -99.198903579964394, 19.277532986354792 ], [ -99.199010595423459, 19.277476352850265 ], [ -99.199093908181723, 19.277472914667865 ], [ -99.199120972145494, 19.2774598243751 ], [ -99.199139950397168, 19.277450644321803 ], [ -99.19917034329859, 19.277445334281577 ], [ -99.199201302341848, 19.277439925111903 ], [ -99.199340217166124, 19.277394586794419 ], [ -99.199572291745, 19.277370858044268 ], [ -99.199607700750931, 19.277363734076062 ], [ -99.199643109753737, 19.27735661010102 ], [ -99.199812687614596, 19.277313103240516 ], [ -99.199851173924657, 19.27730322940398 ], [ -99.199936173228281, 19.277296063790082 ], [ -99.200021173475818, 19.277288898135673 ], [ -99.200063159642909, 19.277280975207372 ], [ -99.20010514580477, 19.2772730513657 ], [ -99.200362159603742, 19.277236918532008 ], [ -99.200484629619169, 19.27720343813769 ], [ -99.200519811809542, 19.277190646907236 ], [ -99.200554994946074, 19.277177855668999 ], [ -99.200796489745017, 19.277145384026699 ], [ -99.201146725160328, 19.277098291054937 ], [ -99.201427273692616, 19.277050210532103 ], [ -99.201447072951339, 19.277046371324673 ], [ -99.201466872208016, 19.277042531211382 ], [ -99.201518374806298, 19.277038135589244 ], [ -99.202235506629606, 19.276867713833699 ], [ -99.202854209601753, 19.276720680618947 ], [ -99.202946269288176, 19.276703605333132 ], [ -99.203488610756978, 19.276603008326774 ], [ -99.203556188454343, 19.276593344425336 ], [ -99.203623766143522, 19.276583680498963 ], [ -99.204110213621064, 19.276537683536752 ], [ -99.204399882443084, 19.276495841232531 ], [ -99.204440765479248, 19.276493537067211 ], [ -99.204479213528046, 19.276490028224519 ], [ -99.205004205858586, 19.276415507201644 ], [ -99.205473417225946, 19.276351984416955 ], [ -99.205547543813012, 19.276341949115888 ], [ -99.205689342474287, 19.276346218803077 ], [ -99.205785346428982, 19.276258258472648 ], [ -99.205529347673107, 19.275379074036394 ], [ -99.205233680594901, 19.274483796550943 ], [ -99.205449487122081, 19.274412987608208 ], [ -99.205924315045181, 19.274257189447823 ], [ -99.205889142683446, 19.274189388238948 ], [ -99.205729959042969, 19.273646387131347 ], [ -99.205557465146939, 19.272531604464515 ], [ -99.204914678159966, 19.271971952085849 ], [ -99.203515399826159, 19.271718286266804 ], [ -99.203568429938542, 19.270016698265941 ], [ -99.203278294341118, 19.269769716015787 ], [ -99.202836968822822, 19.269624862586337 ], [ -99.201517124669422, 19.26900848456571 ], [ -99.201302519368284, 19.268972240705107 ], [ -99.200994248432295, 19.268853952533 ], [ -99.199690440268753, 19.267969685553826 ], [ -99.198302138226978, 19.266986544127096 ], [ -99.198410292355433, 19.266899433869202 ], [ -99.198705713639725, 19.266840168546786 ], [ -99.198718051480085, 19.266810780938311 ], [ -99.198756000482959, 19.266830031788214 ], [ -99.198850924811325, 19.266777867840794 ], [ -99.199091092175067, 19.266823211826512 ], [ -99.199271766336793, 19.266726439748403 ], [ -99.199352714871608, 19.266743743949014 ], [ -99.199479060921576, 19.266721234115696 ], [ -99.199557553183453, 19.265686265271086 ], [ -99.199551722494405, 19.265536042330105 ], [ -99.199483783430196, 19.265418080116206 ], [ -99.199461009790781, 19.265273241144047 ], [ -99.199562027883545, 19.264715138523716 ], [ -99.199578694905526, 19.264481729015056 ], [ -99.199448512943789, 19.264283354987349 ], [ -99.198876814643526, 19.26338260432226 ], [ -99.198871017023407, 19.263259207852759 ], [ -99.198980437689769, 19.263050460802265 ], [ -99.200028414211729, 19.263739873972707 ], [ -99.200626097346387, 19.264161654531886 ], [ -99.20080450982357, 19.264162077764638 ], [ -99.201015005624669, 19.264114237565195 ], [ -99.201185495697047, 19.264147376326974 ], [ -99.201553480476207, 19.264494065331746 ], [ -99.202303987070124, 19.265204516456159 ], [ -99.202339071609742, 19.265099596116791 ], [ -99.202541993193051, 19.264854976272513 ], [ -99.202813173048639, 19.264630027186922 ], [ -99.203072682620743, 19.264402208639016 ], [ -99.203492671386712, 19.264086802559536 ], [ -99.203622551848667, 19.263997105663261 ], [ -99.204128218593709, 19.263872866238366 ], [ -99.204589335906604, 19.263854275261941 ], [ -99.20469957889442, 19.263788412170257 ], [ -99.205378502010561, 19.263524692057111 ], [ -99.206041824962526, 19.263095713185084 ], [ -99.206342482875115, 19.262874427381384 ], [ -99.20658716943494, 19.262747963980015 ], [ -99.20716743252278, 19.26256191562172 ], [ -99.207345671538178, 19.26244393033183 ], [ -99.207992043031368, 19.262477254617306 ], [ -99.209599450194546, 19.26402119003134 ], [ -99.209790406213074, 19.264328628740223 ], [ -99.209962420851028, 19.264726576636697 ], [ -99.210134506458118, 19.265178816312286 ], [ -99.210201792589203, 19.265640225425418 ], [ -99.21039300561371, 19.26614673575358 ], [ -99.210602975935288, 19.266417956034392 ], [ -99.211213346667833, 19.266851592789539 ], [ -99.212002807217843, 19.267318897396045 ], [ -99.213273056576256, 19.268070782836993 ], [ -99.213661103558209, 19.268599390239451 ], [ -99.213704554264865, 19.268681767524669 ], [ -99.213841289615303, 19.268754438024192 ], [ -99.214209828355749, 19.268950583000567 ], [ -99.214638026959264, 19.269125327186281 ], [ -99.215038561218108, 19.269222260404206 ], [ -99.215129182373985, 19.269241775733757 ], [ -99.215493690451993, 19.26923393671364 ], [ -99.215731317757616, 19.26922076014127 ], [ -99.215976165918818, 19.269163792282495 ], [ -99.216489860403229, 19.268996115362189 ], [ -99.217081945028653, 19.26880004341708 ], [ -99.217346828254193, 19.268702707116031 ], [ -99.218013797203398, 19.268440449219987 ], [ -99.218769469232797, 19.268209104463722 ], [ -99.219273311934742, 19.268102142791211 ], [ -99.219795879588943, 19.268039472874701 ], [ -99.219792954419603, 19.268001069374499 ], [ -99.219718437760633, 19.266562872164226 ], [ -99.221172642698335, 19.266493598914092 ], [ -99.223952621811861, 19.266361137951762 ], [ -99.224112062027785, 19.267328013431552 ], [ -99.224086899474642, 19.267430854285333 ], [ -99.224838643105727, 19.266757045067401 ], [ -99.225205477297408, 19.266417363308111 ], [ -99.225476175111467, 19.266228329428195 ], [ -99.225659690708454, 19.266130894381014 ], [ -99.2259305285435, 19.266044787162713 ], [ -99.226265576682266, 19.26601964210716 ], [ -99.226721458307495, 19.265975508257661 ], [ -99.226721157602185, 19.265975516764147 ], [ -99.22673458818835, 19.265935479025526 ], [ -99.226845157277936, 19.265524852827323 ], [ -99.227101542767244, 19.264554766962984 ], [ -99.227282275794892, 19.262800676988263 ], [ -99.227883329474508, 19.262849942715363 ], [ -99.228617522409778, 19.26284902635474 ], [ -99.22943541490794, 19.262889189873576 ], [ -99.229921917909166, 19.262988606282761 ], [ -99.230027609131184, 19.262980880171508 ], [ -99.230014738675322, 19.262153284670688 ], [ -99.231987844145038, 19.262126141159992 ], [ -99.231974558847824, 19.262541040173179 ], [ -99.232009703350201, 19.262876853165764 ], [ -99.232044809992288, 19.263186324966192 ], [ -99.232003824958866, 19.263627601201843 ], [ -99.232000387564426, 19.263734392918717 ], [ -99.232040420834721, 19.263938943629714 ], [ -99.232164781805338, 19.264312018245835 ], [ -99.232113030354824, 19.264736557359619 ], [ -99.23180048809229, 19.264889705212799 ], [ -99.231382818319432, 19.265088076632036 ], [ -99.231074757149159, 19.264823043208086 ], [ -99.230541822018779, 19.265013705767739 ], [ -99.230305047444503, 19.265157217498196 ], [ -99.230132773953741, 19.265208580473708 ], [ -99.22974528218819, 19.265413657487191 ], [ -99.229519107013289, 19.265434400315868 ], [ -99.229400110209383, 19.265456380308585 ], [ -99.229327679198079, 19.265537582446211 ], [ -99.228969279741818, 19.265747291846854 ], [ -99.2286368223686, 19.265780241473049 ], [ -99.228462960218607, 19.265769676302174 ], [ -99.228056173224957, 19.265830072940279 ], [ -99.227842979473465, 19.265801926132198 ], [ -99.227829105857921, 19.26587100427891 ], [ -99.227832436588173, 19.265920602630089 ], [ -99.228027605004712, 19.265950414922063 ], [ -99.228230154259123, 19.265982891046068 ], [ -99.228486575254152, 19.266064483704039 ], [ -99.228980259196206, 19.266233523738048 ], [ -99.229420432151812, 19.266469304560019 ], [ -99.23102631268199, 19.267336444933065 ], [ -99.231327513382183, 19.2674332736207 ], [ -99.231767147935486, 19.267489898082971 ], [ -99.232140466960942, 19.267489424479891 ], [ -99.233668542417618, 19.267355037210322 ], [ -99.234011980565, 19.267337221834186 ], [ -99.234197407878099, 19.267299393500515 ], [ -99.234277104136112, 19.26727590451058 ], [ -99.234416156125235, 19.267234921685194 ], [ -99.234801342462177, 19.267111486756548 ], [ -99.235059480619455, 19.266968269837271 ], [ -99.235307145885315, 19.26680063261654 ], [ -99.23565554663044, 19.26653857121093 ], [ -99.236046501744937, 19.266240721380019 ], [ -99.236293143667183, 19.266080294160155 ], [ -99.236620880646583, 19.26590264943593 ], [ -99.236852699802625, 19.265787943500527 ], [ -99.236966499338692, 19.265755653768483 ], [ -99.237273454696549, 19.264502931835807 ], [ -99.238117462651601, 19.264149298884561 ], [ -99.238293420567715, 19.263893481241482 ], [ -99.238468944675446, 19.263338009350946 ], [ -99.238236299765077, 19.26289764247468 ], [ -99.237967005100415, 19.262783419169292 ], [ -99.237827013008072, 19.262237171351753 ], [ -99.237970838388065, 19.262036244450094 ], [ -99.238606950407188, 19.262026907840351 ], [ -99.2387692968381, 19.262024525178589 ], [ -99.239622822494226, 19.262738190380375 ], [ -99.239742385294505, 19.262840819252116 ], [ -99.239847737124052, 19.262931249971423 ], [ -99.240072671104343, 19.263124166461015 ], [ -99.240345719002477, 19.263400968420473 ], [ -99.240468856744428, 19.263575854868904 ], [ -99.240555157201385, 19.263828217307992 ], [ -99.240598456047664, 19.264233958771797 ], [ -99.24056427402374, 19.264561054182689 ], [ -99.240662673102904, 19.264384894941234 ], [ -99.240996364764669, 19.264278190537073 ], [ -99.241263005693071, 19.264217188287137 ], [ -99.24149207919875, 19.264156234361696 ], [ -99.241758798185927, 19.264148746938748 ], [ -99.242003474346518, 19.264480220136722 ], [ -99.242229404016811, 19.264836691666847 ], [ -99.242591465216279, 19.265795926179532 ], [ -99.242655924392309, 19.26619899189792 ], [ -99.242660882821042, 19.266435956661283 ], [ -99.242720288418013, 19.266537838216664 ], [ -99.243137089474004, 19.266398144353801 ], [ -99.244590575965645, 19.266128627687301 ], [ -99.245838926965774, 19.26600138215731 ], [ -99.245925418685957, 19.266026571359582 ], [ -99.245894903743036, 19.266165192166735 ], [ -99.246094884753745, 19.266361853498317 ], [ -99.246095287494654, 19.266631719329208 ], [ -99.2461417607078, 19.266894338438451 ], [ -99.246141912965371, 19.266996340183645 ], [ -99.246202863153187, 19.267226088076086 ], [ -99.246188713839103, 19.267477661076608 ], [ -99.246012838901706, 19.267995749230465 ], [ -99.245882458133565, 19.268119917158721 ], [ -99.245560242059284, 19.268361042139635 ], [ -99.245330178475029, 19.268594748872754 ], [ -99.244954154818103, 19.268806769685234 ], [ -99.244470517599026, 19.268960584866932 ], [ -99.244248208042961, 19.269245335521624 ], [ -99.243941099802072, 19.269318682445689 ], [ -99.243718853539136, 19.269647194871133 ], [ -99.243688508591816, 19.269902514438755 ], [ -99.243793151020554, 19.270268731275159 ], [ -99.243819756286655, 19.270361841111587 ], [ -99.243764019640551, 19.27057631134479 ], [ -99.243775851155547, 19.270709201633199 ], [ -99.243731906570844, 19.271056386860799 ], [ -99.243806433237452, 19.271740365550198 ], [ -99.243914284841296, 19.271959032295904 ], [ -99.244045177594117, 19.272177668210734 ], [ -99.244137527519158, 19.27230153739384 ], [ -99.244391337156856, 19.272538242607549 ], [ -99.244498240875586, 19.272661696304635 ], [ -99.244555730079696, 19.272767876082856 ], [ -99.244633826305531, 19.272935198491922 ], [ -99.244459875020937, 19.273307858715572 ], [ -99.244365941047093, 19.273541157956615 ], [ -99.244301447278062, 19.273673807667151 ], [ -99.244135791544153, 19.27400619236419 ], [ -99.243967575379969, 19.27423459022403 ], [ -99.243810570346355, 19.274537487748034 ], [ -99.243665147831067, 19.27488230752267 ], [ -99.243600242243062, 19.275139496747915 ], [ -99.243443186258261, 19.275409572156988 ], [ -99.243524096867304, 19.275624608455498 ], [ -99.243866260995134, 19.275839335175874 ], [ -99.244008273070264, 19.275784443459276 ], [ -99.244085279986066, 19.275919273700239 ], [ -99.244166078479367, 19.276021276991781 ], [ -99.244277600542176, 19.276123240088623 ], [ -99.24441551260189, 19.276155474494018 ], [ -99.244735069625904, 19.276436255756998 ], [ -99.244934681537714, 19.276377638709324 ], [ -99.245011494316614, 19.276381183227034 ], [ -99.245207548121329, 19.276512205871519 ], [ -99.245357659482508, 19.276738108944723 ], [ -99.245377132372582, 19.2769204248699 ], [ -99.245251658805927, 19.277766659900596 ], [ -99.245170268944506, 19.278059506876112 ], [ -99.244878030944164, 19.279056761483663 ], [ -99.244854273099605, 19.279123816992964 ], [ -99.244888616068849, 19.279587144653167 ], [ -99.244955371390844, 19.279962454792894 ], [ -99.244917839975642, 19.280035752787501 ], [ -99.244632786200455, 19.280232236887219 ], [ -99.244318289787955, 19.280255053990189 ], [ -99.244126472185997, 19.28039389082117 ], [ -99.243927016137263, 19.280561911104673 ], [ -99.243934740641421, 19.28059107605694 ], [ -99.243696965755319, 19.280817496862003 ], [ -99.243397840315112, 19.28110964275216 ], [ -99.243351948095309, 19.281240990298631 ], [ -99.243336780252122, 19.281372296919496 ], [ -99.243359898760644, 19.281423321710179 ], [ -99.243429156437372, 19.281510753435732 ], [ -99.24349841513957, 19.281598185132104 ], [ -99.243621601430718, 19.281794950102107 ], [ -99.243683276070328, 19.281948035492007 ], [ -99.243668086858307, 19.282064754075257 ], [ -99.2435838003436, 19.282203446904354 ], [ -99.243422747597478, 19.282371415431012 ], [ -99.243246310178733, 19.28252481802383 ], [ -99.242923771916423, 19.282569008656591 ], [ -99.242785652994783, 19.282664010244726 ], [ -99.242616734970781, 19.282707997053983 ], [ -99.242440049574483, 19.282693643495353 ], [ -99.242378634274701, 19.282715606193484 ], [ -99.242194621308499, 19.282941954619414 ], [ -99.241984604390822, 19.283177268004383 ], [ -99.242049228377567, 19.283314124378514 ], [ -99.242318119137252, 19.283350236359102 ], [ -99.242771817327863, 19.28369973083506 ], [ -99.242879534843453, 19.283823580024958 ], [ -99.242933496791892, 19.283954794671004 ], [ -99.24294658657054, 19.284181664279433 ], [ -99.242793645634208, 19.284320457044512 ], [ -99.242569957229009, 19.284354899054485 ], [ -99.242538089914206, 19.284419435454549 ], [ -99.24255816094535, 19.28448390380591 ], [ -99.24230316285248, 19.284962262465157 ], [ -99.241709202338882, 19.285881151934635 ], [ -99.241693689126706, 19.286199852622971 ], [ -99.241546404678544, 19.286571840932297 ], [ -99.241027361874742, 19.286870507497845 ], [ -99.240788158116956, 19.287116040348778 ], [ -99.240800799141255, 19.287349604608334 ], [ -99.241113849338319, 19.287733579604115 ], [ -99.241249102976823, 19.287949197351988 ], [ -99.241313248547783, 19.288104215973103 ], [ -99.241452010245254, 19.288289482439872 ], [ -99.241711742872781, 19.288636436664241 ], [ -99.241797225070414, 19.288811657849404 ], [ -99.241903944358057, 19.288939646135468 ], [ -99.242081653958479, 19.28904730839853 ], [ -99.242230945523289, 19.28914826541428 ], [ -99.242380238220861, 19.289249221399896 ], [ -99.24256495123683, 19.289289438177626 ], [ -99.24272120626847, 19.289295974276634 ], [ -99.242861289299199, 19.289292497587905 ], [ -99.242908775133174, 19.291271610311998 ], [ -99.242937421663513, 19.291433419147115 ], [ -99.242881024729712, 19.291703133903717 ], [ -99.242696246482737, 19.291636048667105 ], [ -99.242533053944314, 19.291676284571828 ], [ -99.242451819114734, 19.291755086832794 ], [ -99.242395906400034, 19.291883004098846 ], [ -99.242362912271119, 19.292026866233545 ], [ -99.242370222405199, 19.292095048650769 ], [ -99.24232060614591, 19.292162551082349 ], [ -99.24232814503263, 19.292459261193613 ], [ -99.242298623893376, 19.292495159601916 ], [ -99.24216497226449, 19.292580862586533 ], [ -99.242079855452076, 19.292655155678634 ], [ -99.241909471081229, 19.292702587054002 ], [ -99.241710747885477, 19.292797260490399 ], [ -99.24164699687941, 19.292911987059931 ], [ -99.241974075045746, 19.293167812147111 ], [ -99.241605382797545, 19.293593148970874 ], [ -99.241520373070998, 19.293741621002564 ], [ -99.241364430195773, 19.29395087968248 ], [ -99.241265126532767, 19.294038678460446 ], [ -99.24093855003855, 19.294126777168085 ], [ -99.240832115092488, 19.294194353240535 ], [ -99.240704313029397, 19.294221496366571 ], [ -99.240421516414628, 19.294053879295639 ], [ -99.240172701800461, 19.294082274836537 ], [ -99.24000832913184, 19.294249387002143 ], [ -99.239705503911722, 19.294397140276406 ], [ -99.239546184052841, 19.294421976965413 ], [ -99.239382303764799, 19.294510756828146 ], [ -99.239220348076628, 19.294506679025915 ], [ -99.23912099980231, 19.294564130239287 ], [ -99.238748169146277, 19.294621958116252 ], [ -99.238620459014044, 19.294682798082718 ], [ -99.238453525011863, 19.294662785151804 ], [ -99.238136372965386, 19.294532821876221 ], [ -99.238081531513629, 19.294489613582126 ], [ -99.238056968980246, 19.294470262325589 ], [ -99.238032407403139, 19.294450910160659 ], [ -99.237706523219785, 19.294260216673599 ], [ -99.237536817829508, 19.294309939491963 ], [ -99.237359090843086, 19.294192156523099 ], [ -99.237252660737823, 19.294283310733565 ], [ -99.237128349365875, 19.294249777384692 ], [ -99.236993376358953, 19.294229721609835 ], [ -99.236879793729287, 19.294266959102494 ], [ -99.236705971325009, 19.294395313122308 ], [ -99.236532009123835, 19.294425884990204 ], [ -99.236045456238855, 19.294413004607584 ], [ -99.235931901300788, 19.294470472458453 ], [ -99.235878733996486, 19.294521141184166 ], [ -99.235882373460726, 19.294602036910103 ], [ -99.235939392699649, 19.29472337172998 ], [ -99.236151897549306, 19.294940293157921 ], [ -99.236028751897791, 19.295127874051616 ], [ -99.235851227955393, 19.295151706220484 ], [ -99.235719810354098, 19.295135016749867 ], [ -99.235540283580889, 19.295036975497514 ], [ -99.235467562188177, 19.295054419156472 ], [ -99.235332734249113, 19.295135515971634 ], [ -99.23513538334231, 19.295297429146906 ], [ -99.234936253778486, 19.295372426916099 ], [ -99.234850317303611, 19.295465935609588 ], [ -99.234580093515916, 19.295664753670845 ], [ -99.234481752222578, 19.295682392520458 ], [ -99.234383419216599, 19.295705867618178 ], [ -99.234254479558714, 19.295822780986729 ], [ -99.234156529308848, 19.296114775502797 ], [ -99.233963017987804, 19.296275637775825 ], [ -99.233800174426577, 19.296272840525209 ], [ -99.233695759525816, 19.296343023473963 ], [ -99.233511579334333, 19.296524217275245 ], [ -99.233075498636651, 19.296822480503636 ], [ -99.233002004583071, 19.297021045026739 ], [ -99.232860825179799, 19.297178834438178 ], [ -99.232701218685662, 19.297348321653754 ], [ -99.232596959342843, 19.297529412665344 ], [ -99.23251111840338, 19.297692968519829 ], [ -99.232505168493915, 19.297833073764188 ], [ -99.232554632179472, 19.29803148148703 ], [ -99.232616310063847, 19.298171499681143 ], [ -99.232677955048814, 19.298288168132881 ], [ -99.232756277842213, 19.298468696601727 ], [ -99.232795203836801, 19.298597400065759 ], [ -99.232789245888995, 19.298731667196265 ], [ -99.232753076096088, 19.299239564454766 ], [ -99.232851642670781, 19.299379536420417 ], [ -99.232830606337629, 19.299592865090737 ], [ -99.232768473007681, 19.29968994652527 ], [ -99.232708738629739, 19.299783278906322 ], [ -99.232559207137498, 19.299877746886448 ], [ -99.232515034949316, 19.299866586007649 ], [ -99.232608244623918, 19.300046849728993 ], [ -99.232660289800435, 19.300121536614117 ], [ -99.233237128659184, 19.300785467466294 ], [ -99.232418479209045, 19.301338662597452 ], [ -99.232270646179671, 19.301438559613537 ], [ -99.232076952332505, 19.301609350320394 ], [ -99.23198775281935, 19.301692034169267 ], [ -99.231784705124696, 19.301934148224863 ], [ -99.231708991635173, 19.302124088837282 ], [ -99.231583397897623, 19.302856149974673 ], [ -99.231495576052239, 19.303368044457702 ], [ -99.231490759461877, 19.303425403267763 ], [ -99.231478306551708, 19.303573718927421 ], [ -99.231440887556943, 19.304007038536731 ], [ -99.231399308910994, 19.30448852512508 ], [ -99.231345428971821, 19.304623934644741 ], [ -99.231301282285173, 19.304689326859926 ], [ -99.231242362191793, 19.30473607117769 ], [ -99.231052855108246, 19.304840207891033 ], [ -99.231280534484199, 19.305223561374905 ], [ -99.229991325737558, 19.305816524380734 ], [ -99.229880194680277, 19.305906646337458 ], [ -99.229769064451645, 19.30599676732195 ], [ -99.229678906022059, 19.306250126602794 ], [ -99.229222018801693, 19.306432710013723 ], [ -99.228910293326791, 19.306372136307793 ], [ -99.227535073616991, 19.306947094456543 ], [ -99.227389144966764, 19.307116603310387 ], [ -99.227466230557553, 19.307243282897147 ], [ -99.227629428382457, 19.307466802103484 ], [ -99.227722534106732, 19.307650344340193 ], [ -99.227792519130759, 19.307900032467227 ], [ -99.227457145674464, 19.308202222446599 ], [ -99.227094878552492, 19.308528642718777 ], [ -99.226780137536593, 19.308812237690677 ], [ -99.226347840981546, 19.309069923340378 ], [ -99.225993458675376, 19.309301883456172 ], [ -99.225728663063435, 19.309437979820618 ], [ -99.225442708606153, 19.309688107816275 ], [ -99.225342242770196, 19.309780061072058 ], [ -99.225241777773775, 19.309872014271587 ], [ -99.225110088584714, 19.310409716017293 ], [ -99.225079009814706, 19.31063968018859 ], [ -99.22471586431918, 19.31073534226752 ], [ -99.224041316627719, 19.310913034818725 ], [ -99.222992457512078, 19.310995751200647 ], [ -99.221791372515113, 19.311112163369547 ], [ -99.220688147544337, 19.311193834557447 ], [ -99.220665775048488, 19.311091624133962 ], [ -99.220495902791029, 19.311066394808211 ], [ -99.220101432956113, 19.311012395799093 ], [ -99.219671039225773, 19.310891712068951 ], [ -99.219211692477543, 19.31076829125259 ], [ -99.218856434119061, 19.310666285850608 ], [ -99.217995190362231, 19.309569579342011 ], [ -99.217581327927505, 19.309096462871103 ], [ -99.217436732532207, 19.308948716682458 ], [ -99.217192496113327, 19.308722407260039 ], [ -99.216693774006131, 19.30834458258909 ], [ -99.216449564332621, 19.308159571814606 ], [ -99.216327882178817, 19.308094093299104 ], [ -99.216051088684708, 19.307938165680753 ], [ -99.215584330800993, 19.307693976682689 ], [ -99.215063438335307, 19.307468798845242 ], [ -99.214617615946594, 19.307315115971065 ], [ -99.213597240489122, 19.307072402499962 ], [ -99.21164407832805, 19.306720231622119 ], [ -99.209060575102214, 19.306261876417491 ], [ -99.205816678072793, 19.305694315497252 ], [ -99.2048561762861, 19.305513271895176 ], [ -99.203877978273923, 19.305343527911777 ], [ -99.202741048170353, 19.305091640218226 ], [ -99.201971326101344, 19.304871630808766 ], [ -99.201307038216925, 19.304644816967159 ], [ -99.200951550978758, 19.304506400487369 ], [ -99.20066444958924, 19.304380377873269 ], [ -99.199540659585494, 19.303837028447582 ], [ -99.19942626421674, 19.303769198952246 ], [ -99.198509131097765, 19.303205747692765 ], [ -99.197767318771824, 19.30283719831862 ], [ -99.197160637471399, 19.30253578123823 ], [ -99.196590364603864, 19.30235625841291 ], [ -99.195949917382805, 19.302182555976383 ], [ -99.195272824684324, 19.302083629346299 ], [ -99.194368978427605, 19.30200568879593 ], [ -99.19373259125193, 19.30202654743454 ], [ -99.192921990155611, 19.302100823445443 ], [ -99.190651914286107, 19.302356275704465 ], [ -99.185976604844811, 19.302870011496612 ], [ -99.18439047466849, 19.303037723358752 ], [ -99.183332645677865, 19.30315784411972 ], [ -99.182191105062913, 19.303289810765101 ], [ -99.181390328651176, 19.303341698158139 ], [ -99.180276929361241, 19.303412667943732 ], [ -99.180104806711029, 19.303415511089181 ], [ -99.179337307870426, 19.303427369074644 ], [ -99.179257667547191, 19.303428614921256 ], [ -99.177161519551348, 19.303306436455767 ], [ -99.176737806359441, 19.3032522678714 ], [ -99.175338775261764, 19.303073404891062 ], [ -99.174086401747957, 19.302890005541254 ], [ -99.173532602662561, 19.302822927963629 ], [ -99.172853394308021, 19.302730927686156 ], [ -99.172133228811106, 19.302627326094516 ], [ -99.171678120840198, 19.302561853337728 ], [ -99.17159050429747, 19.302547530164592 ], [ -99.170356296063218, 19.30237683075827 ], [ -99.168531813051416, 19.302139063992136 ], [ -99.167516783665377, 19.301996014089667 ], [ -99.166468878266912, 19.30185106084155 ], [ -99.166017768383227, 19.301786377329542 ], [ -99.16433578651808, 19.301545190862303 ], [ -99.16371219829189, 19.301476543910166 ], [ -99.162771667687139, 19.30133870838371 ], [ -99.162392844418392, 19.30128455677368 ], [ -99.161720927924335, 19.301158540666069 ], [ -99.161658988706222, 19.301146923768815 ], [ -99.161609864604131, 19.301137711193874 ], [ -99.16157015310155, 19.301130262502639 ], [ -99.161526655431103, 19.301122105008432 ], [ -99.160508121695145, 19.300763010818347 ], [ -99.160253502872862, 19.300636213451654 ], [ -99.160110935494018, 19.300553105326049 ], [ -99.159922690386466, 19.300430706499643 ], [ -99.159751635167524, 19.300319484306289 ], [ -99.15935272451776, 19.300052716462424 ], [ -99.158933295777331, 19.299720178101282 ], [ -99.158902074568545, 19.299695424823639 ], [ -99.158635037519815, 19.299441554363387 ], [ -99.158420721896618, 19.299183350438327 ], [ -99.157941943528485, 19.298516961300848 ], [ -99.157567610851714, 19.298026722934971 ], [ -99.157411342619071, 19.297822068284198 ], [ -99.156686038283055, 19.29687217436129 ], [ -99.15661983733267, 19.296781996652115 ], [ -99.156355717734641, 19.296847275777079 ], [ -99.15502399253856, 19.29714828193439 ], [ -99.152846309776635, 19.297621774385199 ], [ -99.152117364890032, 19.297783987517125 ], [ -99.152002572917212, 19.297809532340821 ], [ -99.151827086700962, 19.297865777803867 ], [ -99.151640840420924, 19.297981380432365 ], [ -99.15152941666517, 19.298060610455533 ], [ -99.150949499364501, 19.298468502577375 ], [ -99.150686820732645, 19.298659749623518 ], [ -99.150032298249059, 19.299125784451917 ], [ -99.147789682852235, 19.300870773430237 ], [ -99.147440351081187, 19.301284718735555 ], [ -99.147225413572741, 19.301165733609029 ], [ -99.147114212817257, 19.301104174851798 ], [ -99.146903877410196, 19.301020860638683 ], [ -99.14629207214108, 19.300865273855877 ], [ -99.146065500078365, 19.300821729769712 ], [ -99.14559618274032, 19.300731531239013 ], [ -99.145146174631748, 19.300609691687384 ], [ -99.144625773004037, 19.300413135228016 ], [ -99.144548399036324, 19.30038391091119 ], [ -99.143721186779501, 19.300062354652283 ], [ -99.142551965484429, 19.299643030001196 ], [ -99.142345402534914, 19.299885497494181 ], [ -99.142062927734131, 19.300186014823055 ], [ -99.141780457781081, 19.300493355824305 ], [ -99.1412567111268, 19.301056685938494 ], [ -99.14090436738887, 19.301379921223965 ], [ -99.140658466564489, 19.301663412453898 ], [ -99.140522706066093, 19.301804258644449 ], [ -99.140133785108475, 19.302231043631348 ], [ -99.139647146480243, 19.302779543712948 ], [ -99.139399042438583, 19.303069559891007 ], [ -99.139027574625985, 19.30348405642232 ], [ -99.138710598179429, 19.303851441475782 ], [ -99.1384444049487, 19.304122663325451 ], [ -99.138268222790799, 19.304290912657162 ], [ -99.138140980044426, 19.304454364808386 ], [ -99.137931027223587, 19.304687580069643 ], [ -99.137051404446808, 19.305664653150817 ], [ -99.136461581823625, 19.306256013110222 ], [ -99.135956232196648, 19.306802617576142 ], [ -99.135483110924184, 19.307386376423821 ], [ -99.13519865519622, 19.307759399396684 ], [ -99.134810939252944, 19.308251446187629 ], [ -99.132817215004991, 19.307354241459969 ], [ -99.132513318529917, 19.307215318557894 ], [ -99.132256311268122, 19.307106211592352 ], [ -99.131963093084906, 19.306981731678764 ], [ -99.131164570663003, 19.306624113974511 ], [ -99.131046592233389, 19.306573665380373 ], [ -99.130548115806661, 19.306360508479298 ], [ -99.130062523886593, 19.306146885541569 ], [ -99.129553910662807, 19.305922817792851 ], [ -99.129295203210546, 19.305804842171309 ], [ -99.129072311139751, 19.305709883433536 ], [ -99.128502361680731, 19.305412012661986 ], [ -99.128466081752919, 19.305394389122966 ], [ -99.127890104227049, 19.305188140597348 ], [ -99.127418718167689, 19.304992960339568 ], [ -99.127114160845139, 19.304866856469374 ], [ -99.126055202757271, 19.304428381894038 ], [ -99.125509479377996, 19.304214035441031 ], [ -99.124695109238772, 19.303894168158305 ], [ -99.124606383843968, 19.303859318284715 ], [ -99.124517658486539, 19.303824468367665 ], [ -99.122864785983793, 19.303171728174988 ], [ -99.121887795749061, 19.302785652263513 ], [ -99.121814428589275, 19.302759610339777 ], [ -99.121730506824079, 19.30273805796126 ], [ -99.120988747680315, 19.302513602723423 ], [ -99.119907685872732, 19.302186468095361 ], [ -99.119375594653917, 19.302025451782651 ], [ -99.117845826478714, 19.301562999170034 ], [ -99.117626564216962, 19.301496714059514 ], [ -99.117482211734114, 19.301462903296063 ], [ -99.1168215966227, 19.301321917591995 ], [ -99.116296252729967, 19.301199462173763 ], [ -99.115870347856244, 19.301100183574462 ], [ -99.115828826396935, 19.301090504684169 ], [ -99.115689997294041, 19.301058144011979 ], [ -99.114234813474539, 19.30071893143964 ], [ -99.113717955911255, 19.300615346865147 ], [ -99.113669579995545, 19.300606323346198 ], [ -99.113622143672899, 19.300597475458517 ], [ -99.113547086505818, 19.300581231378509 ], [ -99.112435851915521, 19.300294311802499 ], [ -99.11147315072914, 19.300055372756244 ], [ -99.110324805704764, 19.299812840982632 ], [ -99.110113010070464, 19.299763432256281 ], [ -99.109465075840774, 19.299612278588118 ], [ -99.109372405687239, 19.299547128533352 ], [ -99.108871231891939, 19.299500250234221 ], [ -99.108484985249063, 19.299510499879613 ], [ -99.108190135907364, 19.299518324068803 ], [ -99.107498444224817, 19.299551409073658 ], [ -99.107380542247512, 19.299557048188856 ], [ -99.107040642147254, 19.299574689916017 ], [ -99.106982887960086, 19.299578064884834 ], [ -99.106431232033088, 19.299610304602091 ], [ -99.10615310205894, 19.299626558475705 ], [ -99.104982759715014, 19.299694907961594 ], [ -99.103881544626944, 19.299848072530306 ], [ -99.100897024175993, 19.300015493577622 ], [ -99.101009794674297, 19.298622086714964 ], [ -99.10108677823176, 19.297903803614091 ], [ -99.101170191058955, 19.296747827365341 ], [ -99.101256758450504, 19.29667427563362 ], [ -99.10127708199883, 19.296404053826926 ], [ -99.10135401296543, 19.295630129109302 ], [ -99.101337919772206, 19.295375059670985 ], [ -99.101328290468743, 19.295200573901688 ], [ -99.101315230794015, 19.294957911999244 ], [ -99.101370356406861, 19.294940481730528 ], [ -99.101433264377661, 19.294920590761482 ], [ -99.102439979307846, 19.294513716126669 ], [ -99.102756309071623, 19.29438413480424 ], [ -99.102933877041167, 19.294311395015001 ], [ -99.10365570608036, 19.293997827783073 ], [ -99.103819215241217, 19.29392679775561 ], [ -99.104238055663529, 19.293756719590103 ], [ -99.104574072839995, 19.293620271736476 ], [ -99.105135070807464, 19.293392463288281 ], [ -99.10563292236877, 19.293190295276784 ], [ -99.105756119797547, 19.293148129643907 ], [ -99.106104794869452, 19.293028792068952 ], [ -99.10795095416529, 19.292396909694432 ], [ -99.110318398835631, 19.29138530327598 ], [ -99.1103886328453, 19.291357908287601 ], [ -99.110512440318573, 19.291309615347213 ], [ -99.112930600696643, 19.290269067232384 ], [ -99.113911078484861, 19.289849171549481 ], [ -99.114679076042634, 19.289506097205024 ], [ -99.115936140405125, 19.288947791771978 ], [ -99.117949060898127, 19.288053945423282 ], [ -99.122334033389848, 19.28619994966337 ], [ -99.124449965889241, 19.28536552002867 ], [ -99.124935385882623, 19.285261031913418 ], [ -99.125023777739074, 19.285242005582067 ], [ -99.125149970286387, 19.285206699574164 ], [ -99.127543949813102, 19.284536496844108 ], [ -99.127938598331582, 19.284426009959528 ], [ -99.128249386420904, 19.284339195805899 ], [ -99.128603023843738, 19.284240411674162 ], [ -99.129240182534218, 19.284062427095055 ], [ -99.129575855682646, 19.283968658695684 ], [ -99.130379689318247, 19.283744071673048 ], [ -99.131986612610191, 19.283295208400354 ], [ -99.13440163852438, 19.282619840721708 ], [ -99.135636823209794, 19.282368783913959 ], [ -99.137680531714139, 19.282207680428034 ], [ -99.138943071914071, 19.282234821076802 ], [ -99.139837213884803, 19.282344306534664 ], [ -99.14053662553448, 19.282430511676548 ], [ -99.141025851260849, 19.282502579336647 ], [ -99.141041484505251, 19.282400349001076 ], [ -99.141055766990732, 19.282293403997322 ], [ -99.14111768430449, 19.281860468951553 ], [ -99.141157986074504, 19.281220310605672 ], [ -99.141187796334208, 19.281011789606044 ], [ -99.141367028117045, 19.279758035056023 ], [ -99.141414913421457, 19.279415947266966 ], [ -99.141444149817914, 19.279207083211315 ], [ -99.141470686118097, 19.278944997334456 ], [ -99.141465713926735, 19.278825869400272 ], [ -99.141512493271662, 19.278448773365312 ], [ -99.141563459492048, 19.27803793024988 ], [ -99.141626237121287, 19.277531872645106 ], [ -99.141651450144806, 19.277328626565993 ], [ -99.141844160103531, 19.275775140917855 ], [ -99.141850266642422, 19.27572591040099 ], [ -99.141872032219027, 19.275550454203813 ], [ -99.141916912419248, 19.275198066746004 ], [ -99.141931884105787, 19.27508051567937 ], [ -99.141973378222929, 19.274667684208413 ], [ -99.142074951896291, 19.273956423777694 ], [ -99.142144422795738, 19.273663673842812 ], [ -99.14218449150863, 19.273494822326583 ], [ -99.142299846965159, 19.273008710459965 ], [ -99.142422050657984, 19.271969262288735 ], [ -99.14247548171322, 19.271514784177743 ], [ -99.142443546727009, 19.271323436751707 ], [ -99.142475120027939, 19.27109627884801 ], [ -99.142513565806766, 19.270916016960239 ], [ -99.142512064836211, 19.270782586371975 ], [ -99.142511142246889, 19.270691819983711 ], [ -99.142880330914679, 19.270407388784502 ], [ -99.14291326793915, 19.27038201313729 ], [ -99.143105931982717, 19.27012921472279 ], [ -99.143168825997904, 19.269794407582346 ], [ -99.143259375318195, 19.26966040330279 ], [ -99.143357743738264, 19.269514827686663 ], [ -99.142906665812916, 19.269386797350609 ], [ -99.142978248798826, 19.26881957226286 ], [ -99.142992489537818, 19.268706729188231 ], [ -99.143011358698217, 19.268557207817747 ], [ -99.143082703749982, 19.267991861703486 ], [ -99.14314266421998, 19.267430332803276 ], [ -99.143150478431139, 19.267357151751948 ], [ -99.143227116731154, 19.267337679395879 ], [ -99.143345358243863, 19.266562915133076 ], [ -99.143359249926021, 19.266468312466753 ], [ -99.143448334956005, 19.266095122605357 ], [ -99.143343227792556, 19.265697253855187 ], [ -99.143192321302053, 19.265520234476458 ], [ -99.142788530676611, 19.265428342515637 ], [ -99.142609573049398, 19.265314434661569 ], [ -99.142451101940054, 19.265253895517457 ], [ -99.142498634811574, 19.264079417096919 ], [ -99.142432105258891, 19.2639678479424 ], [ -99.142459721120005, 19.26340001802064 ], [ -99.142354797072457, 19.26320840370601 ], [ -99.142276592968585, 19.262440971903509 ], [ -99.142234350030563, 19.262251618681137 ], [ -99.142140797238923, 19.261779903537153 ], [ -99.14235322310185, 19.26122370189222 ], [ -99.14242838684612, 19.260945625601977 ], [ -99.142387892307426, 19.260280098117672 ], [ -99.142307933583311, 19.260141151450259 ], [ -99.142245709444381, 19.259993765376979 ], [ -99.142241205004481, 19.259913733587929 ], [ -99.142032628301607, 19.259787523782457 ], [ -99.141948227448793, 19.259640155723922 ], [ -99.141814866032348, 19.259294842158578 ], [ -99.141584097993118, 19.25915179968467 ], [ -99.141384328578724, 19.258949759337206 ], [ -99.141251210554572, 19.258886676230265 ], [ -99.141060420709522, 19.258811000500735 ], [ -99.140940574069973, 19.258705782656381 ], [ -99.140787422975279, 19.258556360377998 ], [ -99.140541065297455, 19.258333292350166 ], [ -99.140381254195646, 19.258175450164128 ], [ -99.14026133587447, 19.257985984265606 ], [ -99.140176948268149, 19.257851252349102 ], [ -99.140154667635557, 19.257729109826581 ], [ -99.140176747843256, 19.25761535888854 ], [ -99.140214363002613, 19.257514232148331 ], [ -99.140280810220375, 19.257415189911224 ], [ -99.14041820788816, 19.257297137226669 ], [ -99.140475841573902, 19.257265499990563 ], [ -99.140615500210671, 19.257197994377705 ], [ -99.140757377729216, 19.257132592667968 ], [ -99.140810559763622, 19.257082003683941 ], [ -99.140806059703266, 19.257006183260437 ], [ -99.140717165807501, 19.256789313102626 ], [ -99.140617184280671, 19.256572451418688 ], [ -99.140552803240553, 19.256492465570972 ], [ -99.140370860274828, 19.256385189299568 ], [ -99.140160117845738, 19.256313740239765 ], [ -99.140040309354035, 19.256250646020735 ], [ -99.139960355411247, 19.256113803957639 ], [ -99.139782663951848, 19.255787478624942 ], [ -99.139551654981602, 19.255351672074813 ], [ -99.13945370709024, 19.254913657200923 ], [ -99.13939584805928, 19.254677806697639 ], [ -99.139484346433392, 19.254431314242034 ], [ -99.139484070482752, 19.254104853190494 ], [ -99.139550304827779, 19.253755173991248 ], [ -99.139665381096165, 19.25346864257078 ], [ -99.139734096853019, 19.253430678140113 ], [ -99.139802811627305, 19.253392714588124 ], [ -99.139909159571545, 19.253274685974663 ], [ -99.139948930342626, 19.253101946918651 ], [ -99.140055313745833, 19.253026042492152 ], [ -99.140103970036577, 19.252870146859674 ], [ -99.140148240132888, 19.252773227329964 ], [ -99.140179173230138, 19.252638406948915 ], [ -99.140181324174705, 19.252560475656903 ], [ -99.140145763643687, 19.252467830516867 ], [ -99.14014118891194, 19.252303550049181 ], [ -99.140183141517383, 19.252088685854012 ], [ -99.140198591892656, 19.252002319686504 ], [ -99.140375846502636, 19.251818943814325 ], [ -99.140422347736305, 19.251736766140667 ], [ -99.140468839009671, 19.251644058063455 ], [ -99.140482049605296, 19.251532419546301 ], [ -99.140672611734018, 19.251351139785907 ], [ -99.140903021840657, 19.251089793770664 ], [ -99.141155548638679, 19.250758925425529 ], [ -99.141312844842474, 19.25057767065212 ], [ -99.141534247065024, 19.250158365748661 ], [ -99.141702457070878, 19.24977490711515 ], [ -99.14173337293137, 19.249623236182835 ], [ -99.141764284261171, 19.249465247186826 ], [ -99.141739655364688, 19.2491914604736 ], [ -99.14177047564344, 19.248950823432789 ], [ -99.140788231475014, 19.248213100732077 ], [ -99.140368599115803, 19.247897928537387 ], [ -99.140131194773971, 19.247431562636134 ], [ -99.139188880555139, 19.246008577713127 ], [ -99.138888889083404, 19.245555555325272 ], [ -99.140035265125093, 19.244260348173292 ], [ -99.140081825673278, 19.244207742745964 ], [ -99.140382525812299, 19.243621053046837 ], [ -99.140508583186786, 19.243622491777106 ], [ -99.141192984857099, 19.243614633032891 ], [ -99.141602198845845, 19.243746282284029 ], [ -99.141679362145283, 19.243716897029408 ], [ -99.141697343929934, 19.243682670129406 ], [ -99.141712720409728, 19.243611787641267 ], [ -99.141728243612249, 19.243559986657164 ], [ -99.141975658394642, 19.243614435177978 ], [ -99.142154097709323, 19.243734503464644 ], [ -99.142252068160403, 19.243936593633681 ], [ -99.142280968910342, 19.244095025236671 ], [ -99.142730693188369, 19.244255732821699 ], [ -99.143440511099001, 19.244509380747534 ], [ -99.143622814813511, 19.244536663649299 ], [ -99.143731064809415, 19.244552864107828 ], [ -99.144078192563072, 19.244665660183845 ], [ -99.144179910221723, 19.244700037968858 ], [ -99.144185377961051, 19.244534793413621 ], [ -99.144191120103756, 19.244361264032953 ], [ -99.144239783094022, 19.244090759998869 ], [ -99.144180665200068, 19.243562948712782 ], [ -99.14410355832149, 19.24290519065654 ], [ -99.144086120119596, 19.242487624729332 ], [ -99.144080056037581, 19.242342422475829 ], [ -99.144140298262641, 19.242124066087982 ], [ -99.144203326272205, 19.241869693338767 ], [ -99.14413667430253, 19.241394059096358 ], [ -99.144066735784975, 19.240894973458875 ], [ -99.143904078649697, 19.239734221228208 ], [ -99.144665504963271, 19.239560111507856 ], [ -99.145092223215315, 19.239470227343787 ], [ -99.145725341853392, 19.239336886009994 ], [ -99.145985176766089, 19.239304909717955 ], [ -99.146108696390755, 19.239329249284282 ], [ -99.14618456035268, 19.239403522467359 ], [ -99.146253003912662, 19.239583288209765 ], [ -99.146305758643862, 19.239827623516767 ], [ -99.146392284425062, 19.239971740168933 ], [ -99.146503045486199, 19.240113391855232 ], [ -99.146624091549469, 19.240247703169068 ], [ -99.146760522682641, 19.240323351877745 ], [ -99.146917517985557, 19.240376989594967 ], [ -99.147133688274621, 19.240428134999561 ], [ -99.147326671719313, 19.240445086729093 ], [ -99.147507243263107, 19.240253559347259 ], [ -99.147319325729313, 19.239893112826618 ], [ -99.147016989539935, 19.239313199139435 ], [ -99.146237912887486, 19.237803263946766 ], [ -99.14460454855822, 19.234637525451035 ], [ -99.14457435005005, 19.234580815908021 ], [ -99.144717628965665, 19.234516415845295 ], [ -99.144748503453314, 19.234447627419556 ], [ -99.144779342066741, 19.234408501679852 ], [ -99.144830764480474, 19.234369360558524 ], [ -99.144923362352557, 19.234342405447599 ], [ -99.145021122832745, 19.234334996880374 ], [ -99.145100899893862, 19.234356928079631 ], [ -99.145219298135189, 19.234413040724316 ], [ -99.145319671028801, 19.234449618727052 ], [ -99.145389134763363, 19.234447119862335 ], [ -99.145481728281709, 19.234415277029239 ], [ -99.145574283001167, 19.234339445378961 ], [ -99.145725276929113, 19.234330341159378 ], [ -99.145757858972871, 19.234331812728442 ], [ -99.145867581575786, 19.234336768240023 ], [ -99.146037307126647, 19.234246212532081 ], [ -99.146243067832202, 19.234172733943097 ], [ -99.146379413636438, 19.234157962664501 ], [ -99.146559545512318, 19.234196919027337 ], [ -99.146681785549902, 19.234251329516461 ], [ -99.146763168223089, 19.234287554115422 ], [ -99.146823118390898, 19.23431412129322 ], [ -99.146815353906618, 19.234271697676451 ], [ -99.146805241243669, 19.234216439172364 ], [ -99.146801062134386, 19.23419360221914 ], [ -99.14689171894625, 19.234092121385114 ], [ -99.146916595725273, 19.234062185716603 ], [ -99.146938494771803, 19.234035832161403 ], [ -99.1469521525663, 19.234019397474125 ], [ -99.147001860236827, 19.233890907636649 ], [ -99.147012881793046, 19.23376784600341 ], [ -99.146967835715273, 19.233647555067378 ], [ -99.147001488775658, 19.23347344449439 ], [ -99.147024729313699, 19.233421471438209 ], [ -99.147048702897294, 19.23336785749601 ], [ -99.146684969460551, 19.23341801778999 ], [ -99.146691192501478, 19.233373627257276 ], [ -99.146721752677294, 19.233155639754525 ], [ -99.146807879133732, 19.232541288196519 ], [ -99.147039763053343, 19.232037943881373 ], [ -99.147045282183001, 19.232025963944807 ], [ -99.146982294313219, 19.231898255006392 ], [ -99.146893262227181, 19.231825651007707 ], [ -99.146793328196779, 19.231812569925623 ], [ -99.146225933433854, 19.231738297837559 ], [ -99.146182034490721, 19.231711013622224 ], [ -99.146112008971627, 19.231707402116147 ], [ -99.145570847942992, 19.23167948989148 ], [ -99.145620867504505, 19.231541719603275 ], [ -99.14559724930271, 19.23140825545568 ], [ -99.145480366420699, 19.231247933857887 ], [ -99.145430079337899, 19.230865599870516 ], [ -99.14566105553142, 19.230828453185975 ], [ -99.145629751246332, 19.230718221356963 ], [ -99.145715167451868, 19.230692396719071 ], [ -99.14583361746574, 19.230609411968647 ], [ -99.145833928598535, 19.23060942708452 ], [ -99.146008690123153, 19.23061794931402 ], [ -99.146009000305355, 19.230617965334105 ], [ -99.146055400227922, 19.230692581174921 ], [ -99.146147386784548, 19.230699894086253 ], [ -99.146157819534992, 19.230877655747577 ], [ -99.146585355312084, 19.230927907407196 ], [ -99.146734268634887, 19.230740458368398 ], [ -99.146795387080445, 19.230699846662706 ], [ -99.146889736142157, 19.230636583967918 ], [ -99.146890046325254, 19.23063660089025 ], [ -99.147229190459456, 19.230695433384508 ], [ -99.147567522203644, 19.230803158431652 ], [ -99.147730617409152, 19.230824355286305 ], [ -99.148073021802659, 19.230910747761193 ], [ -99.148185843092804, 19.230942409533579 ], [ -99.148301214920906, 19.230974786743058 ], [ -99.148302532571108, 19.230974685360486 ], [ -99.148568752550034, 19.230945172924063 ], [ -99.148649403269431, 19.23102261613742 ], [ -99.148852968115349, 19.231180967401187 ], [ -99.148975720626211, 19.231206041358735 ], [ -99.148976934438195, 19.23120579274557 ], [ -99.149092436122956, 19.2311729344312 ], [ -99.149223973869056, 19.231330325383414 ], [ -99.149800896320897, 19.231487592843308 ], [ -99.149837712583249, 19.23174178394337 ], [ -99.149858456626518, 19.23169325673328 ], [ -99.15274489793353, 19.224939915790859 ], [ -99.152777253824198, 19.224864379189587 ], [ -99.152818992717343, 19.22476653487124 ], [ -99.153550094227327, 19.2230557947987 ], [ -99.153584677361906, 19.222974940353797 ], [ -99.153666240366789, 19.222980289902452 ], [ -99.15380735776381, 19.22311155147527 ], [ -99.153945751971591, 19.223340319273579 ], [ -99.154339577828111, 19.223606599634817 ], [ -99.15469284239505, 19.223511214234435 ], [ -99.154843360339413, 19.223332164722446 ], [ -99.154929945931201, 19.223269468377048 ], [ -99.155052017665312, 19.223283068569675 ], [ -99.155115538233019, 19.223334617678837 ], [ -99.155397490559892, 19.223716379582605 ], [ -99.155538856810708, 19.223821824140035 ], [ -99.155810987681335, 19.223655440449491 ], [ -99.155895301223779, 19.223656386333712 ], [ -99.156009618288564, 19.223681864065775 ], [ -99.156066145695306, 19.223703287066911 ], [ -99.15609310719006, 19.223760604844845 ], [ -99.156077579826743, 19.223844626501563 ], [ -99.156083293627375, 19.223910822687831 ], [ -99.156154946802758, 19.223993066490387 ], [ -99.15623786448721, 19.224035937184631 ], [ -99.156362192486171, 19.224048355188692 ], [ -99.156470892858167, 19.224058775627071 ], [ -99.159301064963913, 19.223171660538462 ], [ -99.165538309268698, 19.225273395038506 ], [ -99.165497570611251, 19.225381236702454 ], [ -99.165717889449709, 19.225190616045587 ], [ -99.165802929038605, 19.225033441354956 ], [ -99.169013402063712, 19.224885019061123 ], [ -99.174206947263599, 19.224644798932282 ], [ -99.174232686947363, 19.224483712941588 ], [ -99.178797211139965, 19.225472027527836 ], [ -99.179426501563398, 19.22519232009455 ], [ -99.179109404247185, 19.225106856173014 ], [ -99.179218604463045, 19.224855131941098 ], [ -99.179330294595445, 19.224597668241035 ], [ -99.179498579062781, 19.223874802655835 ], [ -99.179480468639952, 19.222766679421291 ], [ -99.179855549129115, 19.221989320099926 ], [ -99.18117698514969, 19.218854130527003 ], [ -99.179886219857295, 19.218261733996243 ], [ -99.179303489860644, 19.217868713017932 ], [ -99.17797203992393, 19.21855984498114 ], [ -99.17719795757462, 19.218508075045985 ], [ -99.176478658730773, 19.217983567571945 ], [ -99.17592450064808, 19.216776136461601 ], [ -99.174597298737254, 19.216479792076207 ], [ -99.173804467223903, 19.216112904472993 ], [ -99.173620251830314, 19.216183105712751 ], [ -99.173101570274497, 19.216868474469656 ], [ -99.173031261900249, 19.21817006690139 ], [ -99.172387095964183, 19.218954930394659 ], [ -99.172026192876842, 19.219233027139772 ], [ -99.171923384905668, 19.219608912984921 ], [ -99.171743119102032, 19.219927686088802 ], [ -99.171201302405748, 19.219903685438791 ], [ -99.171169663249685, 19.219586367151457 ], [ -99.171329326398691, 19.218964092371316 ], [ -99.171164966029764, 19.218032941427222 ], [ -99.170949288556969, 19.217376074742425 ], [ -99.170966269317745, 19.215975520237084 ], [ -99.170891721815863, 19.215170280415631 ], [ -99.171315148816234, 19.214749724396377 ], [ -99.17183578973524, 19.214623501718815 ], [ -99.170330986077943, 19.214288979294324 ], [ -99.170240159808742, 19.214268787277636 ], [ -99.170208073783101, 19.214249222997264 ], [ -99.170077570896041, 19.214193831652835 ], [ -99.169929284052927, 19.214735945642772 ], [ -99.169164830400433, 19.215752765221694 ], [ -99.168685927356975, 19.216242898731057 ], [ -99.168047528211801, 19.217036787489626 ], [ -99.167394887009763, 19.217733166683274 ], [ -99.166051922669226, 19.218177832403278 ], [ -99.164836776067659, 19.218162004250271 ], [ -99.163275856481789, 19.218024613783154 ], [ -99.162523762811134, 19.217812023142319 ], [ -99.162220766160672, 19.217703969739606 ], [ -99.161904118916254, 19.218212010433714 ], [ -99.1618855828536, 19.218317271454382 ], [ -99.15910677229148, 19.218160299387744 ], [ -99.158005396876135, 19.21772434256825 ], [ -99.157741460999816, 19.21761986845252 ], [ -99.156560594098892, 19.216168684634059 ], [ -99.156167377659344, 19.214852226015068 ], [ -99.156089287866962, 19.214746790269601 ], [ -99.15611096792172, 19.214598505223282 ], [ -99.156152827383806, 19.214537427015333 ], [ -99.156202413329552, 19.214219187921085 ], [ -99.156187888625567, 19.213931468694785 ], [ -99.156208967526183, 19.213613253871461 ], [ -99.156212326615403, 19.213396606159773 ], [ -99.156189345295317, 19.213039089751476 ], [ -99.156114630931555, 19.212480297333091 ], [ -99.155518426412272, 19.211987886229043 ], [ -99.154999215070248, 19.211623202138661 ], [ -99.154606344519181, 19.211867999749945 ], [ -99.15437073059266, 19.212303695989025 ], [ -99.153885315363368, 19.213086918309674 ], [ -99.153842466870117, 19.213134575323693 ], [ -99.153746339314509, 19.213222667207081 ], [ -99.15358608331583, 19.213324354508416 ], [ -99.153329630132234, 19.213439661180868 ], [ -99.152631429787235, 19.213670429668973 ], [ -99.152449740204659, 19.213714586050461 ], [ -99.152113049930833, 19.213763950014975 ], [ -99.151209060026119, 19.213888321389483 ], [ -99.151106532310592, 19.213901878081675 ], [ -99.150864482271061, 19.213976123140611 ], [ -99.150751847993135, 19.214015338952322 ], [ -99.150609515575823, 19.214064894450292 ], [ -99.150226791413331, 19.214060746784007 ], [ -99.149927118629662, 19.213960392695505 ], [ -99.149388983324414, 19.213882975395546 ], [ -99.148993272970685, 19.213683577966634 ], [ -99.148900461454915, 19.213500859173006 ], [ -99.148889676822847, 19.213395931362289 ], [ -99.147930820359733, 19.21303788930474 ], [ -99.147997621859972, 19.212767553160411 ], [ -99.148068056250722, 19.212603455644249 ], [ -99.147957097245282, 19.212464751653158 ], [ -99.147961567279694, 19.21183060706155 ], [ -99.147830243083462, 19.211452621172967 ], [ -99.147492341074553, 19.211048479025607 ], [ -99.147330274618199, 19.210091415363301 ], [ -99.146296197008951, 19.208610985360572 ], [ -99.146195101790227, 19.208727698929533 ], [ -99.144586778302681, 19.207367896144884 ], [ -99.143889726876338, 19.209496283593456 ], [ -99.143825809788368, 19.209420567322379 ], [ -99.143753488766933, 19.209334894724947 ], [ -99.14310204837075, 19.209412911495651 ], [ -99.142386948843765, 19.209669567340516 ], [ -99.141457187639233, 19.209758737717056 ], [ -99.140849443369433, 19.209637003909187 ], [ -99.140756223388578, 19.209503236171539 ], [ -99.140469592050451, 19.209547680852374 ], [ -99.140134853060587, 19.209636514104048 ], [ -99.14008255294334, 19.20965039314088 ], [ -99.139378011374319, 19.209567560548134 ], [ -99.137345598923176, 19.209496911561441 ], [ -99.136622487744916, 19.209444007116282 ], [ -99.134190629334014, 19.209437425793755 ], [ -99.133389057441022, 19.209873665264389 ], [ -99.133325399786571, 19.209988976255392 ], [ -99.133251410469171, 19.210043731999367 ], [ -99.133152721912154, 19.210071154686212 ], [ -99.133031394661629, 19.210077103573898 ], [ -99.132932658950679, 19.210045917340135 ], [ -99.132875036823691, 19.209995164071337 ], [ -99.13285445180982, 19.209969781919888 ], [ -99.132899653724735, 19.209918954103646 ], [ -99.132924264943455, 19.209836884246567 ], [ -99.132911830627293, 19.209717720783303 ], [ -99.132858291346125, 19.209629845885814 ], [ -99.132829441146697, 19.209555628568904 ], [ -99.13279643923704, 19.209432573102021 ], [ -99.132794286836685, 19.209313403079594 ], [ -99.132806521238464, 19.209182500141377 ], [ -99.132806386362759, 19.209014487499463 ], [ -99.132804205733535, 19.208860151824037 ], [ -99.132799857986555, 19.208567108938961 ], [ -99.132799702736079, 19.208373699223618 ], [ -99.132768800762946, 19.208305344166511 ], [ -99.132742035778634, 19.208266290984092 ], [ -99.132653559431148, 19.208205792282207 ], [ -99.132534226087017, 19.208131640359998 ], [ -99.132474519871664, 19.208045723689423 ], [ -99.13240448667068, 19.207903158601969 ], [ -99.132357084027788, 19.207772298736629 ], [ -99.132344652459551, 19.207657043002261 ], [ -99.132412362368882, 19.207465537254063 ], [ -99.132484176776757, 19.207264260820796 ], [ -99.132514947612307, 19.207170464050204 ], [ -99.132528655106313, 19.207068570293682 ], [ -99.132551744554178, 19.206896928546378 ], [ -99.132524900045723, 19.206758239148531 ], [ -99.132481570995012, 19.206578536088642 ], [ -99.132438290514855, 19.206459394836212 ], [ -99.132308599422757, 19.206289521788243 ], [ -99.132215974378525, 19.206182138578974 ], [ -99.132043077914432, 19.205984946409206 ], [ -99.131752914741725, 19.205725320810938 ], [ -99.131623256962413, 19.205594519812376 ], [ -99.131518281134831, 19.205471516615365 ], [ -99.131437986937556, 19.205352401655496 ], [ -99.131357642277464, 19.205170770927328 ], [ -99.131318441291825, 19.205008646985426 ], [ -99.131273106333637, 19.204889507806257 ], [ -99.131233964375426, 19.204801622066331 ], [ -99.131230716567686, 19.204697122358926 ], [ -99.131197868747236, 19.204564093573104 ], [ -99.131126639026974, 19.204430513835636 ], [ -99.131019670985069, 19.204262570240793 ], [ -99.130875515009834, 19.204123972479238 ], [ -99.130764507585582, 19.204047852278844 ], [ -99.130587623539085, 19.204004998864178 ], [ -99.130564382140804, 19.203999413993785 ], [ -99.130449819300551, 19.203971884268785 ], [ -99.130222143837656, 19.203920895856065 ], [ -99.130050008151429, 19.203904973816716 ], [ -99.130299735083156, 19.203164428164872 ], [ -99.129710430959747, 19.203002300803238 ], [ -99.129302369151702, 19.202937806637095 ], [ -99.12939236040431, 19.202469954721508 ], [ -99.129413523241155, 19.202317682829992 ], [ -99.129444327377996, 19.20206470683452 ], [ -99.129474638667759, 19.201812950330048 ], [ -99.129507379097447, 19.201542560450214 ], [ -99.129523934935534, 19.200751175423779 ], [ -99.129513631838478, 19.200658845053024 ], [ -99.129505221815407, 19.200554418496246 ], [ -99.129489342251787, 19.200441177544366 ], [ -99.129317306942539, 19.200074166127607 ], [ -99.129153930382998, 19.199796893240634 ], [ -99.129060394005336, 19.199371060084335 ], [ -99.12939022314977, 19.198555685588705 ], [ -99.129465364853601, 19.198443112402945 ], [ -99.129418946270221, 19.198271068963876 ], [ -99.1292726922388, 19.198393750076644 ], [ -99.129152699323683, 19.198344689743102 ], [ -99.129199740319947, 19.19797751738146 ], [ -99.129272508261948, 19.197679445463073 ], [ -99.129947004610827, 19.196703428574857 ], [ -99.128817542542166, 19.196303443134077 ], [ -99.127888602494338, 19.195938812901996 ], [ -99.127184191746167, 19.195727189527314 ], [ -99.126631036911846, 19.196314309627144 ], [ -99.125191936315659, 19.195561303590981 ], [ -99.125230397209123, 19.195320602085197 ], [ -99.124680382414624, 19.194741723259785 ], [ -99.124327991917681, 19.194317720624408 ], [ -99.124260068413605, 19.194157822255981 ], [ -99.126133667268462, 19.193910668006303 ], [ -99.127932687043455, 19.194096486153633 ], [ -99.130662651411981, 19.195609703767719 ], [ -99.131705938928064, 19.194022637418303 ], [ -99.133526208374562, 19.191411246341413 ], [ -99.135254171852026, 19.188864062817593 ], [ -99.13540554467987, 19.188909997128487 ], [ -99.135425611473011, 19.18877316570191 ], [ -99.13558658148709, 19.188296973997989 ], [ -99.135918778398604, 19.188114419613964 ], [ -99.137990577865196, 19.186819145915052 ], [ -99.139226440257559, 19.18749397373519 ], [ -99.139225434389999, 19.187500213975387 ], [ -99.139031909361663, 19.188701222272968 ], [ -99.141364886827944, 19.188966367823383 ], [ -99.141606084641595, 19.188798500435077 ], [ -99.141812310279121, 19.1888793919736 ], [ -99.142020993838472, 19.188745995521366 ], [ -99.14235602765369, 19.188311175921122 ], [ -99.142294807441473, 19.188036003240931 ], [ -99.142233600825051, 19.187775314889386 ], [ -99.142309667306677, 19.187586946455724 ], [ -99.142736359808978, 19.187369335918191 ], [ -99.142758260714615, 19.186246707431447 ], [ -99.142559500877539, 19.185587780116645 ], [ -99.142215681356561, 19.18466098647297 ], [ -99.142138466488248, 19.183509463936264 ], [ -99.142022181455687, 19.183169516811766 ], [ -99.141817906187512, 19.182669840421397 ], [ -99.141830736962746, 19.182294954715402 ], [ -99.142073737293217, 19.181944883219519 ], [ -99.142540421870535, 19.181725843118731 ], [ -99.143181223774661, 19.181719716668333 ], [ -99.143782984945659, 19.181233988365129 ], [ -99.144491300690035, 19.180567107288528 ], [ -99.144854091795295, 19.180649200717554 ], [ -99.145648565945194, 19.180119844692179 ], [ -99.145948820458131, 19.179925220694507 ], [ -99.146920972649212, 19.179585161585585 ], [ -99.147657868817248, 19.17934351608849 ], [ -99.147687027030756, 19.179333954466163 ], [ -99.150717665378721, 19.180453370861226 ], [ -99.152607576031713, 19.181356374500943 ], [ -99.151950568170548, 19.182919963947658 ], [ -99.151845825470446, 19.18341409721322 ], [ -99.151621224457941, 19.184308136757398 ], [ -99.151555466881021, 19.184707997449031 ], [ -99.150827532021665, 19.187456020586691 ], [ -99.150345388117032, 19.188843044509639 ], [ -99.149990447749005, 19.189791556935738 ], [ -99.149738895516492, 19.190410625225308 ], [ -99.149315581165766, 19.191169295709365 ], [ -99.148861041560878, 19.192946174842969 ], [ -99.14936859705486, 19.192768283464844 ], [ -99.149785233141316, 19.19268603079794 ], [ -99.150259274894992, 19.192526366696612 ], [ -99.150575353572876, 19.192476049862901 ], [ -99.150857998976932, 19.192530426567316 ], [ -99.151097574725, 19.192625794332749 ], [ -99.151351398253439, 19.192589179436482 ], [ -99.151767891061198, 19.192352197251545 ], [ -99.152202637070204, 19.192210042732327 ], [ -99.152510118303326, 19.192151349255379 ], [ -99.152926863745563, 19.192191959232055 ], [ -99.15306620598453, 19.192270960662459 ], [ -99.153277384465014, 19.192274267373918 ], [ -99.153420313299236, 19.192305315422129 ], [ -99.15375098353654, 19.192496169348349 ], [ -99.154148592876666, 19.192559546220334 ], [ -99.154536665286926, 19.192668437544789 ], [ -99.154934198685069, 19.192649898943142 ], [ -99.155451398935128, 19.192549345186421 ], [ -99.156016418853355, 19.192366836385411 ], [ -99.156730221548671, 19.192502749751146 ], [ -99.157214138063779, 19.1926616111326 ], [ -99.157890231652956, 19.193434655924619 ], [ -99.157620035684616, 19.193628916433912 ], [ -99.157952614172359, 19.193768193275211 ], [ -99.15822844970252, 19.193858548939744 ], [ -99.158726122421342, 19.194164178256852 ], [ -99.158867611154193, 19.193902069503014 ], [ -99.158965352487499, 19.193706106731952 ], [ -99.159153082720522, 19.193292152595141 ], [ -99.159186509356417, 19.19321377234947 ], [ -99.159263569623505, 19.192951719172285 ], [ -99.159258302890436, 19.192834197783164 ], [ -99.159330371745455, 19.192741093549305 ], [ -99.15945142087017, 19.192665085375257 ], [ -99.15956726428945, 19.192535215620261 ], [ -99.15964442278792, 19.19237599774436 ], [ -99.159628830979699, 19.192241345783938 ], [ -99.159636375973562, 19.19204791025043 ], [ -99.159932220750747, 19.191511437770483 ], [ -99.160066075680305, 19.191354618518808 ], [ -99.160478077197354, 19.191016370143139 ], [ -99.161039528860258, 19.190660849245347 ], [ -99.161752757621784, 19.190033413525256 ], [ -99.1622059921649, 19.189702469658471 ], [ -99.162605109889867, 19.189374021797921 ], [ -99.162780197827914, 19.18922206141383 ], [ -99.162957766820185, 19.188972159576785 ], [ -99.163055519718114, 19.188795783281286 ], [ -99.163086282444894, 19.18863170774652 ], [ -99.163050035925195, 19.188460347012516 ], [ -99.163665050852345, 19.187558762513664 ], [ -99.163791224462315, 19.187458262577426 ], [ -99.164177327253455, 19.185997498822211 ], [ -99.164973209534281, 19.185303003393258 ], [ -99.166642280704579, 19.183798302892495 ], [ -99.167202922805131, 19.183267023792865 ], [ -99.169088910753288, 19.180615213922636 ], [ -99.170843137153653, 19.17802610690665 ], [ -99.172093713439381, 19.176877264614511 ], [ -99.173213534167431, 19.176709277366268 ], [ -99.174422974273298, 19.17823140828035 ], [ -99.175610342115306, 19.179628350356793 ], [ -99.176907180796789, 19.180691311102638 ], [ -99.17739095164697, 19.181275114173882 ], [ -99.178270143143777, 19.18196286625265 ], [ -99.179743138839441, 19.183422103675536 ], [ -99.181172213575067, 19.184860505613816 ], [ -99.182161180180714, 19.18548552938357 ], [ -99.183919075436464, 19.186339313104025 ], [ -99.182537819418513, 19.188469102393352 ], [ -99.181858434675419, 19.189784382923293 ], [ -99.179292245863024, 19.192937788707003 ], [ -99.177471860384742, 19.195297502191554 ], [ -99.17613295295692, 19.196091729633888 ], [ -99.174903012670256, 19.196092906636061 ], [ -99.174179301480322, 19.197116065576751 ], [ -99.173521778576003, 19.19843129394944 ], [ -99.173786786941335, 19.199808248570708 ], [ -99.174250265350835, 19.201936215501341 ], [ -99.175129708968868, 19.202770047111922 ], [ -99.175876910410835, 19.203165800479049 ], [ -99.176338886505107, 19.203848741817076 ], [ -99.178076010117664, 19.204867724599325 ], [ -99.178282750702252, 19.205010224118571 ], [ -99.17877845507698, 19.205351893853862 ], [ -99.178789843820411, 19.205350930200769 ], [ -99.179113398984413, 19.205125818666282 ], [ -99.179312660273268, 19.205125623889725 ], [ -99.179636406940133, 19.205077981458338 ], [ -99.17989783362296, 19.204983074107439 ], [ -99.180097158164628, 19.205042034851726 ], [ -99.180296676218049, 19.205278466293162 ], [ -99.180421394642281, 19.20544398287408 ], [ -99.180670470524845, 19.205443737589846 ], [ -99.180744960664498, 19.205230699391105 ], [ -99.180744844353967, 19.205124217567384 ], [ -99.180931690187364, 19.205159526948606 ], [ -99.181018620203517, 19.2049346454336 ], [ -99.180921736275195, 19.204777034859635 ], [ -99.180822541669315, 19.204736772371486 ], [ -99.180789928350308, 19.204658915273303 ], [ -99.180856308060513, 19.204556200643967 ], [ -99.180968404067926, 19.204567921863898 ], [ -99.181030601993498, 19.204502787207915 ], [ -99.181373118037826, 19.204537943278034 ], [ -99.181404369321072, 19.204644395205914 ], [ -99.181522711995768, 19.204673855841158 ], [ -99.181566365693087, 19.204732969951969 ], [ -99.181728315809409, 19.204780135006207 ], [ -99.181747172568436, 19.20493983967247 ], [ -99.181840647005359, 19.205004820234727 ], [ -99.181843841826435, 19.205078763280873 ], [ -99.18178472832453, 19.205117273536462 ], [ -99.181697682334772, 19.205235673585683 ], [ -99.181710376, 19.205454541686787 ], [ -99.181828810316986, 19.205566822108143 ], [ -99.182077984960102, 19.20565531080609 ], [ -99.182488868835918, 19.205572082200732 ], [ -99.182704637441773, 19.205478001654271 ], [ -99.182993025136085, 19.205324409993292 ], [ -99.183285559279867, 19.205251839880582 ], [ -99.183447301465606, 19.20510970161013 ], [ -99.183528495368137, 19.205095625861937 ], [ -99.183521988067639, 19.205247854633988 ], [ -99.182781435304776, 19.205711604591578 ], [ -99.182621540787807, 19.20601620843933 ], [ -99.182588347983554, 19.206187491191677 ], [ -99.182595234137807, 19.206377762366671 ], [ -99.18238838061545, 19.206479449771841 ], [ -99.182234721691259, 19.206384463561772 ], [ -99.181907575215888, 19.206378445982459 ], [ -99.181313398595449, 19.206391719550144 ], [ -99.180866224561768, 19.206519013592594 ], [ -99.180799517192156, 19.206569820143184 ], [ -99.181201623776843, 19.206590174024669 ], [ -99.181847719660837, 19.206844042355197 ], [ -99.184761650676734, 19.208924429732743 ], [ -99.187509858316957, 19.211057458670943 ], [ -99.189073048903637, 19.212307503869603 ], [ -99.190101552393713, 19.211817642877509 ], [ -99.191201815668649, 19.211273471233717 ], [ -99.189923709486763, 19.210827386235099 ], [ -99.189332561288424, 19.209567514304897 ], [ -99.188998374119265, 19.207397024775926 ], [ -99.187966052277915, 19.207082964937353 ], [ -99.187236346879942, 19.205266015641833 ], [ -99.18933626583302, 19.204388590522619 ], [ -99.189922270541103, 19.203013510747553 ], [ -99.18945706114765, 19.202499445819825 ], [ -99.190570549236028, 19.200641561619623 ], [ -99.190022084555665, 19.198829738695853 ], [ -99.190535998848929, 19.19802472042397 ], [ -99.192364743831121, 19.199941997158817 ], [ -99.193564127109468, 19.202247843758194 ], [ -99.193376350113383, 19.204539514305274 ], [ -99.193933129988324, 19.204661367318842 ], [ -99.195057703695994, 19.203847403533036 ], [ -99.196135457694254, 19.204090340696148 ], [ -99.196454599655894, 19.203666038054784 ], [ -99.196621916281799, 19.204059168269023 ], [ -99.197306066761769, 19.203854679624925 ], [ -99.198357639083866, 19.205618957858867 ], [ -99.198469150398765, 19.206406639957859 ], [ -99.198864117618967, 19.208710794251633 ], [ -99.197797021385639, 19.21033689368765 ], [ -99.197335184116668, 19.210824552717728 ], [ -99.197395071407541, 19.210825985736072 ], [ -99.197454958699268, 19.210827418734841 ], [ -99.197757714291043, 19.21097381060277 ], [ -99.197918610148378, 19.211099394673724 ], [ -99.198139334510756, 19.211177006484906 ], [ -99.198312648459691, 19.211143883016167 ], [ -99.198394183863954, 19.21108559188399 ], [ -99.198394102633273, 19.211017863617446 ], [ -99.198387849908855, 19.210973699915495 ], [ -99.198412517264018, 19.210864718786198 ], [ -99.198465078457275, 19.210752762151536 ], [ -99.198502187604973, 19.210679103913169 ], [ -99.198765551318232, 19.210584587870603 ], [ -99.199087799150362, 19.21048117250535 ], [ -99.199239611860733, 19.210419168891672 ], [ -99.199361299230731, 19.210376218109541 ], [ -99.199484490143519, 19.210418902550508 ], [ -99.199831255923314, 19.210648182350781 ], [ -99.200265479832169, 19.210581568867354 ], [ -99.200948621773634, 19.209810430399695 ], [ -99.201154192902223, 19.209423020359583 ], [ -99.20158833227174, 19.209343211910092 ], [ -99.202188999245422, 19.208866561220965 ], [ -99.203472659182879, 19.206961186932205 ], [ -99.206075326984688, 19.204784597883208 ], [ -99.206408138547957, 19.204217850807346 ], [ -99.206231790351424, 19.203899828349687 ], [ -99.206043468474888, 19.203384943947388 ], [ -99.20598069208927, 19.203211663720335 ], [ -99.205922889415419, 19.202845217946415 ], [ -99.205828575902004, 19.202463953764752 ], [ -99.205771094062115, 19.202355055656678 ], [ -99.205692801674246, 19.202280850308444 ], [ -99.205624960826384, 19.202226445085191 ], [ -99.205505017463437, 19.202196862635766 ], [ -99.205296411413698, 19.20213766157681 ], [ -99.205134693783421, 19.202251314880957 ], [ -99.204999848079154, 19.202419251219744 ], [ -99.204802376002036, 19.202350384260978 ], [ -99.204667053856824, 19.202133400868242 ], [ -99.204936068547156, 19.201632873447615 ], [ -99.204909756693183, 19.201434788551936 ], [ -99.204956381491684, 19.201196999278274 ], [ -99.204919625464186, 19.200984067587001 ], [ -99.204815053138333, 19.200736542199927 ], [ -99.204778075849887, 19.200345307369542 ], [ -99.204746245185163, 19.199899585437784 ], [ -99.204819204841044, 19.199591459955762 ], [ -99.204833612944569, 19.199529516580665 ], [ -99.204850938991342, 19.199484084067461 ], [ -99.204885184464089, 19.199447454100063 ], [ -99.204977609603304, 19.199425456701974 ], [ -99.205035579277677, 19.199449473976557 ], [ -99.20503414575748, 19.199371158890557 ], [ -99.207672048748321, 19.199036711634971 ], [ -99.208653747436557, 19.201026213323477 ], [ -99.209386017345778, 19.20052924840272 ], [ -99.210398043173512, 19.200308703440427 ], [ -99.211151520454891, 19.199664066098489 ], [ -99.211346410249448, 19.200191897487365 ], [ -99.211979268927209, 19.200113948412117 ], [ -99.211262091107798, 19.193786949094282 ], [ -99.222802163538347, 19.198143840763024 ], [ -99.230672837611678, 19.19766914214869 ], [ -99.230487574710153, 19.19831964285703 ], [ -99.23049871377566, 19.198454884897657 ], [ -99.230542706999557, 19.198590084733528 ], [ -99.23063670542615, 19.199245436204215 ], [ -99.230713487067405, 19.199333775421259 ], [ -99.230883295401512, 19.199380381033684 ], [ -99.231869027205363, 19.199467574036447 ], [ -99.232055169541809, 19.199473171344639 ], [ -99.232250092210862, 19.199520307840171 ], [ -99.232354522997539, 19.199551030247655 ], [ -99.232569380146671, 19.199752411000688 ], [ -99.232736916101942, 19.200119141650024 ], [ -99.232954452832431, 19.200575065889815 ], [ -99.233113902129645, 19.200823753183172 ], [ -99.233481728221435, 19.201068060383399 ], [ -99.234034147300662, 19.201294354703773 ], [ -99.234482394597734, 19.201672846159987 ], [ -99.234963469977615, 19.202297025697604 ], [ -99.235163300725219, 19.202530379789806 ], [ -99.235446628337172, 19.202752606216908 ], [ -99.235683490700154, 19.202925305373025 ], [ -99.235987766389158, 19.203195988901708 ], [ -99.23619125714508, 19.203553854769147 ], [ -99.236500793107041, 19.204257589584362 ], [ -99.236592752693014, 19.204486672684958 ], [ -99.236631380727601, 19.204732354020841 ], [ -99.236592272752489, 19.204962707885493 ], [ -99.236461494804502, 19.205165632115836 ], [ -99.236359555245798, 19.20525832576498 ], [ -99.236218172202001, 19.205345560064853 ], [ -99.236014101056099, 19.205395410325856 ], [ -99.235958429918142, 19.205398787873996 ], [ -99.235874931701005, 19.205408812084475 ], [ -99.235813452100416, 19.205405586185783 ], [ -99.23570554974583, 19.205383686278811 ], [ -99.235647532692937, 19.205368333071853 ], [ -99.235261254919152, 19.205305251779741 ], [ -99.234982859265074, 19.205332823206337 ], [ -99.23471390557188, 19.205434545037807 ], [ -99.234510113391252, 19.205681638679494 ], [ -99.234279018826669, 19.206307830898531 ], [ -99.234218835196472, 19.206400469998464 ], [ -99.23425643222653, 19.206739816988353 ], [ -99.234470280453948, 19.207039268847083 ], [ -99.234583108727691, 19.207301462820649 ], [ -99.235899335755263, 19.20787737262237 ], [ -99.236542746690731, 19.208577653993288 ], [ -99.236933546722199, 19.209111155990318 ], [ -99.237278498404265, 19.209670145040569 ], [ -99.238032570154658, 19.210199540928595 ], [ -99.238220396719797, 19.21051534175324 ], [ -99.238368061833924, 19.212149863068511 ], [ -99.238555954167225, 19.212509256248261 ], [ -99.236733138863883, 19.213361670088823 ], [ -99.235181809156359, 19.214213718609098 ], [ -99.233855665331376, 19.214771217627547 ], [ -99.233393338150975, 19.215040626756583 ], [ -99.232934972001217, 19.215408111860452 ], [ -99.232365716702049, 19.215783002545557 ], [ -99.231858370089029, 19.216312848206019 ], [ -99.23177425248889, 19.216684659892589 ], [ -99.230971606888573, 19.218079849114332 ], [ -99.231267853634861, 19.21850832784375 ], [ -99.231429034424551, 19.219036479528025 ], [ -99.23149423579838, 19.219767966670762 ], [ -99.231633797339981, 19.220133575015439 ], [ -99.232266712911823, 19.221443501980499 ], [ -99.232732922849451, 19.222098274360427 ], [ -99.233943365562851, 19.223341415109761 ], [ -99.232977513761568, 19.224881989362078 ], [ -99.232608334712907, 19.224775771041337 ], [ -99.232570897255513, 19.224775818576681 ], [ -99.231715243798192, 19.224822625890848 ], [ -99.230672677953677, 19.225067798090745 ], [ -99.228956580439132, 19.225567824613918 ], [ -99.227309986083768, 19.226057588129954 ], [ -99.227069390854197, 19.226113770261641 ], [ -99.226946449694523, 19.226164726416201 ], [ -99.226983979135937, 19.226230724388259 ], [ -99.22699477252003, 19.226301835413956 ], [ -99.226952070564423, 19.226362851971174 ], [ -99.226861142463136, 19.226357884684848 ], [ -99.226706105051719, 19.226403799597922 ], [ -99.226567181720029, 19.226500498238163 ], [ -99.226444365408241, 19.226642899819502 ], [ -99.226392993521557, 19.226664039461433 ], [ -99.22671556364655, 19.227121407766607 ], [ -99.227378025112444, 19.228268510718493 ], [ -99.228044126518768, 19.229472862991138 ], [ -99.228710697827893, 19.230720934963223 ], [ -99.228782962552927, 19.230809289240966 ], [ -99.229033352246262, 19.231240378472112 ], [ -99.229479203459221, 19.231895180146164 ] ] ], [ [ [ -99.185367266175803, 19.131922445504244 ], [ -99.18544942098373, 19.132319304990542 ], [ -99.185447812493493, 19.132386097492095 ], [ -99.185720613770442, 19.133294949582684 ], [ -99.184649824174542, 19.133504460921014 ], [ -99.184251666682968, 19.133515000325332 ], [ -99.183905000292413, 19.133556666826355 ], [ -99.183388333268965, 19.133591666285493 ], [ -99.183076666716005, 19.133624999883132 ], [ -99.182427410301443, 19.133728824568617 ], [ -99.181663333616157, 19.133766666328686 ], [ -99.1811967887392, 19.13377432585321 ], [ -99.180698332963502, 19.133816666302856 ], [ -99.180468333290648, 19.133820000137234 ], [ -99.180251666891309, 19.133890000339605 ], [ -99.180056666768763, 19.133931666335993 ], [ -99.179864999770231, 19.133966666407041 ], [ -99.179523333605601, 19.133996666793706 ], [ -99.178799999652853, 19.134006666522328 ], [ -99.178610000136203, 19.134041666377833 ], [ -99.178478333553187, 19.134014999760279 ], [ -99.178314419017624, 19.133883924926106 ], [ -99.176642999861713, 19.13675200043096 ], [ -99.177390271148482, 19.137503024510533 ], [ -99.176062999773961, 19.138117999941894 ], [ -99.176685815330771, 19.139734509677808 ], [ -99.177460000196461, 19.141333000114269 ], [ -99.175441000271718, 19.142461999777524 ], [ -99.174135604947708, 19.14384143895715 ], [ -99.169362593151817, 19.141310767645056 ], [ -99.169996614420512, 19.140250524647932 ], [ -99.170630490781846, 19.139056145593347 ], [ -99.170743203816713, 19.13886825398966 ], [ -99.170954543404974, 19.138519309731866 ], [ -99.17143961374299, 19.137934183982964 ], [ -99.17112639197758, 19.13761839031741 ], [ -99.17052719838361, 19.137022294419022 ], [ -99.169603012050061, 19.135920021176432 ], [ -99.168902585149851, 19.135121825675895 ], [ -99.167337733257327, 19.133593854113226 ], [ -99.17031997714416, 19.130279315443744 ], [ -99.17142492250251, 19.131065365358001 ], [ -99.173353360917304, 19.127416771389274 ], [ -99.17964468724719, 19.129590922727047 ], [ -99.180218783199649, 19.128817970082334 ], [ -99.180893060309359, 19.12867018641413 ], [ -99.181761213002758, 19.128879505526559 ], [ -99.182121659425746, 19.129081627513642 ], [ -99.182364413749809, 19.129451633556439 ], [ -99.184164115445213, 19.131421628002347 ], [ -99.184754441788371, 19.131933848370174 ], [ -99.185367266175803, 19.131922445504244 ] ] ] ] } },
{ "type": "Feature", "properties": { "alcaldia_norm": "VENUSTIANO CARRANZA", "alcaldia": "VENUSTIANO CARRANZA", "cve_col": "17-065", "colonia": "10 DE MAYO", "pob_2010": 2025.0, "SUP_COL_M2": 169496.0, "VIV2010": 664, "DENVIVHa": 39.175, "SUPMNZHa": 16.9496, "C_DENVIVHa": 2 }, "geometry": { "type": "Polygon", "coordinates": [ [ [ -99.127459828193466, 19.411042842349286 ], [ -99.127719868958863, 19.41228233091795 ], [ -99.127856514674562, 19.41338727682486 ], [ -99.127866404931694, 19.413468332288726 ], [ -99.128001494581127, 19.413640087005014 ], [ -99.128168473506491, 19.413717471024629 ], [ -99.128039146029579, 19.414611259595802 ], [ -99.127899745113581, 19.415576587702407 ], [ -99.127840907205453, 19.415984030548675 ], [ -99.127622834096101, 19.417435410249183 ], [ -99.127406887237768, 19.418685341224787 ], [ -99.127354498422221, 19.41903153649212 ], [ -99.127162494577377, 19.420300314553387 ], [ -99.127133039240107, 19.420494952445829 ], [ -99.1265875060746, 19.421710953470885 ], [ -99.126091098635555, 19.422817433226705 ], [ -99.126056547125557, 19.422882086218131 ], [ -99.12602148634268, 19.422947217626692 ], [ -99.125961174622248, 19.423059660291262 ], [ -99.125900374619775, 19.423490543491461 ], [ -99.125856654741639, 19.423800387043425 ], [ -99.125787655680469, 19.424366380044521 ], [ -99.125665822120027, 19.425365766481441 ], [ -99.125658789866833, 19.4254234506909 ], [ -99.125645790266304, 19.42553008296564 ], [ -99.125640198729627, 19.425574722714195 ], [ -99.125632790649931, 19.42563671614203 ], [ -99.125630694070153, 19.425651610979809 ], [ -99.125628597490703, 19.425666506721274 ], [ -99.125598425825203, 19.425880846866615 ], [ -99.125512378328096, 19.426492144317255 ], [ -99.125504331574817, 19.426556146252171 ], [ -99.125467516848374, 19.426810844973392 ], [ -99.125345113532845, 19.427683245358775 ], [ -99.125236583990741, 19.428348952372076 ], [ -99.125176677050291, 19.428755581223719 ], [ -99.125111352034111, 19.429198982712304 ], [ -99.124994837644195, 19.42983078452561 ], [ -99.124845813331007, 19.430840541641757 ], [ -99.124786191333854, 19.431231033163108 ], [ -99.124773844535994, 19.431311898776912 ], [ -99.12467299578455, 19.431972398093986 ], [ -99.124537863464866, 19.43281739174547 ], [ -99.124366682563348, 19.433953506713323 ], [ -99.12421949953746, 19.434731159081878 ], [ -99.124082747933215, 19.435591142435154 ], [ -99.123951136060668, 19.436429526714075 ], [ -99.123785896746142, 19.4374903429126 ], [ -99.123613074430665, 19.438639563555537 ], [ -99.123409973836601, 19.439598729727294 ], [ -99.123255215028934, 19.440858097782062 ], [ -99.123167123546452, 19.441574947673487 ], [ -99.123022078493008, 19.44263480904451 ], [ -99.123661458475951, 19.443552579864086 ], [ -99.123699070040999, 19.443609336060277 ], [ -99.12372399096769, 19.443648319244243 ], [ -99.124199992690848, 19.444392916779528 ], [ -99.124363584658326, 19.444753687566294 ], [ -99.124439316449482, 19.44492070059999 ], [ -99.124451719456374, 19.444959554895838 ], [ -99.124566107597914, 19.445317908319701 ], [ -99.125371028429754, 19.446642556945584 ], [ -99.125563020217427, 19.446938927502284 ], [ -99.125673086718578, 19.447108832516282 ], [ -99.125937578028598, 19.447676145438741 ], [ -99.125868666682166, 19.448225854599258 ], [ -99.125861662652355, 19.448281722173771 ], [ -99.12567029261929, 19.449247394841297 ], [ -99.125551879561129, 19.449844911567183 ], [ -99.125455356518458, 19.450198815544685 ], [ -99.125217279056358, 19.451069128334918 ], [ -99.125054441980026, 19.451454484890789 ], [ -99.125025519440086, 19.451522931074415 ], [ -99.124874152158242, 19.451853439866451 ], [ -99.124779992447898, 19.452002210375472 ], [ -99.124440849433029, 19.453353515438323 ], [ -99.124254477489501, 19.454116406441059 ], [ -99.124148670713012, 19.454549508208991 ], [ -99.124089269676716, 19.45479265824298 ], [ -99.123784488746779, 19.456040210801941 ], [ -99.123711850262808, 19.456337538806952 ], [ -99.123675888047757, 19.456484741685383 ], [ -99.123547177865959, 19.457027170112383 ], [ -99.123537010177159, 19.457070020686608 ], [ -99.123311752425352, 19.457872837158611 ], [ -99.123132385383272, 19.458512094587569 ], [ -99.12239470928273, 19.459638023067129 ], [ -99.122272450099302, 19.459788712575286 ], [ -99.122141290733495, 19.459950632218028 ], [ -99.121970907256653, 19.459890394575805 ], [ -99.121888102398117, 19.459861119973205 ], [ -99.121541897303274, 19.459746697207137 ], [ -99.121110552765188, 19.459604134547661 ], [ -99.120799271328337, 19.45950125285551 ], [ -99.120330712658088, 19.459346388162686 ], [ -99.119828515088372, 19.459180310320569 ], [ -99.119351017350382, 19.459022581479903 ], [ -99.118841814982261, 19.458858868732896 ], [ -99.118364877769963, 19.458705528098083 ], [ -99.117898509040444, 19.458555583651115 ], [ -99.117629178982966, 19.458468989518554 ], [ -99.11729426460127, 19.458384209618288 ], [ -99.117100841621905, 19.458306048817331 ], [ -99.117036592171416, 19.458265806892566 ], [ -99.116808303612643, 19.45812282261253 ], [ -99.116681029520137, 19.458021300901585 ], [ -99.116225770139451, 19.457658154244164 ], [ -99.116073866161187, 19.457537813412465 ], [ -99.115751223932492, 19.457282348548908 ], [ -99.115347179231719, 19.456964095483997 ], [ -99.114912884839811, 19.456622012347932 ], [ -99.114541028743417, 19.456329109049715 ], [ -99.1144581650302, 19.456268520706232 ], [ -99.114412470812326, 19.45623511001207 ], [ -99.114390711349927, 19.456219200153782 ], [ -99.114356477881159, 19.456194168757637 ], [ -99.114330729149941, 19.456175342384888 ], [ -99.114270747935521, 19.456131485498886 ], [ -99.114227239133882, 19.456094988072451 ], [ -99.113817692044037, 19.455751439811248 ], [ -99.113528694833789, 19.455509013098293 ], [ -99.113397095484871, 19.455400517717564 ], [ -99.112966794440609, 19.455045758044648 ], [ -99.112931838545165, 19.45501693932388 ], [ -99.112637416950491, 19.454774202752944 ], [ -99.112511087552292, 19.454670051250645 ], [ -99.112194904905806, 19.454437096684821 ], [ -99.112115549879263, 19.454384597914093 ], [ -99.111918260583195, 19.454254077651903 ], [ -99.111483596799474, 19.454058665949386 ], [ -99.111070913746218, 19.453911118051526 ], [ -99.110838243481311, 19.453846728280269 ], [ -99.110588384166519, 19.453796301263527 ], [ -99.110383900025923, 19.453753329113336 ], [ -99.110149047356444, 19.453705592678507 ], [ -99.109731215667665, 19.453574649842995 ], [ -99.10936311468069, 19.453302218167138 ], [ -99.108972230415773, 19.452929829620697 ], [ -99.108896539410622, 19.452915849306123 ], [ -99.108721061085035, 19.452840666347381 ], [ -99.108545737219686, 19.452765419864509 ], [ -99.107897966369663, 19.452540764058881 ], [ -99.107261792312272, 19.452303653902803 ], [ -99.106822446197214, 19.452141783515476 ], [ -99.106613834710913, 19.452057444324645 ], [ -99.105990493137071, 19.451810657725879 ], [ -99.105364366003258, 19.451577486077497 ], [ -99.104729418715962, 19.451338720591227 ], [ -99.104283131924277, 19.451171648000333 ], [ -99.104083007102034, 19.451090601396064 ], [ -99.103460023751708, 19.450832007734711 ], [ -99.103036241603803, 19.450673751303309 ], [ -99.102556567290037, 19.450486305407988 ], [ -99.101959482758076, 19.450239031829497 ], [ -99.101792565263267, 19.450187404599461 ], [ -99.101376314918966, 19.450058647502498 ], [ -99.100927873447517, 19.449953386087127 ], [ -99.10044930650551, 19.449918579138441 ], [ -99.099864700616678, 19.449994548075416 ], [ -99.099083940569699, 19.450256798390551 ], [ -99.098487538357617, 19.450508190132961 ], [ -99.097981575493236, 19.450718508380064 ], [ -99.097442914194701, 19.450944835972809 ], [ -99.096743600150944, 19.451192820497184 ], [ -99.096033780601076, 19.451455950673306 ], [ -99.09539273856754, 19.45169492425585 ], [ -99.09480872615832, 19.451881018758201 ], [ -99.094248011213551, 19.45194504786042 ], [ -99.093799965012423, 19.451913693190875 ], [ -99.093469948067309, 19.45182484592863 ], [ -99.093176246221176, 19.451715878802339 ], [ -99.092971849208524, 19.45161268451756 ], [ -99.092706562316025, 19.451427244367963 ], [ -99.09245901104488, 19.451237121632104 ], [ -99.092112021545745, 19.450920191640549 ], [ -99.091847134520449, 19.4506645072155 ], [ -99.09173689791028, 19.450557537765548 ], [ -99.091322454540645, 19.450155374036282 ], [ -99.090998806781883, 19.44984131388982 ], [ -99.090804278807184, 19.449652550358685 ], [ -99.090638723438559, 19.449491900529924 ], [ -99.090424012921204, 19.449293960315543 ], [ -99.090074195096179, 19.448971465321172 ], [ -99.089711741337425, 19.448637318755839 ], [ -99.089389230180586, 19.448339992965195 ], [ -99.088972759246886, 19.447968905589764 ], [ -99.088623268845666, 19.447673944932337 ], [ -99.088414173903018, 19.447476598708032 ], [ -99.087916765121861, 19.447007136389715 ], [ -99.087448813553607, 19.446537800361579 ], [ -99.087317888430874, 19.446343762536095 ], [ -99.087253353878111, 19.446243130503813 ], [ -99.087131420846148, 19.445974439720423 ], [ -99.087122106917363, 19.445953914299327 ], [ -99.087086804776092, 19.445876408011259 ], [ -99.087045379450402, 19.445785805176438 ], [ -99.087019089079647, 19.445728444880174 ], [ -99.086719729469763, 19.445946302518816 ], [ -99.086688999916987, 19.445962959278873 ], [ -99.085799011931556, 19.446616345396016 ], [ -99.085275204237917, 19.446997536332013 ], [ -99.084454393604148, 19.447514850274434 ], [ -99.083631809972346, 19.448032980081759 ], [ -99.083524436363604, 19.448109688814743 ], [ -99.082068978838322, 19.449147123841623 ], [ -99.081102205816066, 19.449810211252142 ], [ -99.080690076344681, 19.45009287823947 ], [ -99.080463795036536, 19.450094115640216 ], [ -99.080260191812087, 19.450077475207912 ], [ -99.080050938883574, 19.450019681470323 ], [ -99.079873652738726, 19.449964629774172 ], [ -99.079722522208371, 19.449915080028052 ], [ -99.079507458155859, 19.449857288215103 ], [ -99.079376674464584, 19.449818754687843 ], [ -99.079190687536013, 19.449796784219227 ], [ -99.078926241359952, 19.449774847714636 ], [ -99.078757694410839, 19.449763895544098 ], [ -99.078507772783965, 19.449730925790664 ], [ -99.07839587751171, 19.449693761557359 ], [ -99.078249262311459, 19.449647675312438 ], [ -99.078023885345374, 19.449592343409069 ], [ -99.07798134009694, 19.44959787622544 ], [ -99.077822338165802, 19.449612070613362 ], [ -99.076882429409011, 19.449285659637297 ], [ -99.076725874817782, 19.449234219998708 ], [ -99.07572168037305, 19.448904266777799 ], [ -99.072223430978227, 19.447695771550165 ], [ -99.070195368800356, 19.446995361868744 ], [ -99.069857765870523, 19.446878765381165 ], [ -99.068787008971512, 19.44650895583888 ], [ -99.068373656245299, 19.44640209218327 ], [ -99.068245955876023, 19.446397294496862 ], [ -99.068115647271483, 19.446404436798822 ], [ -99.067959006929996, 19.446426718117753 ], [ -99.067824477564173, 19.44646979476525 ], [ -99.067690647033004, 19.446514281765548 ], [ -99.067581636152923, 19.446550191215099 ], [ -99.067250126766723, 19.446679299327013 ], [ -99.067215412291603, 19.446655303858005 ], [ -99.067169181321944, 19.44662341409801 ], [ -99.067092091333024, 19.446583430239453 ], [ -99.067048282098852, 19.446560708737323 ], [ -99.067015000429123, 19.446543446348215 ], [ -99.066823102471076, 19.446474470802922 ], [ -99.065306779882945, 19.44594335120976 ], [ -99.065205561336839, 19.445906475002314 ], [ -99.064741711911992, 19.445747601023669 ], [ -99.064704286222749, 19.445686439475843 ], [ -99.062564492388745, 19.444960644472356 ], [ -99.06224353581085, 19.444851777460091 ], [ -99.062098341180061, 19.444905421680481 ], [ -99.061447534134572, 19.445145872163867 ], [ -99.060454185436456, 19.445512873934312 ], [ -99.060384204207352, 19.44553872839057 ], [ -99.059607119304971, 19.445825823831548 ], [ -99.059548413224448, 19.445847512610154 ], [ -99.059479956752128, 19.445872804100379 ], [ -99.058607165821769, 19.446195252284134 ], [ -99.05626229565668, 19.447061525651556 ], [ -99.055440574758904, 19.447365087440971 ], [ -99.054663240941863, 19.447652247616798 ], [ -99.052581363984643, 19.448421305033207 ], [ -99.050928007373614, 19.450124597942374 ], [ -99.050822213281009, 19.450233585090878 ], [ -99.050866264741998, 19.450331429777574 ], [ -99.050759616059253, 19.450477717427777 ], [ -99.050471423016106, 19.449792551874467 ], [ -99.049067805258218, 19.446455414069664 ], [ -99.04844129267542, 19.445076486344938 ], [ -99.048202913217651, 19.444551817566317 ], [ -99.047546187757831, 19.442975714384911 ], [ -99.047526987596456, 19.442929633974334 ], [ -99.047507787446193, 19.442883554465212 ], [ -99.047469387178026, 19.442791394536339 ], [ -99.046924545592503, 19.441437223333743 ], [ -99.046906234335069, 19.441390152136709 ], [ -99.046889609587083, 19.441347415669949 ], [ -99.046762991796314, 19.441021924835923 ], [ -99.04768877388122, 19.440307960822537 ], [ -99.047984556640145, 19.439925844869943 ], [ -99.048311739042717, 19.43948193057793 ], [ -99.049744325864182, 19.436338180451724 ], [ -99.051049735930732, 19.433473386949789 ], [ -99.051684183632815, 19.432081013518449 ], [ -99.052085453422322, 19.431256592485411 ], [ -99.052190050744045, 19.430895410109674 ], [ -99.052294647604967, 19.430534226756677 ], [ -99.052309147235974, 19.430484157069547 ], [ -99.052323646858142, 19.430434087380995 ], [ -99.052419854360537, 19.430101873483263 ], [ -99.052437225659517, 19.430041887273674 ], [ -99.05244131061022, 19.430012924389057 ], [ -99.052594222102485, 19.429673488589813 ], [ -99.054128977223542, 19.426266509708036 ], [ -99.054273016026315, 19.425946750943545 ], [ -99.055269987895272, 19.423781603442524 ], [ -99.056044447349322, 19.42214615687541 ], [ -99.056066444596183, 19.42209915810659 ], [ -99.056088441830141, 19.422052158431153 ], [ -99.056263337141644, 19.421797895053967 ], [ -99.056476525051565, 19.421590310639772 ], [ -99.056755318570524, 19.42134639012696 ], [ -99.056951782939663, 19.421208564521844 ], [ -99.057225142883922, 19.421068403661597 ], [ -99.057575069834442, 19.420964534392997 ], [ -99.057883582039608, 19.420928549341433 ], [ -99.057980377581103, 19.420929459246196 ], [ -99.058669034955415, 19.420935933808089 ], [ -99.059843911297193, 19.420928205903486 ], [ -99.05988101049644, 19.42092990262293 ], [ -99.059916523192072, 19.420927567429452 ], [ -99.060025915142305, 19.420928507333432 ], [ -99.060221089454515, 19.420925396260952 ], [ -99.060703453826193, 19.420917705830359 ], [ -99.061619377569528, 19.420900945048029 ], [ -99.06369188354715, 19.420889294084617 ], [ -99.0641523482699, 19.42088527130371 ], [ -99.064840640373646, 19.420873815249525 ], [ -99.064871097628526, 19.420873308227581 ], [ -99.065757416515154, 19.420858552460807 ], [ -99.067875478300053, 19.420809390443814 ], [ -99.067928258242119, 19.420808769733242 ], [ -99.067961760475669, 19.42080533117241 ], [ -99.068238263147464, 19.420776952601965 ], [ -99.068555386234308, 19.420704201571869 ], [ -99.068943564417836, 19.420558792326975 ], [ -99.069233310937321, 19.420403043209824 ], [ -99.069594116244687, 19.420185011396232 ], [ -99.069725304397991, 19.420076014119207 ], [ -99.069900214061633, 19.419909933199644 ], [ -99.069976712740342, 19.419780204501265 ], [ -99.070266314197326, 19.419292425484805 ], [ -99.070391013088269, 19.419111656249775 ], [ -99.070639976916823, 19.418750748484424 ], [ -99.070668265892976, 19.418686536728231 ], [ -99.071191353009965, 19.41788442039233 ], [ -99.071202705978934, 19.417866593544645 ], [ -99.071949002882462, 19.416694736801453 ], [ -99.072214757617971, 19.41627875606304 ], [ -99.072621431887555, 19.415602866380858 ], [ -99.072965681432507, 19.415078744751003 ], [ -99.073107062502629, 19.414896924886698 ], [ -99.073119146649276, 19.414881384050002 ], [ -99.073167593640278, 19.414819079669076 ], [ -99.073274330029051, 19.414644114835063 ], [ -99.07328892351704, 19.4146211488559 ], [ -99.073343980296556, 19.414534502579567 ], [ -99.073413630470853, 19.414424890296349 ], [ -99.073446522834516, 19.414373125967714 ], [ -99.07349557618555, 19.414295743466866 ], [ -99.073968844918625, 19.413551112410683 ], [ -99.074577599349652, 19.412593060810476 ], [ -99.074973059366172, 19.411967422913946 ], [ -99.075054309489929, 19.411838880234342 ], [ -99.075403101451926, 19.411288919792238 ], [ -99.075598603145565, 19.410989346882968 ], [ -99.076670472851333, 19.409330852297 ], [ -99.07671386785043, 19.409256475271345 ], [ -99.076769297479672, 19.409145976578788 ], [ -99.076788278834812, 19.409110537011994 ], [ -99.076807330537278, 19.409074826295075 ], [ -99.076840474066003, 19.409012823794669 ], [ -99.076866610147661, 19.408968852715592 ], [ -99.076895515660723, 19.408916059174814 ], [ -99.076984948141856, 19.408742686337757 ], [ -99.077077043027188, 19.408570259431329 ], [ -99.077095076394002, 19.408536522855773 ], [ -99.077112321355926, 19.408507348630383 ], [ -99.077162796401211, 19.408428561007408 ], [ -99.077190656183234, 19.408382391281688 ], [ -99.077211896079007, 19.40834179132721 ], [ -99.077307619743721, 19.408190260556321 ], [ -99.077840627528715, 19.407352351478846 ], [ -99.077910978432968, 19.407236871909316 ], [ -99.077941766398723, 19.407204242266133 ], [ -99.078096436038734, 19.407129753877314 ], [ -99.078205773478885, 19.407077657556936 ], [ -99.07844010431424, 19.40703035124454 ], [ -99.078660056779682, 19.407032740522098 ], [ -99.078770515970319, 19.40703603647081 ], [ -99.078921546235847, 19.407033683609736 ], [ -99.079043565095006, 19.407044182505196 ], [ -99.07945588928493, 19.406959791531904 ], [ -99.079835885443515, 19.406908113412491 ], [ -99.080189547580346, 19.406933706716384 ], [ -99.080668410572756, 19.406990398912352 ], [ -99.081013033612265, 19.407032159603741 ], [ -99.081222558576286, 19.407057548492759 ], [ -99.08155669194656, 19.407109739147327 ], [ -99.083630958126733, 19.40739022266483 ], [ -99.085560204209287, 19.407657125308649 ], [ -99.087489456501316, 19.407924007439291 ], [ -99.090284395699157, 19.40835168227942 ], [ -99.091212760967309, 19.408478442711623 ], [ -99.0918953215984, 19.408568162494934 ], [ -99.092016432096628, 19.408577417735358 ], [ -99.092726099663039, 19.408675194566779 ], [ -99.093072844294568, 19.408721305315701 ], [ -99.093768340187808, 19.408813792197392 ], [ -99.093965479748277, 19.408841026309904 ], [ -99.094378809968916, 19.408898125593794 ], [ -99.096250877934523, 19.409155354809268 ], [ -99.096468583061821, 19.409164739345975 ], [ -99.097034464295191, 19.409189131494639 ], [ -99.097150634988679, 19.409188639248921 ], [ -99.097511944702163, 19.409185964990353 ], [ -99.097945050313157, 19.409149219671882 ], [ -99.098021881379807, 19.409141291415636 ], [ -99.098136148885928, 19.409129499360994 ], [ -99.099148868278562, 19.408961706754599 ], [ -99.099205387863265, 19.408952341308567 ], [ -99.100080796481549, 19.408803672609348 ], [ -99.100863819287554, 19.408663398727903 ], [ -99.101422520249486, 19.40860882074648 ], [ -99.101915184954549, 19.408483314722158 ], [ -99.103028095713995, 19.408232225478656 ], [ -99.103112419878556, 19.4082103589644 ], [ -99.103685843973864, 19.408061659654919 ], [ -99.103614635491638, 19.407994942842166 ], [ -99.103496530445895, 19.40788428728791 ], [ -99.10340732991655, 19.407800713472096 ], [ -99.103902142018171, 19.407691329664456 ], [ -99.105976894137768, 19.407232664845932 ], [ -99.106698154340094, 19.407073210305835 ], [ -99.107082577773113, 19.406992807320567 ], [ -99.108235843128469, 19.406747584559668 ], [ -99.111095765064618, 19.406152550086819 ], [ -99.112248760774762, 19.405916417047013 ], [ -99.1131572671096, 19.40573034917665 ], [ -99.113510518320751, 19.405528097950732 ], [ -99.113845854367398, 19.405609653829316 ], [ -99.113887997720695, 19.405738724861788 ], [ -99.113905917231847, 19.405793605120031 ], [ -99.114340944445232, 19.405720078529768 ], [ -99.114761570636077, 19.405647146512418 ], [ -99.115280016392717, 19.405596582915074 ], [ -99.117206054304532, 19.405583224807174 ], [ -99.118513210958085, 19.405584109566053 ], [ -99.1189507195879, 19.405555282233369 ], [ -99.119508207015087, 19.405471534121112 ], [ -99.120427772513992, 19.40530327128414 ], [ -99.121026984356817, 19.405200597547424 ], [ -99.121023353799714, 19.405095234420948 ], [ -99.121017989779645, 19.404939624315169 ], [ -99.121112732569514, 19.404717220831561 ], [ -99.121486113710048, 19.404640358168876 ], [ -99.121625669887493, 19.404663803310012 ], [ -99.121940352036347, 19.404716667445907 ], [ -99.122154709302421, 19.404715575492247 ], [ -99.122263588405275, 19.404880583402502 ], [ -99.122295949346494, 19.404966847686389 ], [ -99.123261797348363, 19.404792809749658 ], [ -99.125681040847766, 19.404353270962503 ], [ -99.125686206901506, 19.404419001785605 ], [ -99.125697829830628, 19.404566904947057 ], [ -99.12582524563939, 19.405231830628438 ], [ -99.126166280316298, 19.406824601724384 ], [ -99.126711732485504, 19.408942686823536 ], [ -99.127459828193466, 19.411042842349286 ] ] ] } },
{ "type": "Feature", "properties": { "alcaldia_norm": "XOCHIMILCO", "alcaldia": "XOCHIMILCO", "cve_col": "13-047", "colonia": "SAN JUAN (BARR)", "pob_2010": 1800.0, "SUP_COL_M2": 134253.0, "VIV2010": 506, "DENVIVHa": 37.69, "SUPMNZHa": 13.4253, "C_DENVIVHa": 2 }, "geometry": { "type": "Polygon", "coordinates": [ [ [ -99.128181997434595, 19.213084197804388 ], [ -99.128118450390318, 19.213224536137243 ], [ -99.128087153247392, 19.21352784880559 ], [ -99.128229254186408, 19.213793597124987 ], [ -99.128333742394346, 19.214032344244192 ], [ -99.128383246645171, 19.214145456739519 ], [ -99.128426783325878, 19.214377575031357 ], [ -99.128399388216266, 19.214628465013895 ], [ -99.128342348613899, 19.214774534013909 ], [ -99.128285309862832, 19.214920602993736 ], [ -99.128021512843205, 19.215291475942362 ], [ -99.127912686025084, 19.215401902899437 ], [ -99.124721680561052, 19.218639715986722 ], [ -99.124377905944215, 19.219026853936494 ], [ -99.12444375474422, 19.219706563131528 ], [ -99.124528979660198, 19.220811668247791 ], [ -99.124354002496062, 19.220852983418659 ], [ -99.124389664517139, 19.221927140809687 ], [ -99.124525618494147, 19.222475176188482 ], [ -99.124475628971936, 19.222883664070231 ], [ -99.124461024488355, 19.224281621972288 ], [ -99.124529676071973, 19.225725614966201 ], [ -99.124103825448259, 19.226789522053714 ], [ -99.12436669108267, 19.227064302648206 ], [ -99.124382687152206, 19.227367582155555 ], [ -99.124324631982844, 19.227545089898353 ], [ -99.124331667568441, 19.227615702821033 ], [ -99.124393406292882, 19.228235307027646 ], [ -99.124405025484819, 19.228358456015979 ], [ -99.124759523706999, 19.228311535575578 ], [ -99.124863112241115, 19.228974454638291 ], [ -99.125518521408026, 19.229042984021671 ], [ -99.125493162572653, 19.22971265791006 ], [ -99.125540303146963, 19.229730211563346 ], [ -99.125587444683347, 19.229747766107511 ], [ -99.125798118773616, 19.22987721845552 ], [ -99.126089061276048, 19.230199280942276 ], [ -99.126572902358362, 19.230605219083468 ], [ -99.127069612621824, 19.230774269309588 ], [ -99.127477902389941, 19.230919173867054 ], [ -99.127879025688685, 19.231071464294946 ], [ -99.127974062490878, 19.231094126168248 ], [ -99.128253642017455, 19.231099189468281 ], [ -99.128502731773054, 19.231051686675215 ], [ -99.128804396524458, 19.230980483840519 ], [ -99.129056302957991, 19.230996082248026 ], [ -99.129161473682998, 19.230974973457624 ], [ -99.129183558782628, 19.230898708084304 ], [ -99.129255485162986, 19.230843441277486 ], [ -99.129402182647723, 19.230830190913515 ], [ -99.129590394625723, 19.230809023181219 ], [ -99.129723207040016, 19.23073793824252 ], [ -99.129828283596041, 19.230598510050818 ], [ -99.129886933353035, 19.230571156411678 ], [ -99.129918620266594, 19.230457779114605 ], [ -99.130029462456491, 19.230061179983739 ], [ -99.130162754433769, 19.229922302724621 ], [ -99.130222818905409, 19.229563234984383 ], [ -99.13031484543383, 19.229457574242648 ], [ -99.130403553125859, 19.229170894939163 ], [ -99.130577955283414, 19.228805712215234 ], [ -99.130647614701985, 19.228531114054746 ], [ -99.130912477953828, 19.227943914962044 ], [ -99.13117819772711, 19.228204409901426 ], [ -99.131428141780816, 19.228341624254657 ], [ -99.131877988393867, 19.228518663427199 ], [ -99.132201495992589, 19.228563395092863 ], [ -99.132729174477859, 19.22852017054522 ], [ -99.133092887439688, 19.228402873528832 ], [ -99.133864213239747, 19.228029647031192 ], [ -99.134850748756051, 19.227474928999964 ], [ -99.135545722559101, 19.226984343488013 ], [ -99.136218118521001, 19.226384640476375 ], [ -99.136488447454525, 19.225727448695867 ], [ -99.136545988841974, 19.225347701197808 ], [ -99.136492984812151, 19.224853124053695 ], [ -99.136395141975868, 19.224198704227415 ], [ -99.136442154122108, 19.223806473885421 ], [ -99.136560286053196, 19.223554081147292 ], [ -99.136804596969625, 19.22324164153066 ], [ -99.137067440830961, 19.223081569011065 ], [ -99.137285628105246, 19.222981483103098 ], [ -99.137435489275759, 19.222938903774871 ], [ -99.137845730874332, 19.22293609759835 ], [ -99.138253448407809, 19.223060693290456 ], [ -99.138490248494691, 19.22320540186378 ], [ -99.138687636802644, 19.223390108976062 ], [ -99.139050940046999, 19.223859469855576 ], [ -99.139448305534955, 19.224178919837598 ], [ -99.139863953208646, 19.224345972820245 ], [ -99.140503082526095, 19.224337982643334 ], [ -99.140734431384658, 19.22425287024619 ], [ -99.14111292844386, 19.224027753661534 ], [ -99.141533466685274, 19.223762634815809 ], [ -99.141790982161197, 19.223605213059088 ], [ -99.142127538253007, 19.223462407348826 ], [ -99.142369426111969, 19.223402266018351 ], [ -99.142600820097414, 19.223372109742254 ], [ -99.142911158213394, 19.223401844206222 ], [ -99.143247761820732, 19.223506506941487 ], [ -99.144177823888256, 19.223929034249959 ], [ -99.144568638454871, 19.224229899949538 ], [ -99.144800291402319, 19.224494512259302 ], [ -99.144974121050041, 19.224794142227697 ], [ -99.14496051256576, 19.225177505940756 ], [ -99.145117278422163, 19.226103012863124 ], [ -99.145102288848449, 19.227002326918257 ], [ -99.14508162302711, 19.227427013506304 ], [ -99.145013449223043, 19.2276568886866 ], [ -99.144866414769822, 19.227926796112129 ], [ -99.144656263509873, 19.228196752371645 ], [ -99.144377709478903, 19.228436786038383 ], [ -99.143857299813888, 19.228781927749118 ], [ -99.143405323891571, 19.229196960570327 ], [ -99.143123579272853, 19.229644843254782 ], [ -99.14301167965904, 19.230161519672475 ], [ -99.145111405195223, 19.228871277539572 ], [ -99.151423464859747, 19.224572046739564 ], [ -99.151302340647575, 19.224516485225717 ], [ -99.151198954027805, 19.224440733808198 ], [ -99.151123714491234, 19.224331500698202 ], [ -99.151078991553391, 19.224213320628031 ], [ -99.151069073354805, 19.224094792824189 ], [ -99.151090510523673, 19.223970185881161 ], [ -99.151160811044477, 19.223813992526896 ], [ -99.151202991103347, 19.223720276500686 ], [ -99.151198178724357, 19.22359314174264 ], [ -99.151151051741138, 19.223412509517573 ], [ -99.151070972991292, 19.223147144993536 ], [ -99.151005112005549, 19.223022290995711 ], [ -99.150927521144638, 19.222908598840124 ], [ -99.152384799171529, 19.222978644553166 ], [ -99.152912946624184, 19.222930883522434 ], [ -99.153584677361906, 19.222974940353797 ], [ -99.153550094227327, 19.2230557947987 ], [ -99.152818992717343, 19.22476653487124 ], [ -99.152777253824198, 19.224864379189587 ], [ -99.15274489793353, 19.224939915790859 ], [ -99.149858456626518, 19.23169325673328 ], [ -99.149837712583249, 19.23174178394337 ], [ -99.149800896320897, 19.231487592843308 ], [ -99.149223973869056, 19.231330325383414 ], [ -99.149092436122956, 19.2311729344312 ], [ -99.148976934438195, 19.23120579274557 ], [ -99.148975720626211, 19.231206041358735 ], [ -99.148852968115349, 19.231180967401187 ], [ -99.148649403269431, 19.23102261613742 ], [ -99.148568752550034, 19.230945172924063 ], [ -99.148302532571108, 19.230974685360486 ], [ -99.148301214920906, 19.230974786743058 ], [ -99.148185843092804, 19.230942409533579 ], [ -99.148073021802659, 19.230910747761193 ], [ -99.147730617409152, 19.230824355286305 ], [ -99.147567522203644, 19.230803158431652 ], [ -99.147229190459456, 19.230695433384508 ], [ -99.146890046325254, 19.23063660089025 ], [ -99.146889736142157, 19.230636583967918 ], [ -99.146795387080445, 19.230699846662706 ], [ -99.146734268634887, 19.230740458368398 ], [ -99.146585355312084, 19.230927907407196 ], [ -99.146157819534992, 19.230877655747577 ], [ -99.146147386784548, 19.230699894086253 ], [ -99.146055400227922, 19.230692581174921 ], [ -99.146009000305355, 19.230617965334105 ], [ -99.146008690123153, 19.23061794931402 ], [ -99.145833928598535, 19.23060942708452 ], [ -99.14583361746574, 19.230609411968647 ], [ -99.145715167451868, 19.230692396719071 ], [ -99.145629751246332, 19.230718221356963 ], [ -99.14566105553142, 19.230828453185975 ], [ -99.145430079337899, 19.230865599870516 ], [ -99.145480366420699, 19.231247933857887 ], [ -99.14559724930271, 19.23140825545568 ], [ -99.145620867504505, 19.231541719603275 ], [ -99.145570847942992, 19.23167948989148 ], [ -99.146112008971627, 19.231707402116147 ], [ -99.146182034490721, 19.231711013622224 ], [ -99.146225933433854, 19.231738297837559 ], [ -99.146793328196779, 19.231812569925623 ], [ -99.146893262227181, 19.231825651007707 ], [ -99.146982294313219, 19.231898255006392 ], [ -99.147045282183001, 19.232025963944807 ], [ -99.147039763053343, 19.232037943881373 ], [ -99.146807879133732, 19.232541288196519 ], [ -99.146721752677294, 19.233155639754525 ], [ -99.146691192501478, 19.233373627257276 ], [ -99.146684969460551, 19.23341801778999 ], [ -99.147048702897294, 19.23336785749601 ], [ -99.147024729313699, 19.233421471438209 ], [ -99.147001488775658, 19.23347344449439 ], [ -99.146967835715273, 19.233647555067378 ], [ -99.147012881793046, 19.23376784600341 ], [ -99.147001860236827, 19.233890907636649 ], [ -99.1469521525663, 19.234019397474125 ], [ -99.146938494771803, 19.234035832161403 ], [ -99.146916595725273, 19.234062185716603 ], [ -99.14689171894625, 19.234092121385114 ], [ -99.146801062134386, 19.23419360221914 ], [ -99.146805241243669, 19.234216439172364 ], [ -99.146815353906618, 19.234271697676451 ], [ -99.146823118390898, 19.23431412129322 ], [ -99.146763168223089, 19.234287554115422 ], [ -99.146681785549902, 19.234251329516461 ], [ -99.146559545512318, 19.234196919027337 ], [ -99.146379413636438, 19.234157962664501 ], [ -99.146243067832202, 19.234172733943097 ], [ -99.146037307126647, 19.234246212532081 ], [ -99.145867581575786, 19.234336768240023 ], [ -99.145757858972871, 19.234331812728442 ], [ -99.145725276929113, 19.234330341159378 ], [ -99.145574283001167, 19.234339445378961 ], [ -99.145481728281709, 19.234415277029239 ], [ -99.145389134763363, 19.234447119862335 ], [ -99.145319671028801, 19.234449618727052 ], [ -99.145219298135189, 19.234413040724316 ], [ -99.145100899893862, 19.234356928079631 ], [ -99.145021122832745, 19.234334996880374 ], [ -99.144923362352557, 19.234342405447599 ], [ -99.144830764480474, 19.234369360558524 ], [ -99.144779342066741, 19.234408501679852 ], [ -99.144748503453314, 19.234447627419556 ], [ -99.144717628965665, 19.234516415845295 ], [ -99.14457435005005, 19.234580815908021 ], [ -99.14460454855822, 19.234637525451035 ], [ -99.146237912887486, 19.237803263946766 ], [ -99.147016989539935, 19.239313199139435 ], [ -99.147319325729313, 19.239893112826618 ], [ -99.147507243263107, 19.240253559347259 ], [ -99.147326671719313, 19.240445086729093 ], [ -99.147133688274621, 19.240428134999561 ], [ -99.146917517985557, 19.240376989594967 ], [ -99.146760522682641, 19.240323351877745 ], [ -99.146624091549469, 19.240247703169068 ], [ -99.146503045486199, 19.240113391855232 ], [ -99.146392284425062, 19.239971740168933 ], [ -99.146305758643862, 19.239827623516767 ], [ -99.146253003912662, 19.239583288209765 ], [ -99.14618456035268, 19.239403522467359 ], [ -99.146108696390755, 19.239329249284282 ], [ -99.145985176766089, 19.239304909717955 ], [ -99.145725341853392, 19.239336886009994 ], [ -99.145092223215315, 19.239470227343787 ], [ -99.144665504963271, 19.239560111507856 ], [ -99.143904078649697, 19.239734221228208 ], [ -99.144066735784975, 19.240894973458875 ], [ -99.14413667430253, 19.241394059096358 ], [ -99.144203326272205, 19.241869693338767 ], [ -99.144140298262641, 19.242124066087982 ], [ -99.144080056037581, 19.242342422475829 ], [ -99.144086120119596, 19.242487624729332 ], [ -99.14410355832149, 19.24290519065654 ], [ -99.144180665200068, 19.243562948712782 ], [ -99.144239783094022, 19.244090759998869 ], [ -99.144191120103756, 19.244361264032953 ], [ -99.144185377961051, 19.244534793413621 ], [ -99.144179910221723, 19.244700037968858 ], [ -99.144078192563072, 19.244665660183845 ], [ -99.143731064809415, 19.244552864107828 ], [ -99.143622814813511, 19.244536663649299 ], [ -99.143440511099001, 19.244509380747534 ], [ -99.142730693188369, 19.244255732821699 ], [ -99.142280968910342, 19.244095025236671 ], [ -99.142252068160403, 19.243936593633681 ], [ -99.142154097709323, 19.243734503464644 ], [ -99.141975658394642, 19.243614435177978 ], [ -99.141728243612249, 19.243559986657164 ], [ -99.141712720409728, 19.243611787641267 ], [ -99.141697343929934, 19.243682670129406 ], [ -99.141679362145283, 19.243716897029408 ], [ -99.141602198845845, 19.243746282284029 ], [ -99.141192984857099, 19.243614633032891 ], [ -99.140508583186786, 19.243622491777106 ], [ -99.140382525812299, 19.243621053046837 ], [ -99.140081825673278, 19.244207742745964 ], [ -99.140035265125093, 19.244260348173292 ], [ -99.138888889083404, 19.245555555325272 ], [ -99.139188880555139, 19.246008577713127 ], [ -99.140131194773971, 19.247431562636134 ], [ -99.140368599115803, 19.247897928537387 ], [ -99.140788231475014, 19.248213100732077 ], [ -99.14177047564344, 19.248950823432789 ], [ -99.141739655364688, 19.2491914604736 ], [ -99.141764284261171, 19.249465247186826 ], [ -99.14173337293137, 19.249623236182835 ], [ -99.141702457070878, 19.24977490711515 ], [ -99.141534247065024, 19.250158365748661 ], [ -99.141312844842474, 19.25057767065212 ], [ -99.141155548638679, 19.250758925425529 ], [ -99.140903021840657, 19.251089793770664 ], [ -99.140672611734018, 19.251351139785907 ], [ -99.140482049605296, 19.251532419546301 ], [ -99.140468839009671, 19.251644058063455 ], [ -99.140422347736305, 19.251736766140667 ], [ -99.140375846502636, 19.251818943814325 ], [ -99.140198591892656, 19.252002319686504 ], [ -99.140183141517383, 19.252088685854012 ], [ -99.14014118891194, 19.252303550049181 ], [ -99.140145763643687, 19.252467830516867 ], [ -99.140181324174705, 19.252560475656903 ], [ -99.140179173230138, 19.252638406948915 ], [ -99.140148240132888, 19.252773227329964 ], [ -99.140103970036577, 19.252870146859674 ], [ -99.140055313745833, 19.253026042492152 ], [ -99.139948930342626, 19.253101946918651 ], [ -99.139909159571545, 19.253274685974663 ], [ -99.139802811627305, 19.253392714588124 ], [ -99.139734096853019, 19.253430678140113 ], [ -99.139665381096165, 19.25346864257078 ], [ -99.139550304827779, 19.253755173991248 ], [ -99.139484070482752, 19.254104853190494 ], [ -99.139484346433392, 19.254431314242034 ], [ -99.13939584805928, 19.254677806697639 ], [ -99.13945370709024, 19.254913657200923 ], [ -99.139551654981602, 19.255351672074813 ], [ -99.139782663951848, 19.255787478624942 ], [ -99.139960355411247, 19.256113803957639 ], [ -99.140040309354035, 19.256250646020735 ], [ -99.140160117845738, 19.256313740239765 ], [ -99.140370860274828, 19.256385189299568 ], [ -99.140552803240553, 19.256492465570972 ], [ -99.140617184280671, 19.256572451418688 ], [ -99.140717165807501, 19.256789313102626 ], [ -99.140806059703266, 19.257006183260437 ], [ -99.140810559763622, 19.257082003683941 ], [ -99.140757377729216, 19.257132592667968 ], [ -99.140615500210671, 19.257197994377705 ], [ -99.140475841573902, 19.257265499990563 ], [ -99.14041820788816, 19.257297137226669 ], [ -99.140280810220375, 19.257415189911224 ], [ -99.140214363002613, 19.257514232148331 ], [ -99.140176747843256, 19.25761535888854 ], [ -99.140154667635557, 19.257729109826581 ], [ -99.140176948268149, 19.257851252349102 ], [ -99.14026133587447, 19.257985984265606 ], [ -99.140381254195646, 19.258175450164128 ], [ -99.140541065297455, 19.258333292350166 ], [ -99.140787422975279, 19.258556360377998 ], [ -99.140940574069973, 19.258705782656381 ], [ -99.141060420709522, 19.258811000500735 ], [ -99.141251210554572, 19.258886676230265 ], [ -99.141384328578724, 19.258949759337206 ], [ -99.141584097993118, 19.25915179968467 ], [ -99.141814866032348, 19.259294842158578 ], [ -99.141948227448793, 19.259640155723922 ], [ -99.142032628301607, 19.259787523782457 ], [ -99.142241205004481, 19.259913733587929 ], [ -99.142245709444381, 19.259993765376979 ], [ -99.142307933583311, 19.260141151450259 ], [ -99.142387892307426, 19.260280098117672 ], [ -99.14242838684612, 19.260945625601977 ], [ -99.14235322310185, 19.26122370189222 ], [ -99.142140797238923, 19.261779903537153 ], [ -99.142234350030563, 19.262251618681137 ], [ -99.142276592968585, 19.262440971903509 ], [ -99.142354797072457, 19.26320840370601 ], [ -99.142459721120005, 19.26340001802064 ], [ -99.142432105258891, 19.2639678479424 ], [ -99.142498634811574, 19.264079417096919 ], [ -99.142451101940054, 19.265253895517457 ], [ -99.142609573049398, 19.265314434661569 ], [ -99.142788530676611, 19.265428342515637 ], [ -99.143192321302053, 19.265520234476458 ], [ -99.143343227792556, 19.265697253855187 ], [ -99.143448334956005, 19.266095122605357 ], [ -99.143359249926021, 19.266468312466753 ], [ -99.143345358243863, 19.266562915133076 ], [ -99.143227116731154, 19.267337679395879 ], [ -99.143150478431139, 19.267357151751948 ], [ -99.14314266421998, 19.267430332803276 ], [ -99.143082703749982, 19.267991861703486 ], [ -99.143011358698217, 19.268557207817747 ], [ -99.142992489537818, 19.268706729188231 ], [ -99.142978248798826, 19.26881957226286 ], [ -99.142906665812916, 19.269386797350609 ], [ -99.143357743738264, 19.269514827686663 ], [ -99.143259375318195, 19.26966040330279 ], [ -99.143168825997904, 19.269794407582346 ], [ -99.143105931982717, 19.27012921472279 ], [ -99.14291326793915, 19.27038201313729 ], [ -99.142880330914679, 19.270407388784502 ], [ -99.142511142246889, 19.270691819983711 ], [ -99.142512064836211, 19.270782586371975 ], [ -99.142513565806766, 19.270916016960239 ], [ -99.142475120027939, 19.27109627884801 ], [ -99.142443546727009, 19.271323436751707 ], [ -99.14247548171322, 19.271514784177743 ], [ -99.142422050657984, 19.271969262288735 ], [ -99.142299846965159, 19.273008710459965 ], [ -99.14218449150863, 19.273494822326583 ], [ -99.142144422795738, 19.273663673842812 ], [ -99.142074951896291, 19.273956423777694 ], [ -99.141973378222929, 19.274667684208413 ], [ -99.141931884105787, 19.27508051567937 ], [ -99.141916912419248, 19.275198066746004 ], [ -99.141872032219027, 19.275550454203813 ], [ -99.141850266642422, 19.27572591040099 ], [ -99.141844160103531, 19.275775140917855 ], [ -99.141651450144806, 19.277328626565993 ], [ -99.141626237121287, 19.277531872645106 ], [ -99.141563459492048, 19.27803793024988 ], [ -99.141512493271662, 19.278448773365312 ], [ -99.141465713926735, 19.278825869400272 ], [ -99.141470686118097, 19.278944997334456 ], [ -99.141444149817914, 19.279207083211315 ], [ -99.141414913421457, 19.279415947266966 ], [ -99.141367028117045, 19.279758035056023 ], [ -99.141187796334208, 19.281011789606044 ], [ -99.141157986074504, 19.281220310605672 ], [ -99.14111768430449, 19.281860468951553 ], [ -99.141055766990732, 19.282293403997322 ], [ -99.141041484505251, 19.282400349001076 ], [ -99.141025851260849, 19.282502579336647 ], [ -99.14053662553448, 19.282430511676548 ], [ -99.139837213884803, 19.282344306534664 ], [ -99.138943071914071, 19.282234821076802 ], [ -99.137680531714139, 19.282207680428034 ], [ -99.135636823209794, 19.282368783913959 ], [ -99.13440163852438, 19.282619840721708 ], [ -99.131986612610191, 19.283295208400354 ], [ -99.130379689318247, 19.283744071673048 ], [ -99.129575855682646, 19.283968658695684 ], [ -99.129240182534218, 19.284062427095055 ], [ -99.128603023843738, 19.284240411674162 ], [ -99.128249386420904, 19.284339195805899 ], [ -99.127938598331582, 19.284426009959528 ], [ -99.127543949813102, 19.284536496844108 ], [ -99.125149970286387, 19.285206699574164 ], [ -99.125023777739074, 19.285242005582067 ], [ -99.124935385882623, 19.285261031913418 ], [ -99.124449965889241, 19.28536552002867 ], [ -99.122334033389848, 19.28619994966337 ], [ -99.117949060898127, 19.288053945423282 ], [ -99.115936140405125, 19.288947791771978 ], [ -99.114679076042634, 19.289506097205024 ], [ -99.113911078484861, 19.289849171549481 ], [ -99.112930600696643, 19.290269067232384 ], [ -99.110512440318573, 19.291309615347213 ], [ -99.1103886328453, 19.291357908287601 ], [ -99.110318398835631, 19.29138530327598 ], [ -99.10795095416529, 19.292396909694432 ], [ -99.106104794869452, 19.293028792068952 ], [ -99.105756119797547, 19.293148129643907 ], [ -99.10563292236877, 19.293190295276784 ], [ -99.105135070807464, 19.293392463288281 ], [ -99.104574072839995, 19.293620271736476 ], [ -99.104238055663529, 19.293756719590103 ], [ -99.103819215241217, 19.29392679775561 ], [ -99.10365570608036, 19.293997827783073 ], [ -99.102933877041167, 19.294311395015001 ], [ -99.102756309071623, 19.29438413480424 ], [ -99.102439979307846, 19.294513716126669 ], [ -99.101433264377661, 19.294920590761482 ], [ -99.101370356406861, 19.294940481730528 ], [ -99.101315230794015, 19.294957911999244 ], [ -99.101328290468743, 19.295200573901688 ], [ -99.101337919772206, 19.295375059670985 ], [ -99.10135401296543, 19.295630129109302 ], [ -99.10127708199883, 19.296404053826926 ], [ -99.101256758450504, 19.29667427563362 ], [ -99.101170191058955, 19.296747827365341 ], [ -99.10108677823176, 19.297903803614091 ], [ -99.101009794674297, 19.298622086714964 ], [ -99.100897024175993, 19.300015493577622 ], [ -99.100454010455152, 19.304623484765056 ], [ -99.100276073819245, 19.306457303900132 ], [ -99.100253130008895, 19.306715357021538 ], [ -99.099971039908667, 19.309887970972493 ], [ -99.099886215046268, 19.310847965967181 ], [ -99.099838786483176, 19.311382533340709 ], [ -99.099803369438931, 19.311781708898106 ], [ -99.09963714225259, 19.313655223492098 ], [ -99.099531169522919, 19.314849587363472 ], [ -99.099401513642121, 19.316310865315923 ], [ -99.099360397261947, 19.316776296600214 ], [ -99.099254997110776, 19.317962131951571 ], [ -99.099032522168287, 19.320469400402203 ], [ -99.098781452872387, 19.320493984400169 ], [ -99.098889886331619, 19.320327741244284 ], [ -99.098814416291859, 19.319787647105379 ], [ -99.098728328858584, 19.319441191347224 ], [ -99.098749523687559, 19.318982574442291 ], [ -99.098727888250821, 19.318707422881371 ], [ -99.097975814831898, 19.317647939083351 ], [ -99.097535330971738, 19.317046892186919 ], [ -99.097223752075351, 19.316588452922783 ], [ -99.096815513592233, 19.316048534728267 ], [ -99.096546965985013, 19.315742939347153 ], [ -99.095698327438868, 19.314714071096901 ], [ -99.095547947968456, 19.314551090504573 ], [ -99.0951644379481, 19.314077616305219 ], [ -99.094409271883222, 19.313145291660593 ], [ -99.092395558652399, 19.310616880889349 ], [ -99.090885058883856, 19.308720237579482 ], [ -99.090447826162176, 19.308171219228829 ], [ -99.089949948420141, 19.307546046421912 ], [ -99.089717344506909, 19.307253969916328 ], [ -99.089394474175862, 19.306848544477617 ], [ -99.089128745374822, 19.306514867199702 ], [ -99.088800805787244, 19.306103071792581 ], [ -99.088057149332926, 19.305169247421809 ], [ -99.087717061180342, 19.304742188101674 ], [ -99.087656314502681, 19.30467861040713 ], [ -99.087202473555877, 19.304203621626883 ], [ -99.087056424657106, 19.304050766233356 ], [ -99.086874775282894, 19.303841594065954 ], [ -99.086628360720709, 19.303557841659352 ], [ -99.086599296201925, 19.303524372861965 ], [ -99.086342378220152, 19.303228524890592 ], [ -99.086105088808708, 19.302955277909472 ], [ -99.085858640710839, 19.302671482871212 ], [ -99.085612194415461, 19.302387687487709 ], [ -99.085502725967672, 19.302261629369195 ], [ -99.085312453535764, 19.302035162083484 ], [ -99.085077401030446, 19.301755394914387 ], [ -99.084812848745244, 19.30144051464201 ], [ -99.084548280352138, 19.3011256574767 ], [ -99.084029389808165, 19.300508002144081 ], [ -99.083783884140274, 19.300215786352236 ], [ -99.083545018613506, 19.299931472179257 ], [ -99.083393171808211, 19.299750732468247 ], [ -99.083241850884093, 19.299592843412157 ], [ -99.083119820303949, 19.299465515269699 ], [ -99.082557521490585, 19.29881909761766 ], [ -99.082281504192011, 19.298501784960369 ], [ -99.080416289548822, 19.296296407302641 ], [ -99.080009491049793, 19.295795451072198 ], [ -99.079730669945661, 19.295452089896195 ], [ -99.079233612563598, 19.294839973415357 ], [ -99.079007130221953, 19.29456106382338 ], [ -99.078701948031025, 19.294185233846829 ], [ -99.078084638489997, 19.293425012345974 ], [ -99.077894046611263, 19.293190295080986 ], [ -99.077811122338346, 19.29308803167789 ], [ -99.076982866191628, 19.292066606090589 ], [ -99.07690853147615, 19.291977449186611 ], [ -99.076066867408059, 19.290968615829588 ], [ -99.075330259940998, 19.29007891580093 ], [ -99.07504155857923, 19.289693190283916 ], [ -99.074501200037048, 19.289327671694387 ], [ -99.072433441176102, 19.28792893051429 ], [ -99.072183944661262, 19.287696525049235 ], [ -99.07203563465221, 19.287572491987824 ], [ -99.071411406669071, 19.287050436912423 ], [ -99.069094010837844, 19.284839888993517 ], [ -99.068901927876965, 19.284688017517961 ], [ -99.068490345334439, 19.284414672492829 ], [ -99.065938598505426, 19.282813685538272 ], [ -99.064555281186813, 19.281948097968328 ], [ -99.062787105381631, 19.281313283306517 ], [ -99.059747400535542, 19.280221909619609 ], [ -99.059409618522409, 19.280100464816922 ], [ -99.058924950494401, 19.279926971579894 ], [ -99.058518018341388, 19.279796864265791 ], [ -99.058021930573545, 19.279645078325895 ], [ -99.057654287059464, 19.279545587088812 ], [ -99.057440881287903, 19.279483626043788 ], [ -99.056744093265735, 19.279409409833931 ], [ -99.055233219092045, 19.27933835881684 ], [ -99.054716858869, 19.279314073386377 ], [ -99.05443459273144, 19.279237141792702 ], [ -99.05376297030638, 19.278978570685403 ], [ -99.05322588241998, 19.278754976117099 ], [ -99.052491098746628, 19.278449076228959 ], [ -99.051929767610716, 19.278141176604365 ], [ -99.050661089308775, 19.277402187578787 ], [ -99.049148415768059, 19.276464237174931 ], [ -99.048865819582929, 19.27630500326028 ], [ -99.048229970283074, 19.275919476188768 ], [ -99.047938554865496, 19.275793781896372 ], [ -99.047258614363216, 19.275592725610952 ], [ -99.047199371729249, 19.27557127164124 ], [ -99.046101814840227, 19.275173785398518 ], [ -99.04538654465928, 19.274914038454554 ], [ -99.044353398138981, 19.274604057538486 ], [ -99.041788218922235, 19.27387100015045 ], [ -99.041558644670829, 19.273845898652983 ], [ -99.041103866392021, 19.273619614232285 ], [ -99.04089633885927, 19.273481312409714 ], [ -99.04041948605672, 19.273242454743713 ], [ -99.040291425164895, 19.273108327095336 ], [ -99.038394612851832, 19.272002337744102 ], [ -99.037692128458318, 19.271808605127458 ], [ -99.037421172648081, 19.271718442966304 ], [ -99.037208469151892, 19.271687428394593 ], [ -99.037059577572705, 19.271572424060714 ], [ -99.036837698286931, 19.27139232244124 ], [ -99.035863937184601, 19.270601901920354 ], [ -99.035537274093087, 19.270129409009773 ], [ -99.034482660670662, 19.268603968829339 ], [ -99.034424203664472, 19.268519413082512 ], [ -99.034113581069249, 19.268183593738534 ], [ -99.033837269670542, 19.267884866122071 ], [ -99.033616603159444, 19.26764629720234 ], [ -99.033601576127111, 19.267630051583737 ], [ -99.032642188681692, 19.266778704980997 ], [ -99.032550493853392, 19.266697335719712 ], [ -99.030539674380876, 19.264441352318954 ], [ -99.03053545897842, 19.264422585001796 ], [ -99.030242445136409, 19.263117976423192 ], [ -99.030146084912175, 19.263026496521892 ], [ -99.029602676391562, 19.262510606954525 ], [ -99.029514939640393, 19.262488944866128 ], [ -99.028629036991035, 19.262270212759905 ], [ -99.026938897500528, 19.261852896985385 ], [ -99.026860689429583, 19.261833586467489 ], [ -99.026792641256847, 19.261816785025477 ], [ -99.026741368633338, 19.261831904917017 ], [ -99.026278761290214, 19.261968323266434 ], [ -99.0261301739137, 19.26201213993275 ], [ -99.025833224734171, 19.262229137324066 ], [ -99.024155533753529, 19.261815541879631 ], [ -99.022314999581013, 19.261361780492756 ], [ -99.021012810518357, 19.261058197598562 ], [ -99.02032176597092, 19.260935225667296 ], [ -99.020281765001855, 19.260928106805782 ], [ -99.019733513110808, 19.261101731515012 ], [ -99.018796841024837, 19.26075470161517 ], [ -99.017540332096686, 19.260255829266171 ], [ -99.016656728678342, 19.259951552909744 ], [ -99.016649362350122, 19.259952176259407 ], [ -99.016345457429111, 19.260935252825927 ], [ -99.015871804050917, 19.262443658572121 ], [ -99.015696582944869, 19.263043828483188 ], [ -99.015124582005271, 19.26286656416444 ], [ -99.014990455780477, 19.263447045549945 ], [ -99.014360237375527, 19.263246404691021 ], [ -99.013358978995015, 19.262927632000647 ], [ -99.013417536343866, 19.26270654963843 ], [ -99.013520481701747, 19.262389750382649 ], [ -99.013594770204534, 19.262161139513172 ], [ -99.013560413642267, 19.262088916743711 ], [ -99.013197196464418, 19.2613253718587 ], [ -99.013272951321312, 19.261060629344701 ], [ -99.011939494496474, 19.260735741613018 ], [ -99.011870872339188, 19.260980244702502 ], [ -99.011478014466931, 19.260889972301662 ], [ -99.009632562826141, 19.260372204248451 ], [ -99.009810695692096, 19.259910023298609 ], [ -99.009770586626431, 19.259897600785958 ], [ -99.008611629623402, 19.259538046998845 ], [ -99.006747699527324, 19.258959765802661 ], [ -99.006637651122603, 19.258924886246849 ], [ -99.006421614983665, 19.258856412820176 ], [ -99.005405204477128, 19.258540176231328 ], [ -99.005354037452832, 19.258524940625701 ], [ -99.005086059758426, 19.258438468181428 ], [ -99.004781658765936, 19.258344583797516 ], [ -99.004608210421154, 19.258289405687773 ], [ -99.004337631876794, 19.258204578830334 ], [ -99.004103477271713, 19.258133753356226 ], [ -99.003277596526686, 19.257873033761577 ], [ -99.003148649840341, 19.257832326910663 ], [ -99.000382186043637, 19.256927195022275 ], [ -99.000340803301583, 19.256924007601182 ], [ -99.000967864415159, 19.255726133205236 ], [ -99.000735125971715, 19.255655612472548 ], [ -98.999608948010675, 19.255314372633215 ], [ -99.000290693449216, 19.254173260980082 ], [ -99.001236758216734, 19.252589698303577 ], [ -99.001822798981252, 19.251608740007711 ], [ -99.002160263779956, 19.251614601632401 ], [ -99.002386557582469, 19.251595311118407 ], [ -99.002904863386348, 19.251551125910648 ], [ -99.003114634209652, 19.251030749418216 ], [ -99.00339169043572, 19.250304478652346 ], [ -99.004036012577487, 19.248745033439782 ], [ -99.00473999415712, 19.247516510022379 ], [ -99.004795231639577, 19.247545663374297 ], [ -99.004850469141516, 19.247574816709431 ], [ -99.004978601190146, 19.247642442260968 ], [ -99.005255347009538, 19.247824067239701 ], [ -99.005532667228096, 19.248006068640176 ], [ -99.00640758332527, 19.248580257483457 ], [ -99.007330305858304, 19.249185810963478 ], [ -99.007460648034339, 19.249238483133293 ], [ -99.007590989342006, 19.249291155209967 ], [ -99.007852387326025, 19.249367172556763 ], [ -99.008035532494375, 19.249487064336176 ], [ -99.008339749818916, 19.249735531545351 ], [ -99.008373865210686, 19.249763802716863 ], [ -99.008377474585757, 19.249766793944513 ], [ -99.008485986183359, 19.249856718708848 ], [ -99.008716092215252, 19.250047406924995 ], [ -99.008940285985133, 19.249643481256076 ], [ -99.009137115892145, 19.249288853193917 ], [ -99.009144325450379, 19.249197492436878 ], [ -99.008939013830215, 19.249117554664775 ], [ -99.00890383828937, 19.249103859233642 ], [ -99.008920669967168, 19.249065030854517 ], [ -99.009009632101112, 19.248774956253921 ], [ -99.008862929881403, 19.248615082939811 ], [ -99.008790775301335, 19.248416376569566 ], [ -99.00886771575351, 19.248165131061644 ], [ -99.009026411889309, 19.247788261048278 ], [ -99.009048035896484, 19.24742966961287 ], [ -99.009180274745631, 19.246988848177924 ], [ -99.009408700133775, 19.246463512568702 ], [ -99.009620296870935, 19.246045527006061 ], [ -99.009819873690645, 19.245721186020077 ], [ -99.010226244223489, 19.245150159918214 ], [ -99.010373392041799, 19.244888283524418 ], [ -99.010391241933888, 19.244893400417215 ], [ -99.0105230527939, 19.244946808707283 ], [ -99.010637911550234, 19.245090513715581 ], [ -99.010606934844816, 19.245313875066934 ], [ -99.010532261613818, 19.24551364938899 ], [ -99.010526798895185, 19.24552826415535 ], [ -99.010340810896068, 19.245888737757987 ], [ -99.01083187548268, 19.245903897681558 ], [ -99.010983399407991, 19.246033222613679 ], [ -99.011071890171124, 19.246156585625776 ], [ -99.011296427980326, 19.246088827221758 ], [ -99.011654612015633, 19.246246024659914 ], [ -99.011975157811506, 19.246360594237586 ], [ -99.012332916508925, 19.246488462961779 ], [ -99.012691555212484, 19.245134119542257 ], [ -99.01249392648154, 19.245026682435146 ], [ -99.01258528343449, 19.244720617663596 ], [ -99.013268248135148, 19.24488958682775 ], [ -99.013840594357035, 19.245049425884908 ], [ -99.01391273795015, 19.24506312479685 ], [ -99.013999279052101, 19.244706811490925 ], [ -99.014234864901354, 19.24377034671943 ], [ -99.014258227005826, 19.243721455026638 ], [ -99.014258319285943, 19.243721261618088 ], [ -99.014520171407824, 19.243173258157359 ], [ -99.014624781148697, 19.242987593551995 ], [ -99.014667641791547, 19.242911521928658 ], [ -99.014932123394615, 19.242482106107012 ], [ -99.014946542528378, 19.242377040081021 ], [ -99.015052302092514, 19.241851707150889 ], [ -99.015335998918871, 19.241212159393022 ], [ -99.015377816085504, 19.241025348197812 ], [ -99.015680770184815, 19.240594150306681 ], [ -99.015792501201602, 19.240551689993346 ], [ -99.015928704839553, 19.240551021169534 ], [ -99.016064908476224, 19.240550351340662 ], [ -99.016337031516727, 19.240484390928238 ], [ -99.016780312284752, 19.24058943377538 ], [ -99.016905096008713, 19.240615760133259 ], [ -99.017023000160052, 19.240593048941165 ], [ -99.017139416740392, 19.240310250856016 ], [ -99.01734219549347, 19.240049115428672 ], [ -99.017253338660154, 19.239604660213526 ], [ -99.017436443052063, 19.239421394998274 ], [ -99.017797331942234, 19.238535169505642 ], [ -99.017950124019833, 19.238263488791706 ], [ -99.018287020227476, 19.237852513470997 ], [ -99.018436015898828, 19.237849358012991 ], [ -99.018738707799287, 19.238055049513747 ], [ -99.019149680920421, 19.238136768814513 ], [ -99.019457915629985, 19.238229047557436 ], [ -99.019591225210462, 19.238432119338565 ], [ -99.019611602564751, 19.238683825542509 ], [ -99.019509891561214, 19.238972450124173 ], [ -99.019316298871914, 19.239253351915675 ], [ -99.019255647454557, 19.239320555366373 ], [ -99.01935311949596, 19.239309743526793 ], [ -99.019502583951919, 19.239357561987422 ], [ -99.019653660015393, 19.239298909946747 ], [ -99.019821497210472, 19.239341909212406 ], [ -99.020127780488224, 19.239358595076755 ], [ -99.020423497342605, 19.239335155327058 ], [ -99.020578316813541, 19.239472242440261 ], [ -99.020856441818154, 19.239532399480943 ], [ -99.021518294766437, 19.239552386019252 ], [ -99.021718944417003, 19.239418608961429 ], [ -99.022053394774687, 19.239455351399663 ], [ -99.022197722962716, 19.239375082299464 ], [ -99.02231388475316, 19.239271409523276 ], [ -99.02248638487707, 19.239251325275603 ], [ -99.023053154327442, 19.23905731289662 ], [ -99.023457990053458, 19.238930196718172 ], [ -99.02366218182361, 19.238963608103955 ], [ -99.023616446420291, 19.239180962892192 ], [ -99.02397906513643, 19.239254479697262 ], [ -99.024028336150479, 19.239144126868982 ], [ -99.024331102916705, 19.239187557016411 ], [ -99.024521222100532, 19.239281158732798 ], [ -99.024595140807818, 19.239207584873242 ], [ -99.024662029382498, 19.239200888161065 ], [ -99.024771151507963, 19.239117277913863 ], [ -99.024933106323488, 19.239207539155171 ], [ -99.024897933043107, 19.239418204200405 ], [ -99.024940214995553, 19.239655610454115 ], [ -99.024894469491088, 19.239796057750194 ], [ -99.024890975181336, 19.239969936953159 ], [ -99.02495789083531, 19.240140462710372 ], [ -99.024908631241772, 19.240324379709833 ], [ -99.025105777870834, 19.240317665065287 ], [ -99.025281796128212, 19.240270827755911 ], [ -99.025419090641449, 19.240244057892472 ], [ -99.02550709354189, 19.24018385623771 ], [ -99.025676100128308, 19.240327617527509 ], [ -99.026063381811298, 19.240501441513032 ], [ -99.026514017419998, 19.2405782845853 ], [ -99.026735818841885, 19.240638441735399 ], [ -99.026510543051032, 19.240865854002593 ], [ -99.026468330761205, 19.241073177376798 ], [ -99.026450769819874, 19.241333998870545 ], [ -99.027066899122133, 19.241571319854913 ], [ -99.027591415592596, 19.241323798924434 ], [ -99.027647758538947, 19.241414073627194 ], [ -99.027686541221456, 19.241751793582974 ], [ -99.027914836450165, 19.241753906207414 ], [ -99.027953343477506, 19.241538734962802 ], [ -99.02805514614316, 19.241284794206866 ], [ -99.028118720365171, 19.240825300687046 ], [ -99.028296822656728, 19.240087680026573 ], [ -99.028373099679712, 19.239470992413064 ], [ -99.028322123977091, 19.239156616333283 ], [ -99.028576653887342, 19.238697092907785 ], [ -99.029047583007937, 19.238152892842201 ], [ -99.029722063061371, 19.236871066040568 ], [ -99.029963918484128, 19.236762201228863 ], [ -99.030715028704577, 19.236895085468365 ], [ -99.030994990751523, 19.236338820125908 ], [ -99.031173170273149, 19.236109047876695 ], [ -99.031733242368574, 19.235806659693491 ], [ -99.031656771008855, 19.235335096789946 ], [ -99.031593036641439, 19.234899807070537 ], [ -99.031885787282889, 19.234682105500887 ], [ -99.032025750635285, 19.234331422408264 ], [ -99.031911135324407, 19.234101700371358 ], [ -99.031949255746213, 19.233738942920453 ], [ -99.032012804545644, 19.233218988917997 ], [ -99.032292789097198, 19.232832005588925 ], [ -99.032712780225353, 19.2323361714204 ], [ -99.033451111252248, 19.232311854705799 ], [ -99.033705780688706, 19.232662466746007 ], [ -99.033985897132041, 19.232940524613543 ], [ -99.03396050186889, 19.23325491259471 ], [ -99.034253421964124, 19.233883626348 ], [ -99.034686294233666, 19.234125379023336 ], [ -99.034864592224835, 19.234488095940847 ], [ -99.034954012720831, 19.235951173075186 ], [ -99.034865077120116, 19.236785516818617 ], [ -99.034954243007434, 19.237039425109625 ], [ -99.03497980083317, 19.237498904159335 ], [ -99.034801749007784, 19.238321173532491 ], [ -99.034419910395869, 19.238671904227186 ], [ -99.033719737791628, 19.238672034531064 ], [ -99.033197829462026, 19.238865597330214 ], [ -99.033006984146539, 19.239421848933858 ], [ -99.032612497530124, 19.240219970704828 ], [ -99.032587178730395, 19.240945476289674 ], [ -99.032770143827747, 19.24157707538647 ], [ -99.03284060279023, 19.241817818554765 ], [ -99.032875850037328, 19.242031816269449 ], [ -99.033041314246645, 19.242025098765197 ], [ -99.033178620373135, 19.242055168627651 ], [ -99.033340579557091, 19.242125359259663 ], [ -99.033439182210458, 19.242262438440807 ], [ -99.033629277397708, 19.242195527410285 ], [ -99.033815858712316, 19.24216205448165 ], [ -99.034093995113494, 19.242232222945784 ], [ -99.034255944889679, 19.242258943551693 ], [ -99.034453126477501, 19.242406034370092 ], [ -99.034509491711617, 19.242583247177301 ], [ -99.034868601434837, 19.242653399175417 ], [ -99.034977746161317, 19.242690159854241 ], [ -99.035058716610351, 19.242676769846248 ], [ -99.035301648614094, 19.242746943209063 ], [ -99.035386140841211, 19.242743583038774 ], [ -99.035438937324329, 19.242686727286447 ], [ -99.035491753662782, 19.242726843314699 ], [ -99.035650214841993, 19.242894003468265 ], [ -99.03576640373673, 19.242947482482318 ], [ -99.035833318764645, 19.243057815707136 ], [ -99.03595655869654, 19.243151418574897 ], [ -99.036174885749318, 19.243395474253923 ], [ -99.036284056974367, 19.243549269064271 ], [ -99.036386181309012, 19.243676313465723 ], [ -99.036498858735385, 19.243763230350954 ], [ -99.036565759773438, 19.243806687109188 ], [ -99.036639726328644, 19.243963831680407 ], [ -99.036787627080841, 19.244130992937087 ], [ -99.036923981610514, 19.244039211012623 ], [ -99.038348246963096, 19.244273365722481 ], [ -99.038848264213073, 19.243646593904984 ], [ -99.040955260823296, 19.243353016781747 ], [ -99.04215286659884, 19.244860076748736 ], [ -99.042284893852823, 19.244704230821295 ], [ -99.042789419295858, 19.244651194809343 ], [ -99.042825490929786, 19.244458730388907 ], [ -99.042882371372102, 19.244417152058048 ], [ -99.043101160871899, 19.244342284184285 ], [ -99.043429307981597, 19.244086583407693 ], [ -99.043866858200133, 19.243830855849247 ], [ -99.044050607496374, 19.243643770052273 ], [ -99.04436129408559, 19.24356056588659 ], [ -99.044851352529406, 19.243294431976825 ], [ -99.04513138372856, 19.243136416619219 ], [ -99.045555802544939, 19.242886923176652 ], [ -99.045809559381496, 19.242670723010448 ], [ -99.04608960368617, 19.242566741063641 ], [ -99.046540270736344, 19.242300612527945 ], [ -99.04716084825256, 19.242011196675588 ], [ -99.047931819035028, 19.241554984953876 ], [ -99.04813264920142, 19.241446333780342 ], [ -99.048654774572398, 19.241055829561965 ], [ -99.048787596712813, 19.240867949068793 ], [ -99.048877182872019, 19.24077106723551 ], [ -99.049034761058707, 19.240703518074167 ], [ -99.049337592198427, 19.240685826334701 ], [ -99.049424096336466, 19.240615360617632 ], [ -99.049612597896427, 19.240621179447739 ], [ -99.049813463888057, 19.240638736170727 ], [ -99.049918517439124, 19.240600551451351 ], [ -99.050014276587206, 19.240480186281513 ], [ -99.050091486712361, 19.240336345944982 ], [ -99.050215076406332, 19.240280545611526 ], [ -99.050474603772713, 19.240130785186096 ], [ -99.050737205783506, 19.239931126886759 ], [ -99.050780449193709, 19.239872413058372 ], [ -99.051027656356467, 19.239854733946267 ], [ -99.051151265372084, 19.239863504634187 ], [ -99.051237777369565, 19.239825324336046 ], [ -99.051293377739952, 19.239754866378728 ], [ -99.051367496012872, 19.2396080919025 ], [ -99.051401425858458, 19.239408496665003 ], [ -99.051475556650843, 19.239305747161865 ], [ -99.051728921657116, 19.23922055834478 ], [ -99.052044074476882, 19.239088390328639 ], [ -99.052198569534767, 19.239053125598232 ], [ -99.05243029431351, 19.238941526420582 ], [ -99.052760876558821, 19.238747715542175 ], [ -99.053072926852565, 19.238583260360105 ], [ -99.053301551437613, 19.238445245416017 ], [ -99.053465287415548, 19.238318988793164 ], [ -99.053616691032971, 19.238280788404545 ], [ -99.053672297498807, 19.238233810814346 ], [ -99.0537618764954, 19.238128121386918 ], [ -99.053860730436128, 19.238037104196273 ], [ -99.053987399864027, 19.237957820205253 ], [ -99.054169690760503, 19.2378785187733 ], [ -99.054228398901913, 19.237866760842579 ], [ -99.054308714805728, 19.237784554989148 ], [ -99.054324137891584, 19.237702367463104 ], [ -99.05430245776617, 19.237552684810407 ], [ -99.054259132331694, 19.237356047268417 ], [ -99.054187901974657, 19.236874713891513 ], [ -99.054218762523732, 19.236751431220775 ], [ -99.055071295173164, 19.235753648250988 ], [ -99.056212509928628, 19.235784570114586 ], [ -99.056122770659513, 19.235494186376421 ], [ -99.056087368758796, 19.235225876190817 ], [ -99.05640727837141, 19.234489413553302 ], [ -99.056969877883446, 19.234454183095874 ], [ -99.057358273768074, 19.234386981350749 ], [ -99.057322835190433, 19.234018052003698 ], [ -99.05795821680816, 19.233414131154603 ], [ -99.058629034928401, 19.233179137216172 ], [ -99.058947021967384, 19.233715676382126 ], [ -99.059618106174327, 19.234218559637245 ], [ -99.060077085788265, 19.234050709752864 ], [ -99.061383907315587, 19.234922317216242 ], [ -99.063644259674902, 19.236095447038213 ], [ -99.064314872533728, 19.235323791316187 ], [ -99.06502081517236, 19.234619201027918 ], [ -99.066539182567482, 19.234618655551444 ], [ -99.066715195700496, 19.233276989954362 ], [ -99.06731535284365, 19.232974909463486 ], [ -99.068209957260322, 19.232434618637619 ], [ -99.068492672298149, 19.232161150946908 ], [ -99.068601719132417, 19.231883034923719 ], [ -99.068763726492904, 19.231691197592966 ], [ -99.068854846968819, 19.231583299539402 ], [ -99.068884407986317, 19.231548296305679 ], [ -99.068899222555743, 19.231378617058333 ], [ -99.068874246717186, 19.230978009675194 ], [ -99.06889783708047, 19.230714206548228 ], [ -99.068951459185712, 19.230114559380684 ], [ -99.069188896756799, 19.229558759420275 ], [ -99.069201068856174, 19.229530266050368 ], [ -99.069604478397181, 19.229055451543022 ], [ -99.069689984738716, 19.228925792084027 ], [ -99.06964440520143, 19.228439385507052 ], [ -99.069469566555213, 19.228160949121825 ], [ -99.069106066442586, 19.22765987016481 ], [ -99.068585174318656, 19.227431033284898 ], [ -99.068508001660135, 19.226719070433628 ], [ -99.070088353529641, 19.227320150327149 ], [ -99.071021231910251, 19.227475324714593 ], [ -99.071403169548333, 19.227201813918924 ], [ -99.07161160621861, 19.227300708970475 ], [ -99.07157209784063, 19.227729620440257 ], [ -99.071715985675581, 19.227720138089538 ], [ -99.072261877391725, 19.227941440633206 ], [ -99.072376122403753, 19.228224184767008 ], [ -99.07245554415465, 19.228299563707871 ], [ -99.072534997008475, 19.228445639005496 ], [ -99.072718628627129, 19.22854925563275 ], [ -99.073185165642869, 19.22883657115413 ], [ -99.073232605179172, 19.228919103925548 ], [ -99.07331177899583, 19.229034472422917 ], [ -99.073453179204691, 19.229008493634215 ], [ -99.074401081587169, 19.229444076942766 ], [ -99.075088386272256, 19.229646461359874 ], [ -99.075098380271385, 19.229799634884692 ], [ -99.075157960462107, 19.229884446834756 ], [ -99.075175411666734, 19.230070608516833 ], [ -99.075475734738788, 19.230357986283678 ], [ -99.075094313362641, 19.231054687635048 ], [ -99.075572854605056, 19.231055162263264 ], [ -99.076264701633676, 19.231166080405462 ], [ -99.076470534476698, 19.231314266634758 ], [ -99.076650304885661, 19.231374385431415 ], [ -99.076747296611543, 19.231406820894509 ], [ -99.076828900880827, 19.231425320684341 ], [ -99.076852804854724, 19.231412923018095 ], [ -99.076906931694609, 19.231384849849888 ], [ -99.077101897682596, 19.231051155726757 ], [ -99.077240250704463, 19.231037618064331 ], [ -99.077779374764191, 19.230781282928849 ], [ -99.078219278203051, 19.230767616206343 ], [ -99.078439137586685, 19.230565332656678 ], [ -99.078740734483318, 19.23066292792047 ], [ -99.078900380644754, 19.230666229275368 ], [ -99.079347470115309, 19.230841266894039 ], [ -99.078585762997037, 19.233028612553316 ], [ -99.078479479039984, 19.233338682450658 ], [ -99.078378710530373, 19.233432707863688 ], [ -99.078251567648252, 19.233426406202604 ], [ -99.078090981938772, 19.233451898912314 ], [ -99.077970564573505, 19.233515510614161 ], [ -99.077856993503758, 19.233909633332527 ], [ -99.077683203404646, 19.234316492695964 ], [ -99.077529532071864, 19.234818684833883 ], [ -99.077385967731502, 19.235470238072438 ], [ -99.077511470590039, 19.235544868650763 ], [ -99.077601811432828, 19.235551186420995 ], [ -99.077571868628098, 19.23591349323231 ], [ -99.07763038797782, 19.235936326846659 ], [ -99.077745896244906, 19.236007170287142 ], [ -99.077689213273771, 19.236423514312463 ], [ -99.077629091088582, 19.236642823531515 ], [ -99.077579776859508, 19.236830418456357 ], [ -99.07754234960035, 19.237176766446186 ], [ -99.077294729786686, 19.237121255611768 ], [ -99.077286424853185, 19.237248379843244 ], [ -99.077259685074353, 19.237306389846744 ], [ -99.077151017077284, 19.237461363714324 ], [ -99.077040587400333, 19.237428041253107 ], [ -99.0770172697964, 19.237648923542711 ], [ -99.07703248531547, 19.23799055339099 ], [ -99.076980798744813, 19.23836558123336 ], [ -99.077032692085268, 19.238433886108581 ], [ -99.077024398003758, 19.238584845664676 ], [ -99.076925824992927, 19.238866141445023 ], [ -99.076994460074729, 19.238961453118176 ], [ -99.07699115835598, 19.239055205345835 ], [ -99.0770263174891, 19.239113983653517 ], [ -99.077006248749854, 19.239128293852943 ], [ -99.076977841411875, 19.239198222184481 ], [ -99.076954547705498, 19.239473130257853 ], [ -99.07697130660614, 19.239535093872679 ], [ -99.076961284691762, 19.23957005672878 ], [ -99.076922817795776, 19.239592318565986 ], [ -99.077018244936482, 19.239740056020828 ], [ -99.077023298135487, 19.239813148743451 ], [ -99.077055100670307, 19.239849681880067 ], [ -99.077036774449894, 19.240011768922145 ], [ -99.077090320819238, 19.240038759300376 ], [ -99.077154079451915, 19.240045133660601 ], [ -99.077172421873897, 19.240113430025968 ], [ -99.077190765263083, 19.240181727292274 ], [ -99.077198922052034, 19.240290879001545 ], [ -99.077328098873551, 19.240502648599829 ], [ -99.077231765813863, 19.24061056380781 ], [ -99.077370098445783, 19.240877636849202 ], [ -99.077477188557538, 19.240920495007725 ], [ -99.077502304210029, 19.240964976611235 ], [ -99.077425415683621, 19.241111197017609 ], [ -99.077333454882023, 19.241224055712092 ], [ -99.07727323107224, 19.241228848396126 ], [ -99.077154427546134, 19.241181227806628 ], [ -99.076995493526979, 19.241178117162431 ], [ -99.076930285362579, 19.241257594546134 ], [ -99.076798142478111, 19.241305320737254 ], [ -99.076364481924003, 19.241429542874833 ], [ -99.076265635391024, 19.241429584085228 ], [ -99.076226567438781, 19.241453618266128 ], [ -99.076240378523394, 19.241492913641139 ], [ -99.075966176633159, 19.241479443462399 ], [ -99.07622645988026, 19.241678214122395 ], [ -99.076365595787451, 19.241827961676982 ], [ -99.076469097059686, 19.241934232226399 ], [ -99.076607771442852, 19.242033719857908 ], [ -99.076685755908485, 19.242181697004938 ], [ -99.07690969357165, 19.242278199745517 ], [ -99.078403504842129, 19.242675818910794 ], [ -99.078464709531019, 19.24269175190102 ], [ -99.078525914232031, 19.242707685774466 ], [ -99.078831598402076, 19.24271996187888 ], [ -99.079184269438429, 19.242647846313986 ], [ -99.07959434099574, 19.242414408484919 ], [ -99.079985626150204, 19.242063733410546 ], [ -99.080095748093939, 19.241965040679215 ], [ -99.080610243466026, 19.241572738976064 ], [ -99.080810512834574, 19.241501610052907 ], [ -99.081062956981398, 19.241411950035186 ], [ -99.081689000850574, 19.241283026447267 ], [ -99.081809906959251, 19.240614848807411 ], [ -99.081920600607276, 19.240117204934009 ], [ -99.082001503311517, 19.239753487537662 ], [ -99.082256852693888, 19.238385465454204 ], [ -99.082469572668316, 19.237108656187168 ], [ -99.082701993430774, 19.23595177085674 ], [ -99.082946719521644, 19.235775428126676 ], [ -99.08292165848232, 19.234942633265781 ], [ -99.085250901668601, 19.234850194092889 ], [ -99.084990002871493, 19.234860532214906 ], [ -99.084959506818493, 19.234842419055223 ], [ -99.084581729919265, 19.234693751708726 ], [ -99.084090345938591, 19.23423738446516 ], [ -99.083713844333104, 19.233641999050548 ], [ -99.083201516299809, 19.233086378807478 ], [ -99.083044632833264, 19.232818449869249 ], [ -99.083096806813757, 19.232669536018069 ], [ -99.083065327771621, 19.232411475966085 ], [ -99.083284650235228, 19.2321632269358 ], [ -99.083430818064443, 19.231905085149666 ], [ -99.083399263498407, 19.231498135872275 ], [ -99.082991430723936, 19.230922614698017 ], [ -99.082625355545233, 19.230257741227732 ], [ -99.082118240222869, 19.230169051628341 ], [ -99.081460442769099, 19.228653633378602 ], [ -99.081053249673772, 19.227732499729271 ], [ -99.079957563418006, 19.226455028085059 ], [ -99.079612471544095, 19.224523388348487 ], [ -99.080331698523807, 19.223750358052186 ], [ -99.08058131225711, 19.22235341497797 ], [ -99.080141988096202, 19.219649101041735 ], [ -99.08114232699424, 19.217984347571701 ], [ -99.082330743291038, 19.21709222180483 ], [ -99.083894397168081, 19.217355424648161 ], [ -99.083614347670547, 19.216927914249847 ], [ -99.083247943201329, 19.216105575866397 ], [ -99.082929964618785, 19.215847608188152 ], [ -99.08263480374309, 19.215748599608013 ], [ -99.082218970282128, 19.215759179734853 ], [ -99.0818436483341, 19.215929614523876 ], [ -99.081621996935084, 19.216154205865678 ], [ -99.081646436776239, 19.216326722023176 ], [ -99.081637760769325, 19.216674308651708 ], [ -99.081483505454116, 19.217173610542993 ], [ -99.081174427259796, 19.21760312132507 ], [ -99.080740757324065, 19.217920891262928 ], [ -99.080318564528483, 19.218169337782481 ], [ -99.079708819401972, 19.218345836415704 ], [ -99.079053140909778, 19.218263607511453 ], [ -99.078538081593067, 19.218493834293472 ], [ -99.078085893116622, 19.218794796192874 ], [ -99.077574574010782, 19.219297862430782 ], [ -99.077353329080765, 19.219599899454188 ], [ -99.071356091903695, 19.22198625259891 ], [ -99.070624164947816, 19.222385994771241 ], [ -99.069995803448677, 19.222921529332464 ], [ -99.069498303113903, 19.223569528514751 ], [ -99.06915353574567, 19.224301518005966 ], [ -99.068975380576106, 19.225091374255538 ], [ -99.066948597231629, 19.224882908108846 ], [ -99.063195737709805, 19.21362433698388 ], [ -99.062956189795131, 19.212905638515714 ], [ -99.062930158170175, 19.212827535674094 ], [ -99.062958761497654, 19.212816300405549 ], [ -99.063061749395018, 19.212766787545736 ], [ -99.063412616391446, 19.212494860868585 ], [ -99.063532751154185, 19.212404216787981 ], [ -99.063780651808401, 19.212230174690831 ], [ -99.06394083172178, 19.212110525090392 ], [ -99.064411838855548, 19.211771508230651 ], [ -99.064631147683414, 19.211651836330532 ], [ -99.065075504677822, 19.211455978931742 ], [ -99.065184210927299, 19.211412451979385 ], [ -99.065605683469215, 19.211231097538992 ], [ -99.065775418071709, 19.211163991301476 ], [ -99.065985206142628, 19.21108962243747 ], [ -99.066122526854528, 19.211053331775265 ], [ -99.066238878211436, 19.211033191325811 ], [ -99.066584093783931, 19.210973435183249 ], [ -99.066698520290942, 19.210924468309813 ], [ -99.066799585167203, 19.210853762071732 ], [ -99.066859549650317, 19.21080119814027 ], [ -99.06689767705052, 19.210773595530771 ], [ -99.066920320941165, 19.210800674383069 ], [ -99.066936909902537, 19.21082834378333 ], [ -99.06696934332146, 19.210844640058486 ], [ -99.06702276112982, 19.210868176710314 ], [ -99.067108606301588, 19.210895326407744 ], [ -99.067175372300937, 19.210909798059394 ], [ -99.06724022648757, 19.210913398306591 ], [ -99.067270186538551, 19.210906372425988 ], [ -99.067293070397554, 19.210889401590695 ], [ -99.067301243750151, 19.210862638628697 ], [ -99.067306936471041, 19.210790155091129 ], [ -99.067318322635586, 19.210647000027119 ], [ -99.067320198327451, 19.21056908094463 ], [ -99.06734712378055, 19.210560174563685 ], [ -99.069736375973363, 19.209770015881436 ], [ -99.070760772540638, 19.209431220466538 ], [ -99.071455002595741, 19.209413246746831 ], [ -99.071630484300343, 19.209411366243867 ], [ -99.071763996240364, 19.209395005899008 ], [ -99.072120701346151, 19.209438355135148 ], [ -99.07604122841812, 19.207410521745185 ], [ -99.076116230903494, 19.207370753739646 ], [ -99.076168533068085, 19.207109269689955 ], [ -99.076725334632883, 19.206698169411752 ], [ -99.076679378315276, 19.206511430082116 ], [ -99.076377900040967, 19.206405726170001 ], [ -99.076561228998571, 19.206081935396849 ], [ -99.076784044673602, 19.206125419120173 ], [ -99.077085499491659, 19.206181320456036 ], [ -99.077093818326873, 19.206729985803012 ], [ -99.078304575072281, 19.206716177618052 ], [ -99.077419547228288, 19.205869915416844 ], [ -99.076348815204511, 19.204705152428517 ], [ -99.076252564112366, 19.204600448103776 ], [ -99.075865478500646, 19.203567211756855 ], [ -99.074710744992132, 19.202604154000976 ], [ -99.074248089743875, 19.202319813092632 ], [ -99.075966671434912, 19.201321441646627 ], [ -99.0802304173815, 19.196330148265449 ], [ -99.080271814763066, 19.196352470818567 ], [ -99.080368642943341, 19.196418117384738 ], [ -99.080404608790133, 19.196444377209033 ], [ -99.080523649157072, 19.19663641765743 ], [ -99.080532005961345, 19.196759908523738 ], [ -99.080554159737986, 19.196869973565949 ], [ -99.080728447990921, 19.196980253672681 ], [ -99.080773948229961, 19.197035539436921 ], [ -99.080718043584341, 19.197201323284016 ], [ -99.080822519313955, 19.197445837049987 ], [ -99.080947847288215, 19.197650682351043 ], [ -99.081142775259465, 19.19791498421624 ], [ -99.081370317498838, 19.1981038364179 ], [ -99.081718706337597, 19.19839298765206 ], [ -99.081790112913623, 19.198575666635289 ], [ -99.081894542048857, 19.198721034051239 ], [ -99.082049083084968, 19.198744726327266 ], [ -99.082142797523133, 19.198805554539618 ], [ -99.08213121577559, 19.198985316179261 ], [ -99.082110439368819, 19.199177006891059 ], [ -99.082166191572369, 19.199368662420259 ], [ -99.082305433444006, 19.199566891394593 ], [ -99.082770050739512, 19.200041857750328 ], [ -99.083370277442285, 19.200352965067516 ], [ -99.083530386600387, 19.200537963566465 ], [ -99.083690546249088, 19.200822107588092 ], [ -99.08381584926201, 19.200967463432555 ], [ -99.08437248073038, 19.201304481531828 ], [ -99.084484047617792, 19.201562029994015 ], [ -99.084734610905329, 19.201760205737386 ], [ -99.085082272484215, 19.201925778581888 ], [ -99.085625304606907, 19.2020770572346 ], [ -99.085903654005861, 19.202189291835946 ], [ -99.086564925601323, 19.202631823658606 ], [ -99.086640161220004, 19.202543032849093 ], [ -99.086785673010453, 19.20247389419686 ], [ -99.08687316270516, 19.202305257686938 ], [ -99.086950283742283, 19.202141004708697 ], [ -99.087081426638562, 19.201901193504213 ], [ -99.087137933721877, 19.20179387189269 ], [ -99.087208161973891, 19.201672318744215 ], [ -99.087244940529771, 19.20158489255024 ], [ -99.087293247709837, 19.201501499710194 ], [ -99.087337070978379, 19.20138104719009 ], [ -99.087378498219437, 19.201273739911237 ], [ -99.087386545811384, 19.2012464510195 ], [ -99.08741530726401, 19.201148918379069 ], [ -99.087424467013292, 19.20103724690377 ], [ -99.087440532456256, 19.200910245470528 ], [ -99.087447413661195, 19.200846744849997 ], [ -99.087443933831196, 19.200805145178201 ], [ -99.087440454954248, 19.200763545505691 ], [ -99.087440400587624, 19.200660636641175 ], [ -99.08744033928123, 19.200544590896449 ], [ -99.087447191551718, 19.200426352071862 ], [ -99.087449402964808, 19.200251186556791 ], [ -99.087447012248646, 19.20008697214179 ], [ -99.087442313368456, 19.199918378357086 ], [ -99.087460684752187, 19.199793565589285 ], [ -99.087467560325948, 19.199721307643291 ], [ -99.087487122784907, 19.199668748969863 ], [ -99.087526195835665, 19.199654504424895 ], [ -99.087565463467143, 19.19963586846627 ], [ -99.087590796554863, 19.199601917912343 ], [ -99.08761150977594, 19.19954716979737 ], [ -99.087629911130051, 19.199479284996901 ], [ -99.087667894756862, 19.19939825304618 ], [ -99.087727777119284, 19.199325969740165 ], [ -99.087793424674047, 19.199260251192641 ], [ -99.087846402497675, 19.19920548760054 ], [ -99.087883238635229, 19.199133214377142 ], [ -99.08788077373076, 19.198966205595227 ], [ -99.08794191474577, 19.198959117108533 ], [ -99.087969623903319, 19.19898605359154 ], [ -99.087994949457809, 19.199011641014099 ], [ -99.088043359648481, 19.199034608230633 ], [ -99.088128645699371, 19.199061936377259 ], [ -99.088190878708616, 19.199076138687353 ], [ -99.088281922257408, 19.199093611330408 ], [ -99.088359136251228, 19.199108900810018 ], [ -99.088476688260286, 19.199138403027117 ], [ -99.088561971872323, 19.199159162530627 ], [ -99.088620746331657, 19.199170082143596 ], [ -99.088684134913493, 19.199190852169423 ], [ -99.088747533267053, 19.199228044177104 ], [ -99.088814385801797, 19.199261949365098 ], [ -99.088876621883287, 19.199281625443035 ], [ -99.088913502279567, 19.199292554667512 ], [ -99.088948088375261, 19.199323192130411 ], [ -99.088948102494356, 19.199349466794679 ], [ -99.088948118966456, 19.19938012011767 ], [ -99.088941223464445, 19.199414061917615 ], [ -99.088934339135065, 19.199468803476069 ], [ -99.088922852062225, 19.199536685053019 ], [ -99.088907914574762, 19.199616610745913 ], [ -99.088892993535708, 19.199727190662585 ], [ -99.088895327834663, 19.199781927748951 ], [ -99.0889057158833, 19.199812576946353 ], [ -99.088925314586604, 19.199830083890145 ], [ -99.0889541348959, 19.199853059457595 ], [ -99.088999084465513, 19.199868365216592 ], [ -99.089063622392715, 19.199883660548295 ], [ -99.089160429439332, 19.199903319734215 ], [ -99.089235335445636, 19.199912041522673 ], [ -99.089320615053978, 19.199926231326707 ], [ -99.089419720193987, 19.199934941251382 ], [ -99.08949807778113, 19.1999338085873 ], [ -99.089598328750682, 19.199929380069783 ], [ -99.089632893763934, 19.199920605859184 ], [ -99.089659386747883, 19.199901981119339 ], [ -99.089692781978442, 19.199860363455127 ], [ -99.089715803233318, 19.199814372200557 ], [ -99.089764080343869, 19.199769990810086 ], [ -99.089805621953118, 19.199698281554262 ], [ -99.089966621778728, 19.199653018847812 ], [ -99.090366574750163, 19.19965282219815 ], [ -99.090772560888041, 19.199658350549303 ], [ -99.090969520738057, 19.199654433711544 ], [ -99.091049914573844, 19.199656303433493 ], [ -99.091125207050339, 19.199651700299931 ], [ -99.091214707113807, 19.199634263172214 ], [ -99.091237808268815, 19.199613247670335 ], [ -99.09125588476924, 19.199590325046206 ], [ -99.091271852855726, 19.199568365961383 ], [ -99.091289028160872, 19.199556893367383 ], [ -99.091319171223759, 19.1995492407843 ], [ -99.091378464510328, 19.199556848824109 ], [ -99.091434746429343, 19.199570187205531 ], [ -99.091482986002191, 19.199575891102718 ], [ -99.091560363787679, 19.199576807747569 ], [ -99.091847931764619, 19.199617307304859 ], [ -99.092785436625604, 19.199736584691408 ], [ -99.09288594277352, 19.199765175395171 ], [ -99.092942231194385, 19.199788059600451 ], [ -99.093311963924037, 19.199831795802584 ], [ -99.093709179525163, 19.199897053532315 ], [ -99.094452869522243, 19.199995962270947 ], [ -99.094742294998127, 19.200016816977655 ], [ -99.094774441436329, 19.199997705978745 ], [ -99.094851508684954, 19.199873013977054 ], [ -99.0950424428774, 19.199874824739556 ], [ -99.095962270902689, 19.200041004971155 ], [ -99.096233616178651, 19.200075232312134 ], [ -99.096407322634633, 19.200072686493495 ], [ -99.096439508940747, 19.200122314252742 ], [ -99.096466826113286, 19.200195404960617 ], [ -99.096505898470042, 19.200234936027741 ], [ -99.096553139643319, 19.200278254008058 ], [ -99.096614498006502, 19.200353264401272 ], [ -99.096666810592879, 19.200450617479284 ], [ -99.096682077673748, 19.200538989650948 ], [ -99.096695077407475, 19.200672097633504 ], [ -99.096691129705221, 19.200794303601807 ], [ -99.096687989500566, 19.200857678770621 ], [ -99.096676276249411, 19.200930426709444 ], [ -99.096681260114281, 19.201101727682733 ], [ -99.096726595768942, 19.20105642329526 ], [ -99.096778830490166, 19.201020116584214 ], [ -99.096859216103184, 19.201006707710519 ], [ -99.096972618384797, 19.20098700752683 ], [ -99.097074260114255, 19.200993228469216 ], [ -99.097229025853068, 19.201008421620156 ], [ -99.097304898503964, 19.201019096209425 ], [ -99.097394512400356, 19.20103170381606 ], [ -99.097533134659599, 19.201039517144903 ], [ -99.097947431869272, 19.201062866966002 ], [ -99.098053965077696, 19.201081904415172 ], [ -99.098148442677271, 19.201108585828251 ], [ -99.098240923698185, 19.201156272265298 ], [ -99.098387705015625, 19.201263122298851 ], [ -99.098492279690973, 19.201369993984205 ], [ -99.098633032216469, 19.201476847055634 ], [ -99.098705425411936, 19.201541728823077 ], [ -99.098781858292682, 19.20164097791255 ], [ -99.098882432596753, 19.201778403620434 ], [ -99.098950863030936, 19.201938759335448 ], [ -99.098962090843173, 19.20199276304777 ], [ -99.099018391327022, 19.202034739751557 ], [ -99.099211254028177, 19.202061374686334 ], [ -99.09948869692613, 19.202038304417538 ], [ -99.099641424877959, 19.202003851962655 ], [ -99.099749926538948, 19.201954147397391 ], [ -99.09986243803975, 19.201889165440328 ], [ -99.099903461506017, 19.201827494847318 ], [ -99.09994761391367, 19.20172054297079 ], [ -99.099963533133774, 19.201457032179018 ], [ -99.099983576175816, 19.201365368576297 ], [ -99.100159508951521, 19.201251252130579 ], [ -99.10021251651294, 19.20122777091489 ], [ -99.100292174680192, 19.201277911574135 ], [ -99.10042083661186, 19.201331305069072 ], [ -99.100473105378271, 19.201352280438766 ], [ -99.100555515005254, 19.201363692076214 ], [ -99.100643937317315, 19.201346458802874 ], [ -99.100712249597734, 19.201310142150565 ], [ -99.100766492385148, 19.201271923585832 ], [ -99.100801500395463, 19.201235079334964 ], [ -99.10082759999429, 19.201189237744412 ], [ -99.100840782552936, 19.2011515875936 ], [ -99.100881797325528, 19.201076551257948 ], [ -99.100938031605324, 19.201009690875566 ], [ -99.100985386360975, 19.200979659472981 ], [ -99.101094053757009, 19.200953873512347 ], [ -99.101208464455553, 19.200958532484005 ], [ -99.101294900997615, 19.200981398378147 ], [ -99.101447679087102, 19.201030958592593 ], [ -99.101544070417759, 19.201059554044512 ], [ -99.101587211234332, 19.200878075673195 ], [ -99.102105734873689, 19.200993768344834 ], [ -99.102141819614801, 19.200844812425288 ], [ -99.102229207059537, 19.200688325892852 ], [ -99.102277482676442, 19.200614241361453 ], [ -99.102340640275145, 19.200543965038996 ], [ -99.102383930087683, 19.200495796421844 ], [ -99.102577638116472, 19.200336659282335 ], [ -99.102841964340442, 19.200212322728884 ], [ -99.103091144538382, 19.200051900429152 ], [ -99.103330992961347, 19.199925915840875 ], [ -99.10400163367531, 19.199516044062189 ], [ -99.10410600363349, 19.199452256158143 ], [ -99.104219059704064, 19.199375288422061 ], [ -99.104316551591666, 19.199304969305782 ], [ -99.104425131027696, 19.199255422795385 ], [ -99.104617998792236, 19.199138836940644 ], [ -99.104710412915466, 19.19907959142267 ], [ -99.104737884110619, 19.199059871320113 ], [ -99.104769835187994, 19.199028803906931 ], [ -99.104795218703259, 19.198994596102271 ], [ -99.104814255776418, 19.19896843708511 ], [ -99.104833287748406, 19.198934232905078 ], [ -99.104857405606069, 19.198879774632175 ], [ -99.104870058003371, 19.198801323886972 ], [ -99.10486365933815, 19.19872690661667 ], [ -99.104846665898407, 19.198636404171182 ], [ -99.104819116561274, 19.19859418145246 ], [ -99.104766148145387, 19.198529847695209 ], [ -99.104670832251642, 19.198455481189395 ], [ -99.104569188130256, 19.198419335031179 ], [ -99.104491371951923, 19.198398259698678 ], [ -99.104429420436304, 19.198357061485368 ], [ -99.104404000153366, 19.198332939561727 ], [ -99.104395518165347, 19.198310819736278 ], [ -99.104398869505999, 19.198280785379843 ], [ -99.104444100060732, 19.198133791227036 ], [ -99.104482170307719, 19.19807543983967 ], [ -99.10459595178159, 19.197986051242431 ], [ -99.104644933837605, 19.197675084279545 ], [ -99.104670243409871, 19.197524216215474 ], [ -99.104626427911498, 19.197429186804875 ], [ -99.104572088546689, 19.197357794587599 ], [ -99.104513529726631, 19.197218949906002 ], [ -99.104480013038568, 19.197052316049245 ], [ -99.104492327429583, 19.196711066402013 ], [ -99.104513147409875, 19.196611855529866 ], [ -99.104609881455119, 19.196290356145507 ], [ -99.104593498714763, 19.196254943079591 ], [ -99.104543361697154, 19.196223228413654 ], [ -99.10451828693256, 19.196197450635363 ], [ -99.104503645454997, 19.196159763642008 ], [ -99.104522281248975, 19.195909772659348 ], [ -99.104553553159718, 19.195828412075027 ], [ -99.104559774148626, 19.195758969938765 ], [ -99.104556788818641, 19.195705697490762 ], [ -99.104556408213099, 19.195675396837398 ], [ -99.104562650496788, 19.195639682571578 ], [ -99.104568015428342, 19.195582391816647 ], [ -99.10457398778189, 19.195278967590784 ], [ -99.104575239373389, 19.195215348421964 ], [ -99.10449937667471, 19.194645749166497 ], [ -99.104494820436258, 19.194044609084681 ], [ -99.104653344647531, 19.193760810398299 ], [ -99.104646914370562, 19.193498930368225 ], [ -99.104685702498202, 19.193461460515774 ], [ -99.104765322867962, 19.19339853133912 ], [ -99.106205445340436, 19.193218582056648 ], [ -99.106697839227039, 19.193362711690629 ], [ -99.106791790771766, 19.19347517821166 ], [ -99.107040152269448, 19.193456003222305 ], [ -99.107530411646906, 19.19329186780606 ], [ -99.107512822608086, 19.192765943534059 ], [ -99.107582166036551, 19.192501720035693 ], [ -99.107449419077668, 19.191471484763884 ], [ -99.107350447165388, 19.18892217879554 ], [ -99.107513559013455, 19.188064382236533 ], [ -99.107577755893132, 19.185712223919836 ], [ -99.107798998910312, 19.183876022709491 ], [ -99.107811637627407, 19.181934269928128 ], [ -99.106991207760856, 19.180859047664352 ], [ -99.106923074650766, 19.180983905133115 ], [ -99.106863227817428, 19.180919895772153 ], [ -99.100596833087337, 19.172054390852651 ], [ -99.113907804802025, 19.159212523982511 ], [ -99.13049615443019, 19.143204640336702 ], [ -99.129394002810685, 19.154634826227827 ], [ -99.125319061892867, 19.15699086979031 ], [ -99.124011799038854, 19.161838339167758 ], [ -99.124887905580792, 19.164745676186037 ], [ -99.124015319433511, 19.166546461102453 ], [ -99.124819006259685, 19.167937568608867 ], [ -99.125256042930701, 19.170007460288563 ], [ -99.12503835943933, 19.171046116119065 ], [ -99.12409324952165, 19.173331634422698 ], [ -99.123002033823312, 19.174994015919161 ], [ -99.123221638557609, 19.176517059271912 ], [ -99.121475120422204, 19.178526098239885 ], [ -99.120457054617972, 19.180673099916763 ], [ -99.121768999378347, 19.181987740573135 ], [ -99.123517976010902, 19.183232850760383 ], [ -99.124402440957525, 19.18463817660459 ], [ -99.124538916920926, 19.184686127320148 ], [ -99.122851182349692, 19.189283670828676 ], [ -99.122756138472937, 19.189357968339483 ], [ -99.122967907017596, 19.189978323879515 ], [ -99.122950963223431, 19.190288357960306 ], [ -99.122745363185842, 19.19081063258616 ], [ -99.122702609902717, 19.191055416092237 ], [ -99.12284895724386, 19.191552986978127 ], [ -99.122823528403643, 19.192001721289721 ], [ -99.122944085823491, 19.192458516831294 ], [ -99.123260191790578, 19.192695467172999 ], [ -99.124192145992765, 19.193997923858255 ], [ -99.124260068413605, 19.194157822255981 ], [ -99.124327991917681, 19.194317720624408 ], [ -99.124680382414624, 19.194741723259785 ], [ -99.125230397209123, 19.195320602085197 ], [ -99.125191936315659, 19.195561303590981 ], [ -99.126631036911846, 19.196314309627144 ], [ -99.127184191746167, 19.195727189527314 ], [ -99.127888602494338, 19.195938812901996 ], [ -99.128817542542166, 19.196303443134077 ], [ -99.129947004610827, 19.196703428574857 ], [ -99.129272508261948, 19.197679445463073 ], [ -99.129199740319947, 19.19797751738146 ], [ -99.129152699323683, 19.198344689743102 ], [ -99.1292726922388, 19.198393750076644 ], [ -99.129418946270221, 19.198271068963876 ], [ -99.129465364853601, 19.198443112402945 ], [ -99.12939022314977, 19.198555685588705 ], [ -99.129060394005336, 19.199371060084335 ], [ -99.129153930382998, 19.199796893240634 ], [ -99.129317306942539, 19.200074166127607 ], [ -99.129489342251787, 19.200441177544366 ], [ -99.129505221815407, 19.200554418496246 ], [ -99.129513631838478, 19.200658845053024 ], [ -99.129523934935534, 19.200751175423779 ], [ -99.129507379097447, 19.201542560450214 ], [ -99.129474638667759, 19.201812950330048 ], [ -99.129444327377996, 19.20206470683452 ], [ -99.129413523241155, 19.202317682829992 ], [ -99.12939236040431, 19.202469954721508 ], [ -99.129302369151702, 19.202937806637095 ], [ -99.129710430959747, 19.203002300803238 ], [ -99.130299735083156, 19.203164428164872 ], [ -99.130050008151429, 19.203904973816716 ], [ -99.130222143837656, 19.203920895856065 ], [ -99.130449819300551, 19.203971884268785 ], [ -99.130564382140804, 19.203999413993785 ], [ -99.130587623539085, 19.204004998864178 ], [ -99.130764507585582, 19.204047852278844 ], [ -99.130875515009834, 19.204123972479238 ], [ -99.131019670985069, 19.204262570240793 ], [ -99.131126639026974, 19.204430513835636 ], [ -99.131197868747236, 19.204564093573104 ], [ -99.131230716567686, 19.204697122358926 ], [ -99.131233964375426, 19.204801622066331 ], [ -99.131273106333637, 19.204889507806257 ], [ -99.131318441291825, 19.205008646985426 ], [ -99.131357642277464, 19.205170770927328 ], [ -99.131437986937556, 19.205352401655496 ], [ -99.131518281134831, 19.205471516615365 ], [ -99.131623256962413, 19.205594519812376 ], [ -99.131752914741725, 19.205725320810938 ], [ -99.132043077914432, 19.205984946409206 ], [ -99.132215974378525, 19.206182138578974 ], [ -99.132308599422757, 19.206289521788243 ], [ -99.132438290514855, 19.206459394836212 ], [ -99.132481570995012, 19.206578536088642 ], [ -99.132524900045723, 19.206758239148531 ], [ -99.132551744554178, 19.206896928546378 ], [ -99.132528655106313, 19.207068570293682 ], [ -99.132514947612307, 19.207170464050204 ], [ -99.132484176776757, 19.207264260820796 ], [ -99.132412362368882, 19.207465537254063 ], [ -99.132344652459551, 19.207657043002261 ], [ -99.132357084027788, 19.207772298736629 ], [ -99.13240448667068, 19.207903158601969 ], [ -99.132474519871664, 19.208045723689423 ], [ -99.132534226087017, 19.208131640359998 ], [ -99.132653559431148, 19.208205792282207 ], [ -99.132742035778634, 19.208266290984092 ], [ -99.132768800762946, 19.208305344166511 ], [ -99.132799702736079, 19.208373699223618 ], [ -99.132799857986555, 19.208567108938961 ], [ -99.132804205733535, 19.208860151824037 ], [ -99.132806386362759, 19.209014487499463 ], [ -99.132806521238464, 19.209182500141377 ], [ -99.132794286836685, 19.209313403079594 ], [ -99.13279643923704, 19.209432573102021 ], [ -99.132829441146697, 19.209555628568904 ], [ -99.132858291346125, 19.209629845885814 ], [ -99.132911830627293, 19.209717720783303 ], [ -99.132924264943455, 19.209836884246567 ], [ -99.132899653724735, 19.209918954103646 ], [ -99.13285445180982, 19.209969781919888 ], [ -99.132708478270018, 19.209837456324017 ], [ -99.132347436662045, 19.20940123870329 ], [ -99.13213260588914, 19.20923414461274 ], [ -99.131862016264705, 19.209144596561284 ], [ -99.131600066339146, 19.209120309552972 ], [ -99.131175031585443, 19.209202198986617 ], [ -99.130930399658041, 19.209357384432458 ], [ -99.130539966018233, 19.209757428694907 ], [ -99.129866484539548, 19.210610468664008 ], [ -99.128216820433479, 19.213007295396171 ], [ -99.128199408462393, 19.213045746601502 ], [ -99.128181997434595, 19.213084197804388 ] ] ] } }
]
}
