/* CONJUNTOS */
param N_total:= 13567 ;

/* PARAMETROS */
param P:= 6252.0 ;
param R:= 100.0 ;
param c1:= 1.0 ;
param c2:= 0.2 ;
param nombre_instancia := "drp_13567_NEW_YORK_CITY.dat" ;

param : coordx coordy flag prob_ohca:=
1 587629.163362 4514855.208525 1 0.0000
2 588489.768052 4515626.541538 1 0.0000
3 585619.224450 4507467.315466 1 0.0000
4 592471.200294 4525394.493178 1 0.0000
5 585052.447738 4506020.419211 1 0.0000
6 586803.928877 4502546.349797 1 0.0000
7 589279.045542 4520968.356130 1 0.0000
8 586616.870612 4512741.034793 1 0.0000
9 586888.672263 4498737.627150 1 0.0000
10 592589.795184 4518847.388990 1 0.0000
11 588365.641742 4495360.983740 1 0.0000
12 586206.169479 4508052.676594 1 0.0000
13 585837.756763 4512359.778045 1 0.0000
14 583417.926918 4506205.065408 1 0.0000
15 594099.274754 4502937.073010 1 0.0000
16 590702.551271 4501962.634895 1 0.0000
17 593276.408154 4522182.627442 1 0.0000
18 595690.633572 4524069.685635 1 0.0000
19 586604.486723 4512490.710327 1 0.0000
20 587820.292135 4514314.967358 1 0.0000
21 590755.367059 4524288.825255 1 0.0000
22 596065.641461 4519032.080248 1 0.0000
23 591738.976152 4518847.438128 1 0.0000
24 584237.091503 4507645.080912 1 0.0000
25 583158.723724 4506489.165888 1 0.0000
26 602448.295755 4500423.386296 1 0.0000
27 585453.493146 4512199.378763 1 0.0000
28 596929.076873 4507783.735571 1 0.0000
29 602933.279140 4514134.853609 1 0.0000
30 586115.214964 4515019.874681 1 0.0000
31 587518.250916 4513544.213647 1 0.0000
32 586515.817002 4515484.583431 1 0.0000
33 585713.821077 4511308.880139 1 0.0000
34 603228.593433 4511616.482484 1 0.0000
35 592691.264303 4520290.857448 1 0.0000
36 588431.150871 4514085.458134 1 0.0000
37 584659.106934 4511741.157408 1 0.0000
38 584671.924980 4511391.779761 1 0.0000
39 601360.854044 4507087.834248 1 0.0000
40 582969.070750 4506632.971266 1 0.0000
41 585474.696490 4511755.934607 1 0.0000
42 592751.414897 4501090.017087 1 0.0000
43 588950.590896 4517625.045624 1 0.0000
44 598398.190966 4506016.520598 1 0.0000
45 586069.561522 4509960.547901 1 0.0000
46 605841.782221 4495298.408699 1 0.0000
47 605067.888865 4495017.200913 1 0.0000
48 585796.149103 4512695.115269 1 0.0000
49 596294.211307 4512505.092451 1 0.0000
50 589210.411754 4515871.229239 1 0.0000
51 586947.093492 4512937.386760 1 0.0000
52 585796.149103 4512695.115269 1 0.0000
53 591394.456064 4517927.173601 1 0.0000
54 584416.814265 4504679.397492 1 0.0000
55 603178.225447 4514863.232480 1 0.0000
56 586667.168866 4512418.594863 1 0.0000
57 586042.120998 4512342.603670 1 0.0000
58 585441.199084 4514347.576871 1 0.0000
59 590564.639124 4519425.836629 1 0.0000
60 571358.965972 4493748.630778 1 0.0000
61 595469.173688 4512221.130680 1 0.0000
62 594976.919267 4519985.071459 1 0.0000
63 586001.244920 4511838.116350 1 0.0000
64 590626.222401 4518167.685761 1 0.0000
65 587367.408139 4514186.084964 1 0.0000
66 593589.084467 4523889.975702 1 0.0000
67 585872.996141 4511700.746306 1 0.0000
68 589779.061617 4505406.545356 1 0.0000
69 592562.822951 4519101.535817 1 0.0000
70 589811.183098 4517595.853992 1 0.0000
71 589470.956270 4517207.707337 1 0.0000
72 600709.630140 4503360.807085 1 0.0000
73 597371.452746 4522878.447611 1 0.0000
74 585650.136277 4513661.879233 1 0.0000
75 584162.160356 4507454.993230 1 0.0000
76 599630.564163 4507354.918329 1 0.0000
77 595702.316059 4511523.503171 1 0.0000
78 594171.028462 4523338.341157 1 0.0000
79 586667.168866 4512418.594863 1 0.0000
80 586071.816283 4504810.370313 1 0.0000
81 590208.019228 4504343.956971 1 0.0000
82 590479.146837 4505395.920334 1 0.0000
83 584877.096547 4511785.083884 1 0.0000
84 586524.663100 4511499.736057 1 0.0000
85 586749.834926 4512571.597111 1 0.0000
86 590355.345804 4517924.467102 1 0.0000
87 585937.815757 4511066.429835 1 0.0000
88 578279.969553 4498976.771271 1 0.0000
89 589890.826745 4494177.072153 1 0.0000
90 589814.414900 4522708.093573 1 0.0000
91 593589.084623 4523889.976131 1 0.0000
92 601922.822105 4510675.519273 1 0.0000
93 587823.093746 4507273.304053 1 0.0000
94 605075.525264 4502671.099457 1 0.0000
95 586236.250744 4512528.262669 1 0.0000
96 583424.634627 4507141.564176 1 0.0000
97 588400.288503 4508421.084855 1 0.0000
98 597976.738697 4519746.236207 1 0.0000
99 584856.916024 4508848.497538 1 0.0000
100 600826.104495 4506974.791851 1 0.0000
101 595532.614511 4522989.415015 1 0.0000
102 607091.416700 4508516.089686 1 0.0000
103 588381.401318 4496978.341815 1 0.0000
104 590114.737522 4522533.861871 1 0.0000
105 594080.712218 4511747.304412 1 0.0000
106 591102.425494 4518897.467595 1 0.0000
107 586543.433363 4512981.544106 1 0.0000
108 587454.952267 4518080.627780 1 0.0000
109 586104.478756 4514999.335980 1 0.0000
110 585644.180206 4512633.656357 1 0.0000
111 570687.429350 4496984.682542 1 0.0000
112 590220.600253 4503720.013641 1 0.0000
113 589225.947443 4520787.958010 1 0.0000
114 582994.894357 4497505.556594 1 0.0000
115 585791.186433 4513665.315263 1 0.0000
116 589589.276163 4523396.964507 1 0.0000
117 598744.073345 4503844.335958 1 0.0000
118 590858.126053 4503261.636681 1 0.0000
119 587770.801651 4513229.562061 1 0.0000
120 585752.289393 4512318.884455 1 0.0000
121 585562.305299 4512839.024988 1 0.0000
122 586081.011303 4512646.861818 1 0.0000
123 590483.220560 4520739.528560 1 0.0000
124 586286.259050 4510572.777452 1 0.0000
125 590932.263504 4518079.755237 1 0.0000
126 585427.707601 4505231.486425 1 0.0000
127 597275.876563 4501858.458892 1 0.0000
128 584089.404461 4512210.345486 1 0.0000
129 585910.154614 4512905.762966 1 0.0000
130 588547.369526 4498570.288269 1 0.0000
131 583869.021147 4507400.766013 1 0.0000
132 589054.137110 4518806.150407 1 0.0000
133 588401.431479 4498568.020930 1 0.0000
134 591153.243557 4521414.846030 1 0.0000
135 587887.785151 4515211.034979 1 0.0000
136 586089.534570 4512005.809684 1 0.0000
137 592260.632344 4499307.865912 1 0.0000
138 589443.420093 4518500.068352 1 0.0000
139 584056.058036 4508584.015768 1 0.0000
140 592338.951247 4522564.428531 1 0.0000
141 598493.790821 4512987.852993 1 0.0000
142 591840.241864 4526101.893707 1 0.0000
143 598209.895380 4504512.643815 1 0.0000
144 596294.211307 4512505.092451 1 0.0000
145 588721.517479 4514944.756815 1 0.0000
146 585441.199084 4514347.576871 1 0.0000
147 586333.213948 4514929.417200 1 0.0000
148 596654.680569 4526938.224355 1 0.0000
149 591321.708934 4496146.615289 1 0.0000
150 586622.562354 4512990.368516 1 0.0000
151 591844.922794 4503147.307363 1 0.0000
152 589967.640128 4516488.716004 1 0.0000
153 585758.243764 4512785.796760 1 0.0000
154 585837.756763 4512359.778045 1 0.0000
155 593159.677234 4499541.140568 1 0.0000
156 586152.115186 4504636.065904 1 0.0000
157 589683.283016 4500725.126256 1 0.0000
158 593589.084467 4523889.975702 1 0.0000
159 597392.259916 4504301.005840 1 0.0000
160 596627.730852 4502982.874861 1 0.0000
161 588964.605250 4515273.285306 1 0.0000
162 588963.708057 4515271.751269 1 0.0000
163 585796.149103 4512695.115269 1 0.0000
164 592426.365782 4523502.792493 1 0.0000
165 589828.951464 4518389.275720 1 0.0000
166 586012.090255 4508665.407011 1 0.0000
167 588947.554192 4511394.168779 1 0.0000
168 583422.580960 4506518.986532 1 0.0000
169 588098.712573 4515072.653828 1 0.0000
170 584303.933400 4496303.370410 1 0.0000
171 602629.175679 4513864.743306 1 0.0000
172 586019.219130 4514084.784564 1 0.0000
173 590145.580053 4492512.200487 1 0.0000
174 594083.111050 4501624.410985 1 0.0000
175 586478.782160 4516514.454005 1 0.0000
176 600065.362764 4504357.899069 1 0.0000
177 584128.185910 4497556.832882 1 0.0000
178 591878.409093 4502775.003269 1 0.0000
179 590939.589045 4524755.040338 1 0.0000
180 585452.289750 4513936.013496 1 0.0000
181 588976.834308 4520400.238045 1 0.0000
182 586729.874038 4512692.041739 1 0.0000
183 583332.490303 4506696.834676 1 0.0000
184 593180.518345 4512497.364303 1 0.0000
185 593942.717537 4512117.508308 1 0.0000
186 593908.382336 4522934.614697 1 0.0000
187 608999.790411 4510064.859051 1 0.0000
188 583455.218572 4506944.450525 1 0.0000
189 588639.856676 4516922.142836 1 0.0000
190 586752.015181 4511925.594956 1 0.0000
191 592704.040846 4506703.843350 1 0.0000
192 584391.148897 4503721.352532 1 0.0000
193 585915.544398 4512513.029254 1 0.0000
194 585870.800250 4512829.437141 1 0.0000
195 586178.508049 4499850.335662 1 0.0000
196 585791.186433 4513665.315263 1 0.0000
197 587215.236613 4511842.501042 1 0.0000
198 586202.770403 4511561.890121 1 0.0000
199 588050.266694 4500401.835943 1 0.0000
200 597371.452746 4522878.447611 1 0.0000
201 585562.305299 4512839.024988 1 0.0000
202 583489.984131 4506781.512847 1 0.0000
203 585866.313036 4511591.881505 1 0.0000
204 586688.249289 4492103.331068 1 0.0000
205 586615.189791 4516524.236811 1 0.0000
206 593751.418125 4519410.988724 1 0.0000
207 586563.915793 4512226.962546 1 0.0000
208 585252.586730 4512260.777144 1 0.0000
209 585265.902405 4511707.236878 1 0.0000
210 594192.526115 4510196.870886 1 0.0000
211 590932.263504 4518079.755237 1 0.0000
212 600639.999189 4506538.119714 1 0.0000
213 583154.954646 4506258.141699 1 0.0000
214 596289.829608 4512729.327559 1 0.0000
215 588519.593116 4519103.870699 1 0.0000
216 585987.080288 4514204.176949 1 0.0000
217 584854.616996 4508970.057338 1 0.0000
218 588440.580819 4500700.335097 1 0.0000
219 593806.332512 4511516.847799 1 0.0000
220 572365.630976 4498204.971304 1 0.0000
221 591127.499828 4500313.395629 1 0.0000
222 601319.106402 4512364.829732 1 0.0000
223 585917.380312 4504430.142186 1 0.0000
224 585733.398703 4495658.970495 1 0.0000
225 585796.149103 4512695.115269 1 0.0000
226 583417.926918 4506205.065408 1 0.0000
227 585964.144017 4514157.901645 1 0.0000
228 596457.094864 4519658.512982 1 0.0000
229 599517.353099 4509940.241326 1 0.0000
230 587699.740186 4514571.699924 1 0.0000
231 586081.011303 4512646.861818 1 0.0000
232 583951.256902 4507350.813148 1 0.0000
233 586829.790096 4516143.942726 1 0.0000
234 597684.587262 4508447.206045 1 0.0000
235 568804.497545 4486919.622293 1 0.0000
236 595517.867244 4513698.433233 1 0.0000
237 582404.124967 4497256.587688 1 0.0000
238 587500.129842 4507991.834874 1 0.0000
239 586720.767534 4514988.381715 1 0.0000
240 600801.782108 4508229.426266 1 0.0000
241 590875.257989 4513483.122339 1 0.0000
242 605800.360748 4495914.728117 1 0.0000
243 586604.486723 4512490.710327 1 0.0000
244 591423.253267 4502872.523379 1 0.0000
245 583930.778702 4500741.695686 1 0.0000
246 589826.945375 4511533.391176 1 0.0000
247 582540.977568 4498540.414928 1 0.0000
248 585968.043458 4504316.141589 1 0.0000
249 583659.108384 4506326.349964 1 0.0000
250 586627.317407 4511690.446581 1 0.0000
251 600479.321072 4508849.862544 1 0.0000
252 585556.174453 4512601.570754 1 0.0000
253 588800.436638 4516281.904357 1 0.0000
254 588078.304558 4512986.235039 1 0.0000
255 584113.188722 4507473.937507 1 0.0000
256 585233.756562 4505056.804073 1 0.0000
257 585676.439387 4496542.022418 1 0.0000
258 596520.818274 4524970.521084 1 0.0000
259 571338.512318 4498224.668712 1 0.0000
260 587057.055510 4512486.725477 1 0.0000
261 587162.680061 4511748.044940 1 0.0000
262 585456.865750 4504918.558838 1 0.0000
263 591090.823907 4519139.903615 1 0.0000
264 586627.317407 4511690.446581 1 0.0000
265 588926.195801 4519790.499734 1 0.0000
266 601362.190605 4504825.474882 1 0.0000
267 578210.084438 4498503.659028 1 0.0000
268 578053.100318 4499526.343720 1 0.0000
269 584162.160356 4507454.993230 1 0.0000
270 605967.835114 4505968.472905 1 0.0000
271 586329.649519 4512728.924898 1 0.0000
272 585735.933301 4509581.627684 1 0.0000
273 591274.593281 4521222.115408 1 0.0000
274 584808.819422 4503864.755506 1 0.0000
275 584678.299482 4507353.910161 1 0.0000
276 585731.067252 4513726.490642 1 0.0000
277 588269.916470 4514917.058902 1 0.0000
278 576396.906576 4499395.973084 1 0.0000
279 591603.128049 4523195.364408 1 0.0000
280 588703.415785 4493818.948917 1 0.0000
281 593180.518345 4512497.364303 1 0.0000
282 591595.132835 4514116.636841 1 0.0000
283 585594.500099 4512260.102798 1 0.0000
284 585244.039100 4505090.440416 1 0.0000
285 594600.862656 4500201.712985 1 0.0000
286 585014.952497 4511614.178746 1 0.0000
287 586286.057778 4516178.881753 1 0.0000
288 588104.356522 4518773.375729 1 0.0000
289 596572.656967 4507344.519585 1 0.0000
290 585285.472342 4510230.138636 1 0.0000
291 586069.290167 4511642.951085 1 0.0000
292 586811.830215 4515233.509442 1 0.0000
293 593696.905746 4523814.717326 1 0.0000
294 585568.118000 4505157.207346 1 0.0000
295 586968.097403 4511869.548499 1 0.0000
296 584099.741438 4506808.262562 1 0.0000
297 587410.772818 4514124.413840 1 0.0000
298 596979.026643 4510142.956366 1 0.0000
299 596463.418051 4512070.026941 1 0.0000
300 587290.848571 4517827.352550 1 0.0000
301 585413.137051 4504851.630779 1 0.0000
302 588489.768052 4515626.541538 1 0.0000
303 591277.001637 4518232.701961 1 0.0000
304 587669.969388 4510310.929042 1 0.0000
305 586549.740147 4501237.401910 1 0.0000
306 568434.190638 4486685.661805 1 0.0000
307 599637.037516 4493473.404566 1 0.0000
308 586988.116713 4512359.172977 1 0.0000
309 583676.860828 4507095.680195 1 0.0000
310 592281.800693 4502405.989637 1 0.0000
311 587086.933660 4505446.916777 1 0.0000
312 586664.339944 4513067.941536 1 0.0000
313 597615.662894 4514823.038100 1 0.0000
314 594918.278238 4504100.099331 1 0.0000
315 587045.366906 4512469.527221 1 0.0000
316 585748.779049 4511369.919267 1 0.0000
317 590740.694921 4504182.413609 1 0.0000
318 588016.901814 4519120.382084 1 0.0000
319 585959.667267 4514149.622878 1 0.0000
320 586863.626814 4512453.439179 1 0.0000
321 588200.617398 4517894.713234 1 0.0000
322 588435.974638 4506383.462163 1 0.0000
323 585562.305299 4512839.024988 1 0.0000
324 586482.441985 4513012.235484 1 0.0000
325 594765.758860 4525217.130179 1 0.0000
326 593789.049151 4522282.945847 1 0.0000
327 604517.053424 4496027.254115 1 0.0000
328 594303.546792 4503973.656143 1 0.0000
329 586523.781945 4510560.550854 1 0.0000
330 576957.569751 4494333.658999 1 0.0000
331 585075.910029 4495381.516874 1 0.0000
332 595007.964373 4510627.905299 1 0.0000
333 588743.660235 4519015.921430 1 0.0000
334 586392.840231 4511970.259677 1 0.0000
335 590826.887620 4513957.344692 1 0.0000
336 586598.171094 4505739.683419 1 0.0000
337 604065.568718 4504660.854808 1 0.0000
338 591847.304570 4525937.111659 1 0.0000
339 593099.218423 4500007.909776 1 0.0000
340 584590.402429 4508034.888323 1 0.0000
341 591273.980139 4510582.042171 1 0.0000
342 607091.416700 4508516.089686 1 0.0000
343 571880.855505 4490701.024259 1 0.0000
344 591906.530776 4514628.174714 1 0.0000
345 589698.302524 4511698.004181 1 0.0000
346 588536.205778 4500276.632392 1 0.0000
347 594106.576847 4524446.237374 1 0.0000
348 587143.622049 4504026.616666 1 0.0000
349 591442.671901 4502531.445600 1 0.0000
350 590353.053320 4523814.027078 1 0.0000
351 595772.899556 4523216.444116 1 0.0000
352 595972.915821 4502656.072800 1 0.0000
353 575939.364114 4495713.120259 1 0.0000
354 590807.313542 4520004.247413 1 0.0000
355 586536.128200 4512178.498472 1 0.0000
356 592566.653583 4524827.860410 1 0.0000
357 602630.660773 4514644.287811 1 0.0000
358 585754.865751 4512948.484272 1 0.0000
359 584677.253415 4511619.472913 1 0.0000
360 588770.567524 4497270.728874 1 0.0000
361 584219.721684 4509330.937281 1 0.0000
362 603814.735058 4512516.045039 1 0.0000
363 604970.546924 4510379.851783 1 0.0000
364 586536.141634 4512631.936129 1 0.0000
365 585494.937536 4511851.546135 1 0.0000
366 583382.720455 4507397.057293 1 0.0000
367 589518.160642 4519374.589064 1 0.0000
368 586234.145346 4511616.489655 1 0.0000
369 601536.699413 4507113.603385 1 0.0000
370 570557.896760 4493612.453823 1 0.0000
371 585499.693557 4511086.427152 1 0.0000
372 583990.399829 4495630.637207 1 0.0000
373 587812.082032 4517921.669605 1 0.0000
374 577964.484571 4499387.296888 1 0.0000
375 584928.986931 4513996.785047 1 0.0000
376 588944.824814 4499071.813803 1 0.0000
377 585195.649283 4512978.678306 1 0.0000
378 586338.338316 4512554.718500 1 0.0000
379 598259.095475 4525633.975807 1 0.0000
380 571164.162565 4493917.360013 1 0.0000
381 583796.423860 4508664.859366 1 0.0000
382 585150.737375 4510260.904640 1 0.0000
383 590568.918716 4521481.314488 1 0.0000
384 592502.175979 4510464.076672 1 0.0000
385 605279.572046 4510217.587579 1 0.0000
386 586752.015181 4511925.594956 1 0.0000
387 589379.980350 4503467.585349 1 0.0000
388 592023.277795 4496461.137050 1 0.0000
389 601729.743515 4513341.929268 1 0.0000
390 571164.162565 4493917.360013 1 0.0000
391 604059.154345 4511202.343027 1 0.0000
392 587748.753017 4518130.602391 1 0.0000
393 599584.378422 4511869.690716 1 0.0000
394 586272.105433 4512590.836186 1 0.0000
395 597330.281637 4505866.028569 1 0.0000
396 583260.766256 4506278.543426 1 0.0000
397 602823.979395 4503461.010982 1 0.0000
398 583823.054316 4510767.778062 1 0.0000
399 586475.241959 4512066.274165 1 0.0000
400 598258.032358 4525433.445695 1 0.0000
401 592937.020663 4519093.726524 1 0.0000
402 583862.411126 4509265.617944 1 0.0000
403 584312.047369 4509117.460423 1 0.0000
404 589221.628627 4515502.022073 1 0.0000
405 584394.235161 4512094.366180 1 0.0000
406 585430.899749 4504843.910473 1 0.0000
407 585579.760723 4512590.869807 1 0.0000
408 588773.162245 4516108.200468 1 0.0000
409 593662.321476 4499850.362073 1 0.0000
410 584235.689417 4507340.034176 1 0.0000
411 583603.475490 4509525.952011 1 0.0000
412 588997.289922 4520476.959611 1 0.0000
413 583156.675263 4507525.515278 1 0.0000
414 585376.149369 4511418.696917 1 0.0000
415 585176.247135 4511258.265478 1 0.0000
416 583747.600910 4506583.326783 1 0.0000
417 585796.149103 4512695.115269 1 0.0000
418 590667.659825 4498087.616284 1 0.0000
419 584758.573507 4512853.329583 1 0.0000
420 584867.626823 4494376.003130 1 0.0000
421 593871.990006 4518752.002058 1 0.0000
422 598039.120330 4504550.317743 1 0.0000
423 596958.923887 4492571.507443 1 0.0000
424 584478.578629 4507873.328405 1 0.0000
425 590215.253326 4518905.632982 1 0.0000
426 590108.013653 4522535.613956 1 0.0000
427 572930.591923 4495069.773051 1 0.0000
428 583915.984507 4506434.100131 1 0.0000
429 583976.758692 4507573.248662 1 0.0000
430 598036.324130 4503670.212004 1 0.0000
431 594362.731485 4503512.050003 1 0.0000
432 594303.546792 4503973.656143 1 0.0000
433 591259.679382 4501555.643905 1 0.0000
434 602103.784325 4506902.162943 1 0.0000
435 592597.762545 4507875.853148 1 0.0000
436 585644.180206 4512633.656357 1 0.0000
437 568486.438706 4493747.646015 1 0.0000
438 585860.449546 4504104.045925 1 0.0000
439 585384.495418 4510151.122084 1 0.0000
440 591218.734762 4521791.026546 1 0.0000
441 586236.557370 4512688.553921 1 0.0000
442 592002.059748 4502566.755085 1 0.0000
443 585674.598493 4512371.021885 1 0.0000
444 592364.152324 4501621.940918 1 0.0000
445 583603.432945 4508218.674768 1 0.0000
446 595343.887495 4507378.384827 1 0.0000
447 592023.091400 4518651.381416 1 0.0000
448 567920.973289 4488489.199316 1 0.0000
449 591540.744433 4520223.489555 1 0.0000
450 591089.546915 4520694.336888 1 0.0000
451 593516.954349 4526550.721444 1 0.0000
452 595516.711722 4504534.443386 1 0.0000
453 570815.137639 4487656.714209 1 0.0000
454 588992.286448 4504921.302218 1 0.0000
455 598340.896318 4504837.456605 1 0.0000
456 586231.179695 4512919.782413 1 0.0000
457 571210.300797 4492620.106120 1 0.0000
458 586329.649519 4512728.924898 1 0.0000
459 593112.707756 4505978.659785 1 0.0000
460 584663.367844 4504489.312149 1 0.0000
461 599389.058433 4511011.458526 1 0.0000
462 585143.642249 4509760.155535 1 0.0000
463 588618.544771 4503138.961268 1 0.0000
464 586885.140936 4513480.318884 1 0.0000
465 593442.000616 4523987.640889 1 0.0000
466 586550.943033 4512857.299741 1 0.0000
467 594629.211577 4520546.391062 1 0.0000
468 592694.837164 4523769.757918 1 0.0000
469 586536.128200 4512178.498472 1 0.0000
470 585572.502156 4512184.888666 1 0.0000
471 586800.780524 4500143.242032 1 0.0000
472 597371.452746 4522878.447611 1 0.0000
473 599554.059747 4512766.190177 1 0.0000
474 590010.792872 4505421.370848 1 0.0000
475 586622.562354 4512990.368516 1 0.0000
476 591882.732274 4506440.963447 1 0.0000
477 586667.168866 4512418.594863 1 0.0000
478 585432.967380 4514401.419937 1 0.0000
479 584359.234355 4508907.432219 1 0.0000
480 578398.787469 4499621.692106 1 0.0000
481 578679.840679 4496236.705005 1 0.0000
482 586071.732264 4510866.835251 1 0.0000
483 589331.760418 4519473.024500 1 0.0000
484 577228.152604 4498380.658335 1 0.0000
485 586019.219130 4514084.784564 1 0.0000
486 584089.404461 4512210.345486 1 0.0000
487 585241.733541 4505078.835585 1 0.0000
488 591208.744787 4508737.063247 1 0.0000
489 592517.717507 4520571.367116 1 0.0000
490 585644.180206 4512633.656357 1 0.0000
491 588294.016405 4519030.295619 1 0.0000
492 589174.028428 4503785.207992 1 0.0000
493 585783.774141 4505379.369499 1 0.0000
494 594499.555812 4503619.347041 1 0.0000
495 586785.393055 4494765.889144 1 0.0000
496 607427.333785 4511348.844894 1 0.0000
497 586495.161724 4503624.923452 1 0.0000
498 584247.798977 4510691.559979 1 0.0000
499 601078.555077 4506856.376592 1 0.0000
500 586071.031331 4514057.340214 1 0.0000
501 588700.385469 4514953.962763 1 0.0000
502 585796.149103 4512695.115269 1 0.0000
503 585575.601693 4512287.312480 1 0.0000
504 596135.739327 4511515.638988 1 0.0000
505 583603.432945 4508218.674768 1 0.0000
506 588547.369526 4498570.288269 1 0.0000
507 590959.550140 4498520.293081 1 0.0000
508 584385.978133 4500746.871906 1 0.0000
509 597923.714273 4504167.173646 1 0.0000
510 595919.071044 4513746.743920 1 0.0000
511 585874.297982 4509553.339817 1 0.0000
512 593624.071915 4520957.594360 1 0.0000
513 591232.176251 4524938.173989 1 0.0000
514 583139.830322 4507532.941362 1 0.0000
515 585535.852329 4505957.357974 1 0.0000
516 585430.866748 4505355.546454 1 0.0000
517 594129.157068 4501165.703678 1 0.0000
518 585796.149103 4512695.115269 1 0.0000
519 593307.713882 4522510.271468 1 0.0000
520 605094.459839 4500681.060660 1 0.0000
521 584876.490326 4509992.667404 1 0.0000
522 584652.542594 4511728.893321 1 0.0000
523 586740.494521 4510877.195310 1 0.0000
524 586117.464607 4512710.356362 1 0.0000
525 601922.822105 4510675.519273 1 0.0000
526 589415.197946 4518169.111490 1 0.0000
527 591888.292577 4523655.112489 1 0.0000
528 586053.094276 4513171.287561 1 0.0000
529 585644.180206 4512633.656357 1 0.0000
530 589764.026095 4511813.636619 1 0.0000
531 584768.479213 4509951.212796 1 0.0000
532 585459.534033 4511642.402831 1 0.0000
533 585489.459547 4510567.052902 1 0.0000
534 585324.481644 4504046.449544 1 0.0000
535 583424.634627 4507141.564176 1 0.0000
536 593589.084467 4523889.975702 1 0.0000
537 596597.668452 4503992.420776 1 0.0000
538 593496.561865 4524653.807724 1 0.0000
539 582207.826535 4497020.329501 1 0.0000
540 586544.850399 4508897.887074 1 0.0000
541 583332.490303 4506696.834676 1 0.0000
542 587294.736932 4517913.940486 1 0.0000
543 589887.932959 4494244.079350 1 0.0000
544 597150.248106 4524210.374675 1 0.0000
545 586667.168866 4512418.594863 1 0.0000
546 586069.561522 4509960.547901 1 0.0000
547 585522.757751 4513073.824471 1 0.0000
548 585252.586730 4512260.777144 1 0.0000
549 589887.932959 4494244.079350 1 0.0000
550 588026.486869 4511034.761951 1 0.0000
551 583332.490303 4506696.834676 1 0.0000
552 585700.288392 4513673.116617 1 0.0000
553 586323.805662 4508132.025329 1 0.0000
554 588081.150543 4500472.884132 1 0.0000
555 587229.188962 4513131.971220 1 0.0000
556 585796.149103 4512695.115269 1 0.0000
557 589982.475621 4516978.286176 1 0.0000
558 592846.667857 4511923.405726 1 0.0000
559 586571.279930 4516152.575093 1 0.0000
560 589582.468012 4518064.667861 1 0.0000
561 587729.115487 4506641.445401 1 0.0000
562 585353.447494 4506187.178784 1 0.0000
563 601572.431812 4506570.661039 1 0.0000
564 586667.168866 4512418.594863 1 0.0000
565 592461.614755 4505727.163492 1 0.0000
566 583918.137681 4495580.755620 1 0.0000
567 597754.560047 4526211.182943 1 0.0000
568 593386.862317 4523905.951634 1 0.0000
569 588418.832761 4516208.684095 1 0.0000
570 583494.890962 4507528.147390 1 0.0000
571 591262.935763 4505768.989738 1 0.0000
572 591367.447427 4522618.553960 1 0.0000
573 602582.027202 4506999.934953 1 0.0000
574 584194.208298 4497914.414788 1 0.0000
575 585935.977337 4511067.323337 1 0.0000
576 591075.146672 4513511.302703 1 0.0000
577 583542.464161 4506882.670270 1 0.0000
578 586572.687819 4515922.214910 1 0.0000
579 593817.257920 4522775.111849 1 0.0000
580 586510.809286 4512127.319980 1 0.0000
581 586481.221681 4511942.621573 1 0.0000
582 591702.486003 4501630.571028 1 0.0000
583 586221.284373 4512905.651709 1 0.0000
584 589126.918623 4505863.837963 1 0.0000
585 586089.534570 4512005.809684 1 0.0000
586 584029.195803 4496399.893773 1 0.0000
587 585669.847104 4501625.673037 1 0.0000
588 595909.407707 4527408.152067 1 0.0000
589 593812.567121 4522118.046804 1 0.0000
590 585796.149103 4512695.115269 1 0.0000
591 588278.416887 4504054.457258 1 0.0000
592 593546.199804 4521132.233901 1 0.0000
593 587929.611331 4513974.304895 1 0.0000
594 587479.662677 4517089.619535 1 0.0000
595 586863.626814 4512453.439179 1 0.0000
596 586582.368735 4512265.568723 1 0.0000
597 586184.880071 4512837.891668 1 0.0000
598 586019.219130 4514084.784564 1 0.0000
599 585688.299180 4510606.800231 1 0.0000
600 585813.375067 4493473.489495 1 0.0000
601 584653.311204 4511153.271287 1 0.0000
602 593589.084467 4523889.975702 1 0.0000
603 589800.416885 4497952.521010 1 0.0000
604 604517.984401 4505020.406926 1 0.0000
605 598889.650454 4512773.253814 1 0.0000
606 591920.549504 4517542.199076 1 0.0000
607 592130.165904 4525824.542746 1 0.0000
608 589613.694824 4521150.748524 1 0.0000
609 593117.614723 4511866.458642 1 0.0000
610 587143.057763 4495095.091969 1 0.0000
611 596451.573130 4519207.438877 1 0.0000
612 595691.702442 4522908.036463 1 0.0000
613 585014.447477 4511818.950598 1 0.0000
614 605824.079359 4508508.385745 1 0.0000
615 594998.246852 4512150.554484 1 0.0000
616 591920.355270 4522554.775201 1 0.0000
617 603451.554405 4503262.745098 1 0.0000
618 585819.298151 4512161.189498 1 0.0000
619 594131.189579 4511944.128130 1 0.0000
620 591958.593866 4519229.946243 1 0.0000
621 583609.807821 4506989.786424 1 0.0000
622 591110.023671 4519994.596181 1 0.0000
623 586597.826398 4514759.652356 1 0.0000
624 589276.531075 4515925.310693 1 0.0000
625 590918.963035 4524372.972163 1 0.0000
626 590751.108651 4519588.558318 1 0.0000
627 587026.843010 4492662.989592 1 0.0000
628 585644.180206 4512633.656357 1 0.0000
629 585474.696490 4511755.934607 1 0.0000
630 583139.830322 4507532.941362 1 0.0000
631 588280.386022 4509531.068590 1 0.0000
632 585014.447477 4511818.950598 1 0.0000
633 589519.012341 4512697.309467 1 0.0000
634 590943.784058 4502294.180081 1 0.0000
635 585602.077688 4508625.390130 1 0.0000
636 586701.050195 4513135.704360 1 0.0000
637 585960.378519 4511386.347711 1 0.0000
638 604675.391434 4495312.612906 1 0.0000
639 594725.185316 4526101.624077 1 0.0000
640 588209.833374 4511204.146312 1 0.0000
641 586563.915793 4512226.962546 1 0.0000
642 583429.605418 4506892.354812 1 0.0000
643 601112.766728 4506420.380299 1 0.0000
644 577801.075697 4499099.610675 1 0.0000
645 599630.564163 4507354.918329 1 0.0000
646 588050.266694 4500401.835943 1 0.0000
647 592143.594303 4524034.679311 1 0.0000
648 585915.544398 4512513.029254 1 0.0000
649 592572.073023 4501586.821979 1 0.0000
650 587166.686241 4513348.837060 1 0.0000
651 585796.149103 4512695.115269 1 0.0000
652 588961.829998 4516746.327624 1 0.0000
653 586042.217065 4512574.808207 1 0.0000
654 586863.626814 4512453.439179 1 0.0000
655 585796.149103 4512695.115269 1 0.0000
656 584695.663889 4507782.554027 1 0.0000
657 586851.983312 4512432.280480 1 0.0000
658 574624.377082 4498778.251443 1 0.0000
659 597557.134758 4504219.383107 1 0.0000
660 587903.998115 4505465.965121 1 0.0000
661 598718.814262 4512789.287709 1 0.0000
662 583218.651373 4507488.435559 1 0.0000
663 587004.485862 4512393.489205 1 0.0000
664 583424.634627 4507141.564176 1 0.0000
665 571984.448221 4489441.906876 1 0.0000
666 599374.403399 4508442.659538 1 0.0000
667 590294.240089 4520369.559272 1 0.0000
668 583985.740476 4509005.566458 1 0.0000
669 599714.096765 4511905.298078 1 0.0000
670 576957.569751 4494333.658999 1 0.0000
671 604916.782440 4502266.126832 1 0.0000
672 583801.725844 4509804.597158 1 0.0000
673 585675.046390 4514203.362390 1 0.0000
674 584062.046756 4510332.302963 1 0.0000
675 591696.379524 4512852.843662 1 0.0000
676 590281.289247 4519154.134639 1 0.0000
677 574106.679619 4490469.752479 1 0.0000
678 594355.111494 4510396.798579 1 0.0000
679 584141.129588 4500680.096166 1 0.0000
680 600764.222875 4505609.473583 1 0.0000
681 592750.670951 4505980.026606 1 0.0000
682 590427.993442 4523309.023810 1 0.0000
683 598101.688675 4508213.343049 1 0.0000
684 596978.503013 4508608.911402 1 0.0000
685 582795.128136 4499611.359322 1 0.0000
686 586775.673672 4515090.482723 1 0.0000
687 584514.887916 4511882.127039 1 0.0000
688 588651.381891 4502341.556131 1 0.0000
689 583949.830163 4507529.671330 1 0.0000
690 586167.564437 4512405.284134 1 0.0000
691 586079.865136 4512640.449161 1 0.0000
692 587465.615567 4517519.738677 1 0.0000
693 585300.157613 4510305.268394 1 0.0000
694 585522.586772 4492487.761518 1 0.0000
695 586138.912456 4512753.567057 1 0.0000
696 593579.557030 4502682.200209 1 0.0000
697 589560.107960 4513155.787987 1 0.0000
698 591193.928990 4505272.102591 1 0.0000
699 574779.715401 4496239.586960 1 0.0000
700 585578.878582 4505604.058718 1 0.0000
701 574106.131469 4494378.028626 1 0.0000
702 585632.084693 4514122.729208 1 0.0000
703 586715.014390 4511856.609733 1 0.0000
704 590680.494513 4511025.373616 1 0.0000
705 588026.546188 4497152.879780 1 0.0000
706 586621.464117 4512337.929619 1 0.0000
707 593293.404483 4522215.427551 1 0.0000
708 597169.264758 4504214.364563 1 0.0000
709 590560.111181 4505457.787082 1 0.0000
710 595973.067816 4526156.708989 1 0.0000
711 591263.673019 4520149.326237 1 0.0000
712 585805.705753 4513327.232303 1 0.0000
713 584635.974052 4509465.186998 1 0.0000
714 599574.824150 4518807.880266 1 0.0000
715 585249.806887 4509294.826880 1 0.0000
716 592043.512131 4519265.654553 1 0.0000
717 596817.821297 4525087.579414 1 0.0000
718 591497.811898 4517869.234079 1 0.0000
719 587757.409668 4502681.217947 1 0.0000
720 598610.617330 4514021.634947 1 0.0000
721 585636.077878 4512649.409993 1 0.0000
722 585449.136970 4514880.943247 1 0.0000
723 585805.705753 4513327.232303 1 0.0000
724 597019.677585 4525664.317153 1 0.0000
725 589088.953196 4518692.577417 1 0.0000
726 584627.926547 4498978.259744 1 0.0000
727 593857.521666 4518631.162099 1 0.0000
728 583296.173715 4497781.708858 1 0.0000
729 596943.616387 4505218.946572 1 0.0000
730 594989.577961 4510155.053472 1 0.0000
731 590239.572712 4494540.607539 1 0.0000
732 589455.268104 4517915.421457 1 0.0000
733 586229.627510 4508374.431629 1 0.0000
734 583609.807821 4506989.786424 1 0.0000
735 591197.458110 4501799.440919 1 0.0000
736 591836.107171 4505342.791615 1 0.0000
737 596350.275882 4510498.131063 1 0.0000
738 585843.735254 4514268.364177 1 0.0000
739 585639.927342 4509770.379693 1 0.0000
740 585206.745380 4510614.113346 1 0.0000
741 588977.745061 4517835.926009 1 0.0000
742 587901.927330 4510493.057032 1 0.0000
743 591390.164804 4518891.302558 1 0.0000
744 585644.180206 4512633.656357 1 0.0000
745 583976.758692 4507573.248662 1 0.0000
746 587114.304190 4513854.091720 1 0.0000
747 588157.487892 4517267.693643 1 0.0000
748 584042.905447 4508936.130687 1 0.0000
749 589974.302629 4523063.714631 1 0.0000
750 593005.631745 4522437.952947 1 0.0000
751 577557.715639 4496035.326174 1 0.0000
752 596572.656967 4507344.519585 1 0.0000
753 587873.172506 4510743.522238 1 0.0000
754 590354.471108 4520325.450135 1 0.0000
755 592533.882689 4508803.035998 1 0.0000
756 593142.035424 4524423.951020 1 0.0000
757 588951.848551 4495985.624751 1 0.0000
758 583278.416798 4507886.478491 1 0.0000
759 585885.290164 4512279.871151 1 0.0000
760 594559.447760 4500038.210951 1 0.0000
761 593429.637257 4500938.654221 1 0.0000
762 586997.086196 4513283.520563 1 0.0000
763 585796.149103 4512695.115269 1 0.0000
764 588682.305715 4504954.343786 1 0.0000
765 576957.569751 4494333.658999 1 0.0000
766 592921.983673 4521756.828928 1 0.0000
767 587887.785151 4515211.034979 1 0.0000
768 598612.338103 4514031.101927 1 0.0000
769 586506.895318 4505379.066321 1 0.0000
770 584112.799651 4507374.287524 1 0.0000
771 586849.905269 4512106.500988 1 0.0000
772 594696.352193 4502659.544417 1 0.0000
773 589480.887952 4521332.682405 1 0.0000
774 591813.411365 4500584.475603 1 0.0000
775 587500.510306 4512186.133662 1 0.0000
776 595234.473398 4513242.673618 1 0.0000
777 583888.590182 4506939.937486 1 0.0000
778 585799.226044 4512291.383752 1 0.0000
779 582594.133954 4498528.526390 1 0.0000
780 598631.523030 4524349.481734 1 0.0000
781 585487.818168 4504555.067706 1 0.0000
782 586042.217065 4512574.808207 1 0.0000
783 586664.707333 4512741.579975 1 0.0000
784 584303.184938 4507647.966665 1 0.0000
785 586396.035345 4512679.401326 1 0.0000
786 587744.056927 4495731.784224 1 0.0000
787 586846.104513 4513081.897085 1 0.0000
788 591376.668712 4521837.319615 1 0.0000
789 593001.188086 4524776.141439 1 0.0000
790 603172.681277 4505251.046702 1 0.0000
791 594958.474727 4502333.108303 1 0.0000
792 600599.120293 4506649.189469 1 0.0000
793 602983.877575 4504702.808212 1 0.0000
794 587600.732417 4512777.537988 1 0.0000
795 586450.141628 4512343.596427 1 0.0000
796 586667.168866 4512418.594863 1 0.0000
797 586148.856178 4513191.271512 1 0.0000
798 585640.378260 4503359.229260 1 0.0000
799 586502.837455 4511462.920403 1 0.0000
800 583915.236648 4511583.364964 1 0.0000
801 588630.849605 4501118.754818 1 0.0000
802 585607.834013 4512346.797607 1 0.0000
803 590994.957490 4517819.618865 1 0.0000
804 588753.705305 4503901.404977 1 0.0000
805 585849.526602 4513813.774761 1 0.0000
806 589049.288227 4515864.211133 1 0.0000
807 577139.729023 4492837.737713 1 0.0000
808 584768.479213 4509951.212796 1 0.0000
809 587030.945557 4512718.937151 1 0.0000
810 593252.524848 4498825.165892 1 0.0000
811 589204.994935 4506795.369971 1 0.0000
812 586513.149204 4512135.879392 1 0.0000
813 583382.720455 4507397.057293 1 0.0000
814 586536.141634 4512631.936129 1 0.0000
815 585713.821077 4511308.880139 1 0.0000
816 588947.861936 4507165.128366 1 0.0000
817 584062.046756 4510332.302963 1 0.0000
818 604922.682470 4503517.759460 1 0.0000
819 593787.588382 4523665.822912 1 0.0000
820 590637.771965 4518624.612561 1 0.0000
821 586667.168866 4512418.594863 1 0.0000
822 602823.979395 4503461.010982 1 0.0000
823 569310.969188 4495329.959401 1 0.0000
824 592854.063848 4519750.285385 1 0.0000
825 585591.130842 4513037.122159 1 0.0000
826 598258.032358 4525433.445695 1 0.0000
827 590604.404182 4502983.275922 1 0.0000
828 588256.339211 4514637.771033 1 0.0000
829 599630.564163 4507354.918329 1 0.0000
830 586329.649519 4512728.924898 1 0.0000
831 583500.710553 4506428.153568 1 0.0000
832 586778.737259 4512629.214550 1 0.0000
833 590688.280643 4521809.960633 1 0.0000
834 584925.787872 4510239.449002 1 0.0000
835 585535.971909 4512154.913758 1 0.0000
836 604949.404206 4508433.836274 1 0.0000
837 585338.957948 4510029.017769 1 0.0000
838 591421.228032 4518946.509026 1 0.0000
839 590415.406094 4510835.554178 1 0.0000
840 595399.418393 4521389.242848 1 0.0000
841 585920.022106 4503394.405872 1 0.0000
842 599725.249764 4515662.550228 1 0.0000
843 601806.429740 4507297.989529 1 0.0000
844 588618.544771 4503138.961268 1 0.0000
845 587349.206512 4504357.452256 1 0.0000
846 586108.658730 4512306.489677 1 0.0000
847 591988.754562 4502235.971218 1 0.0000
848 584109.653166 4507784.413702 1 0.0000
849 591049.798486 4501492.728001 1 0.0000
850 591593.435214 4525058.707841 1 0.0000
851 591580.690270 4522037.420700 1 0.0000
852 598257.419359 4525567.218821 1 0.0000
853 588709.866057 4514951.023234 1 0.0000
854 588709.866057 4514951.023234 1 0.0000
855 590053.288211 4492777.177881 1 0.0000
856 590348.321792 4520330.255624 1 0.0000
857 586473.311976 4511406.513865 1 0.0000
858 598238.515425 4500733.040635 1 0.0000
859 586622.562354 4512990.368516 1 0.0000
860 585959.667267 4514149.622878 1 0.0000
861 588732.999365 4517786.510082 1 0.0000
862 596130.881179 4527254.350914 1 0.0000
863 586002.641065 4510725.872112 1 0.0000
864 587057.055510 4512486.725477 1 0.0000
865 584475.050113 4499693.537920 1 0.0000
866 585295.631308 4505109.007245 1 0.0000
867 586672.976649 4511775.072422 1 0.0000
868 593766.570695 4498586.611392 1 0.0000
869 586749.834926 4512571.597111 1 0.0000
870 583155.473500 4507523.978607 1 0.0000
871 599668.661264 4506362.822745 1 0.0000
872 591226.162733 4521914.528465 1 0.0000
873 600378.191763 4506889.858072 1 0.0000
874 586100.181674 4514039.693500 1 0.0000
875 584112.799651 4507374.287524 1 0.0000
876 598570.216023 4512431.357384 1 0.0000
877 587519.750456 4518197.164857 1 0.0000
878 585694.598964 4505289.374579 1 0.0000
879 584389.314642 4499971.081432 1 0.0000
880 586825.684105 4515755.670208 1 0.0000
881 594200.106767 4522766.377121 1 0.0000
882 583617.923085 4506678.448839 1 0.0000
883 586101.636062 4515569.452452 1 0.0000
884 594579.058119 4526168.826154 1 0.0000
885 585190.378467 4513521.339851 1 0.0000
886 596130.290083 4509879.452289 1 0.0000
887 584984.274739 4513183.180419 1 0.0000
888 586721.467082 4516022.949022 1 0.0000
889 589393.798301 4501501.939074 1 0.0000
890 590829.048779 4518232.164666 1 0.0000
891 586007.759590 4511079.111821 1 0.0000
892 588622.394046 4519388.444319 1 0.0000
893 593780.062941 4526273.368020 1 0.0000
894 585562.305299 4512839.024988 1 0.0000
895 583799.004674 4506323.980436 1 0.0000
896 594937.979806 4512438.757546 1 0.0000
897 607088.149375 4512822.384833 1 0.0000
898 595909.407707 4527408.152067 1 0.0000
899 596808.915201 4520473.432450 1 0.0000
900 577586.099052 4497451.678963 1 0.0000
901 591226.162733 4521914.528465 1 0.0000
902 593142.035424 4524423.951020 1 0.0000
903 593584.811396 4523890.535925 1 0.0000
904 586042.217065 4512574.808207 1 0.0000
905 588519.746366 4493006.600170 1 0.0000
906 588489.768052 4515626.541538 1 0.0000
907 590731.660379 4512285.412404 1 0.0000
908 584061.458699 4507708.293311 1 0.0000
909 584089.404461 4512210.345486 1 0.0000
910 586372.508963 4512203.450741 1 0.0000
911 585062.623818 4504322.904417 1 0.0000
912 583431.492625 4506699.790094 1 0.0000
913 594573.016145 4525550.444343 1 0.0000
914 590702.435543 4510891.541010 1 0.0000
915 586221.284373 4512905.651709 1 0.0000
916 594958.474727 4502333.108303 1 0.0000
917 585984.188189 4515206.399567 1 0.0000
918 591687.726150 4525020.778712 1 0.0000
919 583358.734406 4506399.112095 1 0.0000
920 591843.799583 4519569.330200 1 0.0000
921 593346.382128 4521204.614910 1 0.0000
922 585567.368485 4510602.679647 1 0.0000
923 591409.424397 4505026.503475 1 0.0000
924 598835.712574 4511166.976487 1 0.0000
925 585706.848243 4509352.749751 1 0.0000
926 590395.541340 4513569.381728 1 0.0000
927 578191.834654 4499465.149640 1 0.0000
928 589837.680301 4518959.835549 1 0.0000
929 591119.999183 4518612.438113 1 0.0000
930 588834.863192 4502231.197977 1 0.0000
931 589637.743435 4519817.511325 1 0.0000
932 595619.216909 4505087.175843 1 0.0000
933 587193.649120 4512533.686188 1 0.0000
934 591253.778424 4519173.455025 1 0.0000
935 586329.649519 4512728.924898 1 0.0000
936 595619.216909 4505087.175843 1 0.0000
937 587640.610505 4512486.974879 1 0.0000
938 589635.626345 4511555.590372 1 0.0000
939 586089.534570 4512005.809684 1 0.0000
940 584266.911330 4511394.478759 1 0.0000
941 576292.904841 4498520.245906 1 0.0000
942 585034.458312 4513592.697878 1 0.0000
943 590751.108651 4519588.558318 1 0.0000
944 585644.180206 4512633.656357 1 0.0000
945 587545.337466 4499195.170437 1 0.0000
946 587973.315794 4505158.673715 1 0.0000
947 591651.513610 4525683.469217 1 0.0000
948 574625.468150 4498789.539360 1 0.0000
949 584756.780108 4510951.500924 1 0.0000
950 591516.376956 4518325.631980 1 0.0000
951 590998.879866 4517823.015663 1 0.0000
952 584652.542594 4511728.893321 1 0.0000
953 583424.634627 4507141.564176 1 0.0000
954 586142.371997 4514107.823813 1 0.0000
955 585632.084693 4514122.729208 1 0.0000
956 591707.601103 4517937.753503 1 0.0000
957 593871.054198 4507410.082616 1 0.0000
958 591808.458281 4525469.508655 1 0.0000
959 584713.995800 4504779.987241 1 0.0000
960 585644.180206 4512633.656357 1 0.0000
961 585907.540777 4513322.297933 1 0.0000
962 594430.841322 4510624.078870 1 0.0000
963 605632.410997 4495729.981853 1 0.0000
964 588440.580819 4500700.335097 1 0.0000
965 601826.324166 4510318.180229 1 0.0000
966 585427.306249 4505213.197775 1 0.0000
967 583139.830322 4507532.941362 1 0.0000
968 589414.356211 4519712.267687 1 0.0000
969 588489.768052 4515626.541538 1 0.0000
970 596537.271938 4512247.920398 1 0.0000
971 593925.567031 4511295.445610 1 0.0000
972 589309.040848 4506060.631996 1 0.0000
973 590355.345804 4517924.467102 1 0.0000
974 586487.562818 4511760.466588 1 0.0000
975 591642.494504 4518623.272446 1 0.0000
976 585885.290164 4512279.871151 1 0.0000
977 605094.459839 4500681.060660 1 0.0000
978 585434.273987 4491865.431146 1 0.0000
979 583379.749228 4506480.407425 1 0.0000
980 593180.912559 4526356.727207 1 0.0000
981 586510.809286 4512127.319980 1 0.0000
982 583744.286205 4509256.043927 1 0.0000
983 590982.123196 4520040.371672 1 0.0000
984 585639.927342 4509770.379693 1 0.0000
985 596124.160293 4520180.388264 1 0.0000
986 587080.013009 4512531.172458 1 0.0000
987 586202.770403 4511561.890121 1 0.0000
988 584458.903670 4511366.498005 1 0.0000
989 586386.637639 4512594.883439 1 0.0000
990 594260.679156 4519941.247355 1 0.0000
991 598926.370604 4513348.712528 1 0.0000
992 598880.818877 4522264.857748 1 0.0000
993 602448.295755 4500423.386296 1 0.0000
994 576957.569751 4494333.658999 1 0.0000
995 585532.645872 4512206.069899 1 0.0000
996 585943.322649 4512963.429851 1 0.0000
997 584141.129588 4500680.096166 1 0.0000
998 593362.850239 4523900.497255 1 0.0000
999 585796.149103 4512695.115269 1 0.0000
1000 586019.449423 4511871.844232 1 0.0000
1001 585014.952497 4511614.178746 1 0.0000
1002 586676.570992 4511539.862131 1 0.0000
1003 584503.693743 4509467.642648 1 0.0000
1004 599068.422189 4507212.308200 1 0.0000
1005 591266.052485 4517455.810661 1 0.0000
1006 591957.210121 4527813.710305 1 0.0000
1007 593892.487837 4522244.510360 1 0.0000
1008 591538.071905 4505772.119012 1 0.0000
1009 597665.865028 4508994.603679 1 0.0000
1010 598949.138265 4512499.970998 1 0.0000
1011 586582.368735 4512265.568723 1 0.0000
1012 584405.530777 4507838.977382 1 0.0000
1013 583993.739904 4509079.097107 1 0.0000
1014 583966.611719 4507045.956542 1 0.0000
1015 588732.999365 4517786.510082 1 0.0000
1016 591563.188889 4526906.581848 1 0.0000
1017 586682.714739 4509207.842380 1 0.0000
1018 593293.404483 4522215.427551 1 0.0000
1019 586329.649519 4512728.924898 1 0.0000
1020 598884.595775 4512414.214780 1 0.0000
1021 587427.106433 4512691.149903 1 0.0000
1022 606920.182431 4501752.832229 1 0.0000
1023 587216.975667 4492368.956837 1 0.0000
1024 588120.008618 4514995.494948 1 0.0000
1025 587887.785151 4515211.034979 1 0.0000
1026 592197.943305 4521328.641962 1 0.0000
1027 585236.947267 4508443.880968 1 0.0000
1028 585109.073989 4510761.708006 1 0.0000
1029 585967.018739 4512434.994901 1 0.0000
1030 585819.298151 4512161.189498 1 0.0000
1031 572420.501716 4493944.142161 1 0.0000
1032 586447.985773 4504718.052169 1 0.0000
1033 583815.735328 4500407.628185 1 0.0000
1034 592389.336312 4520418.754414 1 0.0000
1035 583385.488561 4506190.374819 1 0.0000
1036 587554.311559 4514390.860863 1 0.0000
1037 591310.628993 4519799.722613 1 0.0000
1038 585907.539057 4511503.980180 1 0.0000
1039 592941.007051 4523240.804162 1 0.0000
1040 584488.204498 4510559.913074 1 0.0000
1041 587024.117060 4512622.868756 1 0.0000
1042 596460.094060 4504326.369188 1 0.0000
1043 586667.168866 4512418.594863 1 0.0000
1044 590645.588058 4518420.225064 1 0.0000
1045 583835.938942 4509369.227551 1 0.0000
1046 606996.982407 4503067.747686 1 0.0000
1047 586221.284373 4512905.651709 1 0.0000
1048 591783.136343 4520773.253356 1 0.0000
1049 593401.198617 4502529.331072 1 0.0000
1050 585491.747384 4512131.554864 1 0.0000
1051 587026.843010 4492662.989592 1 0.0000
1052 588418.832761 4516208.684095 1 0.0000
1053 585328.214927 4511828.010181 1 0.0000
1054 587873.172506 4510743.522238 1 0.0000
1055 605075.525264 4502671.099457 1 0.0000
1056 591562.812918 4520799.994522 1 0.0000
1057 585562.305299 4512839.024988 1 0.0000
1058 583559.153889 4507879.009909 1 0.0000
1059 583476.640072 4507391.422292 1 0.0000
1060 584740.747286 4512492.327578 1 0.0000
1061 585772.021170 4513395.107554 1 0.0000
1062 592246.673923 4523173.455659 1 0.0000
1063 591162.295442 4519205.627181 1 0.0000
1064 586851.983312 4512432.280480 1 0.0000
1065 587588.857076 4507612.543219 1 0.0000
1066 591197.458110 4501799.440919 1 0.0000
1067 586265.658344 4515054.804864 1 0.0000
1068 585973.561070 4515122.782446 1 0.0000
1069 585197.142975 4507416.800905 1 0.0000
1070 596033.992197 4511325.240163 1 0.0000
1071 600514.350852 4503865.365658 1 0.0000
1072 608664.140484 4510906.709386 1 0.0000
1073 589001.371083 4503667.142252 1 0.0000
1074 586396.035345 4512679.401326 1 0.0000
1075 585796.149103 4512695.115269 1 0.0000
1076 586359.376296 4512633.883064 1 0.0000
1077 585796.149103 4512695.115269 1 0.0000
1078 588448.514607 4501101.446410 1 0.0000
1079 586019.219130 4514084.784564 1 0.0000
1080 587825.683746 4504314.116087 1 0.0000
1081 583429.605418 4506892.354812 1 0.0000
1082 589582.468012 4518064.667861 1 0.0000
1083 586863.626814 4512453.439179 1 0.0000
1084 591688.623207 4525022.313153 1 0.0000
1085 599574.824150 4518807.880266 1 0.0000
1086 596433.018575 4518830.266358 1 0.0000
1087 587770.801651 4513229.562061 1 0.0000
1088 589094.841051 4493080.167296 1 0.0000
1089 589074.651041 4501430.051965 1 0.0000
1090 603021.171771 4515301.186333 1 0.0000
1091 586925.418982 4505367.373045 1 0.0000
1092 585146.532443 4510549.739250 1 0.0000
1093 590730.223244 4521926.543590 1 0.0000
1094 584652.542594 4511728.893321 1 0.0000
1095 586042.217065 4512574.808207 1 0.0000
1096 586117.464607 4512710.356362 1 0.0000
1097 575939.364114 4495713.120259 1 0.0000
1098 585452.268240 4512387.077578 1 0.0000
1099 595004.397450 4512547.084804 1 0.0000
1100 587671.330583 4514283.710481 1 0.0000
1101 587949.065308 4519216.817535 1 0.0000
1102 585915.544398 4512513.029254 1 0.0000
1103 592078.813640 4519376.676372 1 0.0000
1104 590626.222401 4518167.685761 1 0.0000
1105 585551.566982 4502701.533753 1 0.0000
1106 599003.396280 4521189.915512 1 0.0000
1107 586051.682024 4513883.423581 1 0.0000
1108 585252.586730 4512260.777144 1 0.0000
1109 588330.237860 4492628.115361 1 0.0000
1110 606880.743227 4513186.327521 1 0.0000
1111 583337.115704 4499192.737368 1 0.0000
1112 583543.922526 4509162.954058 1 0.0000
1113 586504.437073 4512633.097876 1 0.0000
1114 592462.449548 4519539.208961 1 0.0000
1115 586957.046066 4499156.487793 1 0.0000
1116 583916.006910 4507797.140578 1 0.0000
1117 589239.985737 4503880.423472 1 0.0000
1118 576344.797729 4493688.919711 1 0.0000
1119 594696.352193 4502659.544417 1 0.0000
1120 589379.980350 4503467.585349 1 0.0000
1121 591649.462129 4505355.905080 1 0.0000
1122 585339.791894 4505807.333272 1 0.0000
1123 585918.374865 4512344.850972 1 0.0000
1124 583548.983151 4507059.484905 1 0.0000
1125 597954.490128 4504944.902803 1 0.0000
1126 586396.035345 4512679.401326 1 0.0000
1127 593523.935770 4518969.880364 1 0.0000
1128 593970.319662 4518867.703523 1 0.0000
1129 583534.881238 4506745.762219 1 0.0000
1130 594289.354147 4506240.094929 1 0.0000
1131 583796.423860 4508664.859366 1 0.0000
1132 597686.492659 4501443.809549 1 0.0000
1133 584749.795936 4512767.905414 1 0.0000
1134 587069.533877 4512835.783795 1 0.0000
1135 587929.611331 4513974.304895 1 0.0000
1136 586667.168866 4512418.594863 1 0.0000
1137 591470.375114 4514100.587774 1 0.0000
1138 576112.623250 4492159.039139 1 0.0000
1139 591930.634011 4502523.585640 1 0.0000
1140 584848.356718 4509814.081436 1 0.0000
1141 586621.464117 4512337.929619 1 0.0000
1142 570927.841525 4495646.366111 1 0.0000
1143 604619.999682 4512209.496403 1 0.0000
1144 583382.720455 4507397.057293 1 0.0000
1145 583573.326731 4506928.730493 1 0.0000
1146 586536.128200 4512178.498472 1 0.0000
1147 586536.128200 4512178.498472 1 0.0000
1148 585060.946664 4513969.034574 1 0.0000
1149 591917.337066 4506613.530014 1 0.0000
1150 594200.106767 4522766.377121 1 0.0000
1151 583842.532146 4509084.687630 1 0.0000
1152 604675.391434 4495312.612906 1 0.0000
1153 595006.786208 4508268.030433 1 0.0000
1154 595846.852248 4502084.485059 1 0.0000
1155 589197.401643 4520832.732827 1 0.0000
1156 586726.735259 4512860.522007 1 0.0000
1157 593589.084467 4523889.975702 1 0.0000
1158 588053.997825 4518245.920757 1 0.0000
1159 588369.460684 4495346.705211 1 0.0000
1160 593299.198028 4513849.601809 1 0.0000
1161 585379.551739 4514729.917746 1 0.0000
1162 585805.705753 4513327.232303 1 0.0000
1163 602420.881830 4503132.800038 1 0.0000
1164 584544.679309 4510069.640797 1 0.0000
1165 598674.301326 4524232.645992 1 0.0000
1166 588340.754251 4513755.013913 1 0.0000
1167 587712.095476 4503584.219863 1 0.0000
1168 584112.799651 4507374.287524 1 0.0000
1169 600599.120293 4506649.189469 1 0.0000
1170 593531.149229 4518230.369368 1 0.0000
1171 600443.060348 4502254.328453 1 0.0000
1172 590577.952816 4505443.058833 1 0.0000
1173 585796.149103 4512695.115269 1 0.0000
1174 606598.664486 4508809.439867 1 0.0000
1175 586935.904558 4500346.202009 1 0.0000
1176 590621.692524 4501248.040841 1 0.0000
1177 586703.867614 4512487.272235 1 0.0000
1178 590353.789196 4521079.658323 1 0.0000
1179 569369.246301 4495028.650346 1 0.0000
1180 586273.310320 4510933.733151 1 0.0000
1181 570931.349039 4492819.873504 1 0.0000
1182 592224.039536 4503519.732577 1 0.0000
1183 596355.818350 4509341.724065 1 0.0000
1184 586071.732264 4510866.835251 1 0.0000
1185 587763.391326 4518957.811171 1 0.0000
1186 585670.347349 4505385.392079 1 0.0000
1187 585665.768831 4510364.284369 1 0.0000
1188 591882.057718 4503043.816640 1 0.0000
1189 591836.074457 4519151.146504 1 0.0000
1190 594853.594426 4510803.809216 1 0.0000
1191 587215.872241 4514006.395618 1 0.0000
1192 606904.480220 4510483.824095 1 0.0000
1193 590608.143686 4506083.945329 1 0.0000
1194 587548.405673 4517688.589937 1 0.0000
1195 583776.620239 4506844.807866 1 0.0000
1196 585796.149103 4512695.115269 1 0.0000
1197 588310.678204 4508931.401124 1 0.0000
1198 587934.034756 4513051.326638 1 0.0000
1199 586367.605230 4516510.138617 1 0.0000
1200 585911.242565 4511767.307909 1 0.0000
1201 599320.322528 4510035.515375 1 0.0000
1202 587114.304190 4513854.091720 1 0.0000
1203 566812.574406 4485850.304924 1 0.0000
1204 585575.601693 4512287.312480 1 0.0000
1205 583500.777559 4507037.910519 1 0.0000
1206 585577.923078 4501509.441572 1 0.0000
1207 586743.191936 4512887.220323 1 0.0000
1208 585730.148900 4512149.202638 1 0.0000
1209 598930.184569 4514806.623687 1 0.0000
1210 569289.347758 4488523.342034 1 0.0000
1211 586329.649519 4512728.924898 1 0.0000
1212 592364.152324 4501621.940918 1 0.0000
1213 586089.534570 4512005.809684 1 0.0000
1214 586537.993164 4511854.287762 1 0.0000
1215 585474.696490 4511755.934607 1 0.0000
1216 586317.697716 4514472.755381 1 0.0000
1217 585791.186433 4513665.315263 1 0.0000
1218 595021.131221 4506551.627560 1 0.0000
1219 592211.071991 4507472.863355 1 0.0000
1220 590095.667431 4505032.281775 1 0.0000
1221 586036.763200 4511582.549087 1 0.0000
1222 593022.756340 4519708.328254 1 0.0000
1223 589269.599097 4521716.063290 1 0.0000
1224 591058.670889 4518645.868334 1 0.0000
1225 587672.431273 4497208.583422 1 0.0000
1226 585796.149103 4512695.115269 1 0.0000
1227 588634.305378 4516393.369917 1 0.0000
1228 583463.163331 4496038.764552 1 0.0000
1229 593589.084467 4523889.975702 1 0.0000
1230 598828.976900 4523031.435577 1 0.0000
1231 592592.387787 4525563.177530 1 0.0000
1232 586932.295255 4512257.061686 1 0.0000
1233 600630.966673 4506233.584575 1 0.0000
1234 586053.094276 4513171.287561 1 0.0000
1235 587501.600095 4514390.259786 1 0.0000
1236 577684.561474 4499725.399568 1 0.0000
1237 586081.011303 4512646.861818 1 0.0000
1238 603724.879616 4513904.339691 1 0.0000
1239 591086.591380 4499783.616532 1 0.0000
1240 586271.449398 4502583.870333 1 0.0000
1241 592854.063848 4519750.285385 1 0.0000
1242 585918.128698 4509236.617183 1 0.0000
1243 586102.163835 4511699.700200 1 0.0000
1244 592854.978985 4519402.897997 1 0.0000
1245 592572.073023 4501586.821979 1 0.0000
1246 591948.676534 4496697.672624 1 0.0000
1247 586775.309233 4498443.192706 1 0.0000
1248 585394.160975 4512779.820133 1 0.0000
1249 586364.662886 4500228.483423 1 0.0000
1250 601324.710956 4507854.450728 1 0.0000
1251 585050.453257 4509995.868171 1 0.0000
1252 587836.961663 4502572.419986 1 0.0000
1253 585400.665661 4510871.684594 1 0.0000
1254 587057.055510 4512486.725477 1 0.0000
1255 589624.799167 4516757.542868 1 0.0000
1256 586486.000634 4496415.922844 1 0.0000
1257 588951.848551 4495985.624751 1 0.0000
1258 584089.404461 4512210.345486 1 0.0000
1259 591177.976811 4520181.869151 1 0.0000
1260 584979.335865 4495379.506099 1 0.0000
1261 586714.191446 4494381.128876 1 0.0000
1262 590926.537207 4518822.325858 1 0.0000
1263 586440.890515 4496685.091452 1 0.0000
1264 578021.898181 4499751.176646 1 0.0000
1265 586473.311976 4511406.513865 1 0.0000
1266 583825.020345 4508909.880365 1 0.0000
1267 592427.815909 4522467.927804 1 0.0000
1268 591594.194927 4522429.464071 1 0.0000
1269 590357.241357 4520323.044781 1 0.0000
1270 596135.739327 4511515.638988 1 0.0000
1271 585647.089918 4497274.551050 1 0.0000
1272 601112.766728 4506420.380299 1 0.0000
1273 586621.464117 4512337.929619 1 0.0000
1274 589761.578636 4510583.713550 1 0.0000
1275 595585.247714 4525933.478101 1 0.0000
1276 584930.486856 4499463.468862 1 0.0000
1277 585644.180206 4512633.656357 1 0.0000
1278 595217.333954 4504921.097761 1 0.0000
1279 590062.938903 4511976.720450 1 0.0000
1280 593662.321476 4499850.362073 1 0.0000
1281 584728.421719 4509481.781499 1 0.0000
1282 604777.390897 4494406.262420 1 0.0000
1283 593412.908727 4526348.711631 1 0.0000
1284 585668.702589 4508233.659406 1 0.0000
1285 583535.090472 4506968.213988 1 0.0000
1286 592533.976346 4523953.201410 1 0.0000
1287 588798.754763 4506262.956071 1 0.0000
1288 587974.189522 4510944.270020 1 0.0000
1289 591247.652805 4506817.698715 1 0.0000
1290 586293.658905 4515138.011088 1 0.0000
1291 569243.089834 4488357.358276 1 0.0000
1292 584677.253415 4511619.472913 1 0.0000
1293 574882.824246 4491163.877255 1 0.0000
1294 585694.598964 4505289.374579 1 0.0000
1295 584586.020611 4511843.931397 1 0.0000
1296 585479.529926 4509887.091892 1 0.0000
1297 595959.088409 4509472.511445 1 0.0000
1298 575527.439359 4491339.101724 1 0.0000
1299 586100.181674 4514039.693500 1 0.0000
1300 586563.915793 4512226.962546 1 0.0000
1301 583417.926918 4506205.065408 1 0.0000
1302 583603.432945 4508218.674768 1 0.0000
1303 585182.373444 4513715.665552 1 0.0000
1304 601360.854044 4507087.834248 1 0.0000
1305 600082.664240 4510018.591495 1 0.0000
1306 585644.180206 4512633.656357 1 0.0000
1307 586885.140936 4513480.318884 1 0.0000
1308 586443.590272 4512009.233297 1 0.0000
1309 597489.272623 4528039.943459 1 0.0000
1310 604517.053424 4496027.254115 1 0.0000
1311 591962.289639 4512488.973444 1 0.0000
1312 592574.435431 4502585.450800 1 0.0000
1313 586482.441985 4513012.235484 1 0.0000
1314 585499.693557 4511086.427152 1 0.0000
1315 591821.643701 4505730.245037 1 0.0000
1316 585044.425901 4496114.323736 1 0.0000
1317 585974.849426 4506101.309974 1 0.0000
1318 568954.565592 4486209.219164 1 0.0000
1319 600944.253882 4506526.951380 1 0.0000
1320 593154.769142 4505656.426728 1 0.0000
1321 594734.580447 4501387.113944 1 0.0000
1322 594277.100955 4521680.565268 1 0.0000
1323 605638.463926 4504220.088451 1 0.0000
1324 588194.195585 4513833.792044 1 0.0000
1325 585796.149103 4512695.115269 1 0.0000
1326 583868.283941 4506582.262857 1 0.0000
1327 590028.832735 4510931.103427 1 0.0000
1328 597879.670817 4521897.805102 1 0.0000
1329 584877.096547 4511785.083884 1 0.0000
1330 595156.920116 4514178.395576 1 0.0000
1331 594065.825707 4503574.192586 1 0.0000
1332 585866.313036 4511591.881505 1 0.0000
1333 584303.933400 4496303.370410 1 0.0000
1334 595234.473398 4513242.673618 1 0.0000
1335 588393.072636 4518708.105006 1 0.0000
1336 583661.631815 4506854.163992 1 0.0000
1337 585796.149103 4512695.115269 1 0.0000
1338 577917.753979 4498539.642890 1 0.0000
1339 585431.414780 4513949.488293 1 0.0000
1340 584583.441815 4511134.191474 1 0.0000
1341 586463.133926 4511711.431473 1 0.0000
1342 591608.181486 4498612.680758 1 0.0000
1343 605587.799202 4495176.072195 1 0.0000
1344 587141.781828 4507214.354534 1 0.0000
1345 586202.770403 4511561.890121 1 0.0000
1346 578684.243793 4494508.996856 1 0.0000
1347 586448.112299 4499347.860634 1 0.0000
1348 592458.157065 4521972.164019 1 0.0000
1349 588923.547973 4499281.529469 1 0.0000
1350 589398.590642 4501428.858510 1 0.0000
1351 603388.063223 4510912.212215 1 0.0000
1352 585891.055791 4514073.572007 1 0.0000
1353 594073.750292 4507753.994215 1 0.0000
1354 591007.664923 4506430.398146 1 0.0000
1355 588255.766379 4518322.880567 1 0.0000
1356 593268.382309 4503168.670707 1 0.0000
1357 593431.888373 4511911.785838 1 0.0000
1358 594312.268660 4503125.990392 1 0.0000
1359 586487.562818 4511760.466588 1 0.0000
1360 584089.404461 4512210.345486 1 0.0000
1361 585874.477902 4502844.162444 1 0.0000
1362 577793.634412 4499137.616071 1 0.0000
1363 592789.448246 4522262.091817 1 0.0000
1364 585499.493303 4511879.632905 1 0.0000
1365 585567.368485 4510602.679647 1 0.0000
1366 585757.696850 4503359.344871 1 0.0000
1367 591208.525238 4522338.517799 1 0.0000
1368 598041.354791 4492595.969181 1 0.0000
1369 586396.035345 4512679.401326 1 0.0000
1370 582585.489749 4496179.322921 1 0.0000
1371 596830.637681 4524525.482909 1 0.0000
1372 592170.929075 4507251.476492 1 0.0000
1373 601592.532561 4507617.056617 1 0.0000
1374 591288.706662 4501385.436243 1 0.0000
1375 588395.039019 4516932.454796 1 0.0000
1376 592681.658592 4521453.312498 1 0.0000
1377 589918.394182 4505239.614798 1 0.0000
1378 589814.161201 4517762.272135 1 0.0000
1379 584954.417655 4492019.352321 1 0.0000
1380 585444.571144 4501874.205436 1 0.0000
1381 595469.173688 4512221.130680 1 0.0000
1382 584265.037512 4507759.976285 1 0.0000
1383 607033.947478 4509791.396444 1 0.0000
1384 593827.012711 4503592.503182 1 0.0000
1385 588797.629507 4513079.145496 1 0.0000
1386 585860.473094 4512238.145472 1 0.0000
1387 584098.941293 4501013.594583 1 0.0000
1388 585917.788446 4510229.721870 1 0.0000
1389 597392.259916 4504301.005840 1 0.0000
1390 588451.197197 4506250.773166 1 0.0000
1391 588301.006601 4507050.501485 1 0.0000
1392 584879.880309 4511781.458718 1 0.0000
1393 585149.774396 4511495.651285 1 0.0000
1394 588325.964545 4502660.257466 1 0.0000
1395 596741.980431 4521399.073708 1 0.0000
1396 596869.181547 4522696.881653 1 0.0000
1397 583351.498188 4506552.916038 1 0.0000
1398 589620.853958 4504607.573660 1 0.0000
1399 589155.519163 4521779.059945 1 0.0000
1400 592044.524303 4528786.511038 1 0.0000
1401 585885.290164 4512279.871151 1 0.0000
1402 586959.767490 4513215.749016 1 0.0000
1403 582949.150749 4499492.136066 1 0.0000
1404 587699.740186 4514571.699924 1 0.0000
1405 590661.655348 4510458.662827 1 0.0000
1406 589602.542888 4501930.322642 1 0.0000
1407 590502.318379 4496386.272779 1 0.0000
1408 586396.192630 4502788.541199 1 0.0000
1409 587501.600095 4514390.259786 1 0.0000
1410 583669.860549 4509235.693966 1 0.0000
1411 585427.306249 4505213.197775 1 0.0000
1412 583918.077513 4509194.030846 1 0.0000
1413 600655.143388 4501482.051053 1 0.0000
1414 586831.653126 4515312.355357 1 0.0000
1415 590070.919538 4513309.098353 1 0.0000
1416 589779.061617 4505406.545356 1 0.0000
1417 593942.717537 4512117.508308 1 0.0000
1418 596157.992455 4522664.082079 1 0.0000
1419 583544.723041 4506657.502999 1 0.0000
1420 586329.649519 4512728.924898 1 0.0000
1421 591099.703103 4518174.304043 1 0.0000
1422 586536.128200 4512178.498472 1 0.0000
1423 596785.109264 4509670.237388 1 0.0000
1424 599440.627421 4511621.216148 1 0.0000
1425 593589.084467 4523889.975702 1 0.0000
1426 587410.769120 4503312.022595 1 0.0000
1427 598870.971812 4501757.317251 1 0.0000
1428 582618.164113 4499845.507225 1 0.0000
1429 594271.273760 4523125.864328 1 0.0000
1430 595125.805814 4501337.926135 1 0.0000
1431 593650.947813 4519670.087528 1 0.0000
1432 585269.918398 4512397.798052 1 0.0000
1433 596252.566175 4522147.411408 1 0.0000
1434 595739.081935 4526979.268189 1 0.0000
1435 577797.946540 4494068.660279 1 0.0000
1436 584025.423346 4507982.745897 1 0.0000
1437 589230.542921 4507094.296206 1 0.0000
1438 592379.249558 4501151.609212 1 0.0000
1439 594629.211577 4520546.391062 1 0.0000
1440 594968.893211 4509964.359146 1 0.0000
1441 586081.011303 4512646.861818 1 0.0000
1442 587177.091835 4512542.639577 1 0.0000
1443 585914.375327 4512909.772101 1 0.0000
1444 600826.104495 4506974.791851 1 0.0000
1445 592366.412741 4520852.129805 1 0.0000
1446 592854.063848 4519750.285385 1 0.0000
1447 589515.826512 4509097.182026 1 0.0000
1448 588796.373422 4508185.771937 1 0.0000
1449 587490.680460 4517085.478774 1 0.0000
1450 593881.494595 4501506.930826 1 0.0000
1451 585008.067291 4511228.923935 1 0.0000
1452 585796.149103 4512695.115269 1 0.0000
1453 586494.539867 4508070.890716 1 0.0000
1454 585342.382090 4513258.872716 1 0.0000
1455 590638.566472 4494477.487857 1 0.0000
1456 593161.116487 4523019.335730 1 0.0000
1457 586524.663100 4511499.736057 1 0.0000
1458 586019.219130 4514084.784564 1 0.0000
1459 582585.489749 4496179.322921 1 0.0000
1460 586936.274731 4505725.551377 1 0.0000
1461 573929.542636 4498410.169468 1 0.0000
1462 603228.593433 4511616.482484 1 0.0000
1463 577793.634412 4499137.616071 1 0.0000
1464 590760.043226 4502186.045817 1 0.0000
1465 599037.462559 4512183.134764 1 0.0000
1466 585044.919178 4507779.217047 1 0.0000
1467 585838.698075 4507568.241147 1 0.0000
1468 585796.149103 4512695.115269 1 0.0000
1469 586007.759590 4511079.111821 1 0.0000
1470 592713.088056 4525267.438404 1 0.0000
1471 589812.621723 4510998.424817 1 0.0000
1472 584620.852185 4492305.356200 1 0.0000
1473 584516.606930 4497029.504584 1 0.0000
1474 593780.062941 4526273.368020 1 0.0000
1475 572805.103934 4493484.130118 1 0.0000
1476 588967.100561 4504322.528312 1 0.0000
1477 590756.359322 4513915.707064 1 0.0000
1478 592270.216448 4519240.509354 1 0.0000
1479 592486.504616 4521384.044703 1 0.0000
1480 601665.534992 4505430.780250 1 0.0000
1481 586117.464607 4512710.356362 1 0.0000
1482 593589.084467 4523889.975702 1 0.0000
1483 583551.851697 4506673.734510 1 0.0000
1484 589398.590642 4501428.858510 1 0.0000
1485 573322.323580 4498777.757482 1 0.0000
1486 586250.777754 4512216.081110 1 0.0000
1487 584089.404461 4512210.345486 1 0.0000
1488 588547.369526 4498570.288269 1 0.0000
1489 588307.938453 4518798.248595 1 0.0000
1490 586622.562354 4512990.368516 1 0.0000
1491 596537.271938 4512247.920398 1 0.0000
1492 584954.417655 4492019.352321 1 0.0000
1493 600701.609103 4510445.259484 1 0.0000
1494 590560.378828 4512153.645557 1 0.0000
1495 593717.317066 4491031.218206 1 0.0000
1496 585014.952497 4511614.178746 1 0.0000
1497 587191.208023 4513630.381666 1 0.0000
1498 593180.518345 4512497.364303 1 0.0000
1499 583877.676665 4506479.981467 1 0.0000
1500 590932.263504 4518079.755237 1 0.0000
1501 584481.956996 4510011.638083 1 0.0000
1502 577496.243403 4500073.685311 1 0.0000
1503 587748.446842 4514335.479609 1 0.0000
1504 597242.924217 4521055.862302 1 0.0000
1505 590498.507781 4495433.653417 1 0.0000
1506 587899.008885 4519063.575730 1 0.0000
1507 592663.820821 4521814.829801 1 0.0000
1508 605015.108905 4512007.682471 1 0.0000
1509 598275.142096 4525269.385726 1 0.0000
1510 586071.031331 4514057.340214 1 0.0000
1511 583385.488561 4506190.374819 1 0.0000
1512 602176.040091 4505505.147856 1 0.0000
1513 585964.191848 4501171.931728 1 0.0000
1514 593751.666886 4522808.188669 1 0.0000
1515 570690.953322 4495844.783095 1 0.0000
1516 591053.280012 4521095.257840 1 0.0000
1517 583564.339206 4506700.997412 1 0.0000
1518 586595.510304 4511861.037234 1 0.0000
1519 586667.168866 4512418.594863 1 0.0000
1520 594693.787699 4510011.813861 1 0.0000
1521 595250.098200 4509836.219327 1 0.0000
1522 584252.626078 4507538.604047 1 0.0000
1523 585441.199084 4514347.576871 1 0.0000
1524 591441.547732 4520344.252282 1 0.0000
1525 595544.782144 4503378.604692 1 0.0000
1526 586329.649519 4512728.924898 1 0.0000
1527 596189.764107 4520974.369142 1 0.0000
1528 585978.704690 4511141.859658 1 0.0000
1529 571056.065307 4495866.001771 1 0.0000
1530 589688.454078 4521462.429687 1 0.0000
1531 589946.885051 4504744.143552 1 0.0000
1532 586089.534570 4512005.809684 1 0.0000
1533 583424.634627 4507141.564176 1 0.0000
1534 589450.029512 4504998.121533 1 0.0000
1535 578026.796927 4498624.072809 1 0.0000
1536 591818.942553 4519878.352441 1 0.0000
1537 585791.186433 4513665.315263 1 0.0000
1538 586293.658905 4515138.011088 1 0.0000
1539 585295.347292 4505107.175469 1 0.0000
1540 571819.680398 4498811.848302 1 0.0000
1541 592955.000562 4520171.667215 1 0.0000
1542 583417.926918 4506205.065408 1 0.0000
1543 586167.467596 4493660.953704 1 0.0000
1544 589847.232328 4523036.666515 1 0.0000
1545 589922.551765 4503989.966493 1 0.0000
1546 596346.824547 4505470.880894 1 0.0000
1547 591261.910823 4520303.806055 1 0.0000
1548 586667.168866 4512418.594863 1 0.0000
1549 592053.961136 4518776.979873 1 0.0000
1550 589496.277484 4517285.397942 1 0.0000
1551 598160.318016 4504048.578059 1 0.0000
1552 599776.430287 4509426.963099 1 0.0000
1553 585866.313036 4511591.881505 1 0.0000
1554 586832.703774 4514889.432464 1 0.0000
1555 588412.269415 4500697.880076 1 0.0000
1556 596848.412546 4507748.992173 1 0.0000
1557 585796.149103 4512695.115269 1 0.0000
1558 586035.500002 4512255.071085 1 0.0000
1559 607091.416700 4508516.089686 1 0.0000
1560 591232.176251 4524938.173989 1 0.0000
1561 589506.219568 4504505.403659 1 0.0000
1562 588770.567524 4497270.728874 1 0.0000
1563 583962.888996 4500597.621900 1 0.0000
1564 597371.452746 4522878.447611 1 0.0000
1565 584480.366838 4501262.625947 1 0.0000
1566 590114.737522 4522533.861871 1 0.0000
1567 586221.284373 4512905.651709 1 0.0000
1568 588381.401318 4496978.341815 1 0.0000
1569 586042.217065 4512574.808207 1 0.0000
1570 591224.222845 4512837.103797 1 0.0000
1571 585918.374865 4512344.850972 1 0.0000
1572 583551.845270 4506486.938196 1 0.0000
1573 585263.018760 4504225.843543 1 0.0000
1574 589933.950818 4501969.133439 1 0.0000
1575 575939.364114 4495713.120259 1 0.0000
1576 592226.626011 4526130.379903 1 0.0000
1577 592610.976966 4505937.604141 1 0.0000
1578 607317.932316 4504619.175538 1 0.0000
1579 596379.886815 4511725.029745 1 0.0000
1580 587949.065308 4519216.817535 1 0.0000
1581 586263.537539 4498106.750270 1 0.0000
1582 586536.128200 4512178.498472 1 0.0000
1583 586329.649519 4512728.924898 1 0.0000
1584 593806.588648 4501662.711809 1 0.0000
1585 584825.353705 4511004.086053 1 0.0000
1586 588078.304558 4512986.235039 1 0.0000
1587 592244.836545 4504692.268544 1 0.0000
1588 591815.612795 4521612.558198 1 0.0000
1589 587364.041263 4518303.263040 1 0.0000
1590 585050.453257 4509995.868171 1 0.0000
1591 601208.666682 4507152.232666 1 0.0000
1592 583868.283941 4506582.262857 1 0.0000
1593 584620.852185 4492305.356200 1 0.0000
1594 589977.979729 4523061.928631 1 0.0000
1595 587860.494129 4514103.027596 1 0.0000
1596 585748.960330 4499009.286486 1 0.0000
1597 600307.409912 4507245.595306 1 0.0000
1598 586499.546255 4511778.582147 1 0.0000
1599 597371.452746 4522878.447611 1 0.0000
1600 586688.249289 4492103.331068 1 0.0000
1601 606714.730323 4507526.269660 1 0.0000
1602 587491.427101 4497261.986957 1 0.0000
1603 606398.060309 4514120.664300 1 0.0000
1604 586720.767534 4514988.381715 1 0.0000
1605 590535.643209 4518895.574359 1 0.0000
1606 590530.476452 4501391.140683 1 0.0000
1607 585323.024785 4492001.902204 1 0.0000
1608 601265.174177 4507730.354070 1 0.0000
1609 584601.946451 4508466.208182 1 0.0000
1610 586155.744753 4503781.348400 1 0.0000
1611 600756.414347 4509110.213187 1 0.0000
1612 583508.886192 4496895.554569 1 0.0000
1613 595069.689449 4512085.240548 1 0.0000
1614 583345.314257 4506560.767880 1 0.0000
1615 572115.766749 4498043.980788 1 0.0000
1616 583573.326731 4506928.730493 1 0.0000
1617 570880.278517 4495809.457698 1 0.0000
1618 588479.899014 4510448.444170 1 0.0000
1619 593329.854972 4499743.586700 1 0.0000
1620 592318.262913 4521172.771222 1 0.0000
1621 588839.561648 4517367.195467 1 0.0000
1622 587421.413435 4513057.065827 1 0.0000
1623 586021.515328 4506097.574163 1 0.0000
1624 593946.234931 4509372.810640 1 0.0000
1625 590391.555949 4522950.545899 1 0.0000
1626 585785.620749 4513832.853762 1 0.0000
1627 585496.126183 4512816.939984 1 0.0000
1628 596457.094864 4519658.512982 1 0.0000
1629 585562.305299 4512839.024988 1 0.0000
1630 593589.084467 4523889.975702 1 0.0000
1631 594200.106767 4522766.377121 1 0.0000
1632 588456.808565 4513598.790386 1 0.0000
1633 591230.675874 4524776.038495 1 0.0000
1634 584283.151162 4504187.573488 1 0.0000
1635 583417.926918 4506205.065408 1 0.0000
1636 592714.916658 4499769.815750 1 0.0000
1637 599630.564163 4507354.918329 1 0.0000
1638 585758.243764 4512785.796760 1 0.0000
1639 590285.940598 4520375.864025 1 0.0000
1640 589700.117179 4522496.523322 1 0.0000
1641 585458.184601 4508791.351963 1 0.0000
1642 592344.504315 4500347.641905 1 0.0000
1643 601936.205713 4494445.059526 1 0.0000
1644 598865.031061 4492892.668989 1 0.0000
1645 589652.769889 4502765.849199 1 0.0000
1646 581191.707225 4497893.690826 1 0.0000
1647 588489.768052 4515626.541538 1 0.0000
1648 586811.830215 4515233.509442 1 0.0000
1649 568434.190638 4486685.661805 1 0.0000
1650 587634.480254 4518290.807123 1 0.0000
1651 570815.137639 4487656.714209 1 0.0000
1652 599003.396280 4521189.915512 1 0.0000
1653 590070.919538 4513309.098353 1 0.0000
1654 586646.736375 4512660.621769 1 0.0000
1655 598675.893801 4524920.766588 1 0.0000
1656 584034.340053 4508510.938798 1 0.0000
1657 586530.371014 4512496.569843 1 0.0000
1658 592210.088996 4505282.441938 1 0.0000
1659 585915.544398 4512513.029254 1 0.0000
1660 595957.506544 4524904.056562 1 0.0000
1661 577897.549911 4499512.080238 1 0.0000
1662 589775.078359 4511003.786421 1 0.0000
1663 585665.768831 4510364.284369 1 0.0000
1664 578157.221238 4499266.687005 1 0.0000
1665 586721.467082 4516022.949022 1 0.0000
1666 591824.941847 4519753.175016 1 0.0000
1667 585479.529926 4509887.091892 1 0.0000
1668 586155.744753 4503781.348400 1 0.0000
1669 588974.230480 4518010.497699 1 0.0000
1670 588118.908249 4507681.655947 1 0.0000
1671 585984.710009 4512914.840549 1 0.0000
1672 590568.918716 4521481.314488 1 0.0000
1673 588784.442628 4518406.008557 1 0.0000
1674 585295.631308 4505109.007245 1 0.0000
1675 596747.237945 4510587.975621 1 0.0000
1676 583843.781731 4509081.959542 1 0.0000
1677 586001.122530 4508156.691646 1 0.0000
1678 586239.371136 4511826.507131 1 0.0000
1679 583426.269546 4498614.472007 1 0.0000
1680 598275.737908 4502553.336882 1 0.0000
1681 586170.375660 4504129.208049 1 0.0000
1682 596331.825352 4520996.406444 1 0.0000
1683 602739.954990 4504633.909042 1 0.0000
1684 572327.234754 4488719.365792 1 0.0000
1685 602406.936392 4522135.036709 1 0.0000
1686 588157.487892 4517267.693643 1 0.0000
1687 587156.628784 4516797.355088 1 0.0000
1688 590122.816522 4523854.976278 1 0.0000
1689 586536.141634 4512631.936129 1 0.0000
1690 586053.094276 4513171.287561 1 0.0000
1691 588965.106910 4518756.986866 1 0.0000
1692 586664.339944 4513067.941536 1 0.0000
1693 592603.391078 4513082.582682 1 0.0000
1694 606714.730323 4507526.269660 1 0.0000
1695 584984.274739 4513183.180419 1 0.0000
1696 587397.589518 4504041.999899 1 0.0000
1697 588157.896540 4514532.126816 1 0.0000
1698 586089.534570 4512005.809684 1 0.0000
1699 589438.192378 4512703.092183 1 0.0000
1700 591008.126656 4523075.820300 1 0.0000
1701 589299.037653 4521699.944129 1 0.0000
1702 588752.480109 4515757.219183 1 0.0000
1703 593678.495830 4500197.024475 1 0.0000
1704 583417.926918 4506205.065408 1 0.0000
1705 596025.831891 4521079.766083 1 0.0000
1706 586537.993164 4511854.287762 1 0.0000
1707 586239.371136 4511826.507131 1 0.0000
1708 593696.905746 4523814.717326 1 0.0000
1709 592043.591891 4520300.533693 1 0.0000
1710 585233.756562 4505056.804073 1 0.0000
1711 590615.369941 4520080.983556 1 0.0000
1712 585562.305299 4512839.024988 1 0.0000
1713 593589.084467 4523889.975702 1 0.0000
1714 585341.242646 4511272.943725 1 0.0000
1715 588015.447607 4513555.059778 1 0.0000
1716 583731.412669 4506827.532376 1 0.0000
1717 588626.724950 4515401.077652 1 0.0000
1718 585562.305299 4512839.024988 1 0.0000
1719 597558.406338 4515568.992643 1 0.0000
1720 595439.696940 4528164.632505 1 0.0000
1721 591990.979943 4505711.754582 1 0.0000
1722 586198.519719 4511881.502924 1 0.0000
1723 585819.889551 4494214.649797 1 0.0000
1724 597480.708418 4509358.790004 1 0.0000
1725 587113.121818 4517192.094648 1 0.0000
1726 591347.253507 4523399.967649 1 0.0000
1727 577684.561474 4499725.399568 1 0.0000
1728 585474.696490 4511755.934607 1 0.0000
1729 596099.751022 4523975.619972 1 0.0000
1730 597466.220459 4514994.122181 1 0.0000
1731 583143.916287 4507200.837535 1 0.0000
1732 605042.351738 4506476.625192 1 0.0000
1733 586231.599682 4510154.676948 1 0.0000
1734 587807.938936 4513767.834955 1 0.0000
1735 592800.583843 4524890.565238 1 0.0000
1736 601278.218462 4504384.480277 1 0.0000
1737 586126.712044 4498723.787339 1 0.0000
1738 565141.190520 4484729.482193 1 0.0000
1739 585014.952497 4511614.178746 1 0.0000
1740 584804.943651 4508221.081532 1 0.0000
1741 585639.927342 4509770.379693 1 0.0000
1742 585376.149369 4511418.696917 1 0.0000
1743 596797.125995 4525912.576306 1 0.0000
1744 592248.259090 4525223.428736 1 0.0000
1745 599081.345068 4524400.631757 1 0.0000
1746 601592.532561 4507617.056617 1 0.0000
1747 596832.244516 4510241.239012 1 0.0000
1748 605800.360748 4495914.728117 1 0.0000
1749 593438.529323 4525759.642884 1 0.0000
1750 583143.916287 4507200.837535 1 0.0000
1751 591815.612795 4521612.558198 1 0.0000
1752 586178.508049 4499850.335662 1 0.0000
1753 584265.037512 4507759.976285 1 0.0000
1754 586851.983312 4512432.280480 1 0.0000
1755 591777.107958 4522877.073409 1 0.0000
1756 593252.524848 4498825.165892 1 0.0000
1757 588400.288503 4508421.084855 1 0.0000
1758 590219.749083 4504705.803839 1 0.0000
1759 599776.430287 4509426.963099 1 0.0000
1760 589494.006215 4515907.677190 1 0.0000
1761 584545.105357 4511048.735858 1 0.0000
1762 586206.656065 4512477.950256 1 0.0000
1763 586081.011303 4512646.861818 1 0.0000
1764 570320.103288 4489415.372111 1 0.0000
1765 585449.040985 4513472.484058 1 0.0000
1766 594895.510417 4500311.411007 1 0.0000
1767 587057.055510 4512486.725477 1 0.0000
1768 591836.107171 4505342.791615 1 0.0000
1769 587543.466880 4514700.647827 1 0.0000
1770 586563.915793 4512226.962546 1 0.0000
1771 590366.723517 4523684.366999 1 0.0000
1772 585200.657813 4512164.805060 1 0.0000
1773 592974.347903 4526192.553361 1 0.0000
1774 586946.178357 4504721.282406 1 0.0000
1775 586036.763200 4511582.549087 1 0.0000
1776 586392.840231 4511970.259677 1 0.0000
1777 586321.476126 4516226.214112 1 0.0000
1778 582887.775831 4499208.349327 1 0.0000
1779 585535.971909 4512154.913758 1 0.0000
1780 588979.680046 4509482.961063 1 0.0000
1781 585959.667267 4514149.622878 1 0.0000
1782 605547.337350 4513895.831220 1 0.0000
1783 584744.913679 4512768.459057 1 0.0000
1784 578167.927257 4494358.996795 1 0.0000
1785 591183.375145 4511179.504442 1 0.0000
1786 596337.527274 4515577.938297 1 0.0000
1787 585339.155246 4507870.938164 1 0.0000
1788 588890.878819 4506013.516704 1 0.0000
1789 586533.283005 4505550.623244 1 0.0000
1790 583417.926918 4506205.065408 1 0.0000
1791 586447.985773 4504718.052169 1 0.0000
1792 585947.237840 4511416.365555 1 0.0000
1793 571625.548817 4495681.118951 1 0.0000
1794 584089.404461 4512210.345486 1 0.0000
1795 593594.711550 4521981.781876 1 0.0000
1796 597250.960524 4505177.035935 1 0.0000
1797 575939.364114 4495713.120259 1 0.0000
1798 594895.510417 4500311.411007 1 0.0000
1799 597421.690500 4521653.665116 1 0.0000
1800 584130.771874 4507080.431811 1 0.0000
1801 601033.087523 4507129.819095 1 0.0000
1802 585976.866297 4511142.752039 1 0.0000
1803 585586.708466 4512409.025689 1 0.0000
1804 588157.487892 4517267.693643 1 0.0000
1805 571494.132791 4490141.745275 1 0.0000
1806 583719.077601 4509382.524062 1 0.0000
1807 588354.790376 4497148.076197 1 0.0000
1808 586170.375660 4504129.208049 1 0.0000
1809 585572.502156 4512184.888666 1 0.0000
1810 602448.295755 4500423.386296 1 0.0000
1811 596126.669124 4524180.406893 1 0.0000
1812 594106.576847 4524446.237374 1 0.0000
1813 598542.866942 4526429.541045 1 0.0000
1814 586863.626814 4512453.439179 1 0.0000
1815 585575.964050 4510142.333442 1 0.0000
1816 594950.687108 4503983.450239 1 0.0000
1817 585639.927342 4509770.379693 1 0.0000
1818 586536.128200 4512178.498472 1 0.0000
1819 586536.141634 4512631.936129 1 0.0000
1820 601703.482685 4515433.978420 1 0.0000
1821 588547.369526 4498570.288269 1 0.0000
1822 607434.213896 4511333.381288 1 0.0000
1823 586126.712044 4498723.787339 1 0.0000
1824 584219.721684 4509330.937281 1 0.0000
1825 586234.145346 4511616.489655 1 0.0000
1826 605634.817249 4495732.751725 1 0.0000
1827 584364.858934 4497779.838465 1 0.0000
1828 597506.036111 4523529.077213 1 0.0000
1829 587990.645241 4519071.325296 1 0.0000
1830 592918.053927 4519082.731814 1 0.0000
1831 585488.312894 4512459.709004 1 0.0000
1832 588449.364938 4519409.935386 1 0.0000
1833 593276.341223 4523950.704760 1 0.0000
1834 584089.404461 4512210.345486 1 0.0000
1835 603172.681277 4505251.046702 1 0.0000
1836 588224.696276 4506633.373208 1 0.0000
1837 593589.084467 4523889.975702 1 0.0000
1838 593424.951296 4519392.638756 1 0.0000
1839 584433.037068 4511898.258853 1 0.0000
1840 594442.103218 4519825.079925 1 0.0000
1841 589683.283016 4500725.126256 1 0.0000
1842 604517.053424 4496027.254115 1 0.0000
1843 585896.723334 4495686.422680 1 0.0000
1844 593997.970609 4525390.900953 1 0.0000
1845 588773.162245 4516108.200468 1 0.0000
1846 583455.218572 4506944.450525 1 0.0000
1847 596747.237945 4510587.975621 1 0.0000
1848 583260.766256 4506278.543426 1 0.0000
1849 589221.628627 4515502.022073 1 0.0000
1850 584822.768179 4496178.843993 1 0.0000
1851 599984.398963 4503437.589105 1 0.0000
1852 586333.213948 4514929.417200 1 0.0000
1853 590155.605404 4513231.442684 1 0.0000
1854 588920.612898 4505328.519315 1 0.0000
1855 585964.191848 4501171.931728 1 0.0000
1856 593867.916634 4510497.300036 1 0.0000
1857 585569.820389 4505221.828945 1 0.0000
1858 599630.564163 4507354.918329 1 0.0000
1859 584250.776889 4498487.023606 1 0.0000
1860 583332.490303 4506696.834676 1 0.0000
1861 583976.758692 4507573.248662 1 0.0000
1862 585713.821077 4511308.880139 1 0.0000
1863 590542.817509 4518293.198368 1 0.0000
1864 584925.787872 4510239.449002 1 0.0000
1865 585014.952497 4511614.178746 1 0.0000
1866 594260.030932 4519944.592110 1 0.0000
1867 589907.502712 4501829.571657 1 0.0000
1868 594362.731485 4503512.050003 1 0.0000
1869 587200.042000 4517693.454392 1 0.0000
1870 585915.544398 4512513.029254 1 0.0000
1871 572930.591923 4495069.773051 1 0.0000
1872 596949.205444 4492434.268033 1 0.0000
1873 595151.393023 4502813.730062 1 0.0000
1874 586206.656065 4512477.950256 1 0.0000
1875 594067.279417 4523056.798576 1 0.0000
1876 589922.551765 4503989.966493 1 0.0000
1877 594120.300776 4515869.292261 1 0.0000
1878 589602.232916 4504021.062656 1 0.0000
1879 590415.406094 4510835.554178 1 0.0000
1880 586275.994489 4499718.583646 1 0.0000
1881 592023.091400 4518651.381416 1 0.0000
1882 593032.639025 4513494.597170 1 0.0000
1883 605547.337350 4513895.831220 1 0.0000
1884 585796.149103 4512695.115269 1 0.0000
1885 588362.431144 4504357.094051 1 0.0000
1886 597480.708418 4509358.790004 1 0.0000
1887 583603.432945 4508218.674768 1 0.0000
1888 596135.739327 4511515.638988 1 0.0000
1889 605147.867478 4507086.697389 1 0.0000
1890 586473.311976 4511406.513865 1 0.0000
1891 588618.544771 4503138.961268 1 0.0000
1892 591540.744433 4520223.489555 1 0.0000
1893 574672.713529 4497850.935814 1 0.0000
1894 591594.240397 4519247.121980 1 0.0000
1895 587735.849997 4502594.125739 1 0.0000
1896 585674.598493 4512371.021885 1 0.0000
1897 584854.616996 4508970.057338 1 0.0000
1898 586775.673672 4515090.482723 1 0.0000
1899 586451.889879 4512350.624576 1 0.0000
1900 591423.278458 4521571.513183 1 0.0000
1901 600646.966395 4501549.666743 1 0.0000
1902 592468.700064 4507274.062567 1 0.0000
1903 584723.242346 4511327.457540 1 0.0000
1904 588646.969370 4512849.185865 1 0.0000
1905 594138.919070 4516454.901075 1 0.0000
1906 585252.586730 4512260.777144 1 0.0000
1907 586885.140936 4513480.318884 1 0.0000
1908 596657.943223 4523262.503415 1 0.0000
1909 584620.852185 4492305.356200 1 0.0000
1910 592744.532915 4524328.296898 1 0.0000
1911 586622.562354 4512990.368516 1 0.0000
1912 585572.502156 4512184.888666 1 0.0000
1913 594801.256467 4526218.293390 1 0.0000
1914 594289.354147 4506240.094929 1 0.0000
1915 588221.425852 4517326.016576 1 0.0000
1916 588137.336451 4493971.283933 1 0.0000
1917 592226.626011 4526130.379903 1 0.0000
1918 583417.926918 4506205.065408 1 0.0000
1919 586231.179695 4512919.782413 1 0.0000
1920 571210.300797 4492620.106120 1 0.0000
1921 586265.044419 4510081.008812 1 0.0000
1922 587186.882458 4513983.210022 1 0.0000
1923 586111.188588 4502447.662906 1 0.0000
1924 596077.653463 4503468.463460 1 0.0000
1925 586110.400992 4501873.854789 1 0.0000
1926 585805.705753 4513327.232303 1 0.0000
1927 586604.486723 4512490.710327 1 0.0000
1928 585562.305299 4512839.024988 1 0.0000
1929 586720.767534 4514988.381715 1 0.0000
1930 588365.641742 4495360.983740 1 0.0000
1931 586604.486723 4512490.710327 1 0.0000
1932 584425.801728 4508761.616392 1 0.0000
1933 591274.593281 4521222.115408 1 0.0000
1934 585717.085725 4496209.726229 1 0.0000
1935 587836.961663 4502572.419986 1 0.0000
1936 586863.626814 4512453.439179 1 0.0000
1937 588285.009916 4507652.768878 1 0.0000
1938 593290.864465 4506470.695481 1 0.0000
1939 588513.583686 4513750.888525 1 0.0000
1940 586627.317407 4511690.446581 1 0.0000
1941 588703.415785 4493818.948917 1 0.0000
1942 571338.512318 4498224.668712 1 0.0000
1943 584089.404461 4512210.345486 1 0.0000
1944 599685.806428 4503272.381792 1 0.0000
1945 605015.108905 4512007.682471 1 0.0000
1946 595007.964373 4510627.905299 1 0.0000
1947 585474.696490 4511755.934607 1 0.0000
1948 585244.039100 4505090.440416 1 0.0000
1949 583296.173715 4497781.708858 1 0.0000
1950 583962.888996 4500597.621900 1 0.0000
1951 585054.733618 4511893.763286 1 0.0000
1952 586071.031331 4514057.340214 1 0.0000
1953 597169.264758 4504214.364563 1 0.0000
1954 584250.776889 4498487.023606 1 0.0000
1955 587335.418370 4512367.091204 1 0.0000
1956 589088.953196 4518692.577417 1 0.0000
1957 591394.456064 4517927.173601 1 0.0000
1958 586947.093492 4512937.386760 1 0.0000
1959 590909.041704 4522946.396152 1 0.0000
1960 585796.149103 4512695.115269 1 0.0000
1961 596054.150862 4523485.384976 1 0.0000
1962 571358.965972 4493748.630778 1 0.0000
1963 583609.807821 4506989.786424 1 0.0000
1964 585872.325348 4514433.548868 1 0.0000
1965 590560.111181 4505457.787082 1 0.0000
1966 587416.617290 4500385.796078 1 0.0000
1967 591214.812697 4525791.538672 1 0.0000
1968 586988.116713 4512359.172977 1 0.0000
1969 585644.180206 4512633.656357 1 0.0000
1970 590427.993442 4523309.023810 1 0.0000
1971 583278.416798 4507886.478491 1 0.0000
1972 588951.848551 4495985.624751 1 0.0000
1973 574625.468150 4498789.539360 1 0.0000
1974 568434.190638 4486685.661805 1 0.0000
1975 587629.163362 4514855.208525 1 0.0000
1976 585459.534033 4511642.402831 1 0.0000
1977 585114.293700 4511426.988391 1 0.0000
1978 595957.506544 4524904.056562 1 0.0000
1979 583928.851640 4511752.338390 1 0.0000
1980 590239.572712 4494540.607539 1 0.0000
1981 583500.710553 4506428.153568 1 0.0000
1982 583676.860828 4507095.680195 1 0.0000
1983 589190.295937 4511271.689277 1 0.0000
1984 589764.026095 4511813.636619 1 0.0000
1985 584162.160356 4507454.993230 1 0.0000
1986 594304.425712 4523291.714890 1 0.0000
1987 588683.943825 4515327.071738 1 0.0000
1988 584849.203143 4510007.288512 1 0.0000
1989 576957.569751 4494333.658999 1 0.0000
1990 584506.687365 4498572.513323 1 0.0000
1991 584268.057463 4506905.862038 1 0.0000
1992 581191.707225 4497893.690826 1 0.0000
1993 587185.101104 4514032.555500 1 0.0000
1994 605015.108905 4512007.682471 1 0.0000
1995 604922.682470 4503517.759460 1 0.0000
1996 597615.662894 4514823.038100 1 0.0000
1997 590637.771965 4518624.612561 1 0.0000
1998 587729.115487 4506641.445401 1 0.0000
1999 586667.168866 4512418.594863 1 0.0000
2000 593789.049151 4522282.945847 1 0.0000
2001 592281.800693 4502405.989637 1 0.0000
2002 584460.189565 4511200.132383 1 0.0000
2003 592297.106776 4513967.697218 1 0.0000
2004 591632.001722 4503246.971382 1 0.0000
2005 594131.189579 4511944.128130 1 0.0000
2006 585644.180206 4512633.656357 1 0.0000
2007 587252.832406 4517393.286883 1 0.0000
2008 583542.464161 4506882.670270 1 0.0000
2009 589519.962594 4500965.223175 1 0.0000
2010 588717.868879 4516547.908160 1 0.0000
2011 585905.760181 4511339.101589 1 0.0000
2012 586752.015181 4511925.594956 1 0.0000
2013 598614.683985 4525771.207107 1 0.0000
2014 591847.304570 4525937.111659 1 0.0000
2015 586959.767490 4513215.749016 1 0.0000
2016 585506.400494 4512450.163378 1 0.0000
2017 589407.037793 4521261.751038 1 0.0000
2018 591273.980139 4510582.042171 1 0.0000
2019 591367.447427 4522618.553960 1 0.0000
2020 587094.835290 4512781.524632 1 0.0000
2021 593099.218423 4500007.909776 1 0.0000
2022 585600.316419 4511936.851188 1 0.0000
2023 589698.302524 4511698.004181 1 0.0000
2024 593342.566880 4519428.571933 1 0.0000
2025 586537.993164 4511854.287762 1 0.0000
2026 594761.388854 4504631.902628 1 0.0000
2027 582585.489749 4496179.322921 1 0.0000
2028 586492.888450 4516506.691863 1 0.0000
2029 586042.217065 4512574.808207 1 0.0000
2030 585988.614148 4514203.279938 1 0.0000
2031 584194.208298 4497914.414788 1 0.0000
2032 588784.442628 4518406.008557 1 0.0000
2033 586042.217065 4512574.808207 1 0.0000
2034 590875.257989 4513483.122339 1 0.0000
2035 575939.364114 4495713.120259 1 0.0000
2036 594525.744400 4520667.411075 1 0.0000
2037 586221.284373 4512905.651709 1 0.0000
2038 588062.592246 4514284.817470 1 0.0000
2039 588976.834308 4520400.238045 1 0.0000
2040 593264.007256 4523002.225457 1 0.0000
2041 585910.154614 4512905.762966 1 0.0000
2042 583473.756303 4499690.991147 1 0.0000
2043 589695.122453 4494908.020965 1 0.0000
2044 594168.800191 4498936.742710 1 0.0000
2045 584962.106505 4511143.990271 1 0.0000
2046 589099.411311 4516118.623959 1 0.0000
2047 585749.840144 4511678.012457 1 0.0000
2048 588009.558017 4495053.434476 1 0.0000
2049 573365.368182 4496762.238520 1 0.0000
2050 589204.994935 4506795.369971 1 0.0000
2051 585758.243764 4512785.796760 1 0.0000
2052 602823.979395 4503461.010982 1 0.0000
2053 606893.151396 4510408.119247 1 0.0000
2054 584056.058036 4508584.015768 1 0.0000
2055 584833.717644 4508584.338968 1 0.0000
2056 592874.098610 4520131.128803 1 0.0000
2057 588811.247392 4517926.055855 1 0.0000
2058 576183.062561 4491940.138746 1 0.0000
2059 586259.172715 4514875.245094 1 0.0000
2060 587873.865804 4503132.320187 1 0.0000
2061 586749.834926 4512571.597111 1 0.0000
2062 590943.784058 4502294.180081 1 0.0000
2063 586609.329163 4500284.591311 1 0.0000
2064 593452.994174 4501859.816389 1 0.0000
2065 586688.249289 4492103.331068 1 0.0000
2066 587930.180877 4514539.282663 1 0.0000
2067 587057.055510 4512486.725477 1 0.0000
2068 588960.516577 4519693.681619 1 0.0000
2069 585848.289203 4514724.291815 1 0.0000
2070 585986.205892 4509921.506650 1 0.0000
2071 584529.361298 4507722.153455 1 0.0000
2072 600378.608944 4506585.124799 1 0.0000
2073 590145.580053 4492512.200487 1 0.0000
2074 586851.983312 4512432.280480 1 0.0000
2075 598643.372786 4522296.279826 1 0.0000
2076 574976.145822 4492497.460381 1 0.0000
2077 585918.374865 4512344.850972 1 0.0000
2078 583747.600910 4506583.326783 1 0.0000
2079 585474.696490 4511755.934607 1 0.0000
2080 593942.717537 4512117.508308 1 0.0000
2081 593372.162439 4522684.096840 1 0.0000
2082 583143.916287 4507200.837535 1 0.0000
2083 585796.149103 4512695.115269 1 0.0000
2084 589762.893236 4496373.305069 1 0.0000
2085 596115.697247 4506689.017898 1 0.0000
2086 594538.158680 4511154.929000 1 0.0000
2087 589673.087676 4503096.101343 1 0.0000
2088 586544.850399 4508897.887074 1 0.0000
2089 585441.199084 4514347.576871 1 0.0000
2090 586100.181674 4514039.693500 1 0.0000
2091 586591.473355 4511626.960103 1 0.0000
2092 593751.418125 4519410.988724 1 0.0000
2093 585707.659412 4505078.956263 1 0.0000
2094 599139.639444 4507488.295093 1 0.0000
2095 585915.544398 4512513.029254 1 0.0000
2096 589688.454078 4521462.429687 1 0.0000
2097 585959.667267 4514149.622878 1 0.0000
2098 588733.220345 4518141.221681 1 0.0000
2099 591821.643701 4505730.245037 1 0.0000
2100 592681.658592 4521453.312498 1 0.0000
2101 591273.980139 4510582.042171 1 0.0000
2102 586537.993164 4511854.287762 1 0.0000
2103 598849.593724 4513347.228671 1 0.0000
2104 598877.214953 4492866.295754 1 0.0000
2105 585257.278295 4504917.811901 1 0.0000
2106 589887.112431 4506408.811717 1 0.0000
2107 586615.189791 4516524.236811 1 0.0000
2108 600035.090685 4505761.172268 1 0.0000
2109 586999.538013 4513282.329226 1 0.0000
2110 604059.154345 4511202.343027 1 0.0000
2111 598720.012153 4512791.130087 1 0.0000
2112 588947.861936 4507165.128366 1 0.0000
2113 594277.100955 4521680.565268 1 0.0000
2114 597845.431633 4514341.732578 1 0.0000
2115 585796.149103 4512695.115269 1 0.0000
2116 592694.837164 4523769.757918 1 0.0000
2117 593907.231101 4520578.380997 1 0.0000
2118 588519.593116 4519103.870699 1 0.0000
2119 577571.163856 4492037.271463 1 0.0000
2120 591127.499828 4500313.395629 1 0.0000
2121 593806.332512 4511516.847799 1 0.0000
2122 589434.574300 4521625.917032 1 0.0000
2123 596130.881179 4527254.350914 1 0.0000
2124 586322.900600 4512732.809739 1 0.0000
2125 589125.857092 4520319.356047 1 0.0000
2126 596126.669124 4524180.406893 1 0.0000
2127 591521.733725 4511571.586752 1 0.0000
2128 597371.452746 4522878.447611 1 0.0000
2129 584112.799651 4507374.287524 1 0.0000
2130 595516.711722 4504534.443386 1 0.0000
2131 601159.536140 4506756.123712 1 0.0000
2132 587823.093746 4507273.304053 1 0.0000
2133 586925.390728 4513504.851082 1 0.0000
2134 599984.249090 4505461.952511 1 0.0000
2135 586329.649519 4512728.924898 1 0.0000
2136 589823.409332 4522720.995396 1 0.0000
2137 574839.219279 4499366.060247 1 0.0000
2138 591259.559163 4524648.379556 1 0.0000
2139 601396.779792 4514482.437537 1 0.0000
2140 589047.430916 4517897.971672 1 0.0000
2141 586515.817002 4515484.583431 1 0.0000
2142 584042.229972 4500855.711755 1 0.0000
2143 584089.404461 4512210.345486 1 0.0000
2144 585644.180206 4512633.656357 1 0.0000
2145 585918.374865 4512344.850972 1 0.0000
2146 598905.078391 4505336.627944 1 0.0000
2147 585200.657813 4512164.805060 1 0.0000
2148 585513.183050 4511079.266969 1 0.0000
2149 590755.367059 4524288.825255 1 0.0000
2150 571992.666083 4498525.554864 1 0.0000
2151 586202.770403 4511561.890121 1 0.0000
2152 587290.848571 4517827.352550 1 0.0000
2153 590998.283977 4521882.368237 1 0.0000
2154 585259.894538 4505410.888715 1 0.0000
2155 577825.008351 4499486.877084 1 0.0000
2156 583417.926918 4506205.065408 1 0.0000
2157 584073.902662 4507418.334849 1 0.0000
2158 587182.632704 4513045.812007 1 0.0000
2159 585579.705019 4505638.502528 1 0.0000
2160 592396.153065 4514421.659964 1 0.0000
2161 585874.297982 4509553.339817 1 0.0000
2162 590183.938894 4516734.663103 1 0.0000
2163 589018.330626 4499334.104967 1 0.0000
2164 594253.268810 4503008.301980 1 0.0000
2165 591090.823907 4519139.903615 1 0.0000
2166 586667.168866 4512418.594863 1 0.0000
2167 576885.048616 4495137.594557 1 0.0000
2168 601678.995532 4514052.006041 1 0.0000
2169 584194.679948 4509282.199916 1 0.0000
2170 587842.623916 4493411.510811 1 0.0000
2171 586377.506353 4513262.441651 1 0.0000
2172 588800.436638 4516281.904357 1 0.0000
2173 596572.656967 4507344.519585 1 0.0000
2174 585458.184601 4508791.351963 1 0.0000
2175 583949.830163 4507529.671330 1 0.0000
2176 585713.821077 4511308.880139 1 0.0000
2177 591244.287883 4519497.888620 1 0.0000
2178 587665.968349 4518175.063622 1 0.0000
2179 588349.006391 4504438.912893 1 0.0000
2180 586481.221681 4511942.621573 1 0.0000
2181 590132.888359 4511105.985242 1 0.0000
2182 587757.409668 4502681.217947 1 0.0000
2183 585739.818524 4505653.732713 1 0.0000
2184 589415.197946 4518169.111490 1 0.0000
2185 588770.567524 4497270.728874 1 0.0000
2186 596832.244516 4510241.239012 1 0.0000
2187 584659.106934 4511741.157408 1 0.0000
2188 597150.248106 4524210.374675 1 0.0000
2189 583500.777559 4507037.910519 1 0.0000
2190 587135.259706 4504092.037967 1 0.0000
2191 589470.956270 4517207.707337 1 0.0000
2192 589338.264320 4521680.583851 1 0.0000
2193 599637.037516 4493473.404566 1 0.0000
2194 584508.073385 4491851.868671 1 0.0000
2195 585885.290164 4512279.871151 1 0.0000
2196 584112.799651 4507374.287524 1 0.0000
2197 589727.624572 4516799.550005 1 0.0000
2198 591442.671901 4502531.445600 1 0.0000
2199 592562.822951 4519101.535817 1 0.0000
2200 585779.503643 4495007.081169 1 0.0000
2201 586811.830215 4515233.509442 1 0.0000
2202 587367.408139 4514186.084964 1 0.0000
2203 594992.565815 4503650.244354 1 0.0000
2204 583424.634627 4507141.564176 1 0.0000
2205 586664.339944 4513067.941536 1 0.0000
2206 587828.592958 4519012.187063 1 0.0000
2207 585873.355475 4513995.664137 1 0.0000
2208 586751.967701 4512250.740907 1 0.0000
2209 588326.339357 4510820.904569 1 0.0000
2210 585496.674061 4513544.333604 1 0.0000
2211 594765.758860 4525217.130179 1 0.0000
2212 588157.487892 4517267.693643 1 0.0000
2213 604459.384540 4504894.187865 1 0.0000
2214 592131.662628 4511049.211521 1 0.0000
2215 586539.604893 4512836.143984 1 0.0000
2216 585562.305299 4512839.024988 1 0.0000
2217 587823.093746 4507273.304053 1 0.0000
2218 583800.206154 4507289.062121 1 0.0000
2219 589054.137110 4518806.150407 1 0.0000
2220 593142.035424 4524423.951020 1 0.0000
2221 588489.768052 4515626.541538 1 0.0000
2222 593589.084467 4523889.975702 1 0.0000
2223 601922.822105 4510675.519273 1 0.0000
2224 586019.219130 4514084.784564 1 0.0000
2225 602117.453848 4513388.397906 1 0.0000
2226 593016.471959 4522235.732507 1 0.0000
2227 585900.983669 4514726.415323 1 0.0000
2228 588396.487173 4498493.611473 1 0.0000
2229 586286.259050 4510572.777452 1 0.0000
2230 585043.747327 4506356.433101 1 0.0000
2231 586392.840231 4511970.259677 1 0.0000
2232 585216.641245 4505516.441591 1 0.0000
2233 593650.947813 4519670.087528 1 0.0000
2234 589693.268662 4511016.262930 1 0.0000
2235 585347.288130 4512534.283832 1 0.0000
2236 585427.707601 4505231.486425 1 0.0000
2237 586510.809286 4512127.319980 1 0.0000
2238 585487.818168 4504555.067706 1 0.0000
2239 605342.484654 4504173.148839 1 0.0000
2240 601729.743515 4513341.929268 1 0.0000
2241 591080.068386 4512597.770242 1 0.0000
2242 586640.490533 4492471.808828 1 0.0000
2243 594775.255179 4525506.433649 1 0.0000
2244 586846.104513 4513081.897085 1 0.0000
2245 593727.481293 4524313.006345 1 0.0000
2246 586598.171094 4505739.683419 1 0.0000
2247 595772.899556 4523216.444116 1 0.0000
2248 599441.448019 4501934.556603 1 0.0000
2249 584753.382090 4507129.267262 1 0.0000
2250 586549.740147 4501237.401910 1 0.0000
2251 571880.855505 4490701.024259 1 0.0000
2252 586618.127848 4516827.782606 1 0.0000
2253 589232.374695 4516323.700943 1 0.0000
2254 583417.926918 4506205.065408 1 0.0000
2255 586110.525388 4514682.790151 1 0.0000
2256 587600.732417 4512777.537988 1 0.0000
2257 596654.680569 4526938.224355 1 0.0000
2258 593001.188086 4524776.141439 1 0.0000
2259 585967.018739 4512434.994901 1 0.0000
2260 587482.767594 4504617.380650 1 0.0000
2261 584074.088612 4503439.531667 1 0.0000
2262 590939.589045 4524755.040338 1 0.0000
2263 583869.021147 4507400.766013 1 0.0000
2264 584950.420535 4503766.111216 1 0.0000
2265 583993.739904 4509079.097107 1 0.0000
2266 594743.444182 4514321.633515 1 0.0000
2267 589519.012341 4512697.309467 1 0.0000
2268 595794.362726 4511147.289432 1 0.0000
2269 584601.946451 4508466.208182 1 0.0000
2270 584031.504466 4510579.088858 1 0.0000
2271 586502.837455 4511462.920403 1 0.0000
2272 590391.555949 4522950.545899 1 0.0000
2273 586053.094276 4513171.287561 1 0.0000
2274 594012.853917 4522031.348986 1 0.0000
2275 583990.399829 4495630.637207 1 0.0000
2276 577947.198583 4497236.691834 1 0.0000
2277 587887.785151 4515211.034979 1 0.0000
2278 591625.661117 4506832.055845 1 0.0000
2279 585639.927342 4509770.379693 1 0.0000
2280 590808.483128 4500283.563448 1 0.0000
2281 586329.649519 4512728.924898 1 0.0000
2282 597084.920228 4510076.205419 1 0.0000
2283 586338.338316 4512554.718500 1 0.0000
2284 586863.626814 4512453.439179 1 0.0000
2285 606500.749568 4509889.554557 1 0.0000
2286 585441.199084 4514347.576871 1 0.0000
2287 588721.517479 4514944.756815 1 0.0000
2288 586616.409202 4515428.441154 1 0.0000
2289 586536.141634 4512631.936129 1 0.0000
2290 585182.373444 4513715.665552 1 0.0000
2291 594120.359089 4516078.037275 1 0.0000
2292 588630.849605 4501118.754818 1 0.0000
2293 585813.375067 4493473.489495 1 0.0000
2294 584178.659502 4509538.293657 1 0.0000
2295 593252.524848 4498825.165892 1 0.0000
2296 586582.368735 4512265.568723 1 0.0000
2297 592415.984781 4519097.727675 1 0.0000
2298 585796.149103 4512695.115269 1 0.0000
2299 584394.235161 4512094.366180 1 0.0000
2300 586217.267914 4511787.249918 1 0.0000
2301 586714.191446 4494381.128876 1 0.0000
2302 586925.418982 4505367.373045 1 0.0000
2303 593589.084467 4523889.975702 1 0.0000
2304 590046.395366 4502558.843179 1 0.0000
2305 591179.783715 4504774.317054 1 0.0000
2306 585337.984292 4511986.885352 1 0.0000
2307 586935.904558 4500346.202009 1 0.0000
2308 583417.926918 4506205.065408 1 0.0000
2309 606372.500729 4505917.607978 1 0.0000
2310 585591.130842 4513037.122159 1 0.0000
2311 586662.868384 4512742.473284 1 0.0000
2312 587822.504281 4517916.303244 1 0.0000
2313 590994.957490 4517819.618865 1 0.0000
2314 585231.292537 4507709.423248 1 0.0000
2315 586232.245048 4511943.747111 1 0.0000
2316 587677.107336 4496716.504222 1 0.0000
2317 588325.964545 4502660.257466 1 0.0000
2318 589455.268104 4517915.421457 1 0.0000
2319 592107.748849 4498870.671482 1 0.0000
2320 571336.054291 4497583.822408 1 0.0000
2321 587398.504486 4492832.978276 1 0.0000
2322 590932.263504 4518079.755237 1 0.0000
2323 585839.167689 4512957.976357 1 0.0000
2324 587588.857076 4507612.543219 1 0.0000
2325 596943.616387 4505218.946572 1 0.0000
2326 585321.806420 4494524.381181 1 0.0000
2327 603802.467458 4512281.864319 1 0.0000
2328 583351.498188 4506552.916038 1 0.0000
2329 589455.155491 4519047.501334 1 0.0000
2330 585796.149103 4512695.115269 1 0.0000
2331 584022.537191 4507165.741478 1 0.0000
2332 588997.521020 4498456.864804 1 0.0000
2333 599517.353099 4509940.241326 1 0.0000
2334 583489.984131 4506781.512847 1 0.0000
2335 588288.842144 4514620.162821 1 0.0000
2336 594263.417790 4506484.195543 1 0.0000
2337 586725.646649 4495814.071370 1 0.0000
2338 586364.321213 4513269.605368 1 0.0000
2339 589480.492655 4511317.047090 1 0.0000
2340 591988.754562 4502235.971218 1 0.0000
2341 586752.015181 4511925.594956 1 0.0000
2342 586563.915793 4512226.962546 1 0.0000
2343 590122.816522 4523854.976278 1 0.0000
2344 590423.266870 4506236.340290 1 0.0000
2345 588393.072636 4518708.105006 1 0.0000
2346 584475.050113 4499693.537920 1 0.0000
2347 589122.630721 4497502.967963 1 0.0000
2348 583976.758692 4507573.248662 1 0.0000
2349 587721.547123 4492937.205084 1 0.0000
2350 589860.830391 4510778.957982 1 0.0000
2351 589279.045542 4520968.356130 1 0.0000
2352 599574.824150 4518807.880266 1 0.0000
2353 589737.876861 4520576.220462 1 0.0000
2354 586464.902211 4511395.752017 1 0.0000
2355 585937.815757 4511066.429835 1 0.0000
2356 585870.800250 4512829.437141 1 0.0000
2357 583218.651373 4507488.435559 1 0.0000
2358 598258.024531 4503843.993048 1 0.0000
2359 597371.452746 4522878.447611 1 0.0000
2360 606500.749568 4509889.554557 1 0.0000
2361 590829.048779 4518232.164666 1 0.0000
2362 595310.466731 4519195.645866 1 0.0000
2363 575527.439359 4491339.101724 1 0.0000
2364 586035.500002 4512255.071085 1 0.0000
2365 586966.487862 4516449.013330 1 0.0000
2366 585562.305299 4512839.024988 1 0.0000
2367 588440.580819 4500700.335097 1 0.0000
2368 586622.562354 4512990.368516 1 0.0000
2369 598494.066233 4513900.240759 1 0.0000
2370 596289.829608 4512729.327559 1 0.0000
2371 587905.853599 4518917.687842 1 0.0000
2372 590860.127170 4511066.119368 1 0.0000
2373 584389.314642 4499971.081432 1 0.0000
2374 584651.402100 4508645.646510 1 0.0000
2375 586100.181674 4514039.693500 1 0.0000
2376 586829.790096 4516143.942726 1 0.0000
2377 600764.222875 4505609.473583 1 0.0000
2378 599791.264274 4495727.739059 1 0.0000
2379 586359.376296 4512633.883064 1 0.0000
2380 584062.046756 4510332.302963 1 0.0000
2381 595399.418393 4521389.242848 1 0.0000
2382 584391.148897 4503721.352532 1 0.0000
2383 585987.080288 4514204.176949 1 0.0000
2384 586390.278637 4511579.872635 1 0.0000
2385 591226.162733 4521914.528465 1 0.0000
2386 593428.568115 4509285.859417 1 0.0000
2387 586329.649519 4512728.924898 1 0.0000
2388 593276.408154 4522182.627442 1 0.0000
2389 603178.225447 4514863.232480 1 0.0000
2390 601362.190605 4504825.474882 1 0.0000
2391 584110.304299 4510723.817539 1 0.0000
2392 582544.848932 4498950.311893 1 0.0000
2393 585799.226044 4512291.383752 1 0.0000
2394 584984.274739 4513183.180419 1 0.0000
2395 585386.428724 4508402.616326 1 0.0000
2396 593170.738599 4502241.787485 1 0.0000
2397 598961.609620 4520979.472882 1 0.0000
2398 591949.252482 4518365.613174 1 0.0000
2399 589937.493551 4512315.371727 1 0.0000
2400 585664.136753 4512085.676981 1 0.0000
2401 599328.577463 4506443.063542 1 0.0000
2402 588330.237860 4492628.115361 1 0.0000
2403 584663.367844 4504489.312149 1 0.0000
2404 583603.432945 4508218.674768 1 0.0000
2405 586038.904778 4506202.902919 1 0.0000
2406 588026.546188 4497152.879780 1 0.0000
2407 585644.180206 4512633.656357 1 0.0000
2408 585317.173618 4511807.468287 1 0.0000
2409 603246.199317 4508890.169293 1 0.0000
2410 583379.749228 4506480.407425 1 0.0000
2411 584514.887916 4511882.127039 1 0.0000
2412 585796.149103 4512695.115269 1 0.0000
2413 599714.096765 4511905.298078 1 0.0000
2414 583855.778753 4499673.089470 1 0.0000
2415 601517.008417 4505280.379810 1 0.0000
2416 585456.865750 4504918.558838 1 0.0000
2417 600417.118929 4516401.806811 1 0.0000
2418 575510.659072 4497907.089808 1 0.0000
2419 586627.317407 4511690.446581 1 0.0000
2420 592517.717507 4520571.367116 1 0.0000
2421 585441.199084 4514347.576871 1 0.0000
2422 578191.834654 4499465.149640 1 0.0000
2423 591603.128049 4523195.364408 1 0.0000
2424 584652.542594 4511728.893321 1 0.0000
2425 586740.494521 4510877.195310 1 0.0000
2426 604577.816019 4495075.944487 1 0.0000
2427 590798.391641 4520973.199266 1 0.0000
2428 586217.267914 4511787.249918 1 0.0000
2429 587193.649120 4512533.686188 1 0.0000
2430 585822.398180 4513092.475541 1 0.0000
2431 585809.779684 4513878.838400 1 0.0000
2432 585791.186433 4513665.315263 1 0.0000
2433 595619.216909 4505087.175843 1 0.0000
2434 570672.426449 4492946.432318 1 0.0000
2435 585796.149103 4512695.115269 1 0.0000
2436 586138.912456 4512753.567057 1 0.0000
2437 591603.128049 4523195.364408 1 0.0000
2438 594600.862656 4500201.712985 1 0.0000
2439 588977.745061 4517835.926009 1 0.0000
2440 585247.824135 4513988.838866 1 0.0000
2441 572326.038406 4497212.363755 1 0.0000
2442 587509.090057 4508168.374926 1 0.0000
2443 597646.409684 4519478.261724 1 0.0000
2444 588200.617398 4517894.713234 1 0.0000
2445 585252.586730 4512260.777144 1 0.0000
2446 586117.464607 4512710.356362 1 0.0000
2447 585606.846361 4512486.960665 1 0.0000
2448 586667.168866 4512418.594863 1 0.0000
2449 594474.352057 4524930.396897 1 0.0000
2450 586221.284373 4512905.651709 1 0.0000
2451 594392.681384 4501654.440085 1 0.0000
2452 604971.221916 4511713.411544 1 0.0000
2453 586688.249289 4492103.331068 1 0.0000
2454 600826.104495 4506974.791851 1 0.0000
2455 593412.908727 4526348.711631 1 0.0000
2456 587156.628784 4516797.355088 1 0.0000
2457 586286.259050 4510572.777452 1 0.0000
2458 591273.685582 4518710.486799 1 0.0000
2459 586878.928307 4513089.584072 1 0.0000
2460 594337.013201 4521584.343254 1 0.0000
2461 589887.932959 4494244.079350 1 0.0000
2462 590231.291126 4520945.701709 1 0.0000
2463 587669.969388 4510310.929042 1 0.0000
2464 583278.416798 4507886.478491 1 0.0000
2465 591516.341682 4526792.685739 1 0.0000
2466 603191.565454 4505171.419112 1 0.0000
2467 596086.194338 4512494.800103 1 0.0000
2468 585791.186433 4513665.315263 1 0.0000
2469 586465.735130 4512044.834653 1 0.0000
2470 586221.284373 4512905.651709 1 0.0000
2471 588634.305378 4516393.369917 1 0.0000
2472 596252.566175 4522147.411408 1 0.0000
2473 587887.785151 4515211.034979 1 0.0000
2474 592854.063848 4519750.285385 1 0.0000
2475 585866.313036 4511591.881505 1 0.0000
2476 586705.151138 4515101.868704 1 0.0000
2477 591102.425494 4518897.467595 1 0.0000
2478 584623.495940 4512646.707430 1 0.0000
2479 587770.801651 4513229.562061 1 0.0000
2480 584427.955923 4497939.011750 1 0.0000
2481 573537.945966 4495252.502754 1 0.0000
2482 588965.106910 4518756.986866 1 0.0000
2483 591075.146672 4513511.302703 1 0.0000
2484 586301.524554 4511693.744221 1 0.0000
2485 595371.387831 4525420.600985 1 0.0000
2486 592067.958567 4501862.967441 1 0.0000
2487 602582.027202 4506999.934953 1 0.0000
2488 583994.468010 4507463.140070 1 0.0000
2489 587816.803235 4514781.470189 1 0.0000
2490 593817.257920 4522775.111849 1 0.0000
2491 576957.569751 4494333.658999 1 0.0000
2492 589128.145460 4504443.509739 1 0.0000
2493 591894.352974 4523497.938335 1 0.0000
2494 593836.474827 4520610.180576 1 0.0000
2495 590190.460088 4506182.191482 1 0.0000
2496 585562.305299 4512839.024988 1 0.0000
2497 586081.011303 4512646.861818 1 0.0000
2498 585494.937536 4511851.546135 1 0.0000
2499 565018.038234 4487896.440535 1 0.0000
2500 586550.943033 4512857.299741 1 0.0000
2501 589316.843917 4522142.315128 1 0.0000
2502 584879.880309 4511781.458718 1 0.0000
2503 585195.649283 4512978.678306 1 0.0000
2504 586089.534570 4512005.809684 1 0.0000
2505 593908.382336 4522934.614697 1 0.0000
2506 586667.168866 4512418.594863 1 0.0000
2507 591291.441295 4505540.156852 1 0.0000
2508 585315.193102 4513532.209413 1 0.0000
2509 603181.736703 4510270.824341 1 0.0000
2510 585881.367306 4512517.210342 1 0.0000
2511 599215.245576 4510351.856471 1 0.0000
2512 602818.284076 4505062.042378 1 0.0000
2513 584029.195803 4496399.893773 1 0.0000
2514 586019.449423 4511871.844232 1 0.0000
2515 588098.712573 4515072.653828 1 0.0000
2516 566559.313482 4488240.004845 1 0.0000
2517 583382.720455 4507397.057293 1 0.0000
2518 592791.274554 4527013.250251 1 0.0000
2519 589812.621723 4510998.424817 1 0.0000
2520 585643.199148 4513922.953492 1 0.0000
2521 585150.737375 4510260.904640 1 0.0000
2522 587930.481221 4515368.458647 1 0.0000
2523 588000.238340 4500647.791568 1 0.0000
2524 586156.776584 4511800.883610 1 0.0000
2525 586329.649519 4512728.924898 1 0.0000
2526 585819.298151 4512161.189498 1 0.0000
2527 585659.189735 4510273.095991 1 0.0000
2528 589203.630602 4516011.633274 1 0.0000
2529 595567.963490 4505252.296552 1 0.0000
2530 587410.133905 4514073.516551 1 0.0000
2531 585796.149103 4512695.115269 1 0.0000
2532 589532.959937 4516527.032659 1 0.0000
2533 584768.479213 4509951.212796 1 0.0000
2534 590165.470607 4507976.464478 1 0.0000
2535 586184.880071 4512837.891668 1 0.0000
2536 598258.032358 4525433.445695 1 0.0000
2537 596137.668387 4502853.279270 1 0.0000
2538 583275.312922 4506232.085919 1 0.0000
2539 586272.105433 4512590.836186 1 0.0000
2540 596451.573130 4519207.438877 1 0.0000
2541 594430.841322 4510624.078870 1 0.0000
2542 604675.391434 4495312.612906 1 0.0000
2543 595967.077687 4509198.949832 1 0.0000
2544 588963.708057 4515271.751269 1 0.0000
2545 585430.899749 4504843.910473 1 0.0000
2546 571807.912942 4497516.364345 1 0.0000
2547 586440.574201 4493976.396429 1 0.0000
2548 593871.990006 4518752.002058 1 0.0000
2549 586726.735259 4512860.522007 1 0.0000
2550 590667.659825 4498087.616284 1 0.0000
2551 586952.713958 4513219.630817 1 0.0000
2552 590439.136123 4519101.083467 1 0.0000
2553 588278.416887 4504054.457258 1 0.0000
2554 590191.154800 4516823.423372 1 0.0000
2555 585644.180206 4512633.656357 1 0.0000
2556 605328.418406 4507771.066211 1 0.0000
2557 591110.023671 4519994.596181 1 0.0000
2558 583603.475490 4509525.952011 1 0.0000
2559 585535.971909 4512154.913758 1 0.0000
2560 587026.843010 4492662.989592 1 0.0000
2561 605297.113881 4503874.901599 1 0.0000
2562 587933.701200 4497680.829513 1 0.0000
2563 585644.180206 4512633.656357 1 0.0000
2564 601936.205713 4494445.059526 1 0.0000
2565 603451.554405 4503262.745098 1 0.0000
2566 583139.830322 4507532.941362 1 0.0000
2567 595359.548513 4523921.764612 1 0.0000
2568 592533.976346 4523953.201410 1 0.0000
2569 577677.267538 4497017.880525 1 0.0000
2570 589558.599565 4507347.297755 1 0.0000
2571 583163.558490 4507188.566785 1 0.0000
2572 586053.094276 4513171.287561 1 0.0000
2573 586007.759590 4511079.111821 1 0.0000
2574 585915.544398 4512513.029254 1 0.0000
2575 594711.863033 4510271.043383 1 0.0000
2576 585866.313036 4511591.881505 1 0.0000
2577 591228.767589 4500117.081918 1 0.0000
2578 583143.916287 4507200.837535 1 0.0000
2579 592972.376087 4499799.862024 1 0.0000
2580 586236.557370 4512688.553921 1 0.0000
2581 591218.734762 4521791.026546 1 0.0000
2582 590366.546638 4498654.645942 1 0.0000
2583 585796.149103 4512695.115269 1 0.0000
2584 585634.550343 4512007.939105 1 0.0000
2585 585831.439895 4512940.823749 1 0.0000
2586 583429.605418 4506892.354812 1 0.0000
2587 592152.617266 4504816.159378 1 0.0000
2588 600899.598803 4509622.888869 1 0.0000
2589 595969.441911 4510811.940101 1 0.0000
2590 583617.923085 4506678.448839 1 0.0000
2591 591888.292577 4523655.112489 1 0.0000
2592 585957.071029 4511756.860502 1 0.0000
2593 583842.554876 4502952.383972 1 0.0000
2594 588050.266694 4500401.835943 1 0.0000
2595 586485.950948 4512410.130631 1 0.0000
2596 592626.060136 4521491.989579 1 0.0000
2597 586504.437073 4512633.097876 1 0.0000
2598 587006.436017 4512917.646613 1 0.0000
2599 588964.605250 4515273.285306 1 0.0000
2600 586650.490733 4512625.316059 1 0.0000
2601 585562.305299 4512839.024988 1 0.0000
2602 587177.091835 4512542.639577 1 0.0000
2603 594579.058119 4526168.826154 1 0.0000
2604 588974.260321 4521079.763004 1 0.0000
2605 585796.149103 4512695.115269 1 0.0000
2606 586800.780524 4500143.242032 1 0.0000
2607 593089.430092 4509845.450319 1 0.0000
2608 589094.767801 4503787.962710 1 0.0000
2609 586667.168866 4512418.594863 1 0.0000
2610 574106.679619 4490469.752479 1 0.0000
2611 598757.094180 4492763.763044 1 0.0000
2612 591808.227101 4501603.737677 1 0.0000
2613 585449.136970 4514880.943247 1 0.0000
2614 601388.874249 4506821.203032 1 0.0000
2615 597886.240946 4516163.005141 1 0.0000
2616 585572.502156 4512184.888666 1 0.0000
2617 585707.659412 4505078.956263 1 0.0000
2618 586775.673672 4515090.482723 1 0.0000
2619 586678.288724 4502340.144964 1 0.0000
2620 586851.983312 4512432.280480 1 0.0000
2621 593510.567348 4512548.966152 1 0.0000
2622 586536.128200 4512178.498472 1 0.0000
2623 593585.218494 4522333.034360 1 0.0000
2624 586042.217065 4512574.808207 1 0.0000
2625 586081.011303 4512646.861818 1 0.0000
2626 586676.570992 4511539.862131 1 0.0000
2627 586122.671675 4497121.802631 1 0.0000
2628 591882.732274 4506440.963447 1 0.0000
2629 596130.290083 4509879.452289 1 0.0000
2630 595639.834898 4522005.422135 1 0.0000
2631 592023.994207 4520923.188855 1 0.0000
2632 594499.555812 4503619.347041 1 0.0000
2633 588053.997825 4518245.920757 1 0.0000
2634 589560.107960 4513155.787987 1 0.0000
2635 591687.726150 4525020.778712 1 0.0000
2636 588518.859177 4492440.412414 1 0.0000
2637 591149.563344 4524353.663930 1 0.0000
2638 588489.768052 4515626.541538 1 0.0000
2639 588078.304558 4512986.235039 1 0.0000
2640 587465.615567 4517519.738677 1 0.0000
2641 595909.407707 4527408.152067 1 0.0000
2642 589401.487450 4517981.848861 1 0.0000
2643 584359.234355 4508907.432219 1 0.0000
2644 578398.787469 4499621.692106 1 0.0000
2645 590399.800356 4504709.680189 1 0.0000
2646 589401.487450 4517981.848861 1 0.0000
2647 587919.629437 4513112.108512 1 0.0000
2648 588199.518859 4494989.465823 1 0.0000
2649 586487.562818 4511760.466588 1 0.0000
2650 586715.014390 4511856.609733 1 0.0000
2651 593589.084467 4523889.975702 1 0.0000
2652 586079.865136 4512640.449161 1 0.0000
2653 584038.813189 4508519.522554 1 0.0000
2654 586174.058349 4515204.297062 1 0.0000
2655 585578.878582 4505604.058718 1 0.0000
2656 589191.900588 4517361.157821 1 0.0000
2657 584247.798977 4510691.559979 1 0.0000
2658 601078.555077 4506856.376592 1 0.0000
2659 589812.621723 4510998.424817 1 0.0000
2660 583519.618929 4499623.863211 1 0.0000
2661 591261.119665 4521842.096036 1 0.0000
2662 592078.564650 4504736.087491 1 0.0000
2663 583529.776520 4507702.543750 1 0.0000
2664 591127.499828 4500313.395629 1 0.0000
2665 584671.924980 4511391.779761 1 0.0000
2666 577586.099052 4497451.678963 1 0.0000
2667 601360.854044 4507087.834248 1 0.0000
2668 586536.128200 4512178.498472 1 0.0000
2669 592038.791542 4523578.513868 1 0.0000
2670 585453.493146 4512199.378763 1 0.0000
2671 593584.811396 4523890.535925 1 0.0000
2672 586117.464607 4512710.356362 1 0.0000
2673 592038.791542 4523578.513868 1 0.0000
2674 586537.993164 4511854.287762 1 0.0000
2675 586104.581332 4513118.851678 1 0.0000
2676 599634.248266 4520171.050610 1 0.0000
2677 585568.118000 4505157.207346 1 0.0000
2678 589082.490198 4500231.038091 1 0.0000
2679 593857.521666 4518631.162099 1 0.0000
2680 594200.106767 4522766.377121 1 0.0000
2681 587001.850909 4499799.054428 1 0.0000
2682 585805.705753 4513327.232303 1 0.0000
2683 585873.355475 4513995.664137 1 0.0000
2684 585285.472342 4510230.138636 1 0.0000
2685 604791.591764 4511323.735569 1 0.0000
2686 586667.168866 4512418.594863 1 0.0000
2687 583139.830322 4507532.941362 1 0.0000
2688 587541.033023 4517880.791783 1 0.0000
2689 586877.652511 4512479.500852 1 0.0000
2690 586268.138072 4512671.544452 1 0.0000
2691 585796.149103 4512695.115269 1 0.0000
2692 593589.084467 4523889.975702 1 0.0000
2693 583476.640072 4507391.422292 1 0.0000
2694 587501.600095 4514390.259786 1 0.0000
2695 588452.484543 4511464.103213 1 0.0000
2696 598461.979098 4505632.669140 1 0.0000
2697 590505.490177 4498280.189814 1 0.0000
2698 586329.649519 4512728.924898 1 0.0000
2699 596161.889722 4519784.659698 1 0.0000
2700 594221.468896 4501623.544611 1 0.0000
2701 583787.750980 4498419.901411 1 0.0000
2702 597904.189291 4521725.298604 1 0.0000
2703 586846.029694 4493612.283947 1 0.0000
2704 585665.768831 4510364.284369 1 0.0000
2705 585522.757751 4513073.824471 1 0.0000
2706 594129.157068 4501165.703678 1 0.0000
2707 585791.186433 4513665.315263 1 0.0000
2708 591263.673019 4520149.326237 1 0.0000
2709 586932.295255 4512257.061686 1 0.0000
2710 586329.649519 4512728.924898 1 0.0000
2711 585644.180206 4512633.656357 1 0.0000
2712 573063.673676 4489448.076708 1 0.0000
2713 598267.622840 4525314.096187 1 0.0000
2714 585885.290164 4512279.871151 1 0.0000
2715 591024.015364 4520027.745477 1 0.0000
2716 593274.698125 4519634.713378 1 0.0000
2717 586667.168866 4512418.594863 1 0.0000
2718 585670.347349 4505385.392079 1 0.0000
2719 576344.797729 4493688.919711 1 0.0000
2720 586464.902211 4511395.752017 1 0.0000
2721 576163.554672 4490465.699695 1 0.0000
2722 590982.123196 4520040.371672 1 0.0000
2723 585062.623818 4504322.904417 1 0.0000
2724 584061.458699 4507708.293311 1 0.0000
2725 583918.137681 4495580.755620 1 0.0000
2726 584385.386888 4511132.543969 1 0.0000
2727 602287.563637 4506846.656089 1 0.0000
2728 591836.074457 4519151.146504 1 0.0000
2729 592206.944902 4528626.857239 1 0.0000
2730 586664.707333 4512741.579975 1 0.0000
2731 592538.293805 4504960.112295 1 0.0000
2732 584089.404461 4512210.345486 1 0.0000
2733 597466.220459 4514994.122181 1 0.0000
2734 585479.092142 4512466.612527 1 0.0000
2735 583494.890962 4507528.147390 1 0.0000
2736 588536.205778 4500276.632392 1 0.0000
2737 586154.829715 4514191.157044 1 0.0000
2738 598101.688675 4508213.343049 1 0.0000
2739 589331.760418 4519473.024500 1 0.0000
2740 586257.619986 4512765.585738 1 0.0000
2741 572475.003787 4497965.794312 1 0.0000
2742 583538.915371 4506873.183585 1 0.0000
2743 585666.809577 4513910.119253 1 0.0000
2744 595151.943779 4526143.980471 1 0.0000
2745 585014.952497 4511614.178746 1 0.0000
2746 598258.024531 4503843.993048 1 0.0000
2747 588128.890549 4500267.431578 1 0.0000
2748 585918.128698 4509236.617183 1 0.0000
2749 587479.662677 4517089.619535 1 0.0000
2750 593780.062941 4526273.368020 1 0.0000
2751 594553.608781 4526609.490882 1 0.0000
2752 586622.562354 4512990.368516 1 0.0000
2753 590918.963035 4524372.972163 1 0.0000
2754 593268.382309 4503168.670707 1 0.0000
2755 585728.171236 4511600.669010 1 0.0000
2756 583143.916287 4507200.837535 1 0.0000
2757 583754.530288 4509560.583583 1 0.0000
2758 596654.680569 4526938.224355 1 0.0000
2759 591563.188889 4526906.581848 1 0.0000
2760 586198.519719 4511881.502924 1 0.0000
2761 590560.378828 4512153.645557 1 0.0000
2762 598647.038141 4506000.456323 1 0.0000
2763 585799.226044 4512291.383752 1 0.0000
2764 584089.404461 4512210.345486 1 0.0000
2765 583874.095892 4510433.464464 1 0.0000
2766 585207.775924 4512181.951024 1 0.0000
2767 584405.530777 4507838.977382 1 0.0000
2768 594525.744400 4520667.411075 1 0.0000
2769 592924.322812 4523421.016805 1 0.0000
2770 593787.588382 4523665.822912 1 0.0000
2771 586198.519719 4511881.502924 1 0.0000
2772 585900.640817 4511761.702696 1 0.0000
2773 587080.013009 4512531.172458 1 0.0000
2774 592572.073023 4501586.821979 1 0.0000
2775 588401.431479 4498568.020930 1 0.0000
2776 585441.199084 4514347.576871 1 0.0000
2777 591777.107958 4522877.073409 1 0.0000
2778 600065.362764 4504357.899069 1 0.0000
2779 592574.435431 4502585.450800 1 0.0000
2780 589154.627890 4503106.356868 1 0.0000
2781 584620.533277 4501611.605990 1 0.0000
2782 592800.583843 4524890.565238 1 0.0000
2783 591075.031028 4518814.572421 1 0.0000
2784 586071.031331 4514057.340214 1 0.0000
2785 589937.493551 4512315.371727 1 0.0000
2786 602465.590170 4505849.441360 1 0.0000
2787 593180.518345 4512497.364303 1 0.0000
2788 586019.219130 4514084.784564 1 0.0000
2789 591247.652805 4506817.698715 1 0.0000
2790 589974.306813 4510527.932320 1 0.0000
2791 593589.084467 4523889.975702 1 0.0000
2792 590360.316019 4520320.642039 1 0.0000
2793 585200.657813 4512164.805060 1 0.0000
2794 583385.488561 4506190.374819 1 0.0000
2795 593788.600397 4521120.372343 1 0.0000
2796 586073.045950 4498378.228300 1 0.0000
2797 590190.460088 4506182.191482 1 0.0000
2798 585796.149103 4512695.115269 1 0.0000
2799 588039.362807 4513542.228891 1 0.0000
2800 592314.789383 4521423.833491 1 0.0000
2801 585791.186433 4513665.315263 1 0.0000
2802 586589.905697 4496550.572017 1 0.0000
2803 587749.709354 4504885.226334 1 0.0000
2804 589391.205438 4515863.537935 1 0.0000
2805 585149.774396 4511495.651285 1 0.0000
2806 583494.890962 4507528.147390 1 0.0000
2807 590260.645884 4505128.929314 1 0.0000
2808 596433.018575 4518830.266358 1 0.0000
2809 598275.142096 4525269.385726 1 0.0000
2810 585772.021170 4513395.107554 1 0.0000
2811 584740.747286 4512492.327578 1 0.0000
2812 584515.707066 4499360.632680 1 0.0000
2813 587057.055510 4512486.725477 1 0.0000
2814 585392.568342 4509522.561354 1 0.0000
2815 585182.373444 4513715.665552 1 0.0000
2816 585675.046390 4514203.362390 1 0.0000
2817 583417.926918 4506205.065408 1 0.0000
2818 577496.243403 4500073.685311 1 0.0000
2819 585783.773898 4505379.368998 1 0.0000
2820 586863.626814 4512453.439179 1 0.0000
2821 587215.236613 4511842.501042 1 0.0000
2822 585252.586730 4512260.777144 1 0.0000
2823 584252.626078 4507538.604047 1 0.0000
2824 589399.178561 4521603.267848 1 0.0000
2825 593372.162439 4522684.096840 1 0.0000
2826 585107.841567 4499409.415737 1 0.0000
2827 583868.283941 4506582.262857 1 0.0000
2828 587869.443752 4502770.862964 1 0.0000
2829 583476.640072 4507391.422292 1 0.0000
2830 582585.489749 4496179.322921 1 0.0000
2831 585751.698132 4505654.173029 1 0.0000
2832 585943.322649 4512963.429851 1 0.0000
2833 585431.414780 4513949.488293 1 0.0000
2834 597371.452746 4522878.447611 1 0.0000
2835 591261.910823 4520303.806055 1 0.0000
2836 585680.928755 4504937.564511 1 0.0000
2837 568804.497545 4486919.622293 1 0.0000
2838 594013.012109 4520842.270404 1 0.0000
2839 584341.684065 4507719.102394 1 0.0000
2840 593795.765721 4520545.721948 1 0.0000
2841 585114.293890 4511426.988465 1 0.0000
2842 584652.542594 4511728.893321 1 0.0000
2843 592720.754965 4518693.773445 1 0.0000
2844 603388.063223 4510912.212215 1 0.0000
2845 599003.396280 4521189.915512 1 0.0000
2846 592078.813640 4519376.676372 1 0.0000
2847 608664.140484 4510906.709386 1 0.0000
2848 585796.149103 4512695.115269 1 0.0000
2849 594474.352057 4524930.396897 1 0.0000
2850 594200.106767 4522766.377121 1 0.0000
2851 592237.295140 4508837.142569 1 0.0000
2852 585886.002760 4504536.439252 1 0.0000
2853 586100.181674 4514039.693500 1 0.0000
2854 583500.710553 4506428.153568 1 0.0000
2855 601330.701046 4503466.597662 1 0.0000
2856 587491.427101 4497261.986957 1 0.0000
2857 586473.311976 4511406.513865 1 0.0000
2858 587537.742984 4505088.505170 1 0.0000
2859 578035.281326 4494259.978549 1 0.0000
2860 593099.045719 4518496.656967 1 0.0000
2861 584652.542594 4511728.893321 1 0.0000
2862 584551.104186 4511431.542438 1 0.0000
2863 599676.761162 4508383.932006 1 0.0000
2864 585062.623818 4504322.904417 1 0.0000
2865 585698.979590 4505252.552849 1 0.0000
2866 592557.199681 4524001.004528 1 0.0000
2867 588411.682502 4496941.509516 1 0.0000
2868 586662.868384 4512742.473284 1 0.0000
2869 586499.546255 4511778.582147 1 0.0000
2870 591687.726150 4525020.778712 1 0.0000
2871 602763.384384 4507345.133129 1 0.0000
2872 584627.926547 4498978.259744 1 0.0000
2873 584749.795936 4512767.905414 1 0.0000
2874 603388.063223 4510912.212215 1 0.0000
2875 584514.887916 4511882.127039 1 0.0000
2876 585757.696850 4503359.344871 1 0.0000
2877 584353.881690 4507745.142268 1 0.0000
2878 585499.493303 4511879.632905 1 0.0000
2879 589362.553906 4517414.298202 1 0.0000
2880 578679.840679 4496236.705005 1 0.0000
2881 588464.346410 4505175.535284 1 0.0000
2882 588890.878819 4506013.516704 1 0.0000
2883 592332.443487 4521665.994713 1 0.0000
2884 583603.432945 4508218.674768 1 0.0000
2885 591930.634011 4502523.585640 1 0.0000
2886 587162.148530 4493816.381998 1 0.0000
2887 587089.339796 4512782.377057 1 0.0000
2888 586482.441985 4513012.235484 1 0.0000
2889 601922.822105 4510675.519273 1 0.0000
2890 595626.859739 4510067.534255 1 0.0000
2891 587640.610505 4512486.974879 1 0.0000
2892 584220.741005 4502816.513225 1 0.0000
2893 585231.292537 4507709.423248 1 0.0000
2894 602465.590170 4505849.441360 1 0.0000
2895 589197.401643 4520832.732827 1 0.0000
2896 603178.225447 4514863.232480 1 0.0000
2897 586465.735130 4512044.834653 1 0.0000
2898 595922.086603 4525710.904470 1 0.0000
2899 583990.399829 4495630.637207 1 0.0000
2900 596166.014265 4508400.370458 1 0.0000
2901 587076.713870 4511590.435377 1 0.0000
2902 587069.533877 4512835.783795 1 0.0000
2903 571880.855505 4490701.024259 1 0.0000
2904 585644.180206 4512633.656357 1 0.0000
2905 593589.084467 4523889.975702 1 0.0000
2906 590604.404182 4502983.275922 1 0.0000
2907 582207.826535 4497020.329501 1 0.0000
2908 595069.689449 4512085.240548 1 0.0000
2909 585430.866748 4505355.546454 1 0.0000
2910 588701.555170 4508885.875338 1 0.0000
2911 595006.786208 4508268.030433 1 0.0000
2912 576163.740990 4496266.601633 1 0.0000
2913 594518.772631 4511626.437256 1 0.0000
2914 589637.743435 4519817.511325 1 0.0000
2915 586617.136748 4510096.293617 1 0.0000
2916 583640.753495 4507322.899243 1 0.0000
2917 585796.149103 4512695.115269 1 0.0000
2918 570931.349039 4492819.873504 1 0.0000
2919 583984.809603 4508980.263870 1 0.0000
2920 583424.634627 4507141.564176 1 0.0000
2921 590070.919538 4513309.098353 1 0.0000
2922 586273.310320 4510933.733151 1 0.0000
2923 587215.872241 4514006.395618 1 0.0000
2924 587528.459361 4517246.502953 1 0.0000
2925 588773.162245 4516108.200468 1 0.0000
2926 586329.649519 4512728.924898 1 0.0000
2927 573823.324064 4498184.688422 1 0.0000
2928 589515.826512 4509097.182026 1 0.0000
2929 595541.158918 4520824.962822 1 0.0000
2930 585269.918398 4512397.798052 1 0.0000
2931 585228.162668 4514056.265091 1 0.0000
2932 592153.699025 4519624.060307 1 0.0000
2933 594774.986430 4510829.425287 1 0.0000
2934 590038.222041 4497244.598793 1 0.0000
2935 583752.347836 4507210.202226 1 0.0000
2936 594221.468896 4501623.544611 1 0.0000
2937 584768.479213 4509951.212796 1 0.0000
2938 573823.324064 4498184.688422 1 0.0000
2939 586966.487862 4516449.013330 1 0.0000
2940 589737.876861 4520576.220462 1 0.0000
2941 589304.576384 4521508.330149 1 0.0000
2942 596520.309474 4521223.148895 1 0.0000
2943 602198.678823 4501042.772208 1 0.0000
2944 607420.450137 4511364.612683 1 0.0000
2945 587191.208023 4513630.381666 1 0.0000
2946 591376.668712 4521837.319615 1 0.0000
2947 585735.933301 4509581.627684 1 0.0000
2948 605147.867478 4507086.697389 1 0.0000
2949 584395.995924 4507204.427807 1 0.0000
2950 586053.094276 4513171.287561 1 0.0000
2951 585622.687770 4512567.590516 1 0.0000
2952 583945.484585 4509757.478759 1 0.0000
2953 590608.143686 4506083.945329 1 0.0000
2954 594629.211577 4520546.391062 1 0.0000
2955 585730.148900 4512149.202638 1 0.0000
2956 595021.131221 4506551.627560 1 0.0000
2957 585935.977337 4511067.323337 1 0.0000
2958 588615.525232 4500215.064510 1 0.0000
2959 590616.943327 4503193.682477 1 0.0000
2960 586616.870612 4512741.034793 1 0.0000
2961 585252.586730 4512260.777144 1 0.0000
2962 588796.373422 4508185.771937 1 0.0000
2963 589947.864158 4503345.142433 1 0.0000
2964 602448.295755 4500423.386296 1 0.0000
2965 585532.645872 4512206.069899 1 0.0000
2966 585044.919178 4507779.217047 1 0.0000
2967 585076.690760 4510126.894992 1 0.0000
2968 589230.542921 4507094.296206 1 0.0000
2969 588820.240096 4501989.687464 1 0.0000
2970 582949.150749 4499492.136066 1 0.0000
2971 597665.865028 4508994.603679 1 0.0000
2972 585937.815757 4511066.429835 1 0.0000
2973 586936.274731 4505725.551377 1 0.0000
2974 586929.847385 4512150.987356 1 0.0000
2975 588471.868904 4511661.788441 1 0.0000
2976 590760.043226 4502186.045817 1 0.0000
2977 587887.785151 4515211.034979 1 0.0000
2978 595188.411262 4512899.017360 1 0.0000
2979 572327.234754 4488719.365792 1 0.0000
2980 589812.621723 4510998.424817 1 0.0000
2981 587024.117060 4512622.868756 1 0.0000
2982 585579.705019 4505638.502528 1 0.0000
2983 589194.727361 4520559.661775 1 0.0000
2984 605370.704038 4503593.548100 1 0.0000
2985 589077.634247 4515783.475746 1 0.0000
2986 589539.511377 4506962.816963 1 0.0000
2987 591447.520842 4502238.961044 1 0.0000
2988 586081.011303 4512646.861818 1 0.0000
2989 599630.564163 4507354.918329 1 0.0000
2990 586122.671675 4497121.802631 1 0.0000
2991 584089.404461 4512210.345486 1 0.0000
2992 586089.534570 4512005.809684 1 0.0000
2993 586007.759590 4511079.111821 1 0.0000
2994 585644.180206 4512633.656357 1 0.0000
2995 591981.565968 4518498.236009 1 0.0000
2996 596631.688079 4502956.407936 1 0.0000
2997 593589.084467 4523889.975702 1 0.0000
2998 597558.406338 4515568.992643 1 0.0000
2999 591948.676534 4496697.672624 1 0.0000
3000 587427.106433 4512691.149903 1 0.0000
3001 586364.662886 4500228.483423 1 0.0000
3002 588894.598092 4505740.217345 1 0.0000
3003 603228.593433 4511616.482484 1 0.0000
3004 586271.449398 4502583.870333 1 0.0000
3005 586447.985773 4504718.052169 1 0.0000
3006 603021.171771 4515301.186333 1 0.0000
3007 587216.975667 4492368.956837 1 0.0000
3008 587283.213311 4517000.530138 1 0.0000
3009 568954.565592 4486209.219164 1 0.0000
3010 588078.304558 4512986.235039 1 0.0000
3011 585819.298151 4512161.189498 1 0.0000
3012 605243.329805 4506999.407703 1 0.0000
3013 587647.347780 4514035.081575 1 0.0000
3014 599320.322528 4510035.515375 1 0.0000
3015 592520.654590 4510634.328539 1 0.0000
3016 587032.593834 4512814.945805 1 0.0000
3017 584979.335865 4495379.506099 1 0.0000
3018 594754.020982 4509779.986935 1 0.0000
3019 595217.333954 4504921.097761 1 0.0000
3020 589797.600628 4497744.360787 1 0.0000
3021 585007.411304 4509922.243426 1 0.0000
3022 587001.850909 4499799.054428 1 0.0000
3023 588440.580819 4500700.335097 1 0.0000
3024 584488.204498 4510559.913074 1 0.0000
3025 585671.204270 4512722.336006 1 0.0000
3026 587065.191295 4492344.989710 1 0.0000
3027 590070.919538 4513309.098353 1 0.0000
3028 587541.033023 4517880.791783 1 0.0000
3029 586129.104670 4505720.937634 1 0.0000
3030 584162.160356 4507454.993230 1 0.0000
3031 591707.601103 4517937.753503 1 0.0000
3032 585609.257180 4510456.582277 1 0.0000
3033 599638.807939 4514395.984114 1 0.0000
3034 599457.295171 4510478.029511 1 0.0000
3035 584867.626823 4494376.003130 1 0.0000
3036 601096.223456 4504873.039238 1 0.0000
3037 583617.923085 4506678.448839 1 0.0000
3038 586595.510304 4511861.037234 1 0.0000
3039 587903.998115 4505465.965121 1 0.0000
3040 591197.458110 4501799.440919 1 0.0000
3041 581182.853360 4497251.846595 1 0.0000
3042 588293.464482 4514615.643780 1 0.0000
3043 588463.102092 4517751.435530 1 0.0000
3044 587662.633099 4499867.510501 1 0.0000
3045 589125.113737 4496935.594969 1 0.0000
3046 596848.412546 4507748.992173 1 0.0000
3047 599574.824150 4518807.880266 1 0.0000
3048 585796.149103 4512695.115269 1 0.0000
3049 583429.605418 4506892.354812 1 0.0000
3050 584709.713451 4511257.825485 1 0.0000
3051 585779.503643 4495007.081169 1 0.0000
3052 592143.594303 4524034.679311 1 0.0000
3053 583646.978964 4507498.797152 1 0.0000
3054 574152.759186 4493010.688396 1 0.0000
3055 586265.658344 4515054.804864 1 0.0000
3056 605638.463926 4504220.088451 1 0.0000
3057 590854.522825 4504060.901789 1 0.0000
3058 586851.983312 4512432.280480 1 0.0000
3059 586167.467596 4493660.953704 1 0.0000
3060 586117.464607 4512710.356362 1 0.0000
3061 583915.984507 4506434.100131 1 0.0000
3062 572572.009683 4498545.555740 1 0.0000
3063 589001.371083 4503667.142252 1 0.0000
3064 592622.619651 4503145.178951 1 0.0000
3065 593274.698125 4519634.713378 1 0.0000
3066 586714.829707 4512701.926463 1 0.0000
3067 584910.848469 4511764.747313 1 0.0000
3068 598073.000443 4515444.732885 1 0.0000
3069 592088.028543 4522041.381869 1 0.0000
3070 585796.149103 4512695.115269 1 0.0000
3071 585775.388334 4511093.833288 1 0.0000
3072 575939.364114 4495713.120259 1 0.0000
3073 591193.928990 4505272.102591 1 0.0000
3074 598267.622840 4525314.096187 1 0.0000
3075 586443.590272 4512009.233297 1 0.0000
3076 591347.253507 4523399.967649 1 0.0000
3077 592055.463880 4501299.989237 1 0.0000
3078 591608.181486 4498612.680758 1 0.0000
3079 586444.115484 4512845.721386 1 0.0000
3080 593509.185120 4502010.077682 1 0.0000
3081 585572.502156 4512184.888666 1 0.0000
3082 600514.350852 4503865.365658 1 0.0000
3083 601324.710956 4507854.450728 1 0.0000
3084 576957.569751 4494333.658999 1 0.0000
3085 583543.922526 4509162.954058 1 0.0000
3086 576084.244591 4493261.791126 1 0.0000
3087 594012.853917 4522031.348986 1 0.0000
3088 588050.266694 4500401.835943 1 0.0000
3089 586042.217065 4512574.808207 1 0.0000
3090 586042.217065 4512574.808207 1 0.0000
3091 575939.364114 4495713.120259 1 0.0000
3092 597186.051573 4520511.560294 1 0.0000
3093 588078.304558 4512986.235039 1 0.0000
3094 586167.564437 4512405.284134 1 0.0000
3095 584056.058036 4508584.015768 1 0.0000
3096 589539.511377 4506962.816963 1 0.0000
3097 583799.004674 4506323.980436 1 0.0000
3098 590731.660379 4512285.412404 1 0.0000
3099 586536.128200 4512178.498472 1 0.0000
3100 593589.084467 4523889.975702 1 0.0000
3101 585984.188189 4515206.399567 1 0.0000
3102 592318.262913 4521172.771222 1 0.0000
3103 593420.013596 4502428.983393 1 0.0000
3104 587065.191295 4492344.989710 1 0.0000
3105 601807.010215 4507997.372039 1 0.0000
3106 589203.630602 4516011.633274 1 0.0000
3107 593970.319662 4518867.703523 1 0.0000
3108 588489.768052 4515626.541538 1 0.0000
3109 603802.467458 4512281.864319 1 0.0000
3110 587364.041263 4518303.263040 1 0.0000
3111 600546.728946 4510639.138726 1 0.0000
3112 578398.787469 4499621.692106 1 0.0000
3113 593157.999314 4502504.626126 1 0.0000
3114 583431.492625 4506699.790094 1 0.0000
3115 564567.673025 4487950.432216 1 0.0000
3116 590792.366072 4519685.020153 1 0.0000
3117 584391.148897 4503721.352532 1 0.0000
3118 601592.532561 4507617.056617 1 0.0000
3119 569504.041850 4495152.678862 1 0.0000
3120 586667.168866 4512418.594863 1 0.0000
3121 585300.157613 4510305.268394 1 0.0000
3122 586829.856818 4512395.155958 1 0.0000
3123 583275.312922 4506232.085919 1 0.0000
3124 584247.798977 4510691.559979 1 0.0000
3125 583529.374343 4506158.796671 1 0.0000
3126 600801.782108 4508229.426266 1 0.0000
3127 584756.780108 4510951.500924 1 0.0000
3128 589524.927206 4512525.812385 1 0.0000
3129 606820.852470 4509235.558645 1 0.0000
3130 585805.705753 4513327.232303 1 0.0000
3131 594755.554261 4520931.191262 1 0.0000
3132 593693.243192 4511171.820718 1 0.0000
3133 586396.035345 4512679.401326 1 0.0000
3134 582887.775831 4499208.349327 1 0.0000
3135 583139.830322 4507532.941362 1 0.0000
3136 591651.513610 4525683.469217 1 0.0000
3137 584055.757844 4511419.193957 1 0.0000
3138 588345.642251 4514315.469746 1 0.0000
3139 594989.577961 4510155.053472 1 0.0000
3140 586329.649519 4512728.924898 1 0.0000
3141 599673.047829 4508469.215770 1 0.0000
3142 586772.947885 4511960.572439 1 0.0000
3143 586040.032388 4511910.778980 1 0.0000
3144 584879.880309 4511781.458718 1 0.0000
3145 595747.304538 4502612.065073 1 0.0000
3146 587026.843010 4492662.989592 1 0.0000
3147 594200.106767 4522766.377121 1 0.0000
3148 586667.168866 4512418.594863 1 0.0000
3149 586367.605230 4516510.138617 1 0.0000
3150 589783.303606 4510789.958925 1 0.0000
3151 588804.876721 4520007.304658 1 0.0000
3152 598675.893801 4524920.766588 1 0.0000
3153 585594.500099 4512260.102798 1 0.0000
3154 586477.589804 4512288.143525 1 0.0000
3155 591808.458281 4525469.508655 1 0.0000
3156 590621.692524 4501248.040841 1 0.0000
3157 585796.149103 4512695.115269 1 0.0000
3158 596741.980431 4521399.073708 1 0.0000
3159 598091.226339 4520075.136301 1 0.0000
3160 595909.809611 4509786.132270 1 0.0000
3161 593496.561865 4524653.807724 1 0.0000
3162 590181.737988 4510883.783492 1 0.0000
3163 587721.547123 4492937.205084 1 0.0000
3164 576282.761498 4493704.669088 1 0.0000
3165 592210.243500 4520437.433313 1 0.0000
3166 586104.581332 4513118.851678 1 0.0000
3167 583776.620239 4506844.807866 1 0.0000
3168 586646.736375 4512660.621769 1 0.0000
3169 600681.438073 4513395.512699 1 0.0000
3170 586475.241959 4512066.274165 1 0.0000
3171 603902.114315 4503141.700979 1 0.0000
3172 587114.304190 4513854.091720 1 0.0000
3173 585885.290164 4512279.871151 1 0.0000
3174 589162.856639 4521777.011291 1 0.0000
3175 585392.745547 4510416.634680 1 0.0000
3176 585866.313036 4511591.881505 1 0.0000
3177 586101.636062 4515569.452452 1 0.0000
3178 585427.306249 4505213.197775 1 0.0000
3179 585480.647389 4512463.887117 1 0.0000
3180 585791.186433 4513665.315263 1 0.0000
3181 585236.947267 4508443.880968 1 0.0000
3182 584652.542594 4511728.893321 1 0.0000
3183 588307.938453 4518798.248595 1 0.0000
3184 583332.490303 4506696.834676 1 0.0000
3185 599852.490446 4493230.842031 1 0.0000
3186 586170.375660 4504129.208049 1 0.0000
3187 596124.160293 4520180.388264 1 0.0000
3188 596566.022451 4528083.640716 1 0.0000
3189 586202.770403 4511561.890121 1 0.0000
3190 585639.927342 4509770.379693 1 0.0000
3191 587501.600095 4514390.259786 1 0.0000
3192 597257.034808 4521742.294439 1 0.0000
3193 593896.953973 4519529.058307 1 0.0000
3194 584061.458699 4507708.293311 1 0.0000
3195 577202.959143 4495960.597796 1 0.0000
3196 586329.649519 4512728.924898 1 0.0000
3197 598926.370604 4513348.712528 1 0.0000
3198 585644.180206 4512633.656357 1 0.0000
3199 587156.628784 4516797.355088 1 0.0000
3200 591226.162733 4521914.528465 1 0.0000
3201 586720.767534 4514988.381715 1 0.0000
3202 586036.763200 4511582.549087 1 0.0000
3203 597684.234109 4526632.139583 1 0.0000
3204 592211.071991 4507472.863355 1 0.0000
3205 588335.764330 4517587.561262 1 0.0000
3206 591295.520928 4518158.557857 1 0.0000
3207 593696.905746 4523814.717326 1 0.0000
3208 585263.018760 4504225.843543 1 0.0000
3209 606920.182431 4501752.832229 1 0.0000
3210 573929.542636 4498410.169468 1 0.0000
3211 592279.746807 4497302.966192 1 0.0000
3212 587985.745409 4506931.726079 1 0.0000
3213 594992.565815 4503650.244354 1 0.0000
3214 599037.462559 4512183.134764 1 0.0000
3215 593678.495830 4500197.024475 1 0.0000
3216 586019.219130 4514084.784564 1 0.0000
3217 595439.696940 4528164.632505 1 0.0000
3218 591990.979943 4505711.754582 1 0.0000
3219 599376.495042 4493258.052275 1 0.0000
3220 596537.271938 4512247.920398 1 0.0000
3221 596982.574023 4519515.183314 1 0.0000
3222 585317.173618 4511807.468287 1 0.0000
3223 585639.927342 4509770.379693 1 0.0000
3224 584852.572051 4497712.551739 1 0.0000
3225 585796.149103 4512695.115269 1 0.0000
3226 585595.551683 4514761.329518 1 0.0000
3227 583417.926918 4506205.065408 1 0.0000
3228 573322.323580 4498777.757482 1 0.0000
3229 595754.463300 4509565.868949 1 0.0000
3230 586250.777754 4512216.081110 1 0.0000
3231 586473.311976 4511406.513865 1 0.0000
3232 586036.835526 4512164.582257 1 0.0000
3233 569504.041850 4495152.678862 1 0.0000
3234 587554.311559 4514390.860863 1 0.0000
3235 583877.676665 4506479.981467 1 0.0000
3236 587735.849997 4502594.125739 1 0.0000
3237 589552.695687 4517254.958437 1 0.0000
3238 588976.103525 4511054.718807 1 0.0000
3239 605015.108905 4512007.682471 1 0.0000
3240 586621.464117 4512337.929619 1 0.0000
3241 583623.883657 4496429.416033 1 0.0000
3242 587770.801651 4513229.562061 1 0.0000
3243 585014.952497 4511614.178746 1 0.0000
3244 585376.149369 4511418.696917 1 0.0000
3245 586089.534570 4512005.809684 1 0.0000
3246 586244.864685 4512547.864074 1 0.0000
3247 589871.584723 4519033.053586 1 0.0000
3248 588670.036475 4516787.491250 1 0.0000
3249 584623.304478 4511674.013210 1 0.0000
3250 574882.824246 4491163.877255 1 0.0000
3251 585885.290164 4512279.871151 1 0.0000
3252 583260.766256 4506278.543426 1 0.0000
3253 603939.803155 4507709.567999 1 0.0000
3254 586810.851936 4512030.482293 1 0.0000
3255 583918.077513 4509194.030846 1 0.0000
3256 602420.881830 4503132.800038 1 0.0000
3257 591053.280012 4521095.257840 1 0.0000
3258 592977.750141 4522130.766089 1 0.0000
3259 587748.446842 4514335.479609 1 0.0000
3260 592248.259090 4525223.428736 1 0.0000
3261 590799.774142 4512244.745013 1 0.0000
3262 591836.107171 4505342.791615 1 0.0000
3263 587543.466880 4514700.647827 1 0.0000
3264 585432.704667 4510787.639498 1 0.0000
3265 588448.514607 4501101.446410 1 0.0000
3266 588845.973752 4517366.050118 1 0.0000
3267 586563.915793 4512226.962546 1 0.0000
3268 585639.927342 4509770.379693 1 0.0000
3269 585713.821077 4511308.880139 1 0.0000
3270 588167.359299 4503905.705477 1 0.0000
3271 585644.180206 4512633.656357 1 0.0000
3272 585805.705753 4513327.232303 1 0.0000
3273 590046.395366 4502558.843179 1 0.0000
3274 593946.234931 4509372.810640 1 0.0000
3275 592052.165583 4518132.751107 1 0.0000
3276 593448.650740 4525753.968792 1 0.0000
3277 587057.055510 4512486.725477 1 0.0000
3278 589613.694824 4521150.748524 1 0.0000
3279 589746.008706 4495632.933176 1 0.0000
3280 589506.219568 4504505.403659 1 0.0000
3281 585914.244869 4512332.919234 1 0.0000
3282 584130.771874 4507080.431811 1 0.0000
3283 583278.416798 4507886.478491 1 0.0000
3284 583424.634627 4507141.564176 1 0.0000
3285 596337.527274 4515577.938297 1 0.0000
3286 591562.812918 4520799.994522 1 0.0000
3287 585339.155246 4507870.938164 1 0.0000
3288 585449.040985 4513472.484058 1 0.0000
3289 586206.656065 4512477.950256 1 0.0000
3290 597421.690500 4521653.665116 1 0.0000
3291 594142.553086 4501756.730385 1 0.0000
3292 586234.145346 4511616.489655 1 0.0000
3293 590028.832735 4510931.103427 1 0.0000
3294 585674.598493 4512371.021885 1 0.0000
3295 588171.214079 4500270.350261 1 0.0000
3296 593320.707204 4523321.016758 1 0.0000
3297 598090.773349 4524281.752449 1 0.0000
3298 596651.909340 4505198.870114 1 0.0000
3299 585098.379853 4511566.677694 1 0.0000
3300 599984.398963 4503437.589105 1 0.0000
3301 594219.948722 4525726.513513 1 0.0000
3302 585252.586730 4512260.777144 1 0.0000
3303 597131.846923 4519385.848057 1 0.0000
3304 585575.964050 4510142.333442 1 0.0000
3305 585562.305299 4512839.024988 1 0.0000
3306 590427.993442 4523309.023810 1 0.0000
3307 586098.676774 4514492.503500 1 0.0000
3308 589312.593118 4516824.985467 1 0.0000
3309 584521.652662 4509897.512107 1 0.0000
3310 592679.215131 4521053.167827 1 0.0000
3311 593797.035967 4520941.893196 1 0.0000
3312 593001.188086 4524776.141439 1 0.0000
3313 586206.656065 4512477.950256 1 0.0000
3314 600307.409912 4507245.595306 1 0.0000
3315 584303.933400 4496303.370410 1 0.0000
3316 586042.217065 4512574.808207 1 0.0000
3317 604250.248170 4501869.712119 1 0.0000
3318 586396.035345 4512679.401326 1 0.0000
3319 585639.927342 4509770.379693 1 0.0000
3320 597371.452746 4522878.447611 1 0.0000
3321 583868.283941 4506582.262857 1 0.0000
3322 585567.368485 4510602.679647 1 0.0000
3323 584089.404461 4512210.345486 1 0.0000
3324 584227.887998 4503259.665166 1 0.0000
3325 586490.361793 4512745.078593 1 0.0000
3326 607427.333785 4511348.844894 1 0.0000
3327 585008.067291 4511228.923935 1 0.0000
3328 584601.946451 4508466.208182 1 0.0000
3329 591815.612795 4521612.558198 1 0.0000
3330 586221.284373 4512905.651709 1 0.0000
3331 598676.924447 4520263.135378 1 0.0000
3332 577357.335594 4499373.381430 1 0.0000
3333 596127.451531 4511627.992544 1 0.0000
3334 586688.249289 4492103.331068 1 0.0000
3335 584237.091503 4507645.080912 1 0.0000
3336 586720.767534 4514988.381715 1 0.0000
3337 589814.161201 4517762.272135 1 0.0000
3338 583534.881238 4506745.762219 1 0.0000
3339 588406.923974 4497387.268736 1 0.0000
3340 585796.149103 4512695.115269 1 0.0000
3341 585379.551739 4514729.917746 1 0.0000
3342 582969.070750 4506632.971266 1 0.0000
3343 597371.452746 4522878.447611 1 0.0000
3344 585095.795478 4505478.193971 1 0.0000
3345 585805.705753 4513327.232303 1 0.0000
3346 591232.751299 4520669.458855 1 0.0000
3347 589837.680301 4518959.835549 1 0.0000
3348 588062.592246 4514284.817470 1 0.0000
3349 584659.106934 4511741.157408 1 0.0000
3350 585562.305299 4512839.024988 1 0.0000
3351 583696.089009 4503585.764818 1 0.0000
3352 585614.636433 4512391.670375 1 0.0000
3353 599630.564163 4507354.918329 1 0.0000
3354 586912.632289 4504937.866611 1 0.0000
3355 586956.898630 4512959.438898 1 0.0000
3356 584098.941293 4501013.594583 1 0.0000
3357 585002.023838 4497271.486686 1 0.0000
3358 583544.723041 4506657.502999 1 0.0000
3359 590391.555949 4522950.545899 1 0.0000
3360 586202.770403 4511561.890121 1 0.0000
3361 590577.952816 4505443.058833 1 0.0000
3362 585581.072186 4512047.858620 1 0.0000
3363 590427.993442 4523309.023810 1 0.0000
3364 584485.432741 4495187.099709 1 0.0000
3365 584870.382514 4509993.816487 1 0.0000
3366 585441.199084 4514347.576871 1 0.0000
3367 566227.171058 4488160.356159 1 0.0000
3368 588571.474617 4498406.619425 1 0.0000
3369 585758.243764 4512785.796760 1 0.0000
3370 597371.452746 4522878.447611 1 0.0000
3371 588435.974638 4506383.462163 1 0.0000
3372 598865.031061 4492892.668989 1 0.0000
3373 591442.671901 4502531.445600 1 0.0000
3374 584460.056719 4511372.302035 1 0.0000
3375 589480.489651 4521687.996873 1 0.0000
3376 593871.054198 4507410.082616 1 0.0000
3377 600655.143388 4501482.051053 1 0.0000
3378 586053.094276 4513171.287561 1 0.0000
3379 586905.408746 4492918.188233 1 0.0000
3380 585796.149103 4512695.115269 1 0.0000
3381 585310.647960 4492421.058661 1 0.0000
3382 586386.637639 4512594.883439 1 0.0000
3383 584404.971525 4510857.903298 1 0.0000
3384 574672.713529 4497850.935814 1 0.0000
3385 586536.141634 4512631.936129 1 0.0000
3386 583835.938942 4509369.227551 1 0.0000
3387 592170.929075 4507251.476492 1 0.0000
3388 590841.601392 4497287.852923 1 0.0000
3389 584947.260620 4511698.121963 1 0.0000
3390 586988.116713 4512359.172977 1 0.0000
3391 592468.700064 4507274.062567 1 0.0000
3392 596919.892621 4505027.303796 1 0.0000
3393 585915.544398 4512513.029254 1 0.0000
3394 585793.055619 4496067.368454 1 0.0000
3395 597371.452746 4522878.447611 1 0.0000
3396 582585.489749 4496179.322921 1 0.0000
3397 590896.042982 4520961.209226 1 0.0000
3398 596657.943223 4523262.503415 1 0.0000
3399 584243.552597 4510609.539066 1 0.0000
3400 586329.649519 4512728.924898 1 0.0000
3401 590355.345804 4517924.467102 1 0.0000
3402 590220.600253 4503720.013641 1 0.0000
3403 586203.662888 4493666.848938 1 0.0000
3404 589016.982490 4519285.070416 1 0.0000
3405 589438.192378 4512703.092183 1 0.0000
3406 596331.825352 4520996.406444 1 0.0000
3407 585900.983669 4514726.415323 1 0.0000
3408 594138.919070 4516454.901075 1 0.0000
3409 587229.605131 4515929.400016 1 0.0000
3410 585000.529613 4508011.218842 1 0.0000
3411 585799.226044 4512291.383752 1 0.0000
3412 587742.101329 4514410.980292 1 0.0000
3413 590122.816522 4523854.976278 1 0.0000
3414 585988.614148 4514203.279938 1 0.0000
3415 595702.316059 4511523.503171 1 0.0000
3416 586664.339944 4513067.941536 1 0.0000
3417 588888.477996 4511684.818655 1 0.0000
3418 592193.837844 4523957.850989 1 0.0000
3419 586775.309233 4498443.192706 1 0.0000
3420 588974.230480 4518010.497699 1 0.0000
3421 601748.918749 4506432.792257 1 0.0000
3422 588371.166789 4515043.762974 1 0.0000
3423 583676.860828 4507095.680195 1 0.0000
3424 585867.603993 4511264.618627 1 0.0000
3425 598139.888417 4508632.484518 1 0.0000
3426 594091.613487 4522766.967670 1 0.0000
3427 607317.932316 4504619.175538 1 0.0000
3428 586537.993164 4511854.287762 1 0.0000
3429 586221.284373 4512905.651709 1 0.0000
3430 601536.699413 4507113.603385 1 0.0000
3431 591266.052485 4517455.810661 1 0.0000
3432 577825.008351 4499486.877084 1 0.0000
3433 589398.590642 4501428.858510 1 0.0000
3434 585796.149103 4512695.115269 1 0.0000
3435 586481.221681 4511942.621573 1 0.0000
3436 586117.464607 4512710.356362 1 0.0000
3437 606455.718248 4505674.149719 1 0.0000
3438 586561.241972 4508742.966241 1 0.0000
3439 577684.561474 4499725.399568 1 0.0000
3440 587454.952267 4518080.627780 1 0.0000
3441 586468.626732 4508419.814486 1 0.0000
3442 588626.724950 4515401.077652 1 0.0000
3443 608924.065987 4511149.805225 1 0.0000
3444 588412.269415 4500697.880076 1 0.0000
3445 572420.501716 4493944.142161 1 0.0000
3446 598731.718613 4522138.518185 1 0.0000
3447 602823.979395 4503461.010982 1 0.0000
3448 587784.825112 4517773.259765 1 0.0000
3449 583835.938942 4509369.227551 1 0.0000
3450 584744.913679 4512768.459057 1 0.0000
3451 604184.572929 4502420.238712 1 0.0000
3452 586192.974868 4512849.563306 1 0.0000
3453 588120.008618 4514995.494948 1 0.0000
3454 585644.180206 4512633.656357 1 0.0000
3455 592283.020103 4506023.768430 1 0.0000
3456 587548.134984 4502165.677637 1 0.0000
3457 589054.137110 4518806.150407 1 0.0000
3458 585907.540777 4513322.297933 1 0.0000
3459 587766.659199 4519045.306045 1 0.0000
3460 586627.317407 4511690.446581 1 0.0000
3461 583915.236648 4511583.364964 1 0.0000
3462 587057.055510 4512486.725477 1 0.0000
3463 586667.168866 4512418.594863 1 0.0000
3464 604280.419234 4511762.842091 1 0.0000
3465 576885.048616 4495137.594557 1 0.0000
3466 586019.219130 4514084.784564 1 0.0000
3467 592023.277795 4496461.137050 1 0.0000
3468 603794.437711 4507495.511761 1 0.0000
3469 588803.427346 4514629.379644 1 0.0000
3470 602176.040091 4505505.147856 1 0.0000
3471 593446.418899 4526403.032550 1 0.0000
3472 585796.149103 4512695.115269 1 0.0000
3473 585866.313036 4511591.881505 1 0.0000
3474 600443.060348 4502254.328453 1 0.0000
3475 585644.180206 4512633.656357 1 0.0000
3476 583564.339206 4506700.997412 1 0.0000
3477 596832.244516 4510241.239012 1 0.0000
3478 570320.103288 4489415.372111 1 0.0000
3479 592490.977020 4518854.795268 1 0.0000
3480 587887.321333 4503396.062285 1 0.0000
3481 586392.840231 4511970.259677 1 0.0000
3482 587252.832406 4517393.286883 1 0.0000
3483 594707.898650 4519578.836461 1 0.0000
3484 582974.159842 4498150.114757 1 0.0000
3485 600590.996088 4515423.440090 1 0.0000
3486 588277.660774 4518460.564660 1 0.0000
3487 585295.347292 4505107.175469 1 0.0000
3488 586667.168866 4512418.594863 1 0.0000
3489 583842.532146 4509084.687630 1 0.0000
3490 586081.011303 4512646.861818 1 0.0000
3491 587322.291699 4514027.110244 1 0.0000
3492 568486.438706 4493747.646015 1 0.0000
3493 590789.726057 4504881.717255 1 0.0000
3494 596189.764107 4520974.369142 1 0.0000
3495 585768.648512 4513396.897027 1 0.0000
3496 589887.112431 4506408.811717 1 0.0000
3497 583424.634627 4507141.564176 1 0.0000
3498 588400.288503 4508421.084855 1 0.0000
3499 593342.566880 4519428.571933 1 0.0000
3500 590219.749083 4504705.803839 1 0.0000
3501 589823.409332 4522720.995396 1 0.0000
3502 592053.961136 4518776.979873 1 0.0000
3503 593533.013913 4523676.325365 1 0.0000
3504 589607.484746 4501763.691549 1 0.0000
3505 585586.708466 4512409.025689 1 0.0000
3506 589933.950818 4501969.133439 1 0.0000
3507 593442.000616 4523987.640889 1 0.0000
3508 584089.404461 4512210.345486 1 0.0000
3509 594065.825707 4503574.192586 1 0.0000
3510 591452.937817 4506103.611746 1 0.0000
3511 592608.649413 4520694.298233 1 0.0000
3512 583659.108384 4506326.349964 1 0.0000
3513 585918.374865 4512344.850972 1 0.0000
3514 585458.310307 4504657.729809 1 0.0000
3515 585562.305299 4512839.024988 1 0.0000
3516 575939.364114 4495713.120259 1 0.0000
3517 591080.068386 4512597.770242 1 0.0000
3518 592462.449548 4519539.208961 1 0.0000
3519 588519.593116 4519103.870699 1 0.0000
3520 606880.743227 4513186.327521 1 0.0000
3521 586751.967701 4512250.740907 1 0.0000
3522 585873.355475 4513995.664137 1 0.0000
3523 585106.332589 4503347.058601 1 0.0000
3524 586447.985773 4504718.052169 1 0.0000
3525 599042.283692 4515639.837221 1 0.0000
3526 583967.793881 4509190.026303 1 0.0000
3527 597954.490128 4504944.902803 1 0.0000
3528 589195.353616 4511175.451461 1 0.0000
3529 586524.663100 4511499.736057 1 0.0000
3530 593552.384525 4502499.052803 1 0.0000
3531 586221.284373 4512905.651709 1 0.0000
3532 585050.453257 4509995.868171 1 0.0000
3533 592415.236284 4502972.171883 1 0.0000
3534 587501.600095 4514390.259786 1 0.0000
3535 588255.766379 4518322.880567 1 0.0000
3536 585551.566982 4502701.533753 1 0.0000
3537 586368.238497 4511535.131215 1 0.0000
3538 592321.740026 4511323.502614 1 0.0000
3539 600479.321072 4508849.862544 1 0.0000
3540 591595.132835 4514116.636841 1 0.0000
3541 587543.466880 4514700.647827 1 0.0000
3542 585964.144017 4514157.901645 1 0.0000
3543 601265.174177 4507730.354070 1 0.0000
3544 584620.852185 4492305.356200 1 0.0000
3545 585107.819772 4510310.086142 1 0.0000
3546 587162.680061 4511748.044940 1 0.0000
3547 598949.138265 4512499.970998 1 0.0000
3548 584089.404461 4512210.345486 1 0.0000
3549 584578.641986 4512170.516477 1 0.0000
3550 587114.304190 4513854.091720 1 0.0000
3551 573197.076694 4498591.064344 1 0.0000
3552 585138.172415 4511470.836680 1 0.0000
3553 600943.942293 4506527.557796 1 0.0000
3554 589656.269297 4493552.464781 1 0.0000
3555 584356.928034 4511758.130697 1 0.0000
3556 590751.108651 4519588.558318 1 0.0000
3557 587271.336102 4494076.332521 1 0.0000
3558 586591.473355 4511626.960103 1 0.0000
3559 575690.348729 4496763.393482 1 0.0000
3560 571819.680398 4498811.848302 1 0.0000
3561 606795.863088 4507868.503436 1 0.0000
3562 583417.926918 4506205.065408 1 0.0000
3563 586726.735259 4512860.522007 1 0.0000
3564 599554.687855 4512202.432065 1 0.0000
3565 595846.852248 4502084.485059 1 0.0000
3566 593286.003752 4522810.492630 1 0.0000
3567 583507.738500 4500266.695200 1 0.0000
3568 585914.712250 4513201.097909 1 0.0000
3569 588440.580819 4500700.335097 1 0.0000
3570 582031.948776 4497132.296963 1 0.0000
3571 586536.128200 4512178.498472 1 0.0000
3572 586480.403347 4515410.130352 1 0.0000
3573 589665.168961 4513456.231538 1 0.0000
3574 592170.450673 4505311.245534 1 0.0000
3575 586621.464117 4512337.929619 1 0.0000
3576 585844.401545 4492190.044848 1 0.0000
3577 578684.243793 4494508.996856 1 0.0000
3578 601533.850520 4506265.179617 1 0.0000
3579 589287.850136 4511749.704816 1 0.0000
3580 589269.599097 4521716.063290 1 0.0000
3581 603584.946710 4512410.122650 1 0.0000
3582 585479.529926 4509887.091892 1 0.0000
3583 586329.649519 4512728.924898 1 0.0000
3584 590502.318379 4496386.272779 1 0.0000
3585 591520.610200 4520305.538256 1 0.0000
3586 601826.324166 4510318.180229 1 0.0000
3587 590680.542426 4524516.826500 1 0.0000
3588 582994.894357 4497505.556594 1 0.0000
3589 593676.278472 4509235.655153 1 0.0000
3590 586703.867614 4512487.272235 1 0.0000
3591 585632.084693 4514122.729208 1 0.0000
3592 591170.345067 4498231.976603 1 0.0000
3593 587602.844280 4517778.192662 1 0.0000
3594 584394.235161 4512094.366180 1 0.0000
3595 577825.008351 4499486.877084 1 0.0000
3596 586475.241959 4512066.274165 1 0.0000
3597 585247.973144 4510686.498493 1 0.0000
3598 585427.308476 4505293.341567 1 0.0000
3599 584112.799651 4507374.287524 1 0.0000
3600 595995.071883 4523802.248494 1 0.0000
3601 592907.056385 4524800.054382 1 0.0000
3602 578157.221238 4499266.687005 1 0.0000
3603 589775.078359 4511003.786421 1 0.0000
3604 593942.717537 4512117.508308 1 0.0000
3605 589955.351652 4511683.867673 1 0.0000
3606 595125.805814 4501337.926135 1 0.0000
3607 592210.088996 4505282.441938 1 0.0000
3608 587290.848571 4517827.352550 1 0.0000
3609 586438.100695 4512758.500617 1 0.0000
3610 586627.317407 4511690.446581 1 0.0000
3611 593231.875634 4506459.359096 1 0.0000
3612 585796.149103 4512695.115269 1 0.0000
3613 587177.091835 4512542.639577 1 0.0000
3614 582618.164113 4499845.507225 1 0.0000
3615 577797.946540 4494068.660279 1 0.0000
3616 593108.526681 4519589.240865 1 0.0000
3617 589685.742428 4493935.839427 1 0.0000
3618 588118.908249 4507681.655947 1 0.0000
3619 585050.453257 4509995.868171 1 0.0000
3620 589967.640128 4516488.716004 1 0.0000
3621 583163.558490 4507188.566785 1 0.0000
3622 584659.106934 4511741.157408 1 0.0000
3623 585577.923078 4501509.441572 1 0.0000
3624 599998.862535 4516869.997744 1 0.0000
3625 566812.574406 4485850.304924 1 0.0000
3626 591521.733725 4511571.586752 1 0.0000
3627 583444.471272 4507700.963063 1 0.0000
3628 588489.768052 4515626.541538 1 0.0000
3629 589759.114497 4522266.818571 1 0.0000
3630 586057.006954 4511945.406396 1 0.0000
3631 586510.809286 4512127.319980 1 0.0000
3632 607921.473388 4511791.164501 1 0.0000
3633 596412.297948 4519738.758066 1 0.0000
3634 586329.649519 4512728.924898 1 0.0000
3635 586329.649519 4512728.924898 1 0.0000
3636 585323.024785 4492001.902204 1 0.0000
3637 590616.943327 4503193.682477 1 0.0000
3638 585717.085725 4496209.726229 1 0.0000
3639 589308.378106 4515457.300998 1 0.0000
3640 595348.663026 4510921.891242 1 0.0000
3641 586863.626814 4512453.439179 1 0.0000
3642 589935.883568 4522718.623108 1 0.0000
3643 604332.492532 4494700.470780 1 0.0000
3644 598860.865826 4520781.461709 1 0.0000
3645 598905.078391 4505336.627944 1 0.0000
3646 585442.680700 4507209.030723 1 0.0000
3647 594519.308495 4501640.033015 1 0.0000
3648 585918.374865 4512344.850972 1 0.0000
3649 585967.661064 4511923.972012 1 0.0000
3650 585008.067291 4511228.923935 1 0.0000
3651 601412.844531 4503451.685167 1 0.0000
3652 588078.304558 4512986.235039 1 0.0000
3653 586536.128200 4512178.498472 1 0.0000
3654 596746.522422 4511427.210121 1 0.0000
3655 588285.009916 4507652.768878 1 0.0000
3656 584073.902662 4507418.334849 1 0.0000
3657 583504.643763 4506082.639339 1 0.0000
3658 587415.010181 4518002.465286 1 0.0000
3659 587934.034756 4513051.326638 1 0.0000
3660 588026.546188 4497152.879780 1 0.0000
3661 586035.500002 4512255.071085 1 0.0000
3662 600646.966395 4501549.666743 1 0.0000
3663 582031.948776 4497132.296963 1 0.0000
3664 585427.308476 4505293.341567 1 0.0000
3665 596166.014265 4508400.370458 1 0.0000
3666 586047.819782 4513741.070932 1 0.0000
3667 588931.707021 4494592.799969 1 0.0000
3668 584388.459221 4508669.163462 1 0.0000
3669 590816.960567 4519746.247732 1 0.0000
3670 585449.136970 4514880.943247 1 0.0000
3671 592078.564650 4504736.087491 1 0.0000
3672 585661.788170 4513735.756968 1 0.0000
3673 590909.041704 4522946.396152 1 0.0000
3674 593716.907665 4518909.915186 1 0.0000
3675 589387.209863 4516240.750798 1 0.0000
3676 570469.869132 4498028.296140 1 0.0000
3677 583609.807821 4506989.786424 1 0.0000
3678 587465.615567 4517519.738677 1 0.0000
3679 585805.705753 4513327.232303 1 0.0000
3680 587842.623916 4493411.510811 1 0.0000
3681 589244.220973 4518892.424333 1 0.0000
3682 587757.409668 4502681.217947 1 0.0000
3683 585791.186433 4513665.315263 1 0.0000
3684 594200.106767 4522766.377121 1 0.0000
3685 586481.221681 4511942.621573 1 0.0000
3686 586988.116713 4512359.172977 1 0.0000
3687 584970.363366 4512318.202290 1 0.0000
3688 593005.631745 4522437.952947 1 0.0000
3689 583976.758692 4507573.248662 1 0.0000
3690 588489.768052 4515626.541538 1 0.0000
3691 598461.979098 4505632.669140 1 0.0000
3692 572522.842078 4497457.157883 1 0.0000
3693 584112.799651 4507374.287524 1 0.0000
3694 592744.222164 4520216.496849 1 0.0000
3695 591798.028520 4526035.893124 1 0.0000
3696 591376.668712 4521837.319615 1 0.0000
3697 585644.180206 4512633.656357 1 0.0000
3698 565141.190520 4484729.482193 1 0.0000
3699 584042.905447 4508936.130687 1 0.0000
3700 577557.715639 4496035.326174 1 0.0000
3701 583278.416798 4507886.478491 1 0.0000
3702 591076.394746 4503844.019183 1 0.0000
3703 587114.304190 4513854.091720 1 0.0000
3704 576957.569751 4494333.658999 1 0.0000
3705 586019.219130 4514084.784564 1 0.0000
3706 594764.295104 4525211.933008 1 0.0000
3707 592131.662628 4511049.211521 1 0.0000
3708 592356.916281 4523553.499680 1 0.0000
3709 586811.830215 4515233.509442 1 0.0000
3710 601678.995532 4514052.006041 1 0.0000
3711 594614.737211 4512538.686250 1 0.0000
3712 592297.106776 4513967.697218 1 0.0000
3713 583835.938942 4509369.227551 1 0.0000
3714 587887.785151 4515211.034979 1 0.0000
3715 583529.776520 4507702.543750 1 0.0000
3716 585843.735254 4514268.364177 1 0.0000
3717 588118.908249 4507681.655947 1 0.0000
3718 587664.630527 4514497.250236 1 0.0000
3719 592535.353391 4501975.545677 1 0.0000
3720 585259.894538 4505410.888715 1 0.0000
3721 589623.033011 4517126.249014 1 0.0000
3722 602117.453848 4513388.397906 1 0.0000
3723 598475.518075 4501652.373511 1 0.0000
3724 592801.835657 4523472.947630 1 0.0000
3725 588511.759334 4503418.401292 1 0.0000
3726 590896.042982 4520961.209226 1 0.0000
3727 588157.487892 4517267.693643 1 0.0000
3728 595007.964373 4510627.905299 1 0.0000
3729 602709.002514 4494392.263641 1 0.0000
3730 591442.671901 4502531.445600 1 0.0000
3731 588050.266694 4500401.835943 1 0.0000
3732 572607.520666 4495076.154786 1 0.0000
3733 585600.316419 4511936.851188 1 0.0000
3734 592713.088056 4525267.438404 1 0.0000
3735 591197.458110 4501799.440919 1 0.0000
3736 586392.840231 4511970.259677 1 0.0000
3737 593836.474827 4520610.180576 1 0.0000
3738 586846.104513 4513081.897085 1 0.0000
3739 593274.698125 4519634.713378 1 0.0000
3740 584753.382090 4507129.267262 1 0.0000
3741 585644.180206 4512633.656357 1 0.0000
3742 605634.817249 4495732.751725 1 0.0000
3743 590899.967914 4518800.691049 1 0.0000
3744 587501.600095 4514390.259786 1 0.0000
3745 595439.696940 4528164.632505 1 0.0000
3746 601324.710956 4507854.450728 1 0.0000
3747 584089.404461 4512210.345486 1 0.0000
3748 587600.732417 4512777.537988 1 0.0000
3749 586537.993164 4511854.287762 1 0.0000
3750 585680.620327 4514623.343378 1 0.0000
3751 585918.128698 4509236.617183 1 0.0000
3752 586053.094276 4513171.287561 1 0.0000
3753 592791.274554 4527013.250251 1 0.0000
3754 594801.256467 4526218.293390 1 0.0000
3755 593264.007256 4523002.225457 1 0.0000
3756 592610.976966 4505937.604141 1 0.0000
3757 605967.835114 4505968.472905 1 0.0000
3758 582110.220989 4498583.359506 1 0.0000
3759 577557.715639 4496035.326174 1 0.0000
3760 584074.088612 4503439.531667 1 0.0000
3761 589847.232328 4523036.666515 1 0.0000
3762 586667.168866 4512418.594863 1 0.0000
3763 584089.404461 4512210.345486 1 0.0000
3764 585150.737375 4510260.904640 1 0.0000
3765 596272.614191 4519214.235524 1 0.0000
3766 593676.278472 4509235.655153 1 0.0000
3767 578029.798325 4499565.692317 1 0.0000
3768 585918.374865 4512344.850972 1 0.0000
3769 586329.649519 4512728.924898 1 0.0000
3770 593452.994174 4501859.816389 1 0.0000
3771 605391.187025 4506163.050074 1 0.0000
3772 588839.561648 4517367.195467 1 0.0000
3773 588803.427346 4514629.379644 1 0.0000
3774 586749.834926 4512571.597111 1 0.0000
3775 587057.055510 4512486.725477 1 0.0000
3776 586329.649519 4512728.924898 1 0.0000
3777 594442.103218 4519825.079925 1 0.0000
3778 587990.645241 4519071.325296 1 0.0000
3779 589221.628627 4515502.022073 1 0.0000
3780 583473.756303 4499690.991147 1 0.0000
3781 586530.371014 4512496.569843 1 0.0000
3782 606620.740923 4501312.739523 1 0.0000
3783 584925.787872 4510239.449002 1 0.0000
3784 590740.694921 4504182.413609 1 0.0000
3785 595099.093528 4502213.727823 1 0.0000
3786 587472.018785 4497951.055429 1 0.0000
3787 584394.235161 4512094.366180 1 0.0000
3788 592288.891603 4500977.800523 1 0.0000
3789 583535.090472 4506968.213988 1 0.0000
3790 601936.205713 4494445.059526 1 0.0000
3791 586160.577597 4507721.222344 1 0.0000
3792 585014.952497 4511614.178746 1 0.0000
3793 587873.865804 4503132.320187 1 0.0000
3794 597617.920169 4505386.294431 1 0.0000
3795 587252.587095 4513057.579433 1 0.0000
3796 585764.969896 4510216.097115 1 0.0000
3797 586206.656065 4512477.950256 1 0.0000
3798 586392.840231 4511970.259677 1 0.0000
3799 588451.197197 4506250.773166 1 0.0000
3800 597250.960524 4505177.035935 1 0.0000
3801 585619.224450 4507467.315466 1 0.0000
3802 586946.178357 4504721.282406 1 0.0000
3803 586413.551731 4511623.409485 1 0.0000
3804 585280.195441 4502341.003927 1 0.0000
3805 586111.620056 4512046.589550 1 0.0000
3806 585707.659412 4505078.956263 1 0.0000
3807 585796.149103 4512695.115269 1 0.0000
3808 597480.708418 4509358.790004 1 0.0000
3809 586236.557370 4512688.553921 1 0.0000
3810 588874.954761 4516187.372729 1 0.0000
3811 591970.732348 4518138.831136 1 0.0000
3812 586485.950948 4512410.130631 1 0.0000
3813 585959.667267 4514149.622878 1 0.0000
3814 587398.504486 4492832.978276 1 0.0000
3815 591821.643701 4505730.245037 1 0.0000
3816 589860.768474 4498997.202724 1 0.0000
3817 585466.654434 4512381.451534 1 0.0000
3818 587822.983217 4518862.804903 1 0.0000
3819 591421.228032 4518946.509026 1 0.0000
3820 591312.105747 4503026.366560 1 0.0000
3821 607245.336783 4512533.143225 1 0.0000
3822 586109.064824 4512698.681270 1 0.0000
3823 586054.196607 4514063.852499 1 0.0000
3824 590179.167349 4498947.188152 1 0.0000
3825 600685.956391 4507588.463367 1 0.0000
3826 591759.153177 4512612.209746 1 0.0000
3827 571210.300797 4492620.106120 1 0.0000
3828 591808.458281 4525469.508655 1 0.0000
3829 592508.250650 4520813.523138 1 0.0000
3830 586745.333094 4515827.279272 1 0.0000
3831 589631.617091 4521422.775297 1 0.0000
3832 585252.586730 4512260.777144 1 0.0000
3833 593268.382309 4503168.670707 1 0.0000
3834 587015.862106 4503310.272727 1 0.0000
3835 594277.100955 4521680.565268 1 0.0000
3836 585562.305299 4512839.024988 1 0.0000
3837 587724.536218 4496323.642664 1 0.0000
3838 585479.529926 4509887.091892 1 0.0000
3839 584112.799651 4507374.287524 1 0.0000
3840 587057.055510 4512486.725477 1 0.0000
3841 586100.181674 4514039.693500 1 0.0000
3842 589232.374695 4516323.700943 1 0.0000
3843 577684.561474 4499725.399568 1 0.0000
3844 586036.763200 4511582.549087 1 0.0000
3845 586784.738179 4512851.431470 1 0.0000
3846 584353.881690 4507745.142268 1 0.0000
3847 590376.867781 4513924.486495 1 0.0000
3848 585984.188189 4515206.399567 1 0.0000
3849 592014.642826 4522517.150265 1 0.0000
3850 598301.851838 4526426.484143 1 0.0000
3851 587919.629437 4513112.108512 1 0.0000
3852 591990.979943 4505711.754582 1 0.0000
3853 583417.926918 4506205.065408 1 0.0000
3854 584089.404461 4512210.345486 1 0.0000
3855 589152.348161 4522056.940486 1 0.0000
3856 586117.464607 4512710.356362 1 0.0000
3857 592750.670951 4505980.026606 1 0.0000
3858 587123.817149 4512029.782260 1 0.0000
3859 585539.049172 4512045.246070 1 0.0000
3860 586974.232372 4504049.981616 1 0.0000
3861 585572.502156 4512184.888666 1 0.0000
3862 578398.787469 4499621.692106 1 0.0000
3863 591200.507126 4498608.049424 1 0.0000
3864 604259.771279 4506584.446593 1 0.0000
3865 585644.180206 4512633.656357 1 0.0000
3866 601092.764250 4493875.090637 1 0.0000
3867 591949.252482 4518365.613174 1 0.0000
3868 588513.995344 4516067.459166 1 0.0000
3869 588218.677339 4513637.519836 1 0.0000
3870 597101.682327 4502304.438048 1 0.0000
3871 595125.805814 4501337.926135 1 0.0000
3872 596453.942365 4528531.545041 1 0.0000
3873 592625.718687 4512353.000703 1 0.0000
3874 597544.050083 4526525.708013 1 0.0000
3875 583139.830322 4507532.941362 1 0.0000
3876 586071.031331 4514057.340214 1 0.0000
3877 592307.625794 4514863.124107 1 0.0000
3878 584250.776889 4498487.023606 1 0.0000
3879 593584.811396 4523890.535925 1 0.0000
3880 586667.168866 4512418.594863 1 0.0000
3881 591183.719704 4505794.599624 1 0.0000
3882 585255.059076 4504684.366404 1 0.0000
3883 584879.880309 4511781.458718 1 0.0000
3884 586329.649519 4512728.924898 1 0.0000
3885 594007.732512 4521198.141405 1 0.0000
3886 575510.659072 4497907.089808 1 0.0000
3887 583424.634627 4507141.564176 1 0.0000
3888 582544.848932 4498950.311893 1 0.0000
3889 585796.149103 4512695.115269 1 0.0000
3890 586667.168866 4512418.594863 1 0.0000
3891 585149.774396 4511495.651285 1 0.0000
3892 585796.149103 4512695.115269 1 0.0000
3893 585850.054671 4514355.589161 1 0.0000
3894 586533.283005 4505550.623244 1 0.0000
3895 583120.912932 4503064.234793 1 0.0000
3896 583519.618929 4499623.863211 1 0.0000
3897 583564.339206 4506700.997412 1 0.0000
3898 594171.028462 4523338.341157 1 0.0000
3899 586053.094276 4513171.287561 1 0.0000
3900 592163.146691 4525685.045834 1 0.0000
3901 587754.117953 4517767.118695 1 0.0000
3902 585796.149103 4512695.115269 1 0.0000
3903 583800.206154 4507289.062121 1 0.0000
3904 590309.317692 4498783.504510 1 0.0000
3905 594474.352057 4524930.396897 1 0.0000
3906 595469.173688 4512221.130680 1 0.0000
3907 583944.214892 4506524.010754 1 0.0000
3908 584162.160356 4507454.993230 1 0.0000
3909 583544.087364 4506740.077260 1 0.0000
3910 593589.084467 4523889.975702 1 0.0000
3911 587501.600095 4514390.259786 1 0.0000
3912 592977.750141 4522130.766089 1 0.0000
3913 594392.681384 4501654.440085 1 0.0000
3914 585459.534033 4511642.402831 1 0.0000
3915 589887.932959 4494244.079350 1 0.0000
3916 586667.168866 4512418.594863 1 0.0000
3917 591046.644229 4504423.582166 1 0.0000
3918 585097.044129 4504484.800459 1 0.0000
3919 586386.637639 4512594.883439 1 0.0000
3920 585885.290164 4512279.871151 1 0.0000
3921 586810.851936 4512030.482293 1 0.0000
3922 588073.528719 4507786.575009 1 0.0000
3923 597904.189291 4521725.298604 1 0.0000
3924 596785.109264 4509670.237388 1 0.0000
3925 589955.351652 4511683.867673 1 0.0000
3926 586667.168866 4512418.594863 1 0.0000
3927 585889.010218 4513531.130652 1 0.0000
3928 589552.497955 4519997.549919 1 0.0000
3929 587767.881636 4513592.767979 1 0.0000
3930 596537.271938 4512247.920398 1 0.0000
3931 589316.944471 4517752.945461 1 0.0000
3932 591169.440586 4519968.457433 1 0.0000
3933 586494.539867 4508070.890716 1 0.0000
3934 589407.037793 4521261.751038 1 0.0000
3935 588126.237037 4515705.589692 1 0.0000
3936 584403.021909 4511109.281529 1 0.0000
3937 586286.259050 4510572.777452 1 0.0000
3938 588441.092716 4515057.967771 1 0.0000
3939 586668.321700 4512424.398185 1 0.0000
3940 583918.137681 4495580.755620 1 0.0000
3941 587094.835290 4512781.524632 1 0.0000
3942 603070.837559 4494597.185961 1 0.0000
3943 586481.221681 4511942.621573 1 0.0000
3944 586202.770403 4511561.890121 1 0.0000
3945 592538.293805 4504960.112295 1 0.0000
3946 592205.802458 4527153.140950 1 0.0000
3947 585988.614148 4514203.279938 1 0.0000
3948 592278.465155 4502806.672383 1 0.0000
3949 591054.494013 4518504.424633 1 0.0000
3950 594761.388854 4504631.902628 1 0.0000
3951 586042.217065 4512574.808207 1 0.0000
3952 586081.011303 4512646.861818 1 0.0000
3953 563283.021598 4483796.980307 1 0.0000
3954 582585.489749 4496179.322921 1 0.0000
3955 586510.809286 4512127.319980 1 0.0000
3956 586641.316642 4510140.449986 1 0.0000
3957 595702.316059 4511523.503171 1 0.0000
3958 587135.259706 4504092.037967 1 0.0000
3959 605342.484654 4504173.148839 1 0.0000
3960 590220.600253 4503720.013641 1 0.0000
3961 586129.104670 4505720.937634 1 0.0000
3962 586312.037964 4512990.790736 1 0.0000
3963 585910.154614 4512905.762966 1 0.0000
3964 588171.214079 4500270.350261 1 0.0000
3965 593227.386347 4520069.030594 1 0.0000
3966 588648.834781 4518299.328674 1 0.0000
3967 587114.304190 4513854.091720 1 0.0000
3968 587833.883956 4507182.008309 1 0.0000
3969 585639.927342 4509770.379693 1 0.0000
3970 590281.289247 4519154.134639 1 0.0000
3971 585639.927342 4509770.379693 1 0.0000
3972 590804.592397 4518933.686570 1 0.0000
3973 588547.369526 4498570.288269 1 0.0000
3974 583816.576829 4508848.533578 1 0.0000
3975 586089.534570 4512005.809684 1 0.0000
3976 586447.985773 4504718.052169 1 0.0000
3977 592289.360311 4499649.184264 1 0.0000
3978 608924.065987 4511149.805225 1 0.0000
3979 589362.553906 4517414.298202 1 0.0000
3980 587930.180877 4514539.282663 1 0.0000
3981 589812.621723 4510998.424817 1 0.0000
3982 594168.800191 4498936.742710 1 0.0000
3983 584698.672931 4511237.283499 1 0.0000
3984 589099.411311 4516118.623959 1 0.0000
3985 586863.626814 4512453.439179 1 0.0000
3986 570880.278517 4495809.457698 1 0.0000
3987 597392.259916 4504301.005840 1 0.0000
3988 588963.708057 4515271.751269 1 0.0000
3989 604442.834112 4505170.704667 1 0.0000
3990 586366.048807 4510737.630072 1 0.0000
3991 606893.151396 4510408.119247 1 0.0000
3992 585644.180206 4512633.656357 1 0.0000
3993 585659.189735 4510273.095991 1 0.0000
3994 583877.676665 4506479.981467 1 0.0000
3995 586582.368735 4512265.568723 1 0.0000
3996 585110.293923 4508139.540268 1 0.0000
3997 586448.112299 4499347.860634 1 0.0000
3998 593589.084467 4523889.975702 1 0.0000
3999 585758.243764 4512785.796760 1 0.0000
4000 599984.398963 4503437.589105 1 0.0000
4001 585452.289750 4513936.013496 1 0.0000
4002 591123.762654 4518522.889016 1 0.0000
4003 585228.162668 4514056.265091 1 0.0000
4004 579325.974341 4496198.647355 1 0.0000
4005 585898.682023 4512308.058470 1 0.0000
4006 587735.849997 4502594.125739 1 0.0000
4007 585632.084693 4514122.729208 1 0.0000
4008 586688.249289 4492103.331068 1 0.0000
4009 589362.069073 4503193.734593 1 0.0000
4010 602637.043680 4512772.031829 1 0.0000
4011 603191.565031 4505171.419490 1 0.0000
4012 591783.136343 4520773.253356 1 0.0000
4013 584424.408590 4496910.529411 1 0.0000
4014 600396.808277 4502865.408811 1 0.0000
4015 591622.703604 4503555.557696 1 0.0000
4016 586030.739463 4511897.265205 1 0.0000
4017 596943.616387 4505218.946572 1 0.0000
4018 596115.697247 4506689.017898 1 0.0000
4019 585796.149103 4512695.115269 1 0.0000
4020 592704.040846 4506703.843350 1 0.0000
4021 593001.188086 4524776.141439 1 0.0000
4022 587200.042000 4517693.454392 1 0.0000
4023 599630.564163 4507354.918329 1 0.0000
4024 590968.656591 4519671.490220 1 0.0000
4025 574723.421496 4499312.940561 1 0.0000
4026 595691.702442 4522908.036463 1 0.0000
4027 585915.544398 4512513.029254 1 0.0000
4028 585796.149103 4512695.115269 1 0.0000
4029 589602.232916 4504021.062656 1 0.0000
4030 590351.396449 4520327.852879 1 0.0000
4031 588939.385514 4518233.468943 1 0.0000
4032 586451.889879 4512350.624576 1 0.0000
4033 595544.782144 4503378.604692 1 0.0000
4034 585567.368485 4510602.679647 1 0.0000
4035 583543.922526 4509162.954058 1 0.0000
4036 588811.247392 4517926.055855 1 0.0000
4037 586775.673672 4515090.482723 1 0.0000
4038 589823.409332 4522720.995396 1 0.0000
4039 598494.066233 4513900.240759 1 0.0000
4040 586122.671675 4497121.802631 1 0.0000
4041 574106.679619 4490469.752479 1 0.0000
4042 585935.977337 4511067.323337 1 0.0000
4043 586340.573703 4512144.578459 1 0.0000
4044 597607.445501 4502902.892223 1 0.0000
4045 593907.231101 4520578.380997 1 0.0000
4046 591403.857720 4517262.961439 1 0.0000
4047 572082.703782 4495807.901365 1 0.0000
4048 592107.973038 4518904.060382 1 0.0000
4049 586851.983312 4512432.280480 1 0.0000
4050 607434.213896 4511333.381288 1 0.0000
4051 600289.638782 4512932.115274 1 0.0000
4052 585252.586730 4512260.777144 1 0.0000
4053 584658.547909 4508660.355126 1 0.0000
4054 591127.499828 4500313.395629 1 0.0000
4055 583417.926918 4506205.065408 1 0.0000
4056 596077.653463 4503468.463460 1 0.0000
4057 594091.613487 4522766.967670 1 0.0000
4058 587186.261711 4513903.973248 1 0.0000
4059 585785.614525 4512095.288425 1 0.0000
4060 594289.354147 4506240.094929 1 0.0000
4061 588641.012450 4517969.824011 1 0.0000
4062 584521.652662 4509897.512107 1 0.0000
4063 588078.304558 4512986.235039 1 0.0000
4064 586627.317407 4511690.446581 1 0.0000
4065 584303.184938 4507647.966665 1 0.0000
4066 586329.649519 4512728.924898 1 0.0000
4067 597954.490128 4504944.902803 1 0.0000
4068 587945.174414 4518409.234487 1 0.0000
4069 593428.568115 4509285.859417 1 0.0000
4070 587023.282650 4503247.279631 1 0.0000
4071 591669.302377 4525033.062511 1 0.0000
4072 594074.639540 4525215.028222 1 0.0000
4073 591808.227101 4501603.737677 1 0.0000
4074 602763.384384 4507345.133129 1 0.0000
4075 586720.767534 4514988.381715 1 0.0000
4076 600082.664240 4510018.591495 1 0.0000
4077 585698.979590 4505252.552849 1 0.0000
4078 585578.878582 4505604.058718 1 0.0000
4079 592846.669744 4522882.272546 1 0.0000
4080 586203.662888 4493666.848938 1 0.0000
4081 591093.192694 4524006.232698 1 0.0000
4082 585772.332905 4507990.752941 1 0.0000
4083 589389.372033 4492609.053483 1 0.0000
4084 589294.160889 4519403.116180 1 0.0000
4085 585075.910029 4495381.516874 1 0.0000
4086 593349.414018 4521820.215566 1 0.0000
4087 595007.964373 4510627.905299 1 0.0000
4088 599574.824150 4518807.880266 1 0.0000
4089 590779.900786 4523661.353338 1 0.0000
4090 574106.131469 4494378.028626 1 0.0000
4091 588800.436638 4516281.904357 1 0.0000
4092 589211.498979 4516337.176231 1 0.0000
4093 593478.948386 4510776.274414 1 0.0000
4094 586182.622678 4511805.748366 1 0.0000
4095 586627.317407 4511690.446581 1 0.0000
4096 584505.039499 4508412.996689 1 0.0000
4097 590560.111181 4505457.787082 1 0.0000
4098 586537.993164 4511854.287762 1 0.0000
4099 585285.472342 4510230.138636 1 0.0000
4100 584982.011271 4514050.106908 1 0.0000
4101 586283.407987 4508227.554679 1 0.0000
4102 585014.952497 4511614.178746 1 0.0000
4103 572115.766749 4498043.980788 1 0.0000
4104 585696.865668 4510951.544857 1 0.0000
4105 576112.623250 4492159.039139 1 0.0000
4106 585805.705753 4513327.232303 1 0.0000
4107 587001.850909 4499799.054428 1 0.0000
4108 600801.782108 4508229.426266 1 0.0000
4109 588519.746366 4493006.600170 1 0.0000
4110 583500.710553 4506428.153568 1 0.0000
4111 592344.504315 4500347.641905 1 0.0000
4112 588566.715965 4492680.773913 1 0.0000
4113 595890.333902 4525609.368563 1 0.0000
4114 585739.818524 4505653.732713 1 0.0000
4115 586221.284373 4512905.651709 1 0.0000
4116 591968.175942 4490575.318771 1 0.0000
4117 593142.035424 4524423.951020 1 0.0000
4118 568434.190638 4486685.661805 1 0.0000
4119 588951.848551 4495985.624751 1 0.0000
4120 593342.566880 4519428.571933 1 0.0000
4121 585779.503643 4495007.081169 1 0.0000
4122 588683.943825 4515327.071738 1 0.0000
4123 587249.893430 4512598.625263 1 0.0000
4124 583676.860828 4507095.680195 1 0.0000
4125 589727.624572 4516799.550005 1 0.0000
4126 593258.936986 4522538.664419 1 0.0000
4127 595541.158918 4520824.962822 1 0.0000
4128 599637.037516 4493473.404566 1 0.0000
4129 596161.889722 4519784.659698 1 0.0000
4130 601678.995532 4514052.006041 1 0.0000
4131 593293.404483 4522215.427551 1 0.0000
4132 585776.238414 4507326.491153 1 0.0000
4133 585193.646394 4511710.375777 1 0.0000
4134 586539.604893 4512836.143984 1 0.0000
4135 591295.520928 4518158.557857 1 0.0000
4136 582145.755453 4496851.417338 1 0.0000
4137 598857.308089 4513927.537557 1 0.0000
4138 590386.956690 4521350.944891 1 0.0000
4139 584006.409364 4507458.095055 1 0.0000
4140 585758.243764 4512785.796760 1 0.0000
4141 593789.049151 4522282.945847 1 0.0000
4142 585461.467979 4512382.001203 1 0.0000
4143 586179.402194 4512168.644257 1 0.0000
4144 585885.290164 4512279.871151 1 0.0000
4145 588784.442628 4518406.008557 1 0.0000
4146 591024.015364 4520027.745477 1 0.0000
4147 584744.913679 4512768.459057 1 0.0000
4148 591847.304570 4525937.111659 1 0.0000
4149 591649.462129 4505355.905080 1 0.0000
4150 589622.102493 4494334.307207 1 0.0000
4151 586752.015181 4511925.594956 1 0.0000
4152 605677.701766 4496170.232363 1 0.0000
4153 583787.750980 4498419.901411 1 0.0000
4154 584395.995924 4507204.427807 1 0.0000
4155 586705.151138 4515101.868704 1 0.0000
4156 588661.114055 4496283.087318 1 0.0000
4157 600437.046052 4508976.457041 1 0.0000
4158 592601.646986 4503247.635369 1 0.0000
4159 585670.347349 4505385.392079 1 0.0000
4160 589752.769437 4523516.762567 1 0.0000
4161 587470.909550 4499523.428935 1 0.0000
4162 585743.047998 4512862.414995 1 0.0000
4163 587086.933660 4505446.916777 1 0.0000
4164 593727.481293 4524313.006345 1 0.0000
4165 584776.691667 4501251.064160 1 0.0000
4166 597448.963975 4505853.665324 1 0.0000
4167 589775.078359 4511003.786421 1 0.0000
4168 583417.926918 4506205.065408 1 0.0000
4169 588335.764330 4517587.561262 1 0.0000
4170 593589.084467 4523889.975702 1 0.0000
4171 593624.702786 4525067.579226 1 0.0000
4172 585666.359596 4513174.193188 1 0.0000
4173 585367.949731 4512245.331454 1 0.0000
4174 589698.302524 4511698.004181 1 0.0000
4175 586042.217065 4512574.808207 1 0.0000
4176 586988.116713 4512359.172977 1 0.0000
4177 596062.063503 4526902.810884 1 0.0000
4178 583476.640072 4507391.422292 1 0.0000
4179 588489.768052 4515626.541538 1 0.0000
4180 577418.060030 4496767.196089 1 0.0000
4181 585066.127688 4512685.576513 1 0.0000
4182 604451.917980 4503136.974547 1 0.0000
4183 586851.983312 4512432.280480 1 0.0000
4184 586107.758160 4511957.564663 1 0.0000
4185 586502.837455 4511462.920403 1 0.0000
4186 604315.548824 4494394.018716 1 0.0000
4187 599215.245576 4510351.856471 1 0.0000
4188 586950.259401 4513221.126340 1 0.0000
4189 587490.680460 4517085.478774 1 0.0000
4190 603021.640592 4510816.011542 1 0.0000
4191 587283.213311 4517000.530138 1 0.0000
4192 601779.073770 4503323.284209 1 0.0000
4193 589316.843917 4522142.315128 1 0.0000
4194 589324.119962 4508644.912135 1 0.0000
4195 589077.634247 4515783.475746 1 0.0000
4196 585582.787953 4508339.031683 1 0.0000
4197 588622.394046 4519388.444319 1 0.0000
4198 603181.736703 4510270.824341 1 0.0000
4199 593268.382309 4503168.670707 1 0.0000
4200 597506.036111 4523529.077213 1 0.0000
4201 584031.504466 4510579.088858 1 0.0000
4202 586541.617762 4512793.200609 1 0.0000
4203 585182.373444 4513715.665552 1 0.0000
4204 577947.198583 4497236.691834 1 0.0000
4205 586494.524018 4503627.354048 1 0.0000
4206 589221.628627 4515502.022073 1 0.0000
4207 586475.241959 4512066.274165 1 0.0000
4208 583154.954646 4506258.141699 1 0.0000
4209 583382.720455 4507397.057293 1 0.0000
4210 586338.338316 4512554.718500 1 0.0000
4211 596137.668387 4502853.279270 1 0.0000
4212 587624.980989 4514847.848109 1 0.0000
4213 585896.723334 4495686.422680 1 0.0000
4214 596747.237945 4510587.975621 1 0.0000
4215 598258.032358 4525433.445695 1 0.0000
4216 583417.926918 4506205.065408 1 0.0000
4217 586329.649519 4512728.924898 1 0.0000
4218 578398.787469 4499621.692106 1 0.0000
4219 588267.399899 4502531.301579 1 0.0000
4220 581721.309411 4497465.177752 1 0.0000
4221 588753.705305 4503901.404977 1 0.0000
4222 589850.072164 4516537.047252 1 0.0000
4223 606372.500729 4505917.607978 1 0.0000
4224 583429.605418 4506892.354812 1 0.0000
4225 590191.154800 4516823.423372 1 0.0000
4226 586714.191446 4494381.128876 1 0.0000
4227 593824.264287 4519008.959681 1 0.0000
4228 585376.149369 4511418.696917 1 0.0000
4229 595804.119620 4511494.798400 1 0.0000
4230 588703.415785 4493818.948917 1 0.0000
4231 606222.992143 4503224.129483 1 0.0000
4232 593452.994174 4501859.816389 1 0.0000
4233 585644.180206 4512633.656357 1 0.0000
4234 589845.061688 4517190.336289 1 0.0000
4235 598643.372786 4522296.279826 1 0.0000
4236 588489.768052 4515626.541538 1 0.0000
4237 596491.186676 4528445.730236 1 0.0000
4238 577677.267538 4497017.880525 1 0.0000
4239 588920.612898 4505328.519315 1 0.0000
4240 591651.513610 4525683.469217 1 0.0000
4241 595359.548513 4523921.764612 1 0.0000
4242 583833.293223 4508986.156446 1 0.0000
4243 596337.527274 4515577.938297 1 0.0000
4244 588340.754251 4513755.013913 1 0.0000
4245 592972.376087 4499799.862024 1 0.0000
4246 583351.498188 4506552.916038 1 0.0000
4247 592592.387787 4525563.177530 1 0.0000
4248 586925.390728 4513504.851082 1 0.0000
4249 586007.759590 4511079.111821 1 0.0000
4250 564099.849812 4484448.282900 1 0.0000
4251 591277.001637 4518232.701961 1 0.0000
4252 599139.639444 4507488.295093 1 0.0000
4253 597686.492659 4501443.809549 1 0.0000
4254 586528.622877 4512489.541671 1 0.0000
4255 576876.576998 4494998.242209 1 0.0000
4256 586226.131198 4512159.424737 1 0.0000
4257 586725.646649 4495814.071370 1 0.0000
4258 586622.562354 4512990.368516 1 0.0000
4259 585658.656541 4512727.068082 1 0.0000
4260 584661.245679 4511901.164208 1 0.0000
4261 583143.916287 4507200.837535 1 0.0000
4262 587486.835792 4514215.175747 1 0.0000
4263 600899.598803 4509622.888869 1 0.0000
4264 583976.758692 4507573.248662 1 0.0000
4265 592696.080034 4524248.206908 1 0.0000
4266 585937.815757 4511066.429835 1 0.0000
4267 586464.902211 4511395.752017 1 0.0000
4268 587006.436017 4512917.646613 1 0.0000
4269 586234.145346 4511616.489655 1 0.0000
4270 585707.659412 4505078.956263 1 0.0000
4271 597886.240946 4516163.005141 1 0.0000
4272 589373.378098 4512748.368022 1 0.0000
4273 590253.036544 4523766.261102 1 0.0000
4274 588307.938453 4518798.248595 1 0.0000
4275 583163.558490 4507188.566785 1 0.0000
4276 604059.154345 4511202.343027 1 0.0000
4277 599637.037516 4493473.404566 1 0.0000
4278 585145.184996 4508126.224045 1 0.0000
4279 585674.598493 4512371.021885 1 0.0000
4280 597594.744357 4521683.676115 1 0.0000
4281 587721.547123 4492937.205084 1 0.0000
4282 587177.091835 4512542.639577 1 0.0000
4283 586206.656065 4512477.950256 1 0.0000
4284 584130.771874 4507080.431811 1 0.0000
4285 581191.707225 4497893.690826 1 0.0000
4286 586800.780524 4500143.242032 1 0.0000
4287 586536.128200 4512178.498472 1 0.0000
4288 591608.181486 4498612.680758 1 0.0000
4289 585107.841567 4499409.415737 1 0.0000
4290 587057.055510 4512486.725477 1 0.0000
4291 586322.900600 4512732.809739 1 0.0000
4292 586329.649519 4512728.924898 1 0.0000
4293 591228.767589 4500117.081918 1 0.0000
4294 606500.749568 4509889.554557 1 0.0000
4295 598757.094180 4492763.763044 1 0.0000
4296 583617.923085 4506678.448839 1 0.0000
4297 591423.278458 4521571.513183 1 0.0000
4298 600437.046052 4508976.457041 1 0.0000
4299 602448.295755 4500423.386296 1 0.0000
4300 593276.408154 4522182.627442 1 0.0000
4301 583504.643763 4506082.639339 1 0.0000
4302 586667.168866 4512418.594863 1 0.0000
4303 588585.286389 4515320.461000 1 0.0000
4304 595794.362726 4511147.289432 1 0.0000
4305 591259.559163 4524648.379556 1 0.0000
4306 592418.786727 4513130.456626 1 0.0000
4307 585459.534033 4511642.402831 1 0.0000
4308 572572.009683 4498545.555740 1 0.0000
4309 592694.837164 4523769.757918 1 0.0000
4310 591157.872977 4522824.905116 1 0.0000
4311 587086.933660 4505446.916777 1 0.0000
4312 585886.002760 4504536.439252 1 0.0000
4313 597371.452746 4522878.447611 1 0.0000
4314 585837.756763 4512359.778045 1 0.0000
4315 585993.094459 4504739.081916 1 0.0000
4316 573929.542636 4498410.169468 1 0.0000
4317 590755.367059 4524288.825255 1 0.0000
4318 577572.912688 4497325.070422 1 0.0000
4319 585984.188189 4515206.399567 1 0.0000
4320 593170.738599 4502241.787485 1 0.0000
4321 593307.713882 4522510.271468 1 0.0000
4322 598744.073345 4503844.335958 1 0.0000
4323 585920.022106 4503394.405872 1 0.0000
4324 599328.577463 4506443.063542 1 0.0000
4325 586487.562818 4511760.466588 1 0.0000
4326 585713.821077 4511308.880139 1 0.0000
4327 595909.407707 4527408.152067 1 0.0000
4328 592853.436021 4522075.714563 1 0.0000
4329 590572.552060 4521243.054113 1 0.0000
4330 585107.919557 4506287.076793 1 0.0000
4331 592045.596987 4504553.483512 1 0.0000
4332 585038.191631 4510055.760201 1 0.0000
4333 585845.972665 4508669.001035 1 0.0000
4334 596065.641461 4519032.080248 1 0.0000
4335 586396.035345 4512679.401326 1 0.0000
4336 596929.076873 4507783.735571 1 0.0000
4337 583603.432945 4508218.674768 1 0.0000
4338 585200.657813 4512164.805060 1 0.0000
4339 587376.399105 4507082.639605 1 0.0000
4340 591127.499828 4500313.395629 1 0.0000
4341 583534.158510 4503409.010210 1 0.0000
4342 586071.031331 4514057.340214 1 0.0000
4343 601360.854044 4507087.834248 1 0.0000
4344 585530.917742 4512010.110259 1 0.0000
4345 583855.778753 4499673.089470 1 0.0000
4346 586268.138072 4512671.544452 1 0.0000
4347 596384.135361 4511726.601642 1 0.0000
4348 601708.167035 4509989.546502 1 0.0000
4349 584756.780108 4510951.500924 1 0.0000
4350 592517.717507 4520571.367116 1 0.0000
4351 586217.267914 4511787.249918 1 0.0000
4352 585496.223493 4512273.609427 1 0.0000
4353 593420.013596 4502428.983393 1 0.0000
4354 588167.359299 4503905.705477 1 0.0000
4355 604308.096475 4513989.907654 1 0.0000
4356 599634.248266 4520171.050610 1 0.0000
4357 590798.391641 4520973.199266 1 0.0000
4358 585474.696490 4511755.934607 1 0.0000
4359 584652.542594 4511728.893321 1 0.0000
4360 595619.216909 4505087.175843 1 0.0000
4361 589849.454785 4511938.330647 1 0.0000
4362 591413.602533 4514937.651641 1 0.0000
4363 603178.225447 4514863.232480 1 0.0000
4364 587193.649120 4512533.686188 1 0.0000
4365 596463.679081 4522554.207531 1 0.0000
4366 588452.484543 4511464.103213 1 0.0000
4367 585907.540777 4513322.297933 1 0.0000
4368 583538.915371 4506873.183585 1 0.0000
4369 587629.163362 4514855.208525 1 0.0000
4370 594304.425712 4523291.714890 1 0.0000
4371 586667.168866 4512418.594863 1 0.0000
4372 599517.353099 4509940.241326 1 0.0000
4373 585522.757751 4513073.824471 1 0.0000
4374 585252.586730 4512260.777144 1 0.0000
4375 585935.977337 4511067.323337 1 0.0000
4376 595995.071883 4523802.248494 1 0.0000
4377 595602.813110 4521350.727944 1 0.0000
4378 585114.293890 4511426.988465 1 0.0000
4379 572326.038406 4497212.363755 1 0.0000
4380 594734.580447 4501387.113944 1 0.0000
4381 586688.249289 4492103.331068 1 0.0000
4382 588172.167786 4514028.569232 1 0.0000
4383 605824.079359 4508508.385745 1 0.0000
4384 593589.084467 4523889.975702 1 0.0000
4385 585198.631238 4501796.141275 1 0.0000
4386 585918.374865 4512344.850972 1 0.0000
4387 590436.551631 4510396.981195 1 0.0000
4388 584268.057463 4506905.862038 1 0.0000
4389 595702.316059 4511523.503171 1 0.0000
4390 602448.295755 4500423.386296 1 0.0000
4391 591746.160205 4511184.389473 1 0.0000
4392 589555.726635 4522224.881568 1 0.0000
4393 591532.457547 4526929.086334 1 0.0000
4394 586329.649519 4512728.924898 1 0.0000
4395 590231.291126 4520945.701709 1 0.0000
4396 585107.708928 4506278.846614 1 0.0000
4397 585321.806420 4494524.381181 1 0.0000
4398 588449.364938 4519409.935386 1 0.0000
4399 592854.063848 4519750.285385 1 0.0000
4400 589128.145460 4504443.509739 1 0.0000
4401 592312.178849 4521412.224110 1 0.0000
4402 587825.683746 4504314.116087 1 0.0000
4403 585562.305299 4512839.024988 1 0.0000
4404 585342.382090 4513258.872716 1 0.0000
4405 586202.770403 4511561.890121 1 0.0000
4406 585640.824235 4509771.913274 1 0.0000
4407 594392.562593 4521549.931638 1 0.0000
4408 589558.599565 4507347.297755 1 0.0000
4409 585890.937741 4504959.760550 1 0.0000
4410 595371.387831 4525420.600985 1 0.0000
4411 589519.962594 4500965.223175 1 0.0000
4412 583928.851640 4511752.338390 1 0.0000
4413 596412.297948 4519738.758066 1 0.0000
4414 586604.486723 4512490.710327 1 0.0000
4415 588529.590870 4519215.821141 1 0.0000
4416 585988.614148 4514203.279938 1 0.0000
4417 587770.801651 4513229.562061 1 0.0000
4418 592292.445051 4520684.596635 1 0.0000
4419 586329.649519 4512728.924898 1 0.0000
4420 601144.951021 4501686.522780 1 0.0000
4421 577598.951650 4492058.917825 1 0.0000
4422 578335.653257 4498983.803121 1 0.0000
4423 585556.627141 4511144.363868 1 0.0000
4424 591004.977387 4526234.054732 1 0.0000
4425 598685.665297 4506114.257127 1 0.0000
4426 585532.645872 4512206.069899 1 0.0000
4427 585520.962907 4501614.533885 1 0.0000
4428 596252.566175 4522147.411408 1 0.0000
4429 586849.210289 4512755.871621 1 0.0000
4430 585044.919178 4507779.217047 1 0.0000
4431 594525.744400 4520667.411075 1 0.0000
4432 588489.768052 4515626.541538 1 0.0000
4433 596433.018575 4518830.266358 1 0.0000
4434 584659.106934 4511741.157408 1 0.0000
4435 589759.114497 4522266.818571 1 0.0000
4436 583994.468010 4507463.140070 1 0.0000
4437 583317.502452 4507772.346463 1 0.0000
4438 588337.534959 4507053.963882 1 0.0000
4439 600944.253882 4506526.951380 1 0.0000
4440 585760.544417 4512048.989409 1 0.0000
4441 585639.927342 4509770.379693 1 0.0000
4442 583417.926918 4506205.065408 1 0.0000
4443 583869.021147 4507400.766013 1 0.0000
4444 601703.482685 4515433.978420 1 0.0000
4445 590206.772077 4518874.453486 1 0.0000
4446 589060.809763 4517793.600879 1 0.0000
4447 591056.485520 4502110.795170 1 0.0000
4448 596380.191585 4511725.032600 1 0.0000
4449 585796.149103 4512695.115269 1 0.0000
4450 590366.723517 4523684.366999 1 0.0000
4451 591563.188889 4526906.581848 1 0.0000
4452 589627.606879 4519797.892341 1 0.0000
4453 585819.298151 4512161.189498 1 0.0000
4454 600226.855781 4504332.612119 1 0.0000
4455 583417.926918 4506205.065408 1 0.0000
4456 586465.735130 4512044.834653 1 0.0000
4457 585376.149369 4511418.696917 1 0.0000
4458 587946.758604 4513405.568965 1 0.0000
4459 586616.409202 4515428.441154 1 0.0000
4460 596654.680569 4526938.224355 1 0.0000
4461 594594.269857 4510187.731314 1 0.0000
4462 573365.368182 4496762.238520 1 0.0000
4463 597242.924217 4521055.862302 1 0.0000
4464 590808.483128 4500283.563448 1 0.0000
4465 590913.398231 4502902.988751 1 0.0000
4466 605370.704038 4503593.548100 1 0.0000
4467 586128.978276 4511753.333692 1 0.0000
4468 589625.558481 4518561.568289 1 0.0000
4469 593290.664776 4513796.176381 1 0.0000
4470 585441.199084 4514347.576871 1 0.0000
4471 604675.391434 4495312.612906 1 0.0000
4472 593589.084467 4523889.975702 1 0.0000
4473 584347.024146 4503260.714973 1 0.0000
4474 599217.041325 4514691.043294 1 0.0000
4475 583332.490303 4506696.834676 1 0.0000
4476 586217.267914 4511787.249918 1 0.0000
4477 569095.265400 4490826.586332 1 0.0000
4478 591130.909850 4502024.183835 1 0.0000
4479 584031.504466 4510579.088858 1 0.0000
4480 586089.534570 4512005.809684 1 0.0000
4481 588960.516577 4519693.681619 1 0.0000
4482 595967.077687 4509198.949832 1 0.0000
4483 590423.266870 4506236.340290 1 0.0000
4484 582600.269325 4498524.938665 1 0.0000
4485 591657.818671 4505505.318255 1 0.0000
4486 585796.149103 4512695.115269 1 0.0000
4487 589519.012341 4512697.309467 1 0.0000
4488 587393.807675 4498639.151613 1 0.0000
4489 591511.102935 4504070.806119 1 0.0000
4490 586662.868384 4512742.473284 1 0.0000
4491 600234.999180 4507181.691701 1 0.0000
4492 596842.875889 4509521.270186 1 0.0000
4493 586447.985773 4504718.052169 1 0.0000
4494 589762.893236 4496373.305069 1 0.0000
4495 584433.037068 4511898.258853 1 0.0000
4496 592107.748849 4498870.671482 1 0.0000
4497 585474.696490 4511755.934607 1 0.0000
4498 599517.353099 4509940.241326 1 0.0000
4499 595720.186522 4520411.342609 1 0.0000
4500 588601.983667 4516849.489963 1 0.0000
4501 593795.765721 4520545.721948 1 0.0000
4502 592380.814582 4503935.948429 1 0.0000
4503 584740.747286 4512492.327578 1 0.0000
4504 594263.417790 4506484.195543 1 0.0000
4505 588221.425852 4517326.016576 1 0.0000
4506 585321.806420 4494524.381181 1 0.0000
4507 585915.544398 4512513.029254 1 0.0000
4508 585441.199084 4514347.576871 1 0.0000
4509 589558.599565 4507347.297755 1 0.0000
4510 590932.263504 4518079.755237 1 0.0000
4511 596189.764107 4520974.369142 1 0.0000
4512 583752.347836 4507210.202226 1 0.0000
4513 588009.697105 4513658.603096 1 0.0000
4514 595969.441911 4510811.940101 1 0.0000
4515 586624.190459 4511938.155744 1 0.0000
4516 592791.317839 4502164.035357 1 0.0000
4517 589887.112431 4506408.811717 1 0.0000
4518 586752.015181 4511925.594956 1 0.0000
4519 586273.310320 4510933.733151 1 0.0000
4520 585957.071029 4511756.860502 1 0.0000
4521 599543.683101 4503899.437056 1 0.0000
4522 587735.849997 4502594.125739 1 0.0000
4523 586013.038507 4511712.398389 1 0.0000
4524 586271.449398 4502583.870333 1 0.0000
4525 585870.800250 4512829.437141 1 0.0000
4526 590848.498758 4504724.535814 1 0.0000
4527 588050.266694 4500401.835943 1 0.0000
4528 571210.300797 4492620.106120 1 0.0000
4529 597371.452746 4522878.447611 1 0.0000
4530 583573.326731 4506928.730493 1 0.0000
4531 585562.305299 4512839.024988 1 0.0000
4532 591844.922794 4503147.307363 1 0.0000
4533 585449.136970 4514880.943247 1 0.0000
4534 585014.952497 4511614.178746 1 0.0000
4535 602448.295755 4500423.386296 1 0.0000
4536 598258.024531 4503843.993048 1 0.0000
4537 569438.419650 4496447.578420 1 0.0000
4538 586035.500002 4512255.071085 1 0.0000
4539 593276.341223 4523950.704760 1 0.0000
4540 597647.761049 4507826.954488 1 0.0000
4541 585866.313036 4511591.881505 1 0.0000
4542 588974.260321 4521079.763004 1 0.0000
4543 588330.237860 4492628.115361 1 0.0000
4544 585675.046390 4514203.362390 1 0.0000
4545 601388.874249 4506821.203032 1 0.0000
4546 592305.558849 4518786.857723 1 0.0000
4547 586042.217065 4512574.808207 1 0.0000
4548 585831.439895 4512940.823749 1 0.0000
4549 584062.046756 4510332.302963 1 0.0000
4550 584391.148897 4503721.352532 1 0.0000
4551 587506.749722 4513189.681673 1 0.0000
4552 585453.777797 4512388.312907 1 0.0000
4553 583962.888996 4500597.621900 1 0.0000
4554 608664.140484 4510906.709386 1 0.0000
4555 585987.080288 4514204.176949 1 0.0000
4556 587989.299417 4502092.378349 1 0.0000
4557 585796.149103 4512695.115269 1 0.0000
4558 586081.011303 4512646.861818 1 0.0000
4559 586359.376296 4512633.883064 1 0.0000
4560 577801.075697 4499099.610675 1 0.0000
4561 586829.790096 4516143.942726 1 0.0000
4562 585602.077688 4508625.390130 1 0.0000
4563 585393.770335 4511503.611984 1 0.0000
4564 600226.855781 4504332.612119 1 0.0000
4565 583941.699705 4510410.771035 1 0.0000
4566 597371.452746 4522878.447611 1 0.0000
4567 599654.448007 4519735.806534 1 0.0000
4568 588965.106910 4518756.986866 1 0.0000
4569 588078.304558 4512986.235039 1 0.0000
4570 604250.248170 4501869.712119 1 0.0000
4571 591302.793524 4522889.944447 1 0.0000
4572 578025.196036 4499086.314865 1 0.0000
4573 587069.533877 4512835.783795 1 0.0000
4574 593589.084467 4523889.975702 1 0.0000
4575 593589.084467 4523889.975702 1 0.0000
4576 571338.512318 4498224.668712 1 0.0000
4577 584984.274739 4513183.180419 1 0.0000
4578 586138.912456 4512753.567057 1 0.0000
4579 590792.366072 4519685.020153 1 0.0000
4580 586905.605870 4512861.036755 1 0.0000
4581 601260.908403 4512738.997268 1 0.0000
4582 569504.041850 4495152.678862 1 0.0000
4583 592332.443487 4521665.994713 1 0.0000
4584 586196.378604 4513165.911845 1 0.0000
4585 588139.521181 4515716.406213 1 0.0000
4586 588062.592246 4514284.817470 1 0.0000
4587 588269.916470 4514917.058902 1 0.0000
4588 585651.011724 4511846.925210 1 0.0000
4589 586473.311976 4511406.513865 1 0.0000
4590 589835.470132 4517283.170905 1 0.0000
4591 584627.926547 4498978.259744 1 0.0000
4592 586260.610176 4509052.195098 1 0.0000
4593 600307.409912 4507245.595306 1 0.0000
4594 586720.767534 4514988.381715 1 0.0000
4595 596031.331746 4521212.085317 1 0.0000
4596 584247.798977 4510691.559979 1 0.0000
4597 587729.267148 4514387.370024 1 0.0000
4598 586617.136748 4510096.293617 1 0.0000
4599 585002.023838 4497271.486686 1 0.0000
4600 592038.791542 4523578.513868 1 0.0000
4601 585379.551739 4514729.917746 1 0.0000
4602 585719.522594 4514151.151519 1 0.0000
4603 600590.996088 4515423.440090 1 0.0000
4604 585796.149103 4512695.115269 1 0.0000
4605 586604.486723 4512490.710327 1 0.0000
4606 591603.128049 4523195.364408 1 0.0000
4607 585805.705753 4513327.232303 1 0.0000
4608 585562.305299 4512839.024988 1 0.0000
4609 589847.928441 4502968.579754 1 0.0000
4610 587541.033023 4517880.791783 1 0.0000
4611 590421.944530 4518203.752594 1 0.0000
4612 593693.243192 4511171.820718 1 0.0000
4613 588701.555170 4508885.875338 1 0.0000
4614 593941.332609 4510258.615148 1 0.0000
4615 598257.419359 4525567.218821 1 0.0000
4616 588189.913486 4515332.409988 1 0.0000
4617 588345.642251 4514315.469746 1 0.0000
4618 586621.464117 4512337.929619 1 0.0000
4619 588651.381891 4502341.556131 1 0.0000
4620 584867.626823 4494376.003130 1 0.0000
4621 597261.438153 4510953.112046 1 0.0000
4622 594989.577961 4510155.053472 1 0.0000
4623 586905.408746 4492918.188233 1 0.0000
4624 588804.876721 4520007.304658 1 0.0000
4625 590680.542426 4524516.826500 1 0.0000
4626 585639.927342 4509770.379693 1 0.0000
4627 584460.056719 4511372.302035 1 0.0000
4628 594625.688972 4503407.164068 1 0.0000
4629 599139.639444 4507488.295093 1 0.0000
4630 592055.554580 4502310.779824 1 0.0000
4631 589383.861203 4521530.261966 1 0.0000
4632 585688.945891 4493831.344848 1 0.0000
4633 598675.893801 4524920.766588 1 0.0000
4634 595902.433816 4510755.410690 1 0.0000
4635 586042.217065 4512574.808207 1 0.0000
4636 586053.094276 4513171.287561 1 0.0000
4637 598080.013083 4503874.880314 1 0.0000
4638 585796.149103 4512695.115269 1 0.0000
4639 584300.028451 4507871.600147 1 0.0000
4640 590070.919538 4513309.098353 1 0.0000
4641 599632.386465 4514478.189981 1 0.0000
4642 587421.413435 4513057.065827 1 0.0000
4643 586851.983312 4512432.280480 1 0.0000
4644 585665.768831 4510364.284369 1 0.0000
4645 592415.984781 4519097.727675 1 0.0000
4646 586475.241959 4512066.274165 1 0.0000
4647 589690.831155 4506063.757126 1 0.0000
4648 594754.020982 4509779.986935 1 0.0000
4649 585885.290164 4512279.871151 1 0.0000
4650 591836.074457 4519151.146504 1 0.0000
4651 581191.707225 4497893.690826 1 0.0000
4652 585479.529926 4509887.091892 1 0.0000
4653 588743.660235 4519015.921430 1 0.0000
4654 587644.445826 4504870.010922 1 0.0000
4655 596520.309474 4521223.148895 1 0.0000
4656 586622.562354 4512990.368516 1 0.0000
4657 595021.131221 4506551.627560 1 0.0000
4658 585791.186433 4513665.315263 1 0.0000
4659 585448.023380 4497844.866159 1 0.0000
4660 593787.770059 4502192.425529 1 0.0000
4661 586932.295255 4512257.061686 1 0.0000
4662 596218.283586 4522534.647622 1 0.0000
4663 587804.030379 4515180.216490 1 0.0000
4664 589775.078359 4511003.786421 1 0.0000
4665 587397.589518 4504041.999899 1 0.0000
4666 585228.062809 4511230.516298 1 0.0000
4667 585187.428463 4503772.159747 1 0.0000
4668 586170.375660 4504129.208049 1 0.0000
4669 607921.473388 4511791.164501 1 0.0000
4670 591157.872977 4522824.905116 1 0.0000
4671 586720.767534 4514988.381715 1 0.0000
4672 597684.234109 4526632.139583 1 0.0000
4673 590095.667431 4505032.281775 1 0.0000
4674 589016.982490 4519285.070416 1 0.0000
4675 597371.452746 4522878.447611 1 0.0000
4676 585535.852329 4505957.357974 1 0.0000
4677 568434.190638 4486685.661805 1 0.0000
4678 586329.649519 4512728.924898 1 0.0000
4679 593589.084467 4523889.975702 1 0.0000
4680 597448.963975 4505853.665324 1 0.0000
4681 586271.449398 4502583.870333 1 0.0000
4682 589765.743450 4510753.191654 1 0.0000
4683 591447.520842 4502238.961044 1 0.0000
4684 586122.671675 4497121.802631 1 0.0000
4685 588078.304558 4512986.235039 1 0.0000
4686 586234.145346 4511616.489655 1 0.0000
4687 605042.351738 4506476.625192 1 0.0000
4688 585562.305299 4512839.024988 1 0.0000
4689 586198.519719 4511881.502924 1 0.0000
4690 594992.565815 4503650.244354 1 0.0000
4691 590894.249353 4526216.944411 1 0.0000
4692 566005.206837 4484553.734307 1 0.0000
4693 586081.011303 4512646.861818 1 0.0000
4694 585917.788446 4510229.721870 1 0.0000
4695 585753.969305 4512946.949554 1 0.0000
4696 585967.661064 4511923.972012 1 0.0000
4697 585644.180206 4512633.656357 1 0.0000
4698 593290.664776 4513796.176381 1 0.0000
4699 591347.253507 4523399.967649 1 0.0000
4700 592190.300533 4520663.013403 1 0.0000
4701 585639.927342 4509770.379693 1 0.0000
4702 599194.154699 4512633.189013 1 0.0000
4703 577139.729023 4492837.737713 1 0.0000
4704 589602.588272 4516273.375104 1 0.0000
4705 583296.322224 4503475.781120 1 0.0000
4706 587322.291699 4514027.110244 1 0.0000
4707 590977.005242 4526335.212684 1 0.0000
4708 577825.008351 4499486.877084 1 0.0000
4709 591948.676534 4496697.672624 1 0.0000
4710 599320.322528 4510035.515375 1 0.0000
4711 589812.621723 4510998.424817 1 0.0000
4712 592238.828450 4519908.434977 1 0.0000
4713 593038.796949 4524845.136294 1 0.0000
4714 585535.971909 4512154.913758 1 0.0000
4715 583915.236648 4511583.364964 1 0.0000
4716 592963.434267 4524105.899922 1 0.0000
4717 593478.948386 4510776.274414 1 0.0000
4718 583867.809724 4495933.661805 1 0.0000
4719 583603.475490 4509525.952011 1 0.0000
4720 590094.187296 4512336.659638 1 0.0000
4721 590190.460088 4506182.191482 1 0.0000
4722 583260.766256 4506278.543426 1 0.0000
4723 602823.979395 4503461.010982 1 0.0000
4724 591179.783715 4504774.317054 1 0.0000
4725 585200.657813 4512164.805060 1 0.0000
4726 590181.737988 4510883.783492 1 0.0000
4727 587114.793828 4512393.830935 1 0.0000
4728 586392.840231 4511970.259677 1 0.0000
4729 586192.974868 4512849.563306 1 0.0000
4730 590412.681823 4524169.724030 1 0.0000
4731 585668.702589 4508233.659406 1 0.0000
4732 586536.141634 4512631.936129 1 0.0000
4733 585713.821077 4511308.880139 1 0.0000
4734 578229.576211 4497111.311493 1 0.0000
4735 586383.242729 4504301.971860 1 0.0000
4736 586539.604893 4512836.143984 1 0.0000
4737 586622.562354 4512990.368516 1 0.0000
4738 587923.789135 4514752.520820 1 0.0000
4739 584458.903670 4511366.498005 1 0.0000
4740 584022.537191 4507165.741478 1 0.0000
4741 592490.977020 4518854.795268 1 0.0000
4742 583494.890962 4507528.147390 1 0.0000
4743 586081.011303 4512646.861818 1 0.0000
4744 593946.234931 4509372.810640 1 0.0000
4745 584848.651114 4507513.698468 1 0.0000
4746 595890.333902 4525609.368563 1 0.0000
4747 591798.028520 4526035.893124 1 0.0000
4748 592052.165583 4518132.751107 1 0.0000
4749 593257.464282 4518821.177482 1 0.0000
4750 587749.709354 4504885.226334 1 0.0000
4751 586589.905697 4496550.572017 1 0.0000
4752 592836.261527 4524941.862489 1 0.0000
4753 571807.912942 4497516.364345 1 0.0000
4754 574882.824246 4491163.877255 1 0.0000
4755 572930.591923 4495069.773051 1 0.0000
4756 585182.373444 4513715.665552 1 0.0000
4757 595654.902115 4525624.660316 1 0.0000
4758 597459.298786 4526635.360853 1 0.0000
4759 584744.913679 4512768.459057 1 0.0000
4760 585150.818510 4499596.091115 1 0.0000
4761 583396.230104 4506638.747729 1 0.0000
4762 585449.040985 4513472.484058 1 0.0000
4763 585376.149369 4511418.696917 1 0.0000
4764 583417.926918 4506205.065408 1 0.0000
4765 586608.632285 4512126.910968 1 0.0000
4766 593089.430092 4509845.450319 1 0.0000
4767 586083.331189 4513806.992670 1 0.0000
4768 596139.270211 4524158.388587 1 0.0000
4769 594142.553086 4501756.730385 1 0.0000
4770 594462.950065 4525635.428492 1 0.0000
4771 575939.364114 4495713.120259 1 0.0000
4772 585674.598493 4512371.021885 1 0.0000
4773 604998.222800 4504647.680341 1 0.0000
4774 585873.355475 4513995.664137 1 0.0000
4775 585562.305299 4512839.024988 1 0.0000
4776 589401.487450 4517981.848861 1 0.0000
4777 590415.406094 4510835.554178 1 0.0000
4778 585339.155246 4507870.938164 1 0.0000
4779 588157.487892 4517267.693643 1 0.0000
4780 592088.028543 4522041.381869 1 0.0000
4781 581191.707225 4497893.690826 1 0.0000
4782 607142.642627 4503309.842493 1 0.0000
4783 585572.502156 4512184.888666 1 0.0000
4784 576282.761498 4493704.669088 1 0.0000
4785 591754.971520 4518005.944812 1 0.0000
4786 592626.060136 4521491.989579 1 0.0000
4787 595629.871401 4519753.299654 1 0.0000
4788 586885.140936 4513480.318884 1 0.0000
4789 594200.106767 4522766.377121 1 0.0000
4790 592055.463880 4501299.989237 1 0.0000
4791 592375.977477 4520200.715600 1 0.0000
4792 588958.449114 4518672.805484 1 0.0000
4793 586447.985773 4504718.052169 1 0.0000
4794 592927.102855 4506168.224557 1 0.0000
4795 585399.557006 4509738.388042 1 0.0000
4796 586536.128200 4512178.498472 1 0.0000
4797 571880.855505 4490701.024259 1 0.0000
4798 583979.295718 4506493.936974 1 0.0000
4799 586170.375660 4504129.208049 1 0.0000
4800 597954.490128 4504944.902803 1 0.0000
4801 594135.376946 4516551.766688 1 0.0000
4802 601807.010215 4507997.372039 1 0.0000
4803 585499.493303 4511879.632905 1 0.0000
4804 594889.134294 4507091.638334 1 0.0000
4805 584955.295819 4513560.103411 1 0.0000
4806 589699.324164 4519468.076079 1 0.0000
4807 583774.338530 4509292.953728 1 0.0000
4808 589594.534994 4506572.779401 1 0.0000
4809 576163.740990 4496266.601633 1 0.0000
4810 594518.772631 4511626.437256 1 0.0000
4811 591843.799583 4519569.330200 1 0.0000
4812 586604.486723 4512490.710327 1 0.0000
4813 591226.162733 4521914.528465 1 0.0000
4814 586662.868384 4512742.473284 1 0.0000
4815 590095.742677 4524331.271231 1 0.0000
4816 593077.832530 4525349.615516 1 0.0000
4817 588093.633484 4517950.173463 1 0.0000
4818 592557.199681 4524001.004528 1 0.0000
4819 598713.970900 4506036.871469 1 0.0000
4820 589362.553906 4517414.298202 1 0.0000
4821 595626.859739 4510067.534255 1 0.0000
4822 588489.768052 4515626.541538 1 0.0000
4823 584652.542594 4511728.893321 1 0.0000
4824 585874.477902 4502844.162444 1 0.0000
4825 601319.106402 4512364.829732 1 0.0000
4826 591075.146672 4513511.302703 1 0.0000
4827 586740.494521 4510877.195310 1 0.0000
4828 584237.091503 4507645.080912 1 0.0000
4829 586464.902211 4511395.752017 1 0.0000
4830 584089.404461 4512210.345486 1 0.0000
4831 591459.762892 4505503.674798 1 0.0000
4832 602465.590170 4505849.441360 1 0.0000
4833 591232.751299 4520669.458855 1 0.0000
4834 583603.432945 4508218.674768 1 0.0000
4835 586101.356464 4511369.365078 1 0.0000
4836 591302.723385 4518996.657970 1 0.0000
4837 583944.214892 4506524.010754 1 0.0000
4838 591186.380413 4499744.221919 1 0.0000
4839 585891.464454 4513235.571606 1 0.0000
4840 586465.735130 4512044.834653 1 0.0000
4841 584756.780108 4510951.500924 1 0.0000
4842 586487.389776 4511641.924756 1 0.0000
4843 584031.504466 4510579.088858 1 0.0000
4844 586487.562818 4511760.466588 1 0.0000
4845 571880.855505 4490701.024259 1 0.0000
4846 583503.853296 4506500.104580 1 0.0000
4847 584219.721684 4509330.937281 1 0.0000
4848 584098.941293 4501013.594583 1 0.0000
4849 585739.633066 4510701.546130 1 0.0000
4850 586449.758463 4509969.752763 1 0.0000
4851 586667.168866 4512418.594863 1 0.0000
4852 603178.225447 4514863.232480 1 0.0000
4853 604315.548824 4494394.018716 1 0.0000
4854 587354.127873 4517061.675472 1 0.0000
4855 593546.199804 4521132.233901 1 0.0000
4856 604791.591764 4511323.735569 1 0.0000
4857 589627.606879 4519797.892341 1 0.0000
4858 589735.675324 4522985.416794 1 0.0000
4859 599747.045572 4518804.053358 1 0.0000
4860 585522.757751 4513073.824471 1 0.0000
4861 576885.048616 4495137.594557 1 0.0000
4862 593157.999314 4502504.626126 1 0.0000
4863 573823.324064 4498184.688422 1 0.0000
4864 585644.180206 4512633.656357 1 0.0000
4865 584561.504854 4508351.475135 1 0.0000
4866 601874.540844 4506641.138428 1 0.0000
4867 591262.935763 4505768.989738 1 0.0000
4868 586425.069093 4503330.673533 1 0.0000
4869 595298.051949 4524904.146983 1 0.0000
4870 602314.592510 4511034.693768 1 0.0000
4871 585796.149103 4512695.115269 1 0.0000
4872 584060.913929 4508639.227127 1 0.0000
4873 591046.644229 4504423.582166 1 0.0000
4874 589389.372033 4492609.053483 1 0.0000
4875 586329.649519 4512728.924898 1 0.0000
4876 586814.386344 4512041.188551 1 0.0000
4877 584356.928034 4511758.130697 1 0.0000
4878 593412.908727 4526348.711631 1 0.0000
4879 585721.330762 4511425.372508 1 0.0000
4880 602448.295755 4500423.386296 1 0.0000
4881 600077.467126 4510287.921266 1 0.0000
4882 590363.394417 4520317.934024 1 0.0000
4883 583231.324686 4497723.073679 1 0.0000
4884 585915.544398 4512513.029254 1 0.0000
4885 583752.347836 4507210.202226 1 0.0000
4886 586323.805662 4508132.025329 1 0.0000
4887 586566.464008 4512885.816366 1 0.0000
4888 589814.161201 4517762.272135 1 0.0000
4889 586451.889879 4512350.624576 1 0.0000
4890 594080.712218 4511747.304412 1 0.0000
4891 587191.208023 4513630.381666 1 0.0000
4892 588307.938453 4518798.248595 1 0.0000
4893 597847.181049 4527387.012572 1 0.0000
4894 585310.647960 4492421.058661 1 0.0000
4895 586101.636062 4515569.452452 1 0.0000
4896 589289.958441 4517126.412635 1 0.0000
4897 585935.977337 4511067.323337 1 0.0000
4898 589967.640128 4516488.716004 1 0.0000
4899 589625.558481 4518561.568289 1 0.0000
4900 590982.123196 4520040.371672 1 0.0000
4901 571824.612556 4488893.434305 1 0.0000
4902 595761.507851 4503989.924784 1 0.0000
4903 597638.794896 4511855.161542 1 0.0000
4904 596399.250072 4520428.535327 1 0.0000
4905 603549.425598 4515021.659148 1 0.0000
4906 598912.493093 4519621.297555 1 0.0000
4907 605147.867478 4507086.697389 1 0.0000
4908 603388.063223 4510912.212215 1 0.0000
4909 602448.295755 4500423.386296 1 0.0000
4910 586967.124862 4513211.871900 1 0.0000
4911 585252.586730 4512260.777144 1 0.0000
4912 589773.210981 4493907.883136 1 0.0000
4913 593485.594076 4502932.840569 1 0.0000
4914 588796.373422 4508185.771937 1 0.0000
4915 591266.052485 4517455.810661 1 0.0000
4916 589115.855510 4503943.310343 1 0.0000
4917 590366.723517 4523684.366999 1 0.0000
4918 593231.875634 4506459.359096 1 0.0000
4919 588820.240096 4501989.687464 1 0.0000
4920 592262.763069 4518531.307438 1 0.0000
4921 583424.634627 4507141.564176 1 0.0000
4922 585714.005336 4508911.585597 1 0.0000
4923 588828.532984 4501313.895631 1 0.0000
4924 593780.062941 4526273.368020 1 0.0000
4925 596929.076873 4507783.735571 1 0.0000
4926 599630.564163 4507354.918329 1 0.0000
4927 605887.145232 4511510.817050 1 0.0000
4928 596692.756792 4519703.253835 1 0.0000
4929 583754.530288 4509560.583583 1 0.0000
4930 586221.284373 4512905.651709 1 0.0000
4931 586899.340312 4503320.527073 1 0.0000
4932 588937.368935 4520253.516241 1 0.0000
4933 583676.860828 4507095.680195 1 0.0000
4934 586497.168049 4512896.606345 1 0.0000
4935 584089.404461 4512210.345486 1 0.0000
4936 598461.979098 4505632.669140 1 0.0000
4937 586117.464607 4512710.356362 1 0.0000
4938 586007.759590 4511079.111821 1 0.0000
4939 589197.083404 4511103.859901 1 0.0000
4940 589146.532259 4522032.495748 1 0.0000
4941 585321.323287 4510426.791079 1 0.0000
4942 588452.484543 4511464.103213 1 0.0000
4943 602465.590170 4505849.441360 1 0.0000
4944 586219.069421 4504456.124022 1 0.0000
4945 603228.593433 4511616.482484 1 0.0000
4946 585014.952497 4511614.178746 1 0.0000
4947 598657.421956 4507767.130741 1 0.0000
4948 601782.236262 4503742.334322 1 0.0000
4949 599151.919546 4507641.108421 1 0.0000
4950 593751.666886 4522808.188669 1 0.0000
4951 572420.501716 4493944.142161 1 0.0000
4952 587486.835792 4514215.175747 1 0.0000
4953 586271.449398 4502583.870333 1 0.0000
4954 590594.484522 4512369.785028 1 0.0000
4955 585453.493146 4512199.378763 1 0.0000
4956 595865.400111 4510180.563598 1 0.0000
4957 586597.826398 4514759.652356 1 0.0000
4958 605094.459839 4500681.060660 1 0.0000
4959 587006.436017 4512917.646613 1 0.0000
4960 589398.590642 4501428.858510 1 0.0000
4961 589613.694824 4521150.748524 1 0.0000
4962 585743.493706 4512021.064228 1 0.0000
4963 593589.084467 4523889.975702 1 0.0000
4964 592941.007051 4523240.804162 1 0.0000
4965 592084.343666 4490999.290622 1 0.0000
4966 603939.803155 4507709.567999 1 0.0000
4967 586019.219130 4514084.784564 1 0.0000
4968 603220.239175 4503935.113807 1 0.0000
4969 593908.382336 4522934.614697 1 0.0000
4970 585791.186433 4513665.315263 1 0.0000
4971 582585.489749 4496179.322921 1 0.0000
4972 585474.696490 4511755.934607 1 0.0000
4973 585813.375067 4493473.489495 1 0.0000
4974 588366.303037 4510790.276762 1 0.0000
4975 598091.226339 4520075.136301 1 0.0000
4976 583385.488561 4506190.374819 1 0.0000
4977 573929.542636 4498410.169468 1 0.0000
4978 592279.746807 4497302.966192 1 0.0000
4979 594353.975296 4519509.587071 1 0.0000
4980 585866.313036 4511591.881505 1 0.0000
4981 583158.723724 4506489.165888 1 0.0000
4982 600443.060348 4502254.328453 1 0.0000
4983 586380.510400 4508986.215030 1 0.0000
4984 589062.508169 4516041.106524 1 0.0000
4985 586151.275635 4513005.719845 1 0.0000
4986 589933.950818 4501969.133439 1 0.0000
4987 587289.728780 4513247.849934 1 0.0000
4988 591711.024025 4523140.220387 1 0.0000
4989 586667.168866 4512418.594863 1 0.0000
4990 592246.673923 4523173.455659 1 0.0000
4991 582795.128136 4499611.359322 1 0.0000
4992 592462.449548 4519539.208961 1 0.0000
4993 588463.102092 4517751.435530 1 0.0000
4994 597847.181049 4527387.012572 1 0.0000
4995 588277.660774 4518460.564660 1 0.0000
4996 587844.431421 4492607.973743 1 0.0000
4997 589082.490198 4500231.038091 1 0.0000
4998 598070.630336 4505772.664442 1 0.0000
4999 589375.671819 4506257.331392 1 0.0000
5000 585860.473094 4512238.145472 1 0.0000
5001 596848.412546 4507748.992173 1 0.0000
5002 583842.532146 4509084.687630 1 0.0000
5003 583431.492625 4506699.790094 1 0.0000
5004 589320.477280 4521690.437602 1 0.0000
5005 585252.586730 4512260.777144 1 0.0000
5006 586396.035345 4512679.401326 1 0.0000
5007 586752.015181 4511925.594956 1 0.0000
5008 594538.158680 4511154.929000 1 0.0000
5009 571819.680398 4498811.848302 1 0.0000
5010 583476.640072 4507391.422292 1 0.0000
5011 606766.169701 4503427.464796 1 0.0000
5012 587229.188962 4513131.971220 1 0.0000
5013 583429.605418 4506892.354812 1 0.0000
5014 589607.484746 4501763.691549 1 0.0000
5015 586167.467596 4493660.953704 1 0.0000
5016 585889.151269 4508088.377085 1 0.0000
5017 583859.276785 4500464.192833 1 0.0000
5018 602873.527196 4506234.391666 1 0.0000
5019 597371.452746 4522878.447611 1 0.0000
5020 585918.374865 4512344.850972 1 0.0000
5021 587038.365959 4513351.335552 1 0.0000
5022 606271.191482 4495134.145988 1 0.0000
5023 599791.264274 4495727.739059 1 0.0000
5024 590489.570949 4510691.650821 1 0.0000
5025 585188.808249 4510182.413455 1 0.0000
5026 594241.507838 4525626.500407 1 0.0000
5027 590794.697772 4509024.282320 1 0.0000
5028 594958.003282 4501677.319034 1 0.0000
5029 589589.276163 4523396.964507 1 0.0000
5030 592188.187854 4518550.569409 1 0.0000
5031 593585.218494 4522333.034360 1 0.0000
5032 592720.754965 4518693.773445 1 0.0000
5033 588398.807065 4508069.409603 1 0.0000
5034 588050.266694 4500401.835943 1 0.0000
5035 584341.684065 4507719.102394 1 0.0000
5036 585978.704690 4511141.859658 1 0.0000
5037 585889.010218 4513531.130652 1 0.0000
5038 594355.111494 4510396.798579 1 0.0000
5039 585432.967380 4514401.419937 1 0.0000
5040 575939.364114 4495713.120259 1 0.0000
5041 585168.067879 4494323.651631 1 0.0000
5042 586042.217065 4512574.808207 1 0.0000
5043 590427.993442 4523309.023810 1 0.0000
5044 586591.473355 4511626.960103 1 0.0000
5045 594775.255179 4525506.433649 1 0.0000
5046 585942.069373 4502500.894362 1 0.0000
5047 594249.347781 4523017.737459 1 0.0000
5048 583154.954646 4506258.141699 1 0.0000
5049 577357.335594 4499373.381430 1 0.0000
5050 590568.995426 4518001.867641 1 0.0000
5051 605967.835114 4505968.472905 1 0.0000
5052 582110.220989 4498583.359506 1 0.0000
5053 598113.902159 4501348.102545 1 0.0000
5054 586499.546255 4511778.582147 1 0.0000
5055 595187.414301 4518014.302282 1 0.0000
5056 585796.149103 4512695.115269 1 0.0000
5057 564040.705379 4484531.404958 1 0.0000
5058 585964.144017 4514157.901645 1 0.0000
5059 602739.954990 4504633.909042 1 0.0000
5060 584678.299482 4507353.910161 1 0.0000
5061 583659.108384 4506326.349964 1 0.0000
5062 584578.641986 4512170.516477 1 0.0000
5063 600479.321072 4508849.862544 1 0.0000
5064 600546.728946 4510639.138726 1 0.0000
5065 586541.617762 4512793.200609 1 0.0000
5066 587114.304190 4513854.091720 1 0.0000
5067 586490.361793 4512745.078593 1 0.0000
5068 605290.876807 4506918.277460 1 0.0000
5069 597461.984035 4503475.054435 1 0.0000
5070 592502.175979 4510464.076672 1 0.0000
5071 592415.236284 4502972.171883 1 0.0000
5072 586536.128200 4512178.498472 1 0.0000
5073 601308.601516 4504258.359732 1 0.0000
5074 585252.586730 4512260.777144 1 0.0000
5075 587290.848571 4517827.352550 1 0.0000
5076 583529.374343 4506158.796671 1 0.0000
5077 583507.738500 4500266.695200 1 0.0000
5078 585644.180206 4512633.656357 1 0.0000
5079 586536.128200 4512178.498472 1 0.0000
5080 606820.852470 4509235.558645 1 0.0000
5081 596979.026643 4510142.956366 1 0.0000
5082 586329.649519 4512728.924898 1 0.0000
5083 606820.852470 4509235.558645 1 0.0000
5084 585335.689133 4510904.463571 1 0.0000
5085 584424.408590 4496910.529411 1 0.0000
5086 589573.382111 4517979.543797 1 0.0000
5087 585805.705753 4513327.232303 1 0.0000
5088 587602.294112 4517773.005763 1 0.0000
5089 588771.515907 4498796.504902 1 0.0000
5090 583417.926918 4506205.065408 1 0.0000
5091 601516.043653 4506247.231471 1 0.0000
5092 594200.106767 4522766.377121 1 0.0000
5093 589480.492655 4511317.047090 1 0.0000
5094 585594.500099 4512260.102798 1 0.0000
5095 593970.319662 4518867.703523 1 0.0000
5096 586726.735259 4512860.522007 1 0.0000
5097 578083.154768 4497714.515063 1 0.0000
5098 586293.658905 4515138.011088 1 0.0000
5099 589430.251740 4518505.707872 1 0.0000
5100 598943.688721 4507381.542260 1 0.0000
5101 594950.687108 4503983.450239 1 0.0000
5102 592170.450673 4505311.245534 1 0.0000
5103 578321.645190 4496571.480994 1 0.0000
5104 586392.840231 4511970.259677 1 0.0000
5105 586536.141634 4512631.936129 1 0.0000
5106 589269.599097 4521716.063290 1 0.0000
5107 585441.199084 4514347.576871 1 0.0000
5108 589480.489651 4521687.996873 1 0.0000
5109 577897.549911 4499512.080238 1 0.0000
5110 592120.495774 4508898.282871 1 0.0000
5111 584034.340053 4508510.938798 1 0.0000
5112 592649.398542 4503014.449580 1 0.0000
5113 593589.084467 4523889.975702 1 0.0000
5114 586614.043959 4516517.825116 1 0.0000
5115 571164.162565 4493917.360013 1 0.0000
5116 585796.149103 4512695.115269 1 0.0000
5117 584112.799651 4507374.287524 1 0.0000
5118 587853.859987 4518239.676177 1 0.0000
5119 592153.699025 4519624.060307 1 0.0000
5120 590841.601392 4497287.852923 1 0.0000
5121 584404.971525 4510857.903298 1 0.0000
5122 586548.921296 4514719.174866 1 0.0000
5123 586475.241959 4512066.274165 1 0.0000
5124 585430.899749 4504843.910473 1 0.0000
5125 591632.001722 4503246.971382 1 0.0000
5126 584947.260620 4511698.121963 1 0.0000
5127 592851.429137 4519660.663792 1 0.0000
5128 590195.575468 4500855.277671 1 0.0000
5129 584514.887916 4511882.127039 1 0.0000
5130 586053.094276 4513171.287561 1 0.0000
5131 587428.560042 4498208.969170 1 0.0000
5132 590179.167349 4498947.188152 1 0.0000
5133 585735.933301 4509581.627684 1 0.0000
5134 585575.601693 4512287.312480 1 0.0000
5135 583163.558490 4507188.566785 1 0.0000
5136 585406.865574 4498570.556429 1 0.0000
5137 586616.870612 4512741.034793 1 0.0000
5138 578053.100318 4499526.343720 1 0.0000
5139 586203.662888 4493666.848938 1 0.0000
5140 586745.333094 4515827.279272 1 0.0000
5141 585050.453257 4509995.868171 1 0.0000
5142 595765.389172 4519039.626568 1 0.0000
5143 591783.136343 4520773.253356 1 0.0000
5144 576957.569751 4494333.658999 1 0.0000
5145 589947.864158 4503345.142433 1 0.0000
5146 584514.887916 4511882.127039 1 0.0000
5147 592187.090775 4525723.106589 1 0.0000
5148 583463.163331 4496038.764552 1 0.0000
5149 585577.923078 4501509.441572 1 0.0000
5150 585076.690760 4510126.894992 1 0.0000
5151 591653.938798 4506810.742118 1 0.0000
5152 587501.600095 4514390.259786 1 0.0000
5153 595884.170160 4519553.244913 1 0.0000
5154 587507.021501 4505083.585559 1 0.0000
5155 603070.837559 4494597.185961 1 0.0000
5156 585799.226044 4512291.383752 1 0.0000
5157 586036.763200 4511582.549087 1 0.0000
5158 577684.561474 4499725.399568 1 0.0000
5159 589226.615575 4506475.344940 1 0.0000
5160 583888.590182 4506939.937486 1 0.0000
5161 583417.926918 4506205.065408 1 0.0000
5162 588128.890549 4500267.431578 1 0.0000
5163 585811.428862 4509240.581774 1 0.0000
5164 601640.650775 4507083.702241 1 0.0000
5165 601729.743515 4513341.929268 1 0.0000
5166 585595.551683 4514761.329518 1 0.0000
5167 597506.036111 4523529.077213 1 0.0000
5168 592115.088962 4524983.300304 1 0.0000
5169 593688.411178 4522529.852390 1 0.0000
5170 598258.024531 4503843.993048 1 0.0000
5171 593509.185120 4502010.077682 1 0.0000
5172 592918.053927 4519082.731814 1 0.0000
5173 592371.732025 4522308.824992 1 0.0000
5174 603524.814545 4494362.200668 1 0.0000
5175 586537.993164 4511854.287762 1 0.0000
5176 585796.149103 4512695.115269 1 0.0000
5177 586473.311976 4511406.513865 1 0.0000
5178 585900.391405 4507689.920977 1 0.0000
5179 589015.868569 4507615.682753 1 0.0000
5180 583921.077886 4498432.387244 1 0.0000
5181 590350.168985 4504143.538197 1 0.0000
5182 593309.331948 4519243.218319 1 0.0000
5183 584089.404461 4512210.345486 1 0.0000
5184 591990.979943 4505711.754582 1 0.0000
5185 587454.952267 4518080.627780 1 0.0000
5186 589707.634313 4516468.077536 1 0.0000
5187 592463.444652 4505860.961267 1 0.0000
5188 585915.544398 4512513.029254 1 0.0000
5189 586192.974868 4512849.563306 1 0.0000
5190 595719.577239 4510274.895476 1 0.0000
5191 590789.726057 4504881.717255 1 0.0000
5192 583382.720455 4507397.057293 1 0.0000
5193 585713.821077 4511308.880139 1 0.0000
5194 590377.188749 4499568.646069 1 0.0000
5195 601922.822105 4510675.519273 1 0.0000
5196 585843.772966 4513168.901360 1 0.0000
5197 583825.020345 4508909.880365 1 0.0000
5198 585150.737375 4510260.904640 1 0.0000
5199 584394.235161 4512094.366180 1 0.0000
5200 587057.055510 4512486.725477 1 0.0000
5201 604280.419234 4511762.842091 1 0.0000
5202 584782.852068 4501486.382359 1 0.0000
5203 604949.404206 4508433.836274 1 0.0000
5204 585039.625354 4509903.107536 1 0.0000
5205 586482.441985 4513012.235484 1 0.0000
5206 588741.199250 4494678.093076 1 0.0000
5207 591123.762654 4518522.889016 1 0.0000
5208 589935.883568 4522718.623108 1 0.0000
5209 603794.437711 4507495.511761 1 0.0000
5210 590799.774142 4512244.745013 1 0.0000
5211 586749.834926 4512571.597111 1 0.0000
5212 585644.180206 4512633.656357 1 0.0000
5213 591988.754562 4502235.971218 1 0.0000
5214 591169.440586 4519968.457433 1 0.0000
5215 588069.942138 4518237.265365 1 0.0000
5216 585644.180206 4512633.656357 1 0.0000
5217 583155.473500 4507523.978607 1 0.0000
5218 585609.257180 4510456.582277 1 0.0000
5219 591595.345302 4521260.514144 1 0.0000
5220 576292.904841 4498520.245906 1 0.0000
5221 590415.406094 4510835.554178 1 0.0000
5222 608267.526680 4509766.720905 1 0.0000
5223 568191.651009 4489445.717143 1 0.0000
5224 567920.973289 4488489.199316 1 0.0000
5225 588475.248040 4517835.375398 1 0.0000
5226 585768.648512 4513396.897027 1 0.0000
5227 570320.103288 4489415.372111 1 0.0000
5228 588618.544771 4503138.961268 1 0.0000
5229 584515.707066 4499360.632680 1 0.0000
5230 599638.807939 4514395.984114 1 0.0000
5231 595151.393023 4502813.730062 1 0.0000
5232 596135.739327 4511515.638988 1 0.0000
5233 585458.310307 4504657.729809 1 0.0000
5234 588800.436638 4516281.904357 1 0.0000
5235 589041.089209 4516610.101738 1 0.0000
5236 589421.579073 4502864.390724 1 0.0000
5237 585941.503926 4507986.583840 1 0.0000
5238 604793.569113 4502221.150199 1 0.0000
5239 592014.642826 4522517.150265 1 0.0000
5240 587543.466880 4514700.647827 1 0.0000
5241 593442.000616 4523987.640889 1 0.0000
5242 592580.107177 4499458.374648 1 0.0000
5243 568954.565592 4486209.219164 1 0.0000
5244 586234.145346 4511616.489655 1 0.0000
5245 589811.183098 4517595.853992 1 0.0000
5246 590756.359322 4513915.707064 1 0.0000
5247 603388.063223 4510912.212215 1 0.0000
5248 588846.639345 4499238.297978 1 0.0000
5249 585796.149103 4512695.115269 1 0.0000
5250 570612.701557 4493080.437600 1 0.0000
5251 586556.919284 4495001.284215 1 0.0000
5252 589752.769437 4523516.762567 1 0.0000
5253 592566.653583 4524827.860410 1 0.0000
5254 583548.983151 4507059.484905 1 0.0000
5255 575391.473967 4491854.049427 1 0.0000
5256 593797.035967 4520941.893196 1 0.0000
5257 589331.760418 4519473.024500 1 0.0000
5258 587501.600095 4514390.259786 1 0.0000
5259 585639.927342 4509770.379693 1 0.0000
5260 587114.304190 4513854.091720 1 0.0000
5261 586042.217065 4512574.808207 1 0.0000
5262 591738.976152 4518847.438128 1 0.0000
5263 584359.234355 4508907.432219 1 0.0000
5264 584089.404461 4512210.345486 1 0.0000
5265 583603.432945 4508218.674768 1 0.0000
5266 582110.220989 4498583.359506 1 0.0000
5267 585796.149103 4512695.115269 1 0.0000
5268 595747.304538 4502612.065073 1 0.0000
5269 592321.740026 4511323.502614 1 0.0000
5270 586360.195055 4492440.592663 1 0.0000
5271 594253.268810 4503008.301980 1 0.0000
5272 576957.569751 4494333.658999 1 0.0000
5273 584551.104186 4511431.542438 1 0.0000
5274 583918.356465 4511122.347373 1 0.0000
5275 586328.491681 4505471.500827 1 0.0000
5276 583431.492625 4506699.790094 1 0.0000
5277 607427.333785 4511348.844894 1 0.0000
5278 585567.368485 4510602.679647 1 0.0000
5279 583417.926918 4506205.065408 1 0.0000
5280 585228.162668 4514056.265091 1 0.0000
5281 599630.564163 4507354.918329 1 0.0000
5282 585138.172415 4511470.836680 1 0.0000
5283 589524.927206 4512525.812385 1 0.0000
5284 592681.658592 4521453.312498 1 0.0000
5285 571210.300797 4492620.106120 1 0.0000
5286 591232.751299 4520669.458855 1 0.0000
5287 594234.890200 4511775.571465 1 0.0000
5288 587416.617290 4500385.796078 1 0.0000
5289 586667.168866 4512418.594863 1 0.0000
5290 587699.740186 4514571.699924 1 0.0000
5291 590751.108651 4519588.558318 1 0.0000
5292 585644.180206 4512633.656357 1 0.0000
5293 590998.879866 4517823.015663 1 0.0000
5294 582969.070750 4506632.971266 1 0.0000
5295 594621.042789 4520648.079837 1 0.0000
5296 573063.673676 4489448.076708 1 0.0000
5297 586202.770403 4511561.890121 1 0.0000
5298 591651.513610 4525683.469217 1 0.0000
5299 585814.020732 4510511.328244 1 0.0000
5300 590427.993442 4523309.023810 1 0.0000
5301 586662.868384 4512742.473284 1 0.0000
5302 585891.055791 4514073.572007 1 0.0000
5303 588410.141839 4496943.015530 1 0.0000
5304 593001.188086 4524776.141439 1 0.0000
5305 586688.249289 4492103.331068 1 0.0000
5306 601278.218462 4504384.480277 1 0.0000
5307 587162.148530 4493816.381998 1 0.0000
5308 585787.535280 4494943.790587 1 0.0000
5309 584019.148734 4508159.111355 1 0.0000
5310 583779.459899 4508896.867843 1 0.0000
5311 583918.077513 4509194.030846 1 0.0000
5312 588440.580819 4500700.335097 1 0.0000
5313 588008.396867 4513799.373173 1 0.0000
5314 589783.303606 4510789.958925 1 0.0000
5315 587094.835290 4512781.524632 1 0.0000
5316 590351.215426 4502684.810370 1 0.0000
5317 588278.472970 4510207.547159 1 0.0000
5318 585541.697973 4510635.907482 1 0.0000
5319 593496.561865 4524653.807724 1 0.0000
5320 590211.398373 4493130.016283 1 0.0000
5321 583504.643763 4506082.639339 1 0.0000
5322 583458.409973 4506476.732056 1 0.0000
5323 590308.394790 4513140.850037 1 0.0000
5324 582994.894357 4497505.556594 1 0.0000
5325 585885.290164 4512279.871151 1 0.0000
5326 585632.084693 4514122.729208 1 0.0000
5327 594072.777126 4506741.355755 1 0.0000
5328 598258.024531 4503843.993048 1 0.0000
5329 597371.452746 4522878.447611 1 0.0000
5330 570790.076579 4498407.349826 1 0.0000
5331 584162.539148 4501209.036153 1 0.0000
5332 597371.452746 4522878.447611 1 0.0000
5333 596002.475559 4512487.448178 1 0.0000
5334 603584.946710 4512410.122650 1 0.0000
5335 584925.539303 4511759.124804 1 0.0000
5336 585427.707601 4505231.486425 1 0.0000
5337 585773.337462 4512076.255822 1 0.0000
5338 582585.489749 4496179.322921 1 0.0000
5339 596062.803926 4510427.207441 1 0.0000
5340 584243.552597 4510609.539066 1 0.0000
5341 585796.149103 4512695.115269 1 0.0000
5342 585433.790408 4511227.374345 1 0.0000
5343 586329.649519 4512728.924898 1 0.0000
5344 587869.630558 4501950.539288 1 0.0000
5345 589737.876861 4520576.220462 1 0.0000
5346 590606.719947 4524443.457063 1 0.0000
5347 593437.436295 4509042.173627 1 0.0000
5348 585000.529613 4508011.218842 1 0.0000
5349 586510.809286 4512127.319980 1 0.0000
5350 589338.264320 4521680.583851 1 0.0000
5351 585141.697994 4514102.816603 1 0.0000
5352 607088.149375 4512822.384833 1 0.0000
5353 584061.458699 4507708.293311 1 0.0000
5354 598926.370604 4513348.712528 1 0.0000
5355 577202.959143 4495960.597796 1 0.0000
5356 588717.868879 4516547.908160 1 0.0000
5357 593027.586701 4522303.206057 1 0.0000
5358 587887.785151 4515211.034979 1 0.0000
5359 585644.180206 4512633.656357 1 0.0000
5360 585826.187925 4492318.126168 1 0.0000
5361 587193.649120 4512533.686188 1 0.0000
5362 589291.045878 4520904.804852 1 0.0000
5363 587080.013009 4512531.172458 1 0.0000
5364 586595.938532 4510405.657060 1 0.0000
5365 584430.033612 4491854.639209 1 0.0000
5366 596631.688079 4502956.407936 1 0.0000
5367 584089.404461 4512210.345486 1 0.0000
5368 586184.880071 4512837.891668 1 0.0000
5369 586019.219130 4514084.784564 1 0.0000
5370 595754.463300 4509565.868949 1 0.0000
5371 598860.865826 4520781.461709 1 0.0000
5372 596414.170082 4520349.473544 1 0.0000
5373 587104.945055 4515904.819582 1 0.0000
5374 586788.119694 4512313.926641 1 0.0000
5375 586622.562354 4512990.368516 1 0.0000
5376 578279.969553 4498976.771271 1 0.0000
5377 589887.112431 4506408.811717 1 0.0000
5378 586019.219130 4514084.784564 1 0.0000
5379 586071.031331 4514057.340214 1 0.0000
5380 569504.041850 4495152.678862 1 0.0000
5381 587770.801651 4513229.562061 1 0.0000
5382 586609.329163 4500284.591311 1 0.0000
5383 597210.665799 4527753.048107 1 0.0000
5384 583130.693040 4506462.031566 1 0.0000
5385 593481.998728 4521818.071135 1 0.0000
5386 601535.326577 4506885.948770 1 0.0000
5387 586244.864685 4512547.864074 1 0.0000
5388 591039.242222 4510135.374784 1 0.0000
5389 586089.534570 4512005.809684 1 0.0000
5390 591532.457547 4526929.086334 1 0.0000
5391 592625.718687 4512353.000703 1 0.0000
5392 599653.140471 4502821.611363 1 0.0000
5393 585806.366794 4512466.989431 1 0.0000
5394 585644.180206 4512633.656357 1 0.0000
5395 585349.733457 4512159.190427 1 0.0000
5396 597707.859104 4526564.757572 1 0.0000
5397 592909.686593 4520671.220702 1 0.0000
5398 590260.645884 4505128.929314 1 0.0000
5399 587553.452775 4495852.423238 1 0.0000
5400 587403.370212 4517981.001083 1 0.0000
5401 593180.518345 4512497.364303 1 0.0000
5402 585986.205892 4509921.506650 1 0.0000
5403 603569.754429 4503990.585321 1 0.0000
5404 605015.108905 4512007.682471 1 0.0000
5405 586803.928877 4502546.349797 1 0.0000
5406 589079.345286 4506777.484641 1 0.0000
5407 586329.649519 4512728.924898 1 0.0000
5408 586667.168866 4512418.594863 1 0.0000
5409 585910.154614 4512905.762966 1 0.0000
5410 588545.615617 4493465.809891 1 0.0000
5411 585935.977337 4511067.323337 1 0.0000
5412 583835.938942 4509369.227551 1 0.0000
5413 599457.295171 4510478.029511 1 0.0000
5414 591273.980139 4510582.042171 1 0.0000
5415 585548.882845 4511235.694416 1 0.0000
5416 585796.149103 4512695.115269 1 0.0000
5417 587561.385592 4513342.363793 1 0.0000
5418 583543.922526 4509162.954058 1 0.0000
5419 585915.544398 4512513.029254 1 0.0000
5420 588639.856676 4516922.142836 1 0.0000
5421 588463.102092 4517751.435530 1 0.0000
5422 585432.967380 4514401.419937 1 0.0000
5423 592143.594303 4524034.679311 1 0.0000
5424 592691.264303 4520290.857448 1 0.0000
5425 589847.232328 4523036.666515 1 0.0000
5426 599714.096765 4511905.298078 1 0.0000
5427 585805.705753 4513327.232303 1 0.0000
5428 594707.898650 4519578.836461 1 0.0000
5429 587026.843010 4492662.989592 1 0.0000
5430 586563.915793 4512226.962546 1 0.0000
5431 595705.944767 4511177.974847 1 0.0000
5432 583731.412669 4506827.532376 1 0.0000
5433 595072.754838 4503968.078344 1 0.0000
5434 598090.773349 4524281.752449 1 0.0000
5435 584609.322177 4511831.398899 1 0.0000
5436 583424.634627 4507141.564176 1 0.0000
5437 593342.566880 4519428.571933 1 0.0000
5438 590046.395366 4502558.843179 1 0.0000
5439 589875.219176 4501747.537731 1 0.0000
5440 586202.770403 4511561.890121 1 0.0000
5441 586117.464607 4512710.356362 1 0.0000
5442 586851.983312 4512432.280480 1 0.0000
5443 585796.149103 4512695.115269 1 0.0000
5444 586667.168866 4512418.594863 1 0.0000
5445 589681.870563 4503288.485758 1 0.0000
5446 586221.284373 4512905.651709 1 0.0000
5447 594013.012109 4520842.270404 1 0.0000
5448 599984.249090 4505461.952511 1 0.0000
5449 584900.234403 4505471.702658 1 0.0000
5450 593533.013913 4523676.325365 1 0.0000
5451 587127.978723 4512386.668499 1 0.0000
5452 595004.397450 4512547.084804 1 0.0000
5453 575939.364114 4495713.120259 1 0.0000
5454 585751.698132 4505654.173029 1 0.0000
5455 585474.696490 4511755.934607 1 0.0000
5456 586206.169479 4508052.676594 1 0.0000
5457 584588.368655 4511129.676956 1 0.0000
5458 588519.593116 4519103.870699 1 0.0000
5459 587045.366906 4512469.527221 1 0.0000
5460 585562.305299 4512839.024988 1 0.0000
5461 591076.436670 4518824.949546 1 0.0000
5462 588256.339211 4514637.771033 1 0.0000
5463 584402.792663 4512038.698587 1 0.0000
5464 589041.089209 4516610.101738 1 0.0000
5465 589194.727361 4520559.661775 1 0.0000
5466 585263.018760 4504225.843543 1 0.0000
5467 591696.379524 4512852.843662 1 0.0000
5468 586444.115484 4512845.721386 1 0.0000
5469 585252.586730 4512260.777144 1 0.0000
5470 598943.105645 4507593.631940 1 0.0000
5471 585694.598964 4505289.374579 1 0.0000
5472 593264.007256 4523002.225457 1 0.0000
5473 585922.376251 4513250.550776 1 0.0000
5474 596797.125995 4525912.576306 1 0.0000
5475 586089.534570 4512005.809684 1 0.0000
5476 597607.445501 4502902.892223 1 0.0000
5477 588944.824814 4499071.813803 1 0.0000
5478 584650.976587 4507264.619495 1 0.0000
5479 604970.546924 4510379.851783 1 0.0000
5480 586956.898630 4512959.438898 1 0.0000
5481 602983.877575 4504702.808212 1 0.0000
5482 585493.194591 4512459.154727 1 0.0000
5483 588967.100561 4504322.528312 1 0.0000
5484 585910.154614 4512905.762966 1 0.0000
5485 584089.404461 4512210.345486 1 0.0000
5486 585562.305299 4512839.024988 1 0.0000
5487 591840.241864 4526101.893707 1 0.0000
5488 584516.606930 4497029.504584 1 0.0000
5489 573365.368182 4496762.238520 1 0.0000
5490 586447.985773 4504718.052169 1 0.0000
5491 602629.175679 4513864.743306 1 0.0000
5492 585796.149103 4512695.115269 1 0.0000
5493 585150.737375 4510260.904640 1 0.0000
5494 596137.668387 4502853.279270 1 0.0000
5495 589847.232328 4523036.666515 1 0.0000
5496 585644.180206 4512633.656357 1 0.0000
5497 586475.241959 4512066.274165 1 0.0000
5498 599563.251700 4505100.320258 1 0.0000
5499 586494.524018 4503627.354048 1 0.0000
5500 598258.032358 4525433.445695 1 0.0000
5501 590789.726057 4504881.717255 1 0.0000
5502 594131.189579 4511944.128130 1 0.0000
5503 585758.243764 4512785.796760 1 0.0000
5504 604675.391434 4495312.612906 1 0.0000
5505 584303.933400 4496303.370410 1 0.0000
5506 597904.189291 4521725.298604 1 0.0000
5507 606715.756773 4503573.168188 1 0.0000
5508 591958.593866 4519229.946243 1 0.0000
5509 599584.378422 4511869.690716 1 0.0000
5510 598393.700684 4507322.567941 1 0.0000
5511 606222.992143 4503224.129483 1 0.0000
5512 597617.920169 4505386.294431 1 0.0000
5513 585452.289750 4513936.013496 1 0.0000
5514 588070.722998 4492161.989140 1 0.0000
5515 594120.513433 4515930.851387 1 0.0000
5516 587026.843010 4492662.989592 1 0.0000
5517 593908.382336 4522934.614697 1 0.0000
5518 591622.703604 4503555.557696 1 0.0000
5519 586851.983312 4512432.280480 1 0.0000
5520 586872.610968 4511531.125844 1 0.0000
5521 586688.249289 4492103.331068 1 0.0000
5522 588997.289922 4520476.959611 1 0.0000
5523 586117.464607 4512710.356362 1 0.0000
5524 588648.834781 4518299.328674 1 0.0000
5525 590145.580053 4492512.200487 1 0.0000
5526 586667.168866 4512418.594863 1 0.0000
5527 593117.088987 4523672.795952 1 0.0000
5528 604140.067149 4496486.484936 1 0.0000
5529 583130.693040 4506462.031566 1 0.0000
5530 585782.771988 4512211.052849 1 0.0000
5531 591580.690270 4522037.420700 1 0.0000
5532 598340.896318 4504837.456605 1 0.0000
5533 586447.985773 4504718.052169 1 0.0000
5534 585441.199084 4514347.576871 1 0.0000
5535 587903.998115 4505465.965121 1 0.0000
5536 585796.149103 4512695.115269 1 0.0000
5537 586002.641065 4510725.872112 1 0.0000
5538 583163.558490 4507188.566785 1 0.0000
5539 564099.849812 4484448.282900 1 0.0000
5540 586615.189791 4516524.236811 1 0.0000
5541 592002.059748 4502566.755085 1 0.0000
5542 592364.152324 4501621.940918 1 0.0000
5543 587421.970395 4503559.588889 1 0.0000
5544 584031.504466 4510579.088858 1 0.0000
5545 589860.768474 4498997.202724 1 0.0000
5546 592184.928308 4518328.685296 1 0.0000
5547 592321.740026 4511323.502614 1 0.0000
5548 595969.441911 4510811.940101 1 0.0000
5549 597330.281637 4505866.028569 1 0.0000
5550 588639.856676 4516922.142836 1 0.0000
5551 594725.185316 4526101.624077 1 0.0000
5552 592704.040846 4506703.843350 1 0.0000
5553 595544.782144 4503378.604692 1 0.0000
5554 584738.858515 4498092.469661 1 0.0000
5555 586236.557370 4512688.553921 1 0.0000
5556 588050.266694 4500401.835943 1 0.0000
5557 585796.149103 4512695.115269 1 0.0000
5558 589041.089209 4516610.101738 1 0.0000
5559 585143.642249 4509760.155535 1 0.0000
5560 586013.038507 4511712.398389 1 0.0000
5561 587140.519106 4512970.977566 1 0.0000
5562 592363.772278 4519400.647638 1 0.0000
5563 586221.284373 4512905.651709 1 0.0000
5564 585449.136970 4514880.943247 1 0.0000
5565 599374.403399 4508442.659538 1 0.0000
5566 596457.094864 4519658.512982 1 0.0000
5567 583617.923085 4506678.448839 1 0.0000
5568 586499.546255 4511778.582147 1 0.0000
5569 591554.800517 4518884.343477 1 0.0000
5570 586051.682024 4513883.423581 1 0.0000
5571 586329.649519 4512728.924898 1 0.0000
5572 584602.204025 4508122.479773 1 0.0000
5573 586400.889879 4514526.116589 1 0.0000
5574 585867.603993 4511264.618627 1 0.0000
5575 599554.059747 4512766.190177 1 0.0000
5576 592088.028543 4522041.381869 1 0.0000
5577 585935.977337 4511067.323337 1 0.0000
5578 586042.217065 4512574.808207 1 0.0000
5579 587929.611331 4513974.304895 1 0.0000
5580 586667.168866 4512418.594863 1 0.0000
5581 587989.299417 4502092.378349 1 0.0000
5582 604916.782440 4502266.126832 1 0.0000
5583 598139.888417 4508632.484518 1 0.0000
5584 592320.190846 4497337.250757 1 0.0000
5585 577801.075697 4499099.610675 1 0.0000
5586 592694.837164 4523769.757918 1 0.0000
5587 586851.983312 4512432.280480 1 0.0000
5588 583659.108384 4506326.349964 1 0.0000
5589 600479.321072 4508849.862544 1 0.0000
5590 578398.787469 4499621.692106 1 0.0000
5591 598905.078391 4505336.627944 1 0.0000
5592 582974.159842 4498150.114757 1 0.0000
5593 594259.916847 4526202.664153 1 0.0000
5594 584553.459066 4511545.841686 1 0.0000
5595 591557.364705 4518419.043643 1 0.0000
5596 585984.188189 4515206.399567 1 0.0000
5597 591990.979943 4505711.754582 1 0.0000
5598 590376.867781 4513924.486495 1 0.0000
5599 586536.128200 4512178.498472 1 0.0000
5600 585539.049172 4512045.246070 1 0.0000
5601 600630.175476 4506036.979249 1 0.0000
5602 588489.768052 4515626.541538 1 0.0000
5603 583606.527526 4508241.259066 1 0.0000
5604 583417.926918 4506205.065408 1 0.0000
5605 584247.798977 4510691.559979 1 0.0000
5606 585713.821077 4511308.880139 1 0.0000
5607 587089.339796 4512782.377057 1 0.0000
5608 586167.564437 4512405.284134 1 0.0000
5609 585724.017153 4512152.485658 1 0.0000
5610 588078.304558 4512986.235039 1 0.0000
5611 586117.464607 4512710.356362 1 0.0000
5612 590959.550140 4498520.293081 1 0.0000
5613 593728.976642 4522393.183888 1 0.0000
5614 591721.972610 4525037.321102 1 0.0000
5615 588104.356522 4518773.375729 1 0.0000
5616 596929.076873 4507783.735571 1 0.0000
5617 586487.562818 4511760.466588 1 0.0000
5618 597101.682327 4502304.438048 1 0.0000
5619 591738.976152 4518847.438128 1 0.0000
5620 600546.728946 4510639.138726 1 0.0000
5621 601092.764250 4493875.090637 1 0.0000
5622 586667.168866 4512418.594863 1 0.0000
5623 583139.830322 4507532.941362 1 0.0000
5624 594200.106767 4522766.377121 1 0.0000
5625 585236.504479 4502270.724147 1 0.0000
5626 596537.271938 4512247.920398 1 0.0000
5627 585644.834452 4512736.662652 1 0.0000
5628 585436.014488 4512208.930442 1 0.0000
5629 592423.751691 4523224.539206 1 0.0000
5630 588931.707021 4494592.799969 1 0.0000
5631 584293.896468 4510095.732917 1 0.0000
5632 586069.561522 4509960.547901 1 0.0000
5633 584096.134304 4500912.088692 1 0.0000
5634 594621.042789 4520648.079837 1 0.0000
5635 583424.634627 4507141.564176 1 0.0000
5636 588091.123594 4513706.458881 1 0.0000
5637 595973.067816 4526156.708989 1 0.0000
5638 587032.390642 4503411.021604 1 0.0000
5639 595022.293990 4513651.345333 1 0.0000
5640 587757.409668 4502681.217947 1 0.0000
5641 585285.472342 4510230.138636 1 0.0000
5642 588558.692196 4517332.300266 1 0.0000
5643 587290.848571 4517827.352550 1 0.0000
5644 584671.924980 4511391.779761 1 0.0000
5645 595537.379680 4510245.090278 1 0.0000
5646 590816.960567 4519746.247732 1 0.0000
5647 585731.067252 4513726.490642 1 0.0000
5648 596930.796283 4520448.006140 1 0.0000
5649 586329.649519 4512728.924898 1 0.0000
5650 591193.128158 4521604.845695 1 0.0000
5651 593589.084467 4523889.975702 1 0.0000
5652 591076.394746 4503844.019183 1 0.0000
5653 590436.551631 4510396.981195 1 0.0000
5654 586329.649519 4512728.924898 1 0.0000
5655 590751.108651 4519588.558318 1 0.0000
5656 585796.149103 4512695.115269 1 0.0000
5657 587177.091835 4512542.639577 1 0.0000
5658 601360.854044 4507087.834248 1 0.0000
5659 598461.979098 4505632.669140 1 0.0000
5660 586019.219130 4514084.784564 1 0.0000
5661 590740.694921 4504182.413609 1 0.0000
5662 587086.933660 4505446.916777 1 0.0000
5663 586221.284373 4512905.651709 1 0.0000
5664 585467.773545 4512470.444295 1 0.0000
5665 571164.162565 4493917.360013 1 0.0000
5666 586530.371014 4512496.569843 1 0.0000
5667 583869.060751 4509323.895918 1 0.0000
5668 585097.044129 4504484.800459 1 0.0000
5669 586108.087862 4511714.699334 1 0.0000
5670 588073.528719 4507786.575009 1 0.0000
5671 592801.835657 4523472.947630 1 0.0000
5672 583332.490303 4506696.834676 1 0.0000
5673 585889.010218 4513531.130652 1 0.0000
5674 585675.515229 4511354.457910 1 0.0000
5675 585158.013749 4510932.912922 1 0.0000
5676 596384.740915 4511726.913733 1 0.0000
5677 589890.826745 4494177.072153 1 0.0000
5678 587114.304190 4513854.091720 1 0.0000
5679 594392.562593 4521549.931638 1 0.0000
5680 586482.441985 4513012.235484 1 0.0000
5681 585198.631238 4501796.141275 1 0.0000
5682 589700.117179 4522496.523322 1 0.0000
5683 589247.226193 4505628.127166 1 0.0000
5684 588416.887767 4506293.349954 1 0.0000
5685 585450.901528 4504130.469150 1 0.0000
5686 591086.685354 4503769.782174 1 0.0000
5687 586667.168866 4512418.594863 1 0.0000
5688 586543.433363 4512981.544106 1 0.0000
5689 586202.770403 4511561.890121 1 0.0000
5690 586034.413747 4513714.102056 1 0.0000
5691 591054.494013 4518504.424633 1 0.0000
5692 583824.294144 4510765.963566 1 0.0000
5693 585342.382090 4513258.872716 1 0.0000
5694 586622.562354 4512990.368516 1 0.0000
5695 589775.078359 4511003.786421 1 0.0000
5696 583538.915371 4506873.183585 1 0.0000
5697 585590.937026 4511583.259468 1 0.0000
5698 585009.266198 4509010.214343 1 0.0000
5699 571819.680398 4498811.848302 1 0.0000
5700 585796.149103 4512695.115269 1 0.0000
5701 586849.905269 4512106.500988 1 0.0000
5702 597470.795821 4515662.462783 1 0.0000
5703 586258.509354 4511992.193195 1 0.0000
5704 593436.019671 4520399.306451 1 0.0000
5705 598475.518075 4501652.373511 1 0.0000
5706 592278.465155 4502806.672383 1 0.0000
5707 591442.671901 4502531.445600 1 0.0000
5708 594200.106767 4522766.377121 1 0.0000
5709 596272.614191 4519214.235524 1 0.0000
5710 591657.818671 4505505.318255 1 0.0000
5711 586155.744753 4503781.348400 1 0.0000
5712 592260.632344 4499307.865912 1 0.0000
5713 583869.021147 4507400.766013 1 0.0000
5714 591951.866692 4503041.562826 1 0.0000
5715 595284.367065 4512982.388702 1 0.0000
5716 589753.453943 4517420.584224 1 0.0000
5717 591123.762654 4518522.889016 1 0.0000
5718 585680.620327 4514623.343378 1 0.0000
5719 585562.305299 4512839.024988 1 0.0000
5720 586053.094276 4513171.287561 1 0.0000
5721 587887.785151 4515211.034979 1 0.0000
5722 585639.927342 4509770.379693 1 0.0000
5723 589115.855510 4503943.310343 1 0.0000
5724 601729.743515 4513341.929268 1 0.0000
5725 586622.562354 4512990.368516 1 0.0000
5726 596654.680569 4526938.224355 1 0.0000
5727 592088.985560 4519713.828855 1 0.0000
5728 570687.429350 4496984.682542 1 0.0000
5729 597242.924217 4521055.862302 1 0.0000
5730 586333.213948 4514929.417200 1 0.0000
5731 592289.360311 4499649.184264 1 0.0000
5732 577947.198583 4497236.691834 1 0.0000
5733 592471.200294 4525394.493178 1 0.0000
5734 590941.993997 4513670.379897 1 0.0000
5735 584089.404461 4512210.345486 1 0.0000
5736 587600.732417 4512777.537988 1 0.0000
5737 585141.697994 4514102.816603 1 0.0000
5738 590799.774142 4512244.745013 1 0.0000
5739 586243.061395 4512064.237998 1 0.0000
5740 593159.677234 4499541.140568 1 0.0000
5741 573418.003972 4491517.152784 1 0.0000
5742 585321.806420 4494524.381181 1 0.0000
5743 593787.588382 4523665.822912 1 0.0000
5744 589011.635150 4514970.308620 1 0.0000
5745 586582.368735 4512265.568723 1 0.0000
5746 587808.700583 4517817.413318 1 0.0000
5747 585182.373444 4513715.665552 1 0.0000
5748 594998.246852 4512150.554484 1 0.0000
5749 584394.235161 4512094.366180 1 0.0000
5750 583332.490303 4506696.834676 1 0.0000
5751 589248.642803 4506976.571062 1 0.0000
5752 587393.807675 4498639.151613 1 0.0000
5753 605824.079359 4508508.385745 1 0.0000
5754 583609.807821 4506989.786424 1 0.0000
5755 584652.542594 4511728.893321 1 0.0000
5756 586667.168866 4512418.594863 1 0.0000
5757 586160.577597 4507721.222344 1 0.0000
5758 596627.730852 4502982.874861 1 0.0000
5759 586148.856178 4513191.271512 1 0.0000
5760 592352.130433 4498710.721257 1 0.0000
5761 593573.950102 4520943.613810 1 0.0000
5762 592490.734294 4505980.116922 1 0.0000
5763 588901.075971 4519802.098250 1 0.0000
5764 586617.136748 4510096.293617 1 0.0000
5765 603569.754429 4503990.585321 1 0.0000
5766 595439.696940 4528164.632505 1 0.0000
5767 592593.335886 4514419.944845 1 0.0000
5768 585796.149103 4512695.115269 1 0.0000
5769 593951.258642 4501160.025814 1 0.0000
5770 593589.084467 4523889.975702 1 0.0000
5771 586399.067086 4512252.814661 1 0.0000
5772 586563.915793 4512226.962546 1 0.0000
5773 570687.429350 4496984.682542 1 0.0000
5774 590932.263504 4518079.755237 1 0.0000
5775 583544.723041 4506657.502999 1 0.0000
5776 586386.637639 4512594.883439 1 0.0000
5777 587735.849997 4502594.125739 1 0.0000
5778 586752.015181 4511925.594956 1 0.0000
5779 586206.656065 4512477.950256 1 0.0000
5780 586473.311976 4511406.513865 1 0.0000
5781 584428.424302 4511928.678403 1 0.0000
5782 600764.222875 4505609.473583 1 0.0000
5783 590215.253326 4518905.632982 1 0.0000
5784 586202.770403 4511561.890121 1 0.0000
5785 599630.564163 4507354.918329 1 0.0000
5786 583424.634627 4507141.564176 1 0.0000
5787 590968.656591 4519671.490220 1 0.0000
5788 585937.815757 4511066.429835 1 0.0000
5789 595804.119620 4511494.798400 1 0.0000
5790 591759.153177 4512612.209746 1 0.0000
5791 585739.034794 4512866.940434 1 0.0000
5792 587721.547123 4492937.205084 1 0.0000
5793 597371.452746 4522878.447611 1 0.0000
5794 589375.671819 4506257.331392 1 0.0000
5795 591312.105747 4503026.366560 1 0.0000
5796 588874.954761 4516187.372729 1 0.0000
5797 594976.919267 4519985.071459 1 0.0000
5798 592606.346554 4519667.315556 1 0.0000
5799 585252.586730 4512260.777144 1 0.0000
5800 585796.149103 4512695.115269 1 0.0000
5801 585675.046390 4514203.362390 1 0.0000
5802 586829.790096 4516143.942726 1 0.0000
5803 585252.586730 4512260.777144 1 0.0000
5804 571494.132791 4490141.745275 1 0.0000
5805 592589.795184 4518847.388990 1 0.0000
5806 591808.458281 4525469.508655 1 0.0000
5807 591218.874993 4521832.166846 1 0.0000
5808 583417.926918 4506205.065408 1 0.0000
5809 601319.106402 4512364.829732 1 0.0000
5810 597684.587262 4508447.206045 1 0.0000
5811 571210.300797 4492620.106120 1 0.0000
5812 589739.918601 4522747.163631 1 0.0000
5813 606500.749568 4509889.554557 1 0.0000
5814 585263.018760 4504225.843543 1 0.0000
5815 585375.409592 4513890.342291 1 0.0000
5816 586784.738179 4512851.431470 1 0.0000
5817 585785.614525 4512095.288425 1 0.0000
5818 604777.390897 4494406.262420 1 0.0000
5819 585993.094459 4504739.081916 1 0.0000
5820 583625.749754 4509229.096829 1 0.0000
5821 585943.322649 4512963.429851 1 0.0000
5822 606827.798448 4501005.168454 1 0.0000
5823 589232.374695 4516323.700943 1 0.0000
5824 584391.148897 4503721.352532 1 0.0000
5825 602448.295755 4500423.386296 1 0.0000
5826 590702.551271 4501962.634895 1 0.0000
5827 578053.100318 4499526.343720 1 0.0000
5828 597665.865028 4508994.603679 1 0.0000
5829 586616.870612 4512741.034793 1 0.0000
5830 595348.663026 4510921.891242 1 0.0000
5831 587887.321333 4503396.062285 1 0.0000
5832 588064.511729 4507829.134986 1 0.0000
5833 584652.542594 4511728.893321 1 0.0000
5834 585463.906331 4511686.638935 1 0.0000
5835 588026.546188 4497152.879780 1 0.0000
5836 583609.807821 4506989.786424 1 0.0000
5837 601033.087523 4507129.819095 1 0.0000
5838 598949.138265 4512499.970998 1 0.0000
5839 596077.653463 4503468.463460 1 0.0000
5840 584089.404461 4512210.345486 1 0.0000
5841 586360.195055 4492440.592663 1 0.0000
5842 584623.304478 4511674.013210 1 0.0000
5843 588078.304558 4512986.235039 1 0.0000
5844 601208.666682 4507152.232666 1 0.0000
5845 585796.149103 4512695.115269 1 0.0000
5846 593579.557030 4502682.200209 1 0.0000
5847 594810.214632 4521802.752381 1 0.0000
5848 593523.935770 4518969.880364 1 0.0000
5849 593806.588648 4501662.711809 1 0.0000
5850 602933.279140 4514134.853609 1 0.0000
5851 596746.522422 4511427.210121 1 0.0000
5852 588285.009916 4507652.768878 1 0.0000
5853 605290.876807 4506918.277460 1 0.0000
5854 596065.641461 4519032.080248 1 0.0000
5855 570257.356631 4491637.842811 1 0.0000
5856 604259.771279 4506584.446593 1 0.0000
5857 586329.649519 4512728.924898 1 0.0000
5858 600655.143388 4501482.051053 1 0.0000
5859 598398.190966 4506016.520598 1 0.0000
5860 585435.128983 4511029.620828 1 0.0000
5861 596384.135361 4511726.601642 1 0.0000
5862 605634.817249 4495732.751725 1 0.0000
5863 585499.493303 4511879.632905 1 0.0000
5864 593293.404483 4522215.427551 1 0.0000
5865 588431.150871 4514085.458134 1 0.0000
5866 600196.706005 4510199.990095 1 0.0000
5867 582969.070750 4506632.971266 1 0.0000
5868 584609.322177 4511831.398899 1 0.0000
5869 594827.774660 4500131.155379 1 0.0000
5870 586947.093492 4512937.386760 1 0.0000
5871 595705.944767 4511177.974847 1 0.0000
5872 603178.225447 4514863.232480 1 0.0000
5873 585149.774396 4511495.651285 1 0.0000
5874 585791.186433 4513665.315263 1 0.0000
5875 595469.173688 4512221.130680 1 0.0000
5876 582544.848932 4498950.311893 1 0.0000
5877 590479.146837 4505395.920334 1 0.0000
5878 586053.094276 4513171.287561 1 0.0000
5879 587780.436918 4508343.636127 1 0.0000
5880 585644.180206 4512633.656357 1 0.0000
5881 599984.249090 4505461.952511 1 0.0000
5882 585837.756763 4512359.778045 1 0.0000
5883 589746.008706 4495632.933176 1 0.0000
5884 585805.705753 4513327.232303 1 0.0000
5885 568434.190638 4486685.661805 1 0.0000
5886 585843.735254 4514268.364177 1 0.0000
5887 592977.750141 4522130.766089 1 0.0000
5888 583278.416798 4507886.478491 1 0.0000
5889 585544.452084 4512881.483508 1 0.0000
5890 585191.125072 4501786.304326 1 0.0000
5891 589362.069073 4503193.734593 1 0.0000
5892 586089.534570 4512005.809684 1 0.0000
5893 604308.096475 4513989.907654 1 0.0000
5894 596597.668452 4503992.420776 1 0.0000
5895 583827.352949 4501020.560987 1 0.0000
5896 590070.919538 4513309.098353 1 0.0000
5897 591197.458110 4501799.440919 1 0.0000
5898 584268.057463 4506905.862038 1 0.0000
5899 586667.168866 4512418.594863 1 0.0000
5900 585811.647971 4511281.349788 1 0.0000
5901 600709.630140 4503360.807085 1 0.0000
5902 586988.116713 4512359.172977 1 0.0000
5903 569125.582555 4497857.285097 1 0.0000
5904 584877.096547 4511785.083884 1 0.0000
5905 589814.414900 4522708.093573 1 0.0000
5906 598676.924447 4520263.135378 1 0.0000
5907 588184.326000 4506164.240742 1 0.0000
5908 577557.715639 4496035.326174 1 0.0000
5909 584162.160356 4507454.993230 1 0.0000
5910 589982.475621 4516978.286176 1 0.0000
5911 593966.849270 4513991.555485 1 0.0000
5912 576957.569751 4494333.658999 1 0.0000
5913 589316.944471 4517752.945461 1 0.0000
5914 575186.156821 4490883.329643 1 0.0000
5915 585075.910029 4495381.516874 1 0.0000
5916 587873.172506 4510743.522238 1 0.0000
5917 585511.252449 4495551.927107 1 0.0000
5918 591204.985946 4506014.552948 1 0.0000
5919 591084.613386 4521500.607522 1 0.0000
5920 587629.163362 4514855.208525 1 0.0000
5921 597497.197230 4521339.122553 1 0.0000
5922 587887.785151 4515211.034979 1 0.0000
5923 593005.631745 4522437.952947 1 0.0000
5924 605075.525264 4502671.099457 1 0.0000
5925 588435.974638 4506383.462163 1 0.0000
5926 585245.877473 4502223.599196 1 0.0000
5927 596785.109264 4509670.237388 1 0.0000
5928 586494.539867 4508070.890716 1 0.0000
5929 586616.870612 4512741.034793 1 0.0000
5930 592461.614755 4505727.163492 1 0.0000
5931 591392.456739 4522696.851850 1 0.0000
5932 605010.046442 4510149.002399 1 0.0000
5933 585791.186433 4513665.315263 1 0.0000
5934 585743.047998 4512862.414995 1 0.0000
5935 585988.614148 4514203.279938 1 0.0000
5936 595007.964373 4510627.905299 1 0.0000
5937 602709.002514 4494392.263641 1 0.0000
5938 592356.916281 4523553.499680 1 0.0000
5939 588661.114055 4496283.087318 1 0.0000
5940 589668.661937 4513015.934567 1 0.0000
5941 590896.042982 4520961.209226 1 0.0000
5942 592099.715617 4512409.480639 1 0.0000
5943 585367.949731 4512245.331454 1 0.0000
5944 586081.011303 4512646.861818 1 0.0000
5945 590807.313542 4520004.247413 1 0.0000
5946 586286.259050 4510572.777452 1 0.0000
5947 585890.937741 4504959.760550 1 0.0000
5948 585918.128698 4509236.617183 1 0.0000
5949 585441.205893 4512395.178927 1 0.0000
5950 585562.305299 4512839.024988 1 0.0000
5951 577598.951650 4492058.917825 1 0.0000
5952 591367.447427 4522618.553960 1 0.0000
5953 589764.026095 4511813.636619 1 0.0000
5954 587770.801651 4513229.562061 1 0.0000
5955 586206.656065 4512477.950256 1 0.0000
5956 590353.053320 4523814.027078 1 0.0000
5957 585669.847104 4501625.673037 1 0.0000
5958 583382.720455 4507397.057293 1 0.0000
5959 586221.284373 4512905.651709 1 0.0000
5960 603814.735058 4512516.045039 1 0.0000
5961 585176.247135 4511258.265478 1 0.0000
5962 588753.705305 4503901.404977 1 0.0000
5963 585607.834013 4512346.797607 1 0.0000
5964 586089.534570 4512005.809684 1 0.0000
5965 590530.476452 4501391.140683 1 0.0000
5966 586851.983312 4512432.280480 1 0.0000
5967 591245.269848 4517755.126646 1 0.0000
5968 592534.101716 4520871.413131 1 0.0000
5969 594474.352057 4524930.396897 1 0.0000
5970 586667.168866 4512418.594863 1 0.0000
5971 571164.162565 4493917.360013 1 0.0000
5972 601640.650775 4507083.702241 1 0.0000
5973 586329.649519 4512728.924898 1 0.0000
5974 587427.106433 4512691.149903 1 0.0000
5975 593188.967802 4520605.232139 1 0.0000
5976 585819.298151 4512161.189498 1 0.0000
5977 586676.570992 4511539.862131 1 0.0000
5978 577418.060030 4496767.196089 1 0.0000
5979 584128.185910 4497556.832882 1 0.0000
5980 583862.411126 4509265.617944 1 0.0000
5981 604517.984401 4505020.406926 1 0.0000
5982 592533.976346 4523953.201410 1 0.0000
5983 588964.605250 4515273.285306 1 0.0000
5984 589204.994935 4506795.369971 1 0.0000
5985 588947.554192 4511394.168779 1 0.0000
5986 585687.332793 4512483.612559 1 0.0000
5987 581721.309411 4497465.177752 1 0.0000
5988 595532.614511 4522989.415015 1 0.0000
5989 583864.686529 4507540.586401 1 0.0000
5990 586272.105433 4512590.836186 1 0.0000
5991 591130.909850 4502024.183835 1 0.0000
5992 593117.614723 4511866.458642 1 0.0000
5993 585743.493706 4512021.064228 1 0.0000
5994 604442.834112 4505170.704667 1 0.0000
5995 585236.947267 4508443.880968 1 0.0000
5996 593643.807780 4498985.327143 1 0.0000
5997 583915.236648 4511583.364964 1 0.0000
5998 599630.564163 4507354.918329 1 0.0000
5999 584108.768652 4506737.973355 1 0.0000
6000 586392.840231 4511970.259677 1 0.0000
6001 592854.063848 4519750.285385 1 0.0000
6002 589850.072164 4516537.047252 1 0.0000
6003 600234.999180 4507181.691701 1 0.0000
6004 602700.733095 4502399.426774 1 0.0000
6005 585474.696490 4511755.934607 1 0.0000
6006 574106.131469 4494378.028626 1 0.0000
6007 598258.032358 4525433.445695 1 0.0000
6008 590709.830414 4503868.495733 1 0.0000
6009 590943.784058 4502294.180081 1 0.0000
6010 586447.985773 4504718.052169 1 0.0000
6011 600289.638782 4512932.115274 1 0.0000
6012 590246.781043 4513359.859354 1 0.0000
6013 588627.381823 4518122.948814 1 0.0000
6014 589761.578636 4510583.713550 1 0.0000
6015 585707.659412 4505078.956263 1 0.0000
6016 585306.666366 4511552.899305 1 0.0000
6017 586443.590272 4512009.233297 1 0.0000
6018 585280.195441 4502341.003927 1 0.0000
6019 585044.425901 4496114.323736 1 0.0000
6020 585066.568466 4509276.589133 1 0.0000
6021 586925.390728 4513504.851082 1 0.0000
6022 588340.754251 4513755.013913 1 0.0000
6023 596189.764107 4520974.369142 1 0.0000
6024 599376.495042 4493258.052275 1 0.0000
6025 585562.305299 4512839.024988 1 0.0000
6026 585759.777025 4512784.900800 1 0.0000
6027 587349.206512 4504357.452256 1 0.0000
6028 590053.288211 4492777.177881 1 0.0000
6029 581874.852350 4496235.238353 1 0.0000
6030 583155.473500 4507523.978607 1 0.0000
6031 585874.297982 4509553.339817 1 0.0000
6032 570815.137639 4487656.714209 1 0.0000
6033 595343.887495 4507378.384827 1 0.0000
6034 591409.424397 4505026.503475 1 0.0000
6035 587057.055510 4512486.725477 1 0.0000
6036 585295.347292 4505107.175469 1 0.0000
6037 586234.145346 4511616.489655 1 0.0000
6038 586749.834926 4512571.597111 1 0.0000
6039 594192.526115 4510196.870886 1 0.0000
6040 586042.217065 4512574.808207 1 0.0000
6041 601386.062302 4506827.265611 1 0.0000
6042 588661.089273 4518106.572699 1 0.0000
6043 584112.799651 4507374.287524 1 0.0000
6044 585866.313036 4511591.881505 1 0.0000
6045 601782.236262 4503742.334322 1 0.0000
6046 590281.289247 4519154.134639 1 0.0000
6047 607245.336783 4512533.143225 1 0.0000
6048 585733.398703 4495658.970495 1 0.0000
6049 600681.143007 4505974.823198 1 0.0000
6050 594355.111494 4510396.798579 1 0.0000
6051 585866.313036 4511591.881505 1 0.0000
6052 586536.128200 4512178.498472 1 0.0000
6053 598301.851838 4526426.484143 1 0.0000
6054 585915.544398 4512513.029254 1 0.0000
6055 586081.011303 4512646.861818 1 0.0000
6056 583417.926918 4506205.065408 1 0.0000
6057 592750.670951 4505980.026606 1 0.0000
6058 587186.261711 4513903.973248 1 0.0000
6059 586007.759590 4511079.111821 1 0.0000
6060 587699.080436 4518157.461524 1 0.0000
6061 592462.449548 4519539.208961 1 0.0000
6062 587989.458925 4514792.579165 1 0.0000
6063 586510.809286 4512127.319980 1 0.0000
6064 585233.756562 4505056.804073 1 0.0000
6065 585048.196581 4509444.894542 1 0.0000
6066 583949.830163 4507529.671330 1 0.0000
6067 586667.168866 4512418.594863 1 0.0000
6068 585571.609053 4512503.929570 1 0.0000
6069 572572.009683 4498545.555740 1 0.0000
6070 591193.928990 4505272.102591 1 0.0000
6071 585984.188189 4515206.399567 1 0.0000
6072 577586.099052 4497451.678963 1 0.0000
6073 583930.778702 4500741.695686 1 0.0000
6074 593420.013596 4502428.983393 1 0.0000
6075 584756.780108 4510951.500924 1 0.0000
6076 588926.195801 4519790.499734 1 0.0000
6077 591093.192694 4524006.232698 1 0.0000
6078 592312.178849 4521412.224110 1 0.0000
6079 585772.332905 4507990.752941 1 0.0000
6080 566559.313482 4488240.004845 1 0.0000
6081 592889.360797 4521678.140054 1 0.0000
6082 591090.823907 4519139.903615 1 0.0000
6083 586396.035345 4512679.401326 1 0.0000
6084 574779.715401 4496239.586960 1 0.0000
6085 585676.439387 4496542.022418 1 0.0000
6086 586495.161724 4503624.923452 1 0.0000
6087 592045.596987 4504553.483512 1 0.0000
6088 586646.736375 4512660.621769 1 0.0000
6089 585482.210628 4504646.116813 1 0.0000
6090 586382.919945 4504303.492425 1 0.0000
6091 585249.806887 4509294.826880 1 0.0000
6092 601708.167035 4509989.546502 1 0.0000
6093 596572.656967 4507344.519585 1 0.0000
6094 585805.705753 4513327.232303 1 0.0000
6095 585014.952497 4511614.178746 1 0.0000
6096 588167.359299 4503905.705477 1 0.0000
6097 587757.409668 4502681.217947 1 0.0000
6098 585449.136970 4514880.943247 1 0.0000
6099 600801.782108 4508229.426266 1 0.0000
6100 605831.788875 4495507.954799 1 0.0000
6101 590779.900786 4523661.353338 1 0.0000
6102 590336.021837 4504476.446613 1 0.0000
6103 603009.199395 4507622.802872 1 0.0000
6104 586563.915793 4512226.962546 1 0.0000
6105 585947.497517 4514896.376120 1 0.0000
6106 587782.614724 4507643.698170 1 0.0000
6107 584982.011271 4514050.106908 1 0.0000
6108 589455.268104 4517915.421457 1 0.0000
6109 583976.758692 4507573.248662 1 0.0000
6110 583382.720455 4507397.057293 1 0.0000
6111 585324.481644 4504046.449544 1 0.0000
6112 587494.676321 4504963.382302 1 0.0000
6113 585688.945891 4493831.344848 1 0.0000
6114 592131.662628 4511049.211521 1 0.0000
6115 585072.939656 4513772.316529 1 0.0000
6116 588251.303667 4518874.394509 1 0.0000
6117 585639.927342 4509770.379693 1 0.0000
6118 588529.590870 4519215.821141 1 0.0000
6119 585522.757751 4513073.824471 1 0.0000
6120 593589.084467 4523889.975702 1 0.0000
6121 593624.702786 4525067.579226 1 0.0000
6122 584042.905447 4508936.130687 1 0.0000
6123 587135.259706 4504092.037967 1 0.0000
6124 587143.622049 4504026.616666 1 0.0000
6125 588335.764330 4517587.561262 1 0.0000
6126 589568.810923 4522493.501457 1 0.0000
6127 595995.071883 4523802.248494 1 0.0000
6128 595602.813110 4521350.727944 1 0.0000
6129 592744.222164 4520216.496849 1 0.0000
6130 584661.066490 4511167.985882 1 0.0000
6131 588489.768052 4515626.541538 1 0.0000
6132 589552.497955 4519997.549919 1 0.0000
6133 585670.347349 4505385.392079 1 0.0000
6134 589122.630721 4497502.967963 1 0.0000
6135 601572.431812 4506570.661039 1 0.0000
6136 588452.484543 4511464.103213 1 0.0000
6137 585885.290164 4512279.871151 1 0.0000
6138 606598.664486 4508809.439867 1 0.0000
6139 584006.409364 4507458.095055 1 0.0000
6140 583949.830163 4507529.671330 1 0.0000
6141 609028.286435 4511712.635676 1 0.0000
6142 567822.565745 4493230.308908 1 0.0000
6143 585562.305299 4512839.024988 1 0.0000
6144 585885.290164 4512279.871151 1 0.0000
6145 593258.936986 4522538.664419 1 0.0000
6146 590963.203740 4510738.182728 1 0.0000
6147 586286.259050 4510572.777452 1 0.0000
6148 585421.786836 4512120.397181 1 0.0000
6149 587919.629437 4513112.108512 1 0.0000
6150 590386.956690 4521350.944891 1 0.0000
6151 585666.359596 4513174.193188 1 0.0000
6152 598259.095475 4525633.975807 1 0.0000
6153 584112.799651 4507374.287524 1 0.0000
6154 589324.119962 4508644.912135 1 0.0000
6155 583390.506901 4506632.893700 1 0.0000
6156 599517.353099 4509940.241326 1 0.0000
6157 586481.221681 4511942.621573 1 0.0000
6158 585779.503643 4495007.081169 1 0.0000
6159 585452.503696 4507523.925837 1 0.0000
6160 587120.894090 4517712.968722 1 0.0000
6161 591873.320663 4508125.107073 1 0.0000
6162 584303.184938 4507647.966665 1 0.0000
6163 594080.712218 4511747.304412 1 0.0000
6164 586846.104513 4513081.897085 1 0.0000
6165 591004.977387 4526234.054732 1 0.0000
6166 586392.840231 4511970.259677 1 0.0000
6167 589237.548643 4506103.699275 1 0.0000
6168 587640.610505 4512486.974879 1 0.0000
6169 583317.502452 4507772.346463 1 0.0000
6170 595359.548513 4523921.764612 1 0.0000
6171 604019.171508 4503165.276147 1 0.0000
6172 589060.809763 4517793.600879 1 0.0000
6173 587165.898694 4517801.548775 1 0.0000
6174 578398.787469 4499621.692106 1 0.0000
6175 596010.993980 4522113.267338 1 0.0000
6176 583417.926918 4506205.065408 1 0.0000
6177 586019.219130 4514084.784564 1 0.0000
6178 585441.199084 4514347.576871 1 0.0000
6179 584089.404461 4512210.345486 1 0.0000
6180 588622.394046 4519388.444319 1 0.0000
6181 593431.888373 4511911.785838 1 0.0000
6182 593268.382309 4503168.670707 1 0.0000
6183 585674.598493 4512371.021885 1 0.0000
6184 588721.517479 4514944.756815 1 0.0000
6185 584055.757844 4511419.193957 1 0.0000
6186 604922.682470 4503517.759460 1 0.0000
6187 569243.089834 4488357.358276 1 0.0000
6188 585776.238414 4507326.491153 1 0.0000
6189 595691.702442 4522908.036463 1 0.0000
6190 589050.524472 4521366.472117 1 0.0000
6191 593589.084467 4523889.975702 1 0.0000
6192 592130.165904 4525824.542746 1 0.0000
6193 589221.628627 4515502.022073 1 0.0000
6194 586329.649519 4512728.924898 1 0.0000
6195 585713.821077 4511308.880139 1 0.0000
6196 593038.796949 4524845.136294 1 0.0000
6197 583500.710553 4506428.153568 1 0.0000
6198 587143.057763 4495095.091969 1 0.0000
6199 585917.788446 4510229.721870 1 0.0000
6200 590958.573854 4504825.738737 1 0.0000
6201 585249.022449 4505455.864968 1 0.0000
6202 585014.447477 4511818.950598 1 0.0000
6203 583535.090472 4506968.213988 1 0.0000
6204 591511.102935 4504070.806119 1 0.0000
6205 587490.680460 4517085.478774 1 0.0000
6206 585796.149103 4512695.115269 1 0.0000
6207 585014.447477 4511818.950598 1 0.0000
6208 586219.069421 4504456.124022 1 0.0000
6209 591001.195774 4509355.133677 1 0.0000
6210 587912.839002 4504019.216739 1 0.0000
6211 594911.911600 4501630.476463 1 0.0000
6212 591593.613769 4525706.019058 1 0.0000
6213 583455.218572 4506944.450525 1 0.0000
6214 585796.149103 4512695.115269 1 0.0000
6215 585376.149369 4511418.696917 1 0.0000
6216 590415.406094 4510835.554178 1 0.0000
6217 586226.131198 4512159.424737 1 0.0000
6218 585615.818866 4512662.281959 1 0.0000
6219 586108.658730 4512306.489677 1 0.0000
6220 586392.840231 4511970.259677 1 0.0000
6221 583424.634627 4507141.564176 1 0.0000
6222 594142.553086 4501756.730385 1 0.0000
6223 586539.604893 4512836.143984 1 0.0000
6224 587486.835792 4514215.175747 1 0.0000
6225 583976.758692 4507573.248662 1 0.0000
6226 576876.576998 4494998.242209 1 0.0000
6227 592210.243500 4520437.433313 1 0.0000
6228 588709.866057 4514951.023234 1 0.0000
6229 586622.562354 4512990.368516 1 0.0000
6230 594362.731485 4503512.050003 1 0.0000
6231 598036.324130 4503670.212004 1 0.0000
6232 584404.971525 4510857.903298 1 0.0000
6233 588221.425852 4517326.016576 1 0.0000
6234 573418.003972 4491517.152784 1 0.0000
6235 585430.866748 4505355.546454 1 0.0000
6236 588961.829998 4516746.327624 1 0.0000
6237 585644.180206 4512633.656357 1 0.0000
6238 592597.762545 4507875.853148 1 0.0000
6239 591970.732348 4518138.831136 1 0.0000
6240 587166.686241 4513348.837060 1 0.0000
6241 591421.228032 4518946.509026 1 0.0000
6242 584130.771874 4507080.431811 1 0.0000
6243 585870.800250 4512829.437141 1 0.0000
6244 597480.708418 4509358.790004 1 0.0000
6245 601705.413935 4499860.958463 1 0.0000
6246 599543.683101 4503899.437056 1 0.0000
6247 584389.314642 4499971.081432 1 0.0000
6248 589373.378098 4512748.368022 1 0.0000
6249 596978.503013 4508608.911402 1 0.0000
6250 586100.181674 4514039.693500 1 0.0000
6251 584158.290513 4512849.270477 1 0.0000
6252 599273.839125 4524356.204283 1 0.0000
6253 583895.164652 4509546.948288 1 0.0000
6254 591844.922794 4503147.307363 1 0.0000
6255 591949.252482 4518365.613174 1 0.0000
6256 569438.419650 4496447.578420 1 0.0000
6257 591423.278458 4521571.513183 1 0.0000
6258 587057.055510 4512486.725477 1 0.0000
6259 589631.617091 4521422.775297 1 0.0000
6260 585675.046390 4514203.362390 1 0.0000
6261 606920.182431 4501752.832229 1 0.0000
6262 597647.761049 4507826.954488 1 0.0000
6263 585459.534033 4511642.402831 1 0.0000
6264 586145.635858 4512110.055763 1 0.0000
6265 584062.046756 4510332.302963 1 0.0000
6266 593276.408154 4522182.627442 1 0.0000
6267 586347.782424 4512153.802968 1 0.0000
6268 586775.673672 4515090.482723 1 0.0000
6269 583504.643763 4506082.639339 1 0.0000
6270 588734.810900 4515596.424190 1 0.0000
6271 585796.149103 4512695.115269 1 0.0000
6272 585838.698075 4507568.241147 1 0.0000
6273 585850.054671 4514355.589161 1 0.0000
6274 586863.626814 4512453.439179 1 0.0000
6275 586019.219130 4514084.784564 1 0.0000
6276 600514.350852 4503865.365658 1 0.0000
6277 586065.240750 4512613.466168 1 0.0000
6278 594074.639540 4525215.028222 1 0.0000
6279 597954.490128 4504944.902803 1 0.0000
6280 598744.073345 4503844.335958 1 0.0000
6281 586720.767534 4514988.381715 1 0.0000
6282 607427.333785 4511348.844894 1 0.0000
6283 592014.642826 4522517.150265 1 0.0000
6284 602494.698739 4494183.834247 1 0.0000
6285 564040.705379 4484531.404958 1 0.0000
6286 586627.317407 4511690.446581 1 0.0000
6287 591520.610200 4520305.538256 1 0.0000
6288 589211.498979 4516337.176231 1 0.0000
6289 585107.919557 4506287.076793 1 0.0000
6290 585456.865750 4504918.558838 1 0.0000
6291 592361.031536 4523246.373707 1 0.0000
6292 597785.238057 4522135.033832 1 0.0000
6293 583877.565712 4507132.094973 1 0.0000
6294 583603.432945 4508218.674768 1 0.0000
6295 592270.216448 4519240.509354 1 0.0000
6296 599637.037516 4493473.404566 1 0.0000
6297 600669.315904 4506452.212097 1 0.0000
6298 583296.173715 4497781.708858 1 0.0000
6299 595007.964373 4510627.905299 1 0.0000
6300 599574.824150 4518807.880266 1 0.0000
6301 593060.679590 4500449.636184 1 0.0000
6302 585060.946664 4513969.034574 1 0.0000
6303 586229.627510 4508374.431629 1 0.0000
6304 588517.286773 4513800.297261 1 0.0000
6305 586042.120998 4512342.603670 1 0.0000
6306 591497.811898 4517869.234079 1 0.0000
6307 584465.270058 4511957.743130 1 0.0000
6308 574106.131469 4494378.028626 1 0.0000
6309 597206.423635 4522198.520157 1 0.0000
6310 592143.594303 4524034.679311 1 0.0000
6311 595723.850182 4522280.644139 1 0.0000
6312 588294.016405 4519030.295619 1 0.0000
6313 591923.503303 4511988.160615 1 0.0000
6314 578147.429958 4499538.081862 1 0.0000
6315 591277.001637 4518232.701961 1 0.0000
6316 585796.149103 4512695.115269 1 0.0000
6317 583551.851697 4506673.734510 1 0.0000
6318 601922.822105 4510675.519273 1 0.0000
6319 589849.454785 4511938.330647 1 0.0000
6320 585413.137051 4504851.630779 1 0.0000
6321 590848.498758 4504724.535814 1 0.0000
6322 585448.023380 4497844.866159 1 0.0000
6323 583676.860828 4507095.680195 1 0.0000
6324 590483.220560 4520739.528560 1 0.0000
6325 601247.015182 4514815.641346 1 0.0000
6326 583564.339206 4506700.997412 1 0.0000
6327 583424.634627 4507141.564176 1 0.0000
6328 585459.534033 4511642.402831 1 0.0000
6329 587973.315794 4505158.673715 1 0.0000
6330 592152.617266 4504816.159378 1 0.0000
6331 585491.747384 4512131.554864 1 0.0000
6332 585935.977337 4511067.323337 1 0.0000
6333 587171.796790 4517257.671613 1 0.0000
6334 585252.586730 4512260.777144 1 0.0000
6335 586667.168866 4512418.594863 1 0.0000
6336 593789.049151 4522282.945847 1 0.0000
6337 584590.402429 4508034.888323 1 0.0000
6338 586752.015181 4511925.594956 1 0.0000
6339 595702.316059 4511523.503171 1 0.0000
6340 593429.637257 4500938.654221 1 0.0000
6341 596572.656967 4507344.519585 1 0.0000
6342 586905.408746 4492918.188233 1 0.0000
6343 588899.481013 4517216.732369 1 0.0000
6344 586323.805662 4508132.025329 1 0.0000
6345 589982.475621 4516978.286176 1 0.0000
6346 588951.848551 4495985.624751 1 0.0000
6347 585193.646394 4511710.375777 1 0.0000
6348 588345.642251 4514315.469746 1 0.0000
6349 585143.276933 4505135.003191 1 0.0000
6350 589438.192378 4512703.092183 1 0.0000
6351 598869.100982 4525988.344507 1 0.0000
6352 589480.887952 4521332.682405 1 0.0000
6353 586863.626814 4512453.439179 1 0.0000
6354 591847.304570 4525937.111659 1 0.0000
6355 586664.339944 4513067.941536 1 0.0000
6356 586537.993164 4511854.287762 1 0.0000
6357 591813.411365 4500584.475603 1 0.0000
6358 592846.667857 4511923.405726 1 0.0000
6359 589519.962594 4500965.223175 1 0.0000
6360 585321.323287 4510426.791079 1 0.0000
6361 585640.824235 4509771.913274 1 0.0000
6362 585114.293890 4511426.988465 1 0.0000
6363 593722.343494 4521185.134045 1 0.0000
6364 584395.995924 4507204.427807 1 0.0000
6365 588434.979321 4509201.587718 1 0.0000
6366 583417.926918 4506205.065408 1 0.0000
6367 586042.217065 4512574.808207 1 0.0000
6368 595006.786208 4508268.030433 1 0.0000
6369 583542.464161 4506882.670270 1 0.0000
6370 583994.468010 4507463.140070 1 0.0000
6371 593227.386347 4520069.030594 1 0.0000
6372 585044.919178 4507779.217047 1 0.0000
6373 594525.744400 4520667.411075 1 0.0000
6374 589699.247459 4511695.272223 1 0.0000
6375 591376.668712 4521837.319615 1 0.0000
6376 591649.462129 4505355.905080 1 0.0000
6377 591260.246275 4505094.589649 1 0.0000
6378 587744.056927 4495731.784224 1 0.0000
6379 567140.971426 4488189.332504 1 0.0000
6380 586725.785644 4511151.893663 1 0.0000
6381 596252.566175 4522147.411408 1 0.0000
6382 592889.360797 4521678.140054 1 0.0000
6383 589126.918623 4505863.837963 1 0.0000
6384 585562.305299 4512839.024988 1 0.0000
6385 586536.128200 4512178.498472 1 0.0000
6386 587454.952267 4518080.627780 1 0.0000
6387 592854.978985 4519402.897997 1 0.0000
6388 586271.449398 4502583.870333 1 0.0000
6389 588937.368935 4520253.516241 1 0.0000
6390 586019.449423 4511871.844232 1 0.0000
6391 597210.665799 4527753.048107 1 0.0000
6392 586667.168866 4512418.594863 1 0.0000
6393 593860.630289 4501492.676103 1 0.0000
6394 586117.464607 4512710.356362 1 0.0000
6395 585050.453257 4509995.868171 1 0.0000
6396 591086.591380 4499783.616532 1 0.0000
6397 599215.245576 4510351.856471 1 0.0000
6398 569289.347758 4488523.342034 1 0.0000
6399 588452.484543 4511464.103213 1 0.0000
6400 587057.055510 4512486.725477 1 0.0000
6401 583874.548722 4506701.177805 1 0.0000
6402 587446.123848 4512492.987357 1 0.0000
6403 587836.961663 4502572.419986 1 0.0000
6404 585474.696490 4511755.934607 1 0.0000
6405 597520.498802 4513813.882532 1 0.0000
6406 605042.351738 4506476.625192 1 0.0000
6407 583863.412625 4506903.083804 1 0.0000
6408 589607.484746 4501763.691549 1 0.0000
6409 596572.656967 4507344.519585 1 0.0000
6410 596520.309474 4521223.148895 1 0.0000
6411 583603.475490 4509525.952011 1 0.0000
6412 586257.619986 4512765.585738 1 0.0000
6413 572420.501716 4493944.142161 1 0.0000
6414 586012.090255 4508665.407011 1 0.0000
6415 577139.729023 4492837.737713 1 0.0000
6416 593751.666886 4522808.188669 1 0.0000
6417 588517.286773 4513800.297261 1 0.0000
6418 585644.180206 4512633.656357 1 0.0000
6419 586383.242729 4504301.971860 1 0.0000
6420 588251.303667 4518874.394509 1 0.0000
6421 604949.404206 4508433.836274 1 0.0000
6422 588659.582273 4511661.794179 1 0.0000
6423 593438.529323 4525759.642884 1 0.0000
6424 592941.007051 4523240.804162 1 0.0000
6425 596930.796283 4520448.006140 1 0.0000
6426 585647.089918 4497274.551050 1 0.0000
6427 588798.754763 4506262.956071 1 0.0000
6428 589812.621723 4510998.424817 1 0.0000
6429 602823.979395 4503461.010982 1 0.0000
6430 586221.284373 4512905.651709 1 0.0000
6431 575117.717612 4498590.674259 1 0.0000
6432 588043.428718 4519172.488710 1 0.0000
6433 589681.870563 4503288.485758 1 0.0000
6434 572365.630976 4498204.971304 1 0.0000
6435 586667.168866 4512418.594863 1 0.0000
6436 585491.747384 4512131.554864 1 0.0000
6437 590281.640097 4520378.862458 1 0.0000
6438 575939.364114 4495713.120259 1 0.0000
6439 583603.432945 4508218.674768 1 0.0000
6440 600368.294238 4493589.874518 1 0.0000
6441 585866.313036 4511591.881505 1 0.0000
6442 598461.979098 4505632.669140 1 0.0000
6443 568191.651009 4489445.717143 1 0.0000
6444 589557.876036 4511505.947362 1 0.0000
6445 589490.869343 4516369.919836 1 0.0000
6446 585866.313036 4511591.881505 1 0.0000
6447 571056.065307 4495866.001771 1 0.0000
6448 586156.776584 4511800.883610 1 0.0000
6449 589542.450127 4510291.724408 1 0.0000
6450 586726.735259 4512860.522007 1 0.0000
6451 571807.912942 4497516.364345 1 0.0000
6452 570320.103288 4489415.372111 1 0.0000
6453 591608.181486 4498612.680758 1 0.0000
6454 585974.849426 4506101.309974 1 0.0000
6455 587558.909020 4495211.039178 1 0.0000
6456 583429.605418 4506892.354812 1 0.0000
6457 587842.623916 4493411.510811 1 0.0000
6458 586396.035345 4512679.401326 1 0.0000
6459 585562.305299 4512839.024988 1 0.0000
6460 571819.680398 4498811.848302 1 0.0000
6461 583842.532146 4509084.687630 1 0.0000
6462 585150.818510 4499596.091115 1 0.0000
6463 576112.623250 4492159.039139 1 0.0000
6464 596848.412546 4507748.992173 1 0.0000
6465 585796.149103 4512695.115269 1 0.0000
6466 596346.824547 4505470.880894 1 0.0000
6467 584503.632916 4511051.310341 1 0.0000
6468 604059.154345 4511202.343027 1 0.0000
6469 583551.851697 4506673.734510 1 0.0000
6470 576282.761498 4493704.669088 1 0.0000
6471 577684.561474 4499725.399568 1 0.0000
6472 585195.649283 4512978.678306 1 0.0000
6473 575185.513108 4499675.633918 1 0.0000
6474 587929.075249 4518217.679359 1 0.0000
6475 588157.487892 4517267.693643 1 0.0000
6476 574133.675532 4496966.301927 1 0.0000
6477 588475.248040 4517835.375398 1 0.0000
6478 595187.414301 4518014.302282 1 0.0000
6479 585915.544398 4512513.029254 1 0.0000
6480 586079.865136 4512640.449161 1 0.0000
6481 588209.833374 4511204.146312 1 0.0000
6482 585625.822902 4511142.409795 1 0.0000
6483 585873.355475 4513995.664137 1 0.0000
6484 590298.540600 4520366.560847 1 0.0000
6485 587543.466880 4514700.647827 1 0.0000
6486 585825.447205 4511086.481498 1 0.0000
6487 596126.669124 4524180.406893 1 0.0000
6488 593688.411178 4522529.852390 1 0.0000
6489 571913.425017 4498553.601220 1 0.0000
6490 591259.559163 4524648.379556 1 0.0000
6491 585050.453257 4509995.868171 1 0.0000
6492 589041.089209 4516610.101738 1 0.0000
6493 586100.181674 4514039.693500 1 0.0000
6494 589933.950818 4501969.133439 1 0.0000
6495 583676.860828 4507095.680195 1 0.0000
6496 583979.295718 4506493.936974 1 0.0000
6497 583661.631815 4506854.163992 1 0.0000
6498 583703.374199 4510547.010858 1 0.0000
6499 585604.556137 4507230.071212 1 0.0000
6500 586957.046066 4499156.487793 1 0.0000
6501 589379.980350 4503467.585349 1 0.0000
6502 607088.149375 4512822.384833 1 0.0000
6503 592854.978985 4519402.897997 1 0.0000
6504 589594.534994 4506572.779401 1 0.0000
6505 584089.404461 4512210.345486 1 0.0000
6506 585796.149103 4512695.115269 1 0.0000
6507 578681.619555 4494525.911346 1 0.0000
6508 587156.628784 4516797.355088 1 0.0000
6509 587114.304190 4513854.091720 1 0.0000
6510 576344.797729 4493688.919711 1 0.0000
6511 591226.162733 4521914.528465 1 0.0000
6512 594958.474727 4502333.108303 1 0.0000
6513 584620.852185 4492305.356200 1 0.0000
6514 585918.374865 4512344.850972 1 0.0000
6515 594573.016145 4525550.444343 1 0.0000
6516 591302.723385 4518996.657970 1 0.0000
6517 585748.960330 4499009.286486 1 0.0000
6518 590195.575468 4500855.277671 1 0.0000
6519 588118.908249 4507681.655947 1 0.0000
6520 583796.423860 4508664.859366 1 0.0000
6521 585567.368485 4510602.679647 1 0.0000
6522 589496.451937 4505337.203211 1 0.0000
6523 585719.522594 4514151.151519 1 0.0000
6524 586621.464117 4512337.929619 1 0.0000
6525 589607.484746 4501763.691549 1 0.0000
6526 583382.720455 4507397.057293 1 0.0000
6527 583573.326731 4506928.730493 1 0.0000
6528 591413.602533 4514937.651641 1 0.0000
6529 594312.268660 4503125.990392 1 0.0000
6530 600687.314712 4506396.954581 1 0.0000
6531 583431.492625 4506699.790094 1 0.0000
6532 591962.289639 4512488.973444 1 0.0000
6533 587465.615567 4517519.738677 1 0.0000
6534 587482.041243 4516400.040042 1 0.0000
6535 586715.014390 4511856.609733 1 0.0000
6536 593589.084467 4523889.975702 1 0.0000
6537 587333.829599 4517852.830468 1 0.0000
6538 601360.854044 4507087.834248 1 0.0000
6539 584756.780108 4510951.500924 1 0.0000
6540 593299.198028 4513849.601809 1 0.0000
6541 574625.468150 4498789.539360 1 0.0000
6542 589308.378106 4515457.300998 1 0.0000
6543 598091.226339 4520075.136301 1 0.0000
6544 584848.356718 4509814.081436 1 0.0000
6545 570469.869132 4498028.296140 1 0.0000
6546 604019.171508 4503165.276147 1 0.0000
6547 593827.012711 4503592.503182 1 0.0000
6548 593589.084467 4523889.975702 1 0.0000
6549 590998.879866 4517823.015663 1 0.0000
6550 590246.781043 4513359.859354 1 0.0000
6551 587712.095476 4503584.219863 1 0.0000
6552 599632.386465 4514478.189981 1 0.0000
6553 585632.084693 4514122.729208 1 0.0000
6554 596842.875889 4509521.270186 1 0.0000
6555 586510.809286 4512127.319980 1 0.0000
6556 584112.799651 4507374.287524 1 0.0000
6557 600443.060348 4502254.328453 1 0.0000
6558 601078.555077 4506856.376592 1 0.0000
6559 590648.931580 4517752.898121 1 0.0000
6560 590889.830873 4519903.102663 1 0.0000
6561 588656.417849 4512875.804737 1 0.0000
6562 585907.540777 4513322.297933 1 0.0000
6563 592312.204516 4518498.045015 1 0.0000
6564 587032.593834 4512814.945805 1 0.0000
6565 585885.290164 4512279.871151 1 0.0000
6566 593940.320702 4510133.357908 1 0.0000
6567 601193.308601 4506868.042004 1 0.0000
6568 602314.592510 4511034.693768 1 0.0000
6569 588804.876721 4520007.304658 1 0.0000
6570 585665.768831 4510364.284369 1 0.0000
6571 592035.858602 4508811.080364 1 0.0000
6572 583500.777559 4507037.910519 1 0.0000
6573 585644.180206 4512633.656357 1 0.0000
6574 592401.317802 4501114.332155 1 0.0000
6575 587934.034756 4513051.326638 1 0.0000
6576 599637.037516 4493473.404566 1 0.0000
6577 591836.074457 4519151.146504 1 0.0000
6578 583842.532146 4509084.687630 1 0.0000
6579 584458.903670 4511366.498005 1 0.0000
6580 597847.181049 4527387.012572 1 0.0000
6581 586451.889879 4512350.624576 1 0.0000
6582 596355.818350 4509341.724065 1 0.0000
6583 599440.627421 4511621.216148 1 0.0000
6584 585743.047998 4512862.414995 1 0.0000
6585 585665.768831 4510364.284369 1 0.0000
6586 589783.303606 4510789.958925 1 0.0000
6587 586566.464008 4512885.816366 1 0.0000
6588 599320.322528 4510035.515375 1 0.0000
6589 584753.382090 4507129.267262 1 0.0000
6590 583703.374199 4510547.010858 1 0.0000
6591 587397.589518 4504041.999899 1 0.0000
6592 585577.923078 4501509.441572 1 0.0000
6593 588951.848551 4495985.624751 1 0.0000
6594 592053.961136 4518776.979873 1 0.0000
6595 584061.458699 4507708.293311 1 0.0000
6596 596124.160293 4520180.388264 1 0.0000
6597 595761.507851 4503989.924784 1 0.0000
6598 586329.649519 4512728.924898 1 0.0000
6599 589269.599097 4521716.063290 1 0.0000
6600 585796.149103 4512695.115269 1 0.0000
6601 586301.266551 4508264.934774 1 0.0000
6602 586932.295255 4512257.061686 1 0.0000
6603 588489.768052 4515626.541538 1 0.0000
6604 587421.970395 4503559.588889 1 0.0000
6605 583382.720455 4507397.057293 1 0.0000
6606 591949.252482 4518365.613174 1 0.0000
6607 583869.021147 4507400.766013 1 0.0000
6608 586329.649519 4512728.924898 1 0.0000
6609 586788.119694 4512313.926641 1 0.0000
6610 593001.188086 4524776.141439 1 0.0000
6611 584620.852185 4492305.356200 1 0.0000
6612 587104.945055 4515904.819582 1 0.0000
6613 592058.586209 4503839.951128 1 0.0000
6614 603724.879616 4513904.339691 1 0.0000
6615 591177.976811 4520181.869151 1 0.0000
6616 585796.149103 4512695.115269 1 0.0000
6617 586234.145346 4511616.489655 1 0.0000
6618 586863.626814 4512453.439179 1 0.0000
6619 599194.154699 4512633.189013 1 0.0000
6620 592270.216448 4519240.509354 1 0.0000
6621 573322.323580 4498777.757482 1 0.0000
6622 585044.919178 4507779.217047 1 0.0000
6623 598860.865826 4520781.461709 1 0.0000
6624 585639.927342 4509770.379693 1 0.0000
6625 583143.916287 4507200.837535 1 0.0000
6626 598258.024531 4503843.993048 1 0.0000
6627 585014.952497 4511614.178746 1 0.0000
6628 587470.909550 4499523.428935 1 0.0000
6629 585935.130967 4509696.949859 1 0.0000
6630 588159.033532 4500269.601878 1 0.0000
6631 587700.647742 4504028.077710 1 0.0000
6632 592800.583843 4524890.565238 1 0.0000
6633 586718.933105 4508997.686928 1 0.0000
6634 585376.149369 4511418.696917 1 0.0000
6635 585376.149369 4511418.696917 1 0.0000
6636 583260.766256 4506278.543426 1 0.0000
6637 584034.340053 4508510.938798 1 0.0000
6638 590094.187296 4512336.659638 1 0.0000
6639 584062.046756 4510332.302963 1 0.0000
6640 603939.803155 4507709.567999 1 0.0000
6641 569504.041850 4495152.678862 1 0.0000
6642 593434.649611 4520359.065154 1 0.0000
6643 592389.336312 4520418.754414 1 0.0000
6644 589613.694824 4521150.748524 1 0.0000
6645 583815.735328 4500407.628185 1 0.0000
6646 586597.826398 4514759.652356 1 0.0000
6647 594992.565815 4503650.244354 1 0.0000
6648 590560.378828 4512153.645557 1 0.0000
6649 586536.141634 4512631.936129 1 0.0000
6650 591179.783715 4504774.317054 1 0.0000
6651 596627.730852 4502982.874861 1 0.0000
6652 604577.816019 4495075.944487 1 0.0000
6653 585328.214927 4511828.010181 1 0.0000
6654 597557.134758 4504219.383107 1 0.0000
6655 597707.859104 4526564.757572 1 0.0000
6656 604777.390897 4494406.262420 1 0.0000
6657 585668.702589 4508233.659406 1 0.0000
6658 588069.942138 4518237.265365 1 0.0000
6659 586675.729284 4512710.318389 1 0.0000
6660 600417.118929 4516401.806811 1 0.0000
6661 586609.065935 4511981.865020 1 0.0000
6662 598086.290980 4520107.078241 1 0.0000
6663 599714.096765 4511905.298078 1 0.0000
6664 586622.562354 4512990.368516 1 0.0000
6665 583158.723724 4506489.165888 1 0.0000
6666 586563.915793 4512226.962546 1 0.0000
6667 587844.431421 4492607.973743 1 0.0000
6668 576292.904841 4498520.245906 1 0.0000
6669 585811.647971 4511281.349788 1 0.0000
6670 591625.661117 4506832.055845 1 0.0000
6671 592836.261527 4524941.862489 1 0.0000
6672 583476.640072 4507391.422292 1 0.0000
6673 589487.431193 4498706.212365 1 0.0000
6674 582795.128136 4499611.359322 1 0.0000
6675 586563.915793 4512226.962546 1 0.0000
6676 586359.376296 4512633.883064 1 0.0000
6677 585339.155246 4507870.938164 1 0.0000
6678 596679.221686 4511316.129751 1 0.0000
6679 575694.545527 4499742.674691 1 0.0000
6680 589582.468012 4518064.667861 1 0.0000
6681 596135.739327 4511515.638988 1 0.0000
6682 589027.331340 4512148.677040 1 0.0000
6683 583417.926918 4506205.065408 1 0.0000
6684 592691.264303 4520290.857448 1 0.0000
6685 586019.219130 4514084.784564 1 0.0000
6686 583494.890962 4507528.147390 1 0.0000
6687 587770.801651 4513229.562061 1 0.0000
6688 585044.425901 4496114.323736 1 0.0000
6689 602933.279140 4514134.853609 1 0.0000
6690 584341.684065 4507719.102394 1 0.0000
6691 584652.542594 4511728.893321 1 0.0000
6692 583522.646630 4506187.669499 1 0.0000
6693 590963.203740 4510738.182728 1 0.0000
6694 584877.096547 4511785.083884 1 0.0000
6695 593749.226569 4519068.745946 1 0.0000
6696 585751.698132 4505654.173029 1 0.0000
6697 585639.927342 4509770.379693 1 0.0000
6698 592078.813640 4519376.676372 1 0.0000
6699 591049.798486 4501492.728001 1 0.0000
6700 584109.653166 4507784.413702 1 0.0000
6701 587057.055510 4512486.725477 1 0.0000
6702 585474.696490 4511755.934607 1 0.0000
6703 585674.598493 4512371.021885 1 0.0000
6704 575527.439359 4491339.101724 1 0.0000
6705 586170.375660 4504129.208049 1 0.0000
6706 587949.065308 4519216.817535 1 0.0000
6707 592617.561093 4526027.273650 1 0.0000
6708 591392.456739 4522696.851850 1 0.0000
6709 591696.379524 4512852.843662 1 0.0000
6710 589073.454636 4507428.929737 1 0.0000
6711 589450.029512 4504998.121533 1 0.0000
6712 590427.993442 4523309.023810 1 0.0000
6713 588825.062299 4504727.421140 1 0.0000
6714 592226.626011 4526130.379903 1 0.0000
6715 571880.855505 4490701.024259 1 0.0000
6716 585562.305299 4512839.024988 1 0.0000
6717 583916.006910 4507797.140578 1 0.0000
6718 597371.452746 4522878.447611 1 0.0000
6719 574106.131469 4494378.028626 1 0.0000
6720 591208.525238 4522338.517799 1 0.0000
6721 586361.645308 4492339.745389 1 0.0000
6722 588519.746366 4493006.600170 1 0.0000
6723 583868.283941 4506582.262857 1 0.0000
6724 593307.713882 4522510.271468 1 0.0000
6725 591497.811898 4517869.234079 1 0.0000
6726 588189.913486 4515332.409988 1 0.0000
6727 585614.636433 4512391.670375 1 0.0000
6728 586042.217065 4512574.808207 1 0.0000
6729 586604.486723 4512490.710327 1 0.0000
6730 585644.180206 4512633.656357 1 0.0000
6731 596399.250072 4520428.535327 1 0.0000
6732 586885.140936 4513480.318884 1 0.0000
6733 586720.767534 4514988.381715 1 0.0000
6734 595619.216909 4505087.175843 1 0.0000
6735 586622.562354 4512990.368516 1 0.0000
6736 584749.795936 4512767.905414 1 0.0000
6737 593431.888373 4511911.785838 1 0.0000
6738 584237.091503 4507645.080912 1 0.0000
6739 584385.978133 4500746.871906 1 0.0000
6740 589835.470132 4517283.170905 1 0.0000
6741 586221.284373 4512905.651709 1 0.0000
6742 593346.382128 4521204.614910 1 0.0000
6743 605831.788875 4495507.954799 1 0.0000
6744 586138.912456 4512753.567057 1 0.0000
6745 585891.464454 4513235.571606 1 0.0000
6746 587416.617290 4500385.796078 1 0.0000
6747 585796.149103 4512695.115269 1 0.0000
6748 585379.551739 4514729.917746 1 0.0000
6749 598835.712574 4511166.976487 1 0.0000
6750 583944.214892 4506524.010754 1 0.0000
6751 596830.637681 4524525.482909 1 0.0000
6752 595619.216909 4505087.175843 1 0.0000
6753 591973.089816 4496721.414314 1 0.0000
6754 585619.224450 4507467.315466 1 0.0000
6755 583351.498188 4506552.916038 1 0.0000
6756 589635.626345 4511555.590372 1 0.0000
6757 584627.926547 4498978.259744 1 0.0000
6758 601058.888054 4512951.233709 1 0.0000
6759 586071.031331 4514057.340214 1 0.0000
6760 593589.084467 4523889.975702 1 0.0000
6761 587193.649120 4512533.686188 1 0.0000
6762 592021.209615 4525572.196389 1 0.0000
6763 588651.381891 4502341.556131 1 0.0000
6764 590661.655348 4510458.662827 1 0.0000
6765 588839.561648 4517367.195467 1 0.0000
6766 598857.308089 4513927.537557 1 0.0000
6767 585891.055791 4514073.572007 1 0.0000
6768 589847.928441 4502968.579754 1 0.0000
6769 598943.688721 4507381.542260 1 0.0000
6770 594625.688972 4503407.164068 1 0.0000
6771 585917.788446 4510229.721870 1 0.0000
6772 585531.405784 4512020.780681 1 0.0000
6773 585805.705753 4513327.232303 1 0.0000
6774 593941.332609 4510258.615148 1 0.0000
6775 586851.983312 4512432.280480 1 0.0000
6776 585796.149103 4512695.115269 1 0.0000
6777 586935.904558 4500346.202009 1 0.0000
6778 587421.413435 4513057.065827 1 0.0000
6779 589635.626345 4511555.590372 1 0.0000
6780 585358.518301 4506277.130844 1 0.0000
6781 595890.333902 4525609.368563 1 0.0000
6782 584461.093425 4508070.897649 1 0.0000
6783 585796.149103 4512695.115269 1 0.0000
6784 586042.217065 4512574.808207 1 0.0000
6785 583424.634627 4507141.564176 1 0.0000
6786 585819.298151 4512161.189498 1 0.0000
6787 596984.169389 4508459.045368 1 0.0000
6788 586053.094276 4513171.287561 1 0.0000
6789 588489.768052 4515626.541538 1 0.0000
6790 590355.345804 4517924.467102 1 0.0000
6791 589414.356211 4519712.267687 1 0.0000
6792 591262.935763 4505768.989738 1 0.0000
6793 601154.428096 4500526.935018 1 0.0000
6794 601386.062302 4506827.265611 1 0.0000
6795 586571.279930 4516152.575093 1 0.0000
6796 577897.549911 4499512.080238 1 0.0000
6797 588449.364938 4519409.935386 1 0.0000
6798 584404.971525 4510857.903298 1 0.0000
6799 593531.149229 4518230.369368 1 0.0000
6800 585915.544398 4512513.029254 1 0.0000
6801 593485.594076 4502932.840569 1 0.0000
6802 591642.494504 4518623.272446 1 0.0000
6803 593505.184225 4511924.504844 1 0.0000
6804 583296.322224 4503475.781120 1 0.0000
6805 586089.534570 4512005.809684 1 0.0000
6806 585474.696490 4511755.934607 1 0.0000
6807 591303.230087 4522744.894836 1 0.0000
6808 585575.601693 4512287.312480 1 0.0000
6809 588310.678204 4508931.401124 1 0.0000
6810 583895.164652 4509546.948288 1 0.0000
6811 583051.427712 4507482.265090 1 0.0000
6812 585187.428463 4503772.159747 1 0.0000
6813 586604.486723 4512490.710327 1 0.0000
6814 593161.116487 4523019.335730 1 0.0000
6815 584713.995800 4504779.987241 1 0.0000
6816 588890.802487 4518619.009629 1 0.0000
6817 597136.044533 4511849.437493 1 0.0000
6818 586089.534570 4512005.809684 1 0.0000
6819 593022.756340 4519708.328254 1 0.0000
6820 581931.425074 4496807.538827 1 0.0000
6821 585799.226044 4512291.383752 1 0.0000
6822 594904.881605 4504233.115622 1 0.0000
6823 588977.745061 4517835.926009 1 0.0000
6824 570931.349039 4492819.873504 1 0.0000
6825 592055.554580 4502310.779824 1 0.0000
6826 582145.755453 4496851.417338 1 0.0000
6827 590366.723517 4523684.366999 1 0.0000
6828 577684.561474 4499725.399568 1 0.0000
6829 587930.180877 4514539.282663 1 0.0000
6830 601324.710956 4507854.450728 1 0.0000
6831 596381.526481 4510965.342013 1 0.0000
6832 585910.154614 4512905.762966 1 0.0000
6833 592909.686593 4520671.220702 1 0.0000
6834 590760.043226 4502186.045817 1 0.0000
6835 586617.136748 4510096.293617 1 0.0000
6836 587887.785151 4515211.034979 1 0.0000
6837 586619.880895 4512583.828540 1 0.0000
6838 585168.067879 4494323.651631 1 0.0000
6839 588489.768052 4515626.541538 1 0.0000
6840 586537.993164 4511854.287762 1 0.0000
6841 585819.889551 4494214.649797 1 0.0000
6842 585150.737375 4510260.904640 1 0.0000
6843 591153.243557 4521414.846030 1 0.0000
6844 589534.656100 4516992.987029 1 0.0000
6845 590750.807534 4524421.332642 1 0.0000
6846 588464.346410 4505175.535284 1 0.0000
6847 583927.992958 4500906.215133 1 0.0000
6848 597373.933181 4520924.795354 1 0.0000
6849 584089.404461 4512210.345486 1 0.0000
6850 586497.168049 4512896.606345 1 0.0000
6851 591882.732274 4506440.963447 1 0.0000
6852 593481.998728 4521818.071135 1 0.0000
6853 593589.084467 4523889.975702 1 0.0000
6854 592427.815909 4522467.927804 1 0.0000
6855 593579.557030 4502682.200209 1 0.0000
6856 587322.291699 4514027.110244 1 0.0000
6857 584756.780108 4510951.500924 1 0.0000
6858 596025.831891 4521079.766083 1 0.0000
6859 604597.842320 4513031.744345 1 0.0000
6860 601881.219294 4505651.423569 1 0.0000
6861 591039.242222 4510135.374784 1 0.0000
6862 585843.772966 4513168.901360 1 0.0000
6863 586667.168866 4512418.594863 1 0.0000
6864 585806.366794 4512466.989431 1 0.0000
6865 595433.293240 4519220.815268 1 0.0000
6866 598278.358897 4503767.065560 1 0.0000
6867 586117.464607 4512710.356362 1 0.0000
6868 587899.008885 4519063.575730 1 0.0000
6869 590594.484522 4512369.785028 1 0.0000
6870 587193.649120 4512533.686188 1 0.0000
6871 602532.987991 4521850.930811 1 0.0000
6872 585451.302604 4511589.287089 1 0.0000
6873 591815.612795 4521612.558198 1 0.0000
6874 583835.938942 4509369.227551 1 0.0000
6875 589455.268104 4517915.421457 1 0.0000
6876 599048.783744 4507197.458137 1 0.0000
6877 585535.971909 4512154.913758 1 0.0000
6878 590645.588058 4518420.225064 1 0.0000
6879 591595.345302 4521260.514144 1 0.0000
6880 586329.649519 4512728.924898 1 0.0000
6881 589812.621723 4510998.424817 1 0.0000
6882 570690.953322 4495844.783095 1 0.0000
6883 593189.868687 4500558.368457 1 0.0000
6884 586803.928877 4502546.349797 1 0.0000
6885 583747.600910 4506583.326783 1 0.0000
6886 608267.526680 4509766.720905 1 0.0000
6887 593401.865412 4510373.453381 1 0.0000
6888 583143.916287 4507200.837535 1 0.0000
6889 583543.922526 4509162.954058 1 0.0000
6890 591218.734762 4521791.026546 1 0.0000
6891 587289.728780 4513247.849934 1 0.0000
6892 585796.149103 4512695.115269 1 0.0000
6893 577917.753979 4498539.642890 1 0.0000
6894 588985.724222 4516548.218874 1 0.0000
6895 589847.232328 4523036.666515 1 0.0000
6896 589062.508169 4516041.106524 1 0.0000
6897 585848.289203 4514724.291815 1 0.0000
6898 606766.169701 4503427.464796 1 0.0000
6899 589946.885051 4504744.143552 1 0.0000
6900 587260.206923 4516345.706314 1 0.0000
6901 585978.704690 4511141.859658 1 0.0000
6902 587265.987560 4513138.485508 1 0.0000
6903 586946.178357 4504721.282406 1 0.0000
6904 587026.843010 4492662.989592 1 0.0000
6905 587561.385592 4513342.363793 1 0.0000
6906 605401.571095 4501331.203578 1 0.0000
6907 567920.973289 4488489.199316 1 0.0000
6908 586505.676255 4513192.899928 1 0.0000
6909 585796.149103 4512695.115269 1 0.0000
6910 583731.412669 4506827.532376 1 0.0000
6911 586329.649519 4512728.924898 1 0.0000
6912 583573.326731 4506928.730493 1 0.0000
6913 586851.983312 4512432.280480 1 0.0000
6914 586487.389776 4511641.924756 1 0.0000
6915 588009.558017 4495053.434476 1 0.0000
6916 586667.168866 4512418.594863 1 0.0000
6917 591821.643701 4505730.245037 1 0.0000
6918 586202.770403 4511561.890121 1 0.0000
6919 585441.199084 4514347.576871 1 0.0000
6920 591127.499828 4500313.395629 1 0.0000
6921 574672.713529 4497850.935814 1 0.0000
6922 575939.364114 4495713.120259 1 0.0000
6923 585562.305299 4512839.024988 1 0.0000
6924 589154.052279 4515923.305344 1 0.0000
6925 585796.149103 4512695.115269 1 0.0000
6926 592064.651019 4526091.047547 1 0.0000
6927 577087.513958 4498153.870812 1 0.0000
6928 585796.149103 4512695.115269 1 0.0000
6929 588519.593116 4519103.870699 1 0.0000
6930 595433.293240 4519220.815268 1 0.0000
6931 586206.169479 4508052.676594 1 0.0000
6932 566005.206837 4484553.734307 1 0.0000
6933 594241.507838 4525626.500407 1 0.0000
6934 575939.364114 4495713.120259 1 0.0000
6935 592789.448246 4522262.091817 1 0.0000
6936 597607.445501 4502902.892223 1 0.0000
6937 585479.529926 4509887.091892 1 0.0000
6938 602873.527196 4506234.391666 1 0.0000
6939 594950.687108 4503983.450239 1 0.0000
6940 589247.226193 4505628.127166 1 0.0000
6941 588050.266694 4500401.835943 1 0.0000
6942 570323.649000 4492721.548650 1 0.0000
6943 598542.866942 4526429.541045 1 0.0000
6944 585572.502156 4512184.888666 1 0.0000
6945 590063.675877 4516618.408087 1 0.0000
6946 598943.105645 4507593.631940 1 0.0000
6947 586447.985773 4504718.052169 1 0.0000
6948 593606.106318 4518979.349655 1 0.0000
6949 591377.801100 4506333.134549 1 0.0000
6950 585797.872354 4512383.396688 1 0.0000
6951 591304.519840 4519507.108230 1 0.0000
6952 590530.476452 4501391.140683 1 0.0000
6953 584879.880309 4511781.458718 1 0.0000
6954 585339.791894 4505807.333272 1 0.0000
6955 585819.889551 4494214.649797 1 0.0000
6956 588489.768052 4515626.541538 1 0.0000
6957 589398.590642 4501428.858510 1 0.0000
6958 587364.041263 4518303.263040 1 0.0000
6959 588255.766379 4518322.880567 1 0.0000
6960 595690.633572 4524069.685635 1 0.0000
6961 594500.371929 4526201.143768 1 0.0000
6962 587381.895860 4513743.781668 1 0.0000
6963 585918.374865 4512344.850972 1 0.0000
6964 593589.084467 4523889.975702 1 0.0000
6965 588958.449114 4518672.805484 1 0.0000
6966 594073.750292 4507753.994215 1 0.0000
6967 584089.404461 4512210.345486 1 0.0000
6968 586536.128200 4512178.498472 1 0.0000
6969 577971.161038 4498987.884619 1 0.0000
6970 583431.492625 4506699.790094 1 0.0000
6971 597461.984035 4503475.054435 1 0.0000
6972 592502.175979 4510464.076672 1 0.0000
6973 587114.304190 4513854.091720 1 0.0000
6974 572327.234754 4488719.365792 1 0.0000
6975 572115.766749 4498043.980788 1 0.0000
6976 586263.537539 4498106.750270 1 0.0000
6977 583868.283941 4506582.262857 1 0.0000
6978 585773.337462 4512076.255822 1 0.0000
6979 585874.477902 4502844.162444 1 0.0000
6980 586260.610176 4509052.195098 1 0.0000
6981 585942.069373 4502500.894362 1 0.0000
6982 599654.448007 4519735.806534 1 0.0000
6983 588269.916470 4514917.058902 1 0.0000
6984 576183.062561 4491940.138746 1 0.0000
6985 600756.414347 4509110.213187 1 0.0000
6986 588301.006601 4507050.501485 1 0.0000
6987 586328.491681 4505471.500827 1 0.0000
6988 592088.985560 4519713.828855 1 0.0000
6989 596979.026643 4510142.956366 1 0.0000
6990 583924.398036 4510779.293326 1 0.0000
6991 585675.515229 4511354.457910 1 0.0000
6992 584356.928034 4511758.130697 1 0.0000
6993 571210.300797 4492620.106120 1 0.0000
6994 585741.166759 4510700.649053 1 0.0000
6995 595902.433816 4510755.410690 1 0.0000
6996 588093.633484 4517950.173463 1 0.0000
6997 586662.868384 4512742.473284 1 0.0000
6998 588834.863192 4502231.197977 1 0.0000
6999 589688.454078 4521462.429687 1 0.0000
7000 591651.513610 4525683.469217 1 0.0000
7001 604887.081446 4494380.688598 1 0.0000
7002 601641.314158 4505497.241981 1 0.0000
7003 588797.629507 4513079.145496 1 0.0000
7004 583417.926918 4506205.065408 1 0.0000
7005 586370.471283 4497438.484991 1 0.0000
7006 585594.500099 4512260.102798 1 0.0000
7007 591888.292577 4523655.112489 1 0.0000
7008 594200.106767 4522766.377121 1 0.0000
7009 588078.304558 4512986.235039 1 0.0000
7010 583417.926918 4506205.065408 1 0.0000
7011 584073.902662 4507418.334849 1 0.0000
7012 601360.854044 4507087.834248 1 0.0000
7013 591951.533782 4497277.908572 1 0.0000
7014 583529.374343 4506158.796671 1 0.0000
7015 586811.830215 4515233.509442 1 0.0000
7016 583714.227695 4500276.661917 1 0.0000
7017 585881.478634 4507423.983150 1 0.0000
7018 586831.653126 4515312.355357 1 0.0000
7019 588440.580819 4500700.335097 1 0.0000
7020 587501.600095 4514390.259786 1 0.0000
7021 585427.306249 4505213.197775 1 0.0000
7022 586475.241959 4512066.274165 1 0.0000
7023 603009.199395 4507622.802872 1 0.0000
7024 599637.037516 4493473.404566 1 0.0000
7025 587553.452775 4495852.423238 1 0.0000
7026 587634.480254 4518290.807123 1 0.0000
7027 586536.128200 4512178.498472 1 0.0000
7028 588161.675608 4515189.778765 1 0.0000
7029 592344.504315 4500347.641905 1 0.0000
7030 596157.992455 4522664.082079 1 0.0000
7031 598675.893801 4524920.766588 1 0.0000
7032 588323.761641 4497357.984378 1 0.0000
7033 589693.506595 4501809.465534 1 0.0000
7034 586487.562818 4511760.466588 1 0.0000
7035 584050.917391 4507510.100602 1 0.0000
7036 594764.295104 4525211.933008 1 0.0000
7037 586447.985773 4504718.052169 1 0.0000
7038 596115.697247 4506689.017898 1 0.0000
7039 597347.920057 4508548.509960 1 0.0000
7040 588743.660235 4519015.921430 1 0.0000
7041 592396.153065 4514421.659964 1 0.0000
7042 586238.145396 4511693.327058 1 0.0000
7043 596016.070084 4510808.709225 1 0.0000
7044 593214.658039 4503417.939909 1 0.0000
7045 585479.529926 4509887.091892 1 0.0000
7046 602448.295755 4500423.386296 1 0.0000
7047 585539.049172 4512045.246070 1 0.0000
7048 583463.163331 4496038.764552 1 0.0000
7049 591058.670889 4518645.868334 1 0.0000
7050 585791.186433 4513665.315263 1 0.0000
7051 590982.123196 4520040.371672 1 0.0000
7052 598275.737908 4502553.336882 1 0.0000
7053 586944.793898 4512283.410864 1 0.0000
7054 586170.375660 4504129.208049 1 0.0000
7055 592379.249558 4501151.609212 1 0.0000
7056 585444.225244 4514349.439231 1 0.0000
7057 597754.560047 4526211.182943 1 0.0000
7058 586670.946957 4512274.195983 1 0.0000
7059 590887.544030 4523868.582288 1 0.0000
7060 595537.379680 4510245.090278 1 0.0000
7061 592262.763069 4518531.307438 1 0.0000
7062 587826.536753 4513847.276300 1 0.0000
7063 589299.037653 4521699.944129 1 0.0000
7064 586329.649519 4512728.924898 1 0.0000
7065 569438.419650 4496447.578420 1 0.0000
7066 574525.559867 4495732.389201 1 0.0000
7067 586510.809286 4512127.319980 1 0.0000
7068 585796.149103 4512695.115269 1 0.0000
7069 585918.128698 4509236.617183 1 0.0000
7070 589018.330626 4499334.104967 1 0.0000
7071 591990.979943 4505711.754582 1 0.0000
7072 585394.160975 4512779.820133 1 0.0000
7073 583417.926918 4506205.065408 1 0.0000
7074 585014.952497 4511614.178746 1 0.0000
7075 589021.456395 4510684.682998 1 0.0000
7076 584954.417655 4492019.352321 1 0.0000
7077 577964.484571 4499387.296888 1 0.0000
7078 592918.053927 4519082.731814 1 0.0000
7079 582585.489749 4496179.322921 1 0.0000
7080 586312.037964 4512990.790736 1 0.0000
7081 593780.062941 4526273.368020 1 0.0000
7082 586232.611776 4511617.386630 1 0.0000
7083 597785.238057 4522135.033832 1 0.0000
7084 585826.187925 4492318.126168 1 0.0000
7085 586988.116713 4512359.172977 1 0.0000
7086 585838.698075 4507568.241147 1 0.0000
7087 585639.927342 4509770.379693 1 0.0000
7088 590489.570949 4510691.650821 1 0.0000
7089 590350.168985 4504143.538197 1 0.0000
7090 592854.063848 4519750.285385 1 0.0000
7091 593589.084467 4523889.975702 1 0.0000
7092 586622.562354 4512990.368516 1 0.0000
7093 601665.534992 4505430.780250 1 0.0000
7094 598949.138265 4512499.970998 1 0.0000
7095 606733.571922 4508040.279058 1 0.0000
7096 605887.145232 4511510.817050 1 0.0000
7097 588619.364598 4515271.483322 1 0.0000
7098 584089.404461 4512210.345486 1 0.0000
7099 585898.682023 4512308.058470 1 0.0000
7100 588547.369526 4498570.288269 1 0.0000
7101 585964.191848 4501171.931728 1 0.0000
7102 583825.020345 4508909.880365 1 0.0000
7103 591095.339179 4524005.037901 1 0.0000
7104 594119.910963 4500477.515551 1 0.0000
7105 587776.812603 4514894.678400 1 0.0000
7106 583382.720455 4507397.057293 1 0.0000
7107 592224.039536 4503519.732577 1 0.0000
7108 586338.338316 4512554.718500 1 0.0000
7109 601922.822105 4510675.519273 1 0.0000
7110 590606.719947 4524443.457063 1 0.0000
7111 593180.518345 4512497.364303 1 0.0000
7112 590377.188749 4499568.646069 1 0.0000
7113 598461.979098 4505632.669140 1 0.0000
7114 599563.251700 4505100.320258 1 0.0000
7115 583385.488561 4506190.374819 1 0.0000
7116 583860.376017 4507865.679581 1 0.0000
7117 591783.136343 4520773.253356 1 0.0000
7118 585935.977337 4511067.323337 1 0.0000
7119 599081.345068 4524400.631757 1 0.0000
7120 605634.817249 4495732.751725 1 0.0000
7121 591360.893432 4525861.772688 1 0.0000
7122 589079.345286 4506777.484641 1 0.0000
7123 601592.532561 4507617.056617 1 0.0000
7124 593478.948386 4510776.274414 1 0.0000
7125 589238.055764 4503728.647352 1 0.0000
7126 605015.108905 4512007.682471 1 0.0000
7127 585915.544398 4512513.029254 1 0.0000
7128 589461.090458 4522106.173829 1 0.0000
7129 588325.964545 4502660.257466 1 0.0000
7130 586293.658905 4515138.011088 1 0.0000
7131 591265.740868 4501475.679872 1 0.0000
7132 592246.673923 4523173.455659 1 0.0000
7133 585791.186433 4513665.315263 1 0.0000
7134 586089.534570 4512005.809684 1 0.0000
7135 590756.359322 4513915.707064 1 0.0000
7136 586359.376296 4512633.883064 1 0.0000
7137 585805.705753 4513327.232303 1 0.0000
7138 586089.534570 4512005.809684 1 0.0000
7139 585182.373444 4513715.665552 1 0.0000
7140 595724.400539 4512260.300501 1 0.0000
7141 587219.988182 4498113.962493 1 0.0000
7142 589875.219176 4501747.537731 1 0.0000
7143 585449.040985 4513472.484058 1 0.0000
7144 586863.626814 4512453.439179 1 0.0000
7145 583417.926918 4506205.065408 1 0.0000
7146 589676.326405 4519480.612038 1 0.0000
7147 601592.532561 4507617.056617 1 0.0000
7148 586036.763200 4511582.549087 1 0.0000
7149 584251.063157 4509201.175474 1 0.0000
7150 592423.751691 4523224.539206 1 0.0000
7151 583859.276785 4500464.192833 1 0.0000
7152 598070.630336 4505772.664442 1 0.0000
7153 583503.953442 4506518.084343 1 0.0000
7154 586035.500002 4512255.071085 1 0.0000
7155 583962.888996 4500597.621900 1 0.0000
7156 604998.222800 4504647.680341 1 0.0000
7157 588224.696276 4506633.373208 1 0.0000
7158 595004.397450 4512547.084804 1 0.0000
7159 593594.711550 4521981.781876 1 0.0000
7160 603388.063223 4510912.212215 1 0.0000
7161 586885.140936 4513480.318884 1 0.0000
7162 593154.769142 4505656.426728 1 0.0000
7163 590132.888359 4511105.985242 1 0.0000
7164 587729.115487 4506641.445401 1 0.0000
7165 585694.598964 4505289.374579 1 0.0000
7166 592486.504616 4521384.044703 1 0.0000
7167 589049.288227 4515864.211133 1 0.0000
7168 606565.501654 4513787.351675 1 0.0000
7169 592699.807115 4502145.320461 1 0.0000
7170 597371.452746 4522878.447611 1 0.0000
7171 587398.504486 4492832.978276 1 0.0000
7172 574007.751421 4498874.535247 1 0.0000
7173 576492.266970 4499263.591403 1 0.0000
7174 586234.145346 4511616.489655 1 0.0000
7175 583548.983151 4507059.484905 1 0.0000
7176 574723.421496 4499312.940561 1 0.0000
7177 592375.977477 4520200.715600 1 0.0000
7178 592099.715617 4512409.480639 1 0.0000
7179 593428.568115 4509285.859417 1 0.0000
7180 587309.652638 4512756.242714 1 0.0000
7181 585775.785336 4505251.292732 1 0.0000
7182 584480.366838 4501262.625947 1 0.0000
7183 585252.586730 4512260.777144 1 0.0000
7184 593722.343494 4521185.134045 1 0.0000
7185 594200.106767 4522766.377121 1 0.0000
7186 602117.453848 4513388.397906 1 0.0000
7187 586556.919284 4495001.284215 1 0.0000
7188 603388.063223 4510912.212215 1 0.0000
7189 586202.770403 4511561.890121 1 0.0000
7190 590114.737522 4522533.861871 1 0.0000
7191 586604.486723 4512490.710327 1 0.0000
7192 591687.726150 4525020.778712 1 0.0000
7193 590535.643209 4518895.574359 1 0.0000
7194 583154.954646 4506258.141699 1 0.0000
7195 584303.933400 4496303.370410 1 0.0000
7196 588362.421403 4509498.786774 1 0.0000
7197 564040.705379 4484531.404958 1 0.0000
7198 596619.947926 4505088.497570 1 0.0000
7199 591007.664923 4506430.398146 1 0.0000
7200 590535.643209 4518895.574359 1 0.0000
7201 587797.695711 4507550.318164 1 0.0000
7202 593268.382309 4503168.670707 1 0.0000
7203 586275.994489 4499718.583646 1 0.0000
7204 584237.091503 4507645.080912 1 0.0000
7205 587640.610505 4512486.974879 1 0.0000
7206 590277.641121 4520382.168787 1 0.0000
7207 584460.189565 4511200.132383 1 0.0000
7208 602739.954990 4504633.909042 1 0.0000
7209 587069.533877 4512835.783795 1 0.0000
7210 583428.665200 4499904.698799 1 0.0000
7211 591843.799583 4519569.330200 1 0.0000
7212 583534.881238 4506745.762219 1 0.0000
7213 591075.146672 4513511.302703 1 0.0000
7214 586867.823557 4512994.381581 1 0.0000
7215 582585.489749 4496179.322921 1 0.0000
7216 600307.409912 4507245.595306 1 0.0000
7217 593908.382336 4522934.614697 1 0.0000
7218 589051.182312 4516606.864750 1 0.0000
7219 599630.564163 4507354.918329 1 0.0000
7220 583532.897828 4506866.410204 1 0.0000
7221 590941.993997 4513670.379897 1 0.0000
7222 596927.469483 4521087.004501 1 0.0000
7223 592964.475946 4519046.997644 1 0.0000
7224 585644.180206 4512633.656357 1 0.0000
7225 590289.936707 4520372.861875 1 0.0000
7226 589918.394182 4505239.614798 1 0.0000
7227 592184.928308 4518328.685296 1 0.0000
7228 584652.542594 4511728.893321 1 0.0000
7229 586236.250744 4512528.262669 1 0.0000
7230 583609.807821 4506989.786424 1 0.0000
7231 585860.473094 4512238.145472 1 0.0000
7232 591089.546915 4520694.336888 1 0.0000
7233 605381.942229 4506011.184035 1 0.0000
7234 595069.689449 4512085.240548 1 0.0000
7235 585562.305299 4512839.024988 1 0.0000
7236 594171.028462 4523338.341157 1 0.0000
7237 589573.382111 4517979.543797 1 0.0000
7238 585805.705753 4513327.232303 1 0.0000
7239 585796.149103 4512695.115269 1 0.0000
7240 593589.084467 4523889.975702 1 0.0000
7241 586069.290167 4511642.951085 1 0.0000
7242 588369.460684 4495346.705211 1 0.0000
7243 592161.101200 4523755.741461 1 0.0000
7244 584265.037512 4507759.976285 1 0.0000
7245 583508.886192 4496895.554569 1 0.0000
7246 604288.262807 4508956.872171 1 0.0000
7247 586617.136748 4510096.293617 1 0.0000
7248 582540.977568 4498540.414928 1 0.0000
7249 587162.148530 4493816.381998 1 0.0000
7250 591288.706662 4501385.436243 1 0.0000
7251 586688.249289 4492103.331068 1 0.0000
7252 585659.189735 4510273.095991 1 0.0000
7253 593117.088987 4523672.795952 1 0.0000
7254 588144.800998 4520089.669762 1 0.0000
7255 578058.707969 4499328.034036 1 0.0000
7256 602449.376268 4522555.455630 1 0.0000
7257 584060.913929 4508639.227127 1 0.0000
7258 584228.304907 4499606.019230 1 0.0000
7259 590070.919538 4513309.098353 1 0.0000
7260 589779.061617 4505406.545356 1 0.0000
7261 583918.077513 4509194.030846 1 0.0000
7262 586396.192630 4502788.541199 1 0.0000
7263 568434.190638 4486685.661805 1 0.0000
7264 589690.831155 4506063.757126 1 0.0000
7265 581191.707225 4497893.690826 1 0.0000
7266 585520.962907 4501614.533885 1 0.0000
7267 591847.304570 4525937.111659 1 0.0000
7268 576492.266970 4499263.591403 1 0.0000
7269 586536.141634 4512631.936129 1 0.0000
7270 602448.295755 4500423.386296 1 0.0000
7271 593412.908727 4526348.711631 1 0.0000
7272 586329.649519 4512728.924898 1 0.0000
7273 593589.084467 4523889.975702 1 0.0000
7274 571358.965972 4493748.630778 1 0.0000
7275 605094.459839 4500681.060660 1 0.0000
7276 588256.339211 4514637.771033 1 0.0000
7277 588089.431693 4498859.451210 1 0.0000
7278 584723.242346 4511327.457540 1 0.0000
7279 596747.237945 4510587.975621 1 0.0000
7280 587455.690482 4514140.467625 1 0.0000
7281 587045.366906 4512469.527221 1 0.0000
7282 594614.737211 4512538.686250 1 0.0000
7283 602312.257875 4503332.693669 1 0.0000
7284 585943.322649 4512963.429851 1 0.0000
7285 594976.919267 4519985.071459 1 0.0000
7286 590423.266870 4506236.340290 1 0.0000
7287 576957.569751 4494333.658999 1 0.0000
7288 583379.749228 4506480.407425 1 0.0000
7289 584514.887916 4511882.127039 1 0.0000
7290 602024.857745 4523277.728133 1 0.0000
7291 588682.305715 4504954.343786 1 0.0000
7292 583455.218572 4506944.450525 1 0.0000
7293 600378.608944 4506585.124799 1 0.0000
7294 570885.010545 4495607.789487 1 0.0000
7295 586386.637639 4512594.883439 1 0.0000
7296 576957.569751 4494333.658999 1 0.0000
7297 588157.487892 4517267.693643 1 0.0000
7298 586117.789811 4501438.484555 1 0.0000
7299 585532.645872 4512206.069899 1 0.0000
7300 585228.062809 4511230.516298 1 0.0000
7301 590860.127170 4511066.119368 1 0.0000
7302 588923.547973 4499281.529469 1 0.0000
7303 585937.815757 4511066.429835 1 0.0000
7304 592366.412741 4520852.129805 1 0.0000
7305 586053.094276 4513171.287561 1 0.0000
7306 575391.473967 4491854.049427 1 0.0000
7307 584243.552597 4510609.539066 1 0.0000
7308 590095.667431 4505032.281775 1 0.0000
7309 589051.182312 4516606.864750 1 0.0000
7310 598880.818877 4522264.857748 1 0.0000
7311 585925.867982 4507513.163358 1 0.0000
7312 588796.373422 4508185.771937 1 0.0000
7313 583888.590182 4506939.937486 1 0.0000
7314 588965.106910 4518756.986866 1 0.0000
7315 597665.865028 4508994.603679 1 0.0000
7316 579153.274033 4495607.501769 0 0.0040962
7317 578628.205055 4496524.580249 0 0.0038295
7318 577677.675653 4499503.396993 0 0.0023254
7319 578771.287598 4494923.022992 0 0.0055448
7320 577931.198101 4498392.070825 0 0.0027094
7321 578114.311020 4497383.976307 0 0.0047298
7322 573959.669825 4490360.125533 0 0.0027905
7323 577700.384206 4496892.734249 0 0.0024577
7324 577494.599955 4497068.984401 0 0.0032065
7325 577814.033021 4499176.954059 0 0.0030060
7326 577402.615766 4499108.840811 0 0.0028588
7327 577214.947002 4497448.028599 0 0.0043629
7328 577399.650406 4498222.507912 0 0.0028951
7329 578097.304128 4496009.419637 0 0.0026348
7330 576565.270076 4496768.448418 0 0.0014891
7331 577342.307134 4495721.727992 0 0.0029249
7332 576664.070589 4496309.595525 0 0.0064088
7333 576105.002315 4496403.814657 0 0.0018326
7334 576987.156359 4495089.779630 0 0.0040215
7335 568848.881892 4492085.629952 0 0.0002240
7336 563528.676795 4484156.254908 0 0.0039212
7337 564212.862997 4484381.939024 0 0.0031852
7338 563922.120515 4483539.434740 0 0.0045463
7339 572369.674459 4497855.769719 0 0.0029505
7340 570571.602098 4492482.370273 0 0.0032855
7341 571027.069793 4492556.018354 0 0.0045357
7342 571495.044156 4493606.763205 0 0.0050221
7343 571288.779570 4493321.924549 0 0.0027820
7344 571129.741512 4493108.570679 0 0.0036119
7345 571082.629014 4493908.927167 0 0.0021441
7346 570877.822371 4493618.335891 0 0.0021804
7347 570708.654997 4493415.038241 0 0.0019692
7348 577174.775792 4495456.246124 0 0.0025281
7349 576219.816776 4497501.865503 0 0.0035244
7350 575948.410872 4497896.596776 0 0.0020972
7351 578298.214403 4494419.206635 0 0.0016534
7352 578052.528608 4494724.481807 0 0.0014507
7353 577770.434884 4494298.581751 0 0.0044695
7354 578030.101622 4493279.607491 0 0.0072835
7355 577138.422577 4493393.681853 0 0.0027564
7356 578647.567612 4493952.642357 0 0.0042327
7357 578891.988087 4494218.653703 0 0.0037314
7358 576615.127792 4498475.133364 0 0.0035927
7359 577016.236530 4498339.310835 0 0.0025772
7360 577138.796213 4498649.408082 0 0.0021804
7361 576927.776659 4498956.808070 0 0.0032748
7362 576454.452284 4499661.718505 0 0.0031127
7363 576499.194370 4499271.851235 0 0.0031745
7364 577258.191558 4494636.795402 0 0.0038786
7365 576931.284960 4494126.012307 0 0.0047063
7366 576505.180682 4493494.909279 0 0.0024598
7367 576384.658690 4493906.517255 0 0.0025302
7368 568297.269985 4493348.570282 0 0.0045570
7369 570721.395199 4495361.533610 0 0.0024790
7370 570633.104328 4494644.288509 0 0.0027436
7371 570640.521813 4494192.635048 0 0.0040450
7372 570291.672767 4496295.259856 0 0.0034049
7373 570917.356963 4496128.050446 0 0.0037420
7374 571698.993358 4496769.504070 0 0.0042135
7375 570746.292758 4497175.495948 0 0.0033836
7376 571110.391588 4497364.785923 0 0.0039703
7377 571525.027844 4497251.316514 0 0.0023382
7378 570755.289757 4497907.646639 0 0.0022593
7379 570211.730391 4499086.598503 0 0.0035948
7380 572635.558857 4498225.242925 0 0.0023126
7381 572425.495003 4498489.895304 0 0.0015851
7382 576816.818901 4493708.595550 0 0.0023937
7383 575114.205068 4499257.907410 0 0.0025217
7384 574766.085560 4499287.841183 0 0.0034647
7385 575127.285722 4498248.318102 0 0.0018539
7386 575434.728481 4498348.975843 0 0.0016918
7387 574868.207238 4498757.650729 0 0.0028951
7388 574870.146034 4498327.560473 0 0.0028993
7389 575337.909821 4498776.174121 0 0.0016534
7390 577401.463682 4492605.385714 0 0.0059779
7391 576978.301739 4492280.709910 0 0.0063064
7392 576050.477490 4491998.894727 0 0.0039810
7393 576504.772980 4491818.067763 0 0.0044311
7394 576126.925560 4493162.494998 0 0.0047789
7395 576497.840983 4493165.615627 0 0.0017643
7396 575564.139547 4492803.814733 0 0.0025601
7397 575737.879570 4492397.363025 0 0.0026710
7398 575973.119118 4492664.738146 0 0.0021292
7399 575473.264404 4497374.720847 0 0.0020438
7400 575512.078849 4492066.282407 0 0.0022209
7401 575205.521222 4491789.089124 0 0.0021804
7402 575240.787325 4492390.314515 0 0.0019884
7403 574853.026632 4492133.040503 0 0.0017451
7404 574713.042265 4497613.661120 0 0.0013334
7405 574358.003400 4498149.429612 0 0.0033217
7406 574530.919186 4497928.142400 0 0.0016150
7407 575568.460877 4490971.429692 0 0.0057197
7408 574315.316520 4490684.454566 0 0.0018006
7409 574234.779915 4490957.358361 0 0.0015233
7410 573439.628690 4489897.655580 0 0.0047191
7411 572702.225194 4488931.984758 0 0.0041559
7412 573443.185342 4490440.442124 0 0.0028225
7413 572381.879591 4489086.193899 0 0.0045677
7414 572155.252290 4490602.759038 0 0.0036866
7415 574507.875824 4498680.560271 0 0.0034839
7416 574081.879324 4498372.112846 0 0.0036823
7417 573873.446692 4498653.542621 0 0.0016065
7418 574836.706213 4491123.108811 0 0.0025345
7419 574828.035491 4491667.886542 0 0.0024214
7420 574467.893893 4491386.797044 0 0.0034625
7421 573349.416742 4491330.598557 0 0.0029292
7422 572810.694410 4491398.762925 0 0.0022124
7423 573994.492241 4497954.653717 0 0.0028439
7424 573670.148373 4497895.785245 0 0.0028951
7425 571649.095927 4492907.709074 0 0.0039340
7426 571964.747421 4493263.546570 0 0.0048301
7427 567510.193362 4487738.270571 0 0.0049751
7428 574917.356055 4496790.471734 0 0.0035735
7429 574435.895362 4496408.436203 0 0.0023596
7430 574283.299160 4497430.555267 0 0.0013462
7431 573836.542912 4497053.328838 0 0.0014358
7432 573744.764871 4496881.553511 0 0.0014486
7433 573729.589021 4497412.115230 0 0.0039916
7434 573806.798585 4496617.977414 0 0.0020950
7435 573866.394692 4496301.855610 0 0.0019969
7436 571582.735502 4488719.300971 0 0.0030913
7437 571105.290108 4488326.166817 0 0.0017601
7438 571836.642892 4488413.451452 0 0.0021100
7439 571636.456968 4487749.827371 0 0.0023937
7440 572003.870518 4488127.783102 0 0.0021505
7441 571382.621886 4488013.754386 0 0.0019990
7442 570945.794632 4487956.199488 0 0.0017067
7443 571299.314470 4487343.751874 0 0.0018326
7444 570774.178096 4487793.507806 0 0.0016299
7445 570845.271964 4487375.468009 0 0.0019137
7446 571558.450766 4487064.328187 0 0.0024406
7447 575857.637890 4496166.054948 0 0.0035927
7448 567772.777175 4489405.881463 0 0.0044205
7449 570753.008150 4487029.491430 0 0.0020396
7450 569926.639373 4486800.345598 0 0.0028012
7451 574623.316873 4495250.403080 0 0.0029121
7452 569185.320945 4486923.061356 0 0.0029953
7453 570682.630963 4497494.616475 0 0.0038956
7454 568554.469963 4496048.376681 0 0.0017430
7455 574940.890619 4495619.047785 0 0.0015339
7456 575821.135094 4494867.829239 0 0.0039490
7457 576559.492589 4494814.571728 0 0.0032577
7458 573581.680004 4495879.924858 0 0.0017153
7459 574136.293650 4495444.331340 0 0.0045229
7460 573671.483713 4495374.194193 0 0.0036759
7461 572461.546548 4496072.741815 0 0.0055576
7462 573071.183665 4496032.008221 0 0.0058200
7463 572443.678383 4495382.057570 0 0.0023084
7464 572975.936198 4495343.376610 0 0.0040514
7465 573319.847259 4496493.038685 0 0.0020481
7466 572956.523499 4496719.559029 0 0.0019350
7467 573273.880301 4497721.813175 0 0.0037463
7468 573060.002461 4497099.350799 0 0.0019243
7469 573284.312397 4497076.936474 0 0.0019499
7470 572926.546585 4498700.398618 0 0.0029036
7471 572901.116624 4499041.760551 0 0.0049154
7472 566335.896479 4489244.386936 0 0.0036972
7473 569675.162838 4490380.046226 0 0.0054552
7474 573280.746839 4498376.445329 0 0.0026966
7475 572839.424961 4498471.595154 0 0.0019734
7476 573090.313731 4498119.064271 0 0.0029015
7477 571278.803288 4498769.766860 0 0.0032940
7478 565974.711120 4488146.566821 0 0.0046039
7479 565009.572540 4488049.652223 0 0.0033601
7480 571403.131126 4497950.890439 0 0.0075651
7481 571215.784700 4498271.740250 0 0.0024257
7482 571948.654739 4498186.550356 0 0.0041474
7483 571932.767125 4497680.521418 0 0.0027863
7484 572751.609352 4497688.836562 0 0.0028140
7485 563496.490048 4484676.585730 0 0.0032919
7486 563999.804982 4484952.323578 0 0.0035458
7487 572515.881318 4497100.064258 0 0.0044930
7488 572220.938701 4496786.504902 0 0.0028076
7489 571930.017367 4496228.454753 0 0.0048898
7490 571753.371615 4494618.459165 0 0.0064707
7491 571888.843135 4495544.110836 0 0.0016790
7492 573054.155063 4494728.475220 0 0.0049559
7493 572791.540044 4493981.074439 0 0.0028673
7494 571014.380167 4496821.659941 0 0.0063021
7495 571278.722280 4492398.201483 0 0.0053912
7496 573360.796073 4492111.265145 0 0.0026220
7497 571855.721298 4491921.338130 0 0.0019371
7498 569101.327159 4487918.225279 0 0.0050114
7499 569462.041522 4498475.265407 0 0.0026668
7500 576206.433310 4491240.441386 0 0.0000661
7501 565981.648438 4487127.886677 0 0.0059032
7502 570762.029084 4498268.442561 0 0.0047063
7503 570434.632441 4498965.219467 0 0.0032300
7504 572926.649299 4489586.391031 0 0.0028673
7505 571830.977670 4490446.982469 0 0.0040407
7506 566501.344093 4487430.387073 0 0.0036844
7507 568669.827260 4489961.364141 0 0.0038764
7508 570709.528581 4496642.633191 0 0.0035522
7509 569842.400382 4495413.559938 0 0.0037378
7510 570301.781643 4495147.285880 0 0.0024513
7511 571410.538549 4489436.183659 0 0.0032108
7512 571541.846725 4489150.230137 0 0.0032663
7513 568353.819945 4488402.529711 0 0.0024641
7514 568478.217690 4487954.660317 0 0.0034668
7515 577708.451518 4497638.792763 0 0.0041879
7516 577337.582933 4496516.447181 0 0.0018134
7517 576082.723443 4498848.908598 0 0.0019585
7518 576083.694481 4498379.947272 0 0.0017537
7519 578263.204891 4493868.159651 0 0.0039148
7520 576983.646693 4499543.683535 0 0.0028887
7521 575623.956722 4499456.955175 0 0.0023873
7522 575046.023175 4497613.277622 0 0.0021014
7523 575427.342476 4497843.992655 0 0.0023937
7524 574242.227542 4498958.789818 0 0.0023638
7525 568891.762430 4488674.870277 0 0.0032407
7526 568290.971100 4488836.422536 0 0.0032492
7527 570518.345413 4486773.201033 0 0.0024364
7528 574316.408121 4493525.061669 0 0.0035394
7529 575041.032139 4493334.862897 0 0.0018539
7530 574009.659246 4495943.953917 0 0.0021398
7531 573328.561531 4495148.432394 0 0.0044439
7532 573398.623453 4498561.626608 0 0.0025921
7533 573557.502092 4498955.801828 0 0.0032407
7534 567025.517992 4486630.677990 0 0.0043586
7535 567939.571402 4487045.006361 0 0.0025068
7536 565575.279957 4486104.703688 0 0.0042455
7537 565101.509152 4484851.369307 0 0.0053165
7538 565158.478380 4483975.829222 0 0.0045399
7539 564416.851478 4485524.518923 0 0.0032769
7540 571348.228950 4495870.317771 0 0.0036695
7541 570783.128652 4498809.294429 0 0.0035180
7542 576201.869732 4490564.990129 0 0.0033665
7543 574724.428059 4489686.723178 0 0.0067374
7544 574989.540683 4496087.546473 0 0.0027436
7545 568448.771363 4485924.639243 0 0.0037292
7546 578333.993062 4499242.282868 0 0.0024833
7547 579393.842747 4496002.079676 0 0.0039106
7548 577445.453765 4500004.236304 0 0.0018326
7549 577882.474248 4499965.744262 0 0.0029975
7550 578694.783179 4495434.378751 0 0.0028481
7551 578248.766145 4495018.390213 0 0.0014059
7552 578360.859466 4498347.789556 0 0.0021398
7553 577752.149700 4497281.753854 0 0.0036311
7554 578287.118216 4495969.262211 0 0.0027201
7555 576728.095468 4497220.761423 0 0.0031980
7556 577481.112335 4496101.621516 0 0.0074542
7557 577587.238285 4496475.244373 0 0.0051565
7558 577866.140780 4496156.585982 0 0.0036396
7559 577879.783632 4496315.898813 0 0.0027009
7560 578003.518938 4496735.998535 0 0.0027607
7561 578342.390969 4496972.593745 0 0.0030935
7562 577727.908265 4495166.386750 0 0.0016577
7563 575726.494003 4498214.077482 0 0.0021718
7564 579266.366748 4494051.802510 0 0.0062808
7565 576938.854995 4491530.694312 0 0.0052354
7566 574831.957889 4490252.533979 0 0.0016982
7567 574895.983585 4490511.591563 0 0.0014934
7568 575074.330635 4490739.890640 0 0.0040770
7569 575540.357829 4490082.774984 0 0.0054360
7570 573739.332537 4491246.465530 0 0.0034647
7571 573941.600891 4491577.693998 0 0.0027991
7572 574103.128636 4491835.536265 0 0.0025366
7573 570788.121515 4489257.322081 0 0.0048237
7574 570885.199403 4488773.576121 0 0.0024001
7575 572086.482621 4489746.483898 0 0.0041431
7576 572575.575699 4489827.143037 0 0.0044823
7577 572641.163879 4490765.784958 0 0.0028311
7578 572851.387753 4490802.614506 0 0.0025942
7579 570667.682179 4489895.569144 0 0.0069123
7580 571087.545197 4489957.055043 0 0.0027991
7581 571334.033508 4490320.473361 0 0.0037228
7582 571474.746738 4489885.883245 0 0.0037655
7583 572194.468138 4487713.692382 0 0.0035586
7584 572649.178398 4488395.995721 0 0.0030999
7585 569876.442250 4488015.918718 0 0.0046039
7586 569092.873709 4490529.768966 0 0.0067224
7587 569530.128208 4489797.200442 0 0.0048130
7588 569197.191974 4489286.017327 0 0.0054936
7589 568055.481761 4489650.732670 0 0.0046317
7590 568143.679158 4489077.334722 0 0.0060099
7591 570247.451616 4488859.966114 0 0.0053784
7592 570278.727210 4488417.522958 0 0.0043266
7593 570086.648095 4489939.640823 0 0.0033132
7594 570132.025303 4489384.275859 0 0.0038167
7595 569660.783825 4489036.935824 0 0.0019990
7596 574477.122448 4495587.661064 0 0.0024705
7597 575798.999099 4494144.782586 0 0.0030807
7598 576355.847868 4495669.594284 0 0.0023148
7599 577539.678622 4498602.219685 0 0.0017899
7600 577769.988162 4498567.578515 0 0.0020246
7601 578776.445000 4497153.830930 0 0.0012267
7602 577483.854219 4499793.713238 0 0.0019926
7603 577372.482100 4499364.119207 0 0.0021804
7604 577508.803429 4498921.923677 0 0.0026412
7605 578409.478338 4495747.671309 0 0.0024940
7606 578250.119634 4499619.114518 0 0.0016278
7607 577204.508048 4499808.291275 0 0.0036631
7608 579687.932670 4494912.912448 0 0.0015595
7609 578894.856426 4496019.515027 0 0.0039852
7610 575585.995309 4495470.421547 0 0.0008000
7611 573533.591455 4493794.491440 0 0.0009515
7612 574128.896255 4494892.270835 0 0.0035266
7613 573723.305659 4494826.484881 0 0.0042434
7614 566255.154155 4484855.977362 0 0.0002539
7615 567108.005519 4485560.707661 0 0.0067224
7616 567719.714079 4485808.328704 0 0.0027351
7617 566523.974167 4488848.035630 0 0.0061144
7618 566592.843359 4488394.081106 0 0.0041538
7619 567249.790740 4489059.739250 0 0.0051864
7620 567044.106809 4487529.483510 0 0.0057453
7621 567924.128956 4487812.941087 0 0.0038743
7622 571962.519702 4498780.657465 0 0.0028503
7623 586234.303202 4514374.401935 0 0.0005618
7624 589560.870901 4522636.101302 0 0.0014295
7625 587916.011347 4513690.379403 0 0.0022265
7626 587495.007659 4513793.156716 0 0.0007378
7627 587240.384635 4513975.847344 0 0.0005839
7628 585529.850192 4512934.816727 0 0.0004338
7629 588458.573922 4513923.878466 0 0.0010373
7630 587631.416127 4514046.019142 0 0.0007743
7631 585480.175189 4513023.397414 0 0.0009515
7632 585709.829097 4512247.561776 0 0.0002806
7633 585947.036232 4511468.095486 0 0.0006816
7634 585791.285268 4512974.630851 0 0.0011785
7635 587029.498221 4517795.819035 0 0.0012492
7636 585101.341401 4512850.413554 0 0.0012063
7637 589832.983760 4522856.079841 0 0.0011899
7638 584662.264746 4513117.834614 0 0.0016924
7639 588275.086013 4517579.850137 0 0.0011300
7640 585955.795341 4514434.695847 0 0.0007479
7641 585985.573305 4507698.564378 0 0.0005435
7642 588927.758288 4514325.381797 0 0.0006703
7643 584475.908158 4509899.885816 0 0.0003764
7644 587222.684409 4513616.076966 0 0.0005562
7645 585501.660388 4513592.789399 0 0.0008822
7646 587709.177079 4514518.192308 0 0.0006835
7647 584042.727656 4510886.981125 0 0.0011123
7648 584952.053935 4510839.867041 0 0.0015518
7649 587943.351048 4514624.109333 0 0.0007680
7650 583814.053069 4510129.212764 0 0.0007605
7651 588261.894215 4514497.833223 0 0.0005316
7652 588340.059216 4514642.236116 0 0.0007151
7653 588843.588405 4515105.986392 0 0.0007321
7654 588405.957987 4515481.250348 0 0.0007485
7655 588523.622321 4515372.460168 0 0.0009301
7656 588920.522183 4515248.726255 0 0.0006186
7657 585900.446554 4515349.472802 0 0.0008286
7658 589663.707410 4521444.061499 0 0.0006943
7659 585551.173290 4514837.686845 0 0.0009540
7660 585879.619598 4514295.057794 0 0.0008658
7661 588122.523800 4518977.342713 0 0.0017921
7662 589089.454897 4516031.720826 0 0.0006854
7663 586820.573692 4515461.852194 0 0.0007844
7664 589340.125371 4520674.318479 0 0.0006243
7665 588615.071023 4516197.989662 0 0.0010827
7666 586414.995352 4516008.064250 0 0.0008891
7667 586042.781514 4515654.839962 0 0.0011729
7668 586620.439913 4515667.565100 0 0.0009452
7669 585941.007099 4515136.979825 0 0.0005398
7670 589635.115291 4523363.703226 0 0.0010461
7671 586872.946366 4516168.861623 0 0.0008323
7672 586963.811528 4516303.621835 0 0.0009976
7673 586314.323537 4514524.111659 0 0.0010247
7674 588092.507581 4517678.205717 0 0.0006388
7675 587610.464402 4514335.618162 0 0.0004691
7676 586431.269186 4514738.975503 0 0.0006451
7677 588817.247977 4516734.712137 0 0.0013198
7678 586428.544147 4516671.817866 0 0.0010398
7679 587483.125563 4517269.068485 0 0.0014818
7680 591298.731567 4525022.844375 0 0.0006627
7681 588768.535308 4516482.870615 0 0.0010594
7682 586535.810195 4515942.900480 0 0.0010297
7683 585671.702648 4507191.142401 0 0.0013053
7684 589113.057501 4515607.487854 0 0.0012599
7685 586924.564497 4516231.241292 0 0.0007352
7686 589905.366313 4516606.190840 0 0.0009976
7687 587007.422139 4517145.665207 0 0.0007182
7688 586587.783106 4515029.859493 0 0.0008658
7689 588223.942551 4519210.096004 0 0.0008986
7690 587337.797308 4516422.631389 0 0.0007365
7691 589984.424133 4516752.166724 0 0.0007132
7692 587787.953330 4512679.970173 0 0.0014503
7693 588080.016102 4514550.543672 0 0.0009389
7694 587457.773888 4512537.716970 0 0.0008387
7695 587806.159227 4514698.143453 0 0.0003550
7696 584042.280530 4510018.603709 0 0.0007441
7697 587678.730124 4513415.169228 0 0.0008254
7698 587050.331713 4512250.702012 0 0.0005877
7699 585793.911104 4511230.024507 0 0.0007371
7700 584326.802127 4510191.463673 0 0.0007296
7701 585814.135119 4512578.346722 0 0.0006785
7702 586481.143141 4511195.137496 0 0.0006879
7703 587227.822954 4513297.391816 0 0.0004780
7704 586755.205437 4512913.364869 0 0.0002781
7705 588215.207449 4515128.048258 0 0.0008639
7706 587458.516758 4513397.475914 0 0.0005644
7707 585456.223323 4514812.577498 0 0.0010915
7708 590480.405061 4524634.435440 0 0.0011792
7709 585127.246802 4512610.208189 0 0.0008683
7710 590185.791132 4522719.156095 0 0.0009490
7711 587962.893914 4514988.940350 0 0.0008399
7712 589042.096981 4519001.983165 0 0.0006350
7713 585433.981669 4507643.436926 0 0.0009408
7714 588736.086638 4515766.416840 0 0.0010026
7715 588066.829086 4514134.956183 0 0.0005789
7716 588570.227695 4519078.564590 0 0.0000038
7717 586007.349233 4513364.970974 0 0.0007561
7718 588672.437988 4515017.115464 0 0.0021036
7719 588139.633707 4514987.940608 0 0.0009049
7720 586084.093976 4510459.188369 0 0.0009540
7721 587982.987969 4514370.416328 0 0.0012725
7722 588524.231796 4519776.034808 0 0.0008973
7723 588920.942809 4521077.555546 0 0.0010076
7724 590467.882577 4524495.485627 0 0.0008841
7725 586826.037873 4517068.220468 0 0.0011533
7726 583650.711657 4508029.618751 0 0.0010039
7727 586977.211146 4515751.032345 0 0.0007838
7728 586306.111354 4515084.659267 0 0.0009194
7729 586347.107791 4515161.096009 0 0.0010272
7730 589753.074183 4522911.167425 0 0.0008242
7731 589440.215547 4518055.666417 0 0.0010234
7732 589576.499675 4516571.774705 0 0.0020109
7733 586879.421895 4517511.790394 0 0.0009673
7734 588699.105498 4517022.327060 0 0.0011893
7735 587329.083899 4516981.033571 0 0.0011048
7736 587493.970007 4516569.434735 0 0.0013727
7737 589498.626641 4516321.772956 0 0.0010165
7738 588816.531078 4519037.749594 0 0.0005127
7739 588771.749440 4517306.794393 0 0.0019440
7740 587593.163535 4514629.694713 0 0.0003809
7741 585852.338092 4508091.373998 0 0.0007914
7742 588420.348045 4514791.041263 0 0.0009263
7743 587282.858514 4518245.573068 0 0.0016325
7744 586975.072490 4512110.678575 0 0.0006678
7745 587881.465896 4512854.781190 0 0.0009742
7746 584968.683713 4513374.939804 0 0.0018318
7747 591131.598478 4524479.486926 0 0.0012397
7748 588812.366683 4514579.921644 0 0.0005019
7749 590187.971349 4522289.582117 0 0.0000013
7750 587232.315118 4512978.885423 0 0.0008481
7751 585460.825244 4513517.540028 0 0.0006110
7752 588027.137467 4514061.598825 0 0.0007378
7753 585252.055124 4513129.716088 0 0.0008172
7754 588147.979860 4514285.117059 0 0.0006747
7755 588533.851076 4515554.995249 0 0.0014099
7756 590229.274722 4517038.701845 0 0.0002308
7757 588478.219635 4516271.068696 0 0.0008160
7758 585436.738777 4512028.957539 0 0.0000738
7759 588298.437900 4517183.304154 0 0.0006697
7760 587377.107688 4513902.527044 0 0.0008683
7761 589294.684029 4517558.515581 0 0.0012056
7762 585285.270430 4511746.668291 0 0.0001154
7763 585133.323952 4511465.296310 0 0.0007037
7764 586973.027001 4513479.915501 0 0.0003537
7765 588148.071426 4513020.607671 0 0.0008147
7766 585468.961214 4512377.813382 0 0.0004256
7767 587754.131152 4513555.175914 0 0.0008033
7768 588172.644475 4515376.997878 0 0.0007472
7769 585637.808184 4515191.915083 0 0.0009421
7770 588058.933101 4515166.885429 0 0.0012643
7771 589302.666883 4516426.786202 0 0.0010530
7772 587704.837840 4517791.131423 0 0.0010915
7773 587587.499831 4517030.493427 0 0.0008979
7774 586471.286804 4514811.435443 0 0.0006312
7775 589234.094810 4518164.847856 0 0.0011659
7776 589708.674096 4516711.151838 0 0.0010795
7777 589513.233774 4516816.825794 0 0.0010493
7778 586874.556560 4516860.665153 0 0.0005593
7779 589192.401824 4519280.880545 0 0.0016313
7780 589708.514764 4517173.757326 0 0.0005858
7781 589866.903954 4518898.172275 0 0.0006583
7782 589592.443781 4516963.560226 0 0.0010757
7783 584930.992645 4508382.533687 0 0.0006861
7784 588427.593812 4515194.535881 0 0.0008822
7785 589671.074899 4522316.938472 0 0.0009326
7786 588516.380832 4517449.738135 0 0.0008910
7787 589783.901541 4517313.266500 0 0.0013866
7788 587407.783489 4517127.458243 0 0.0008941
7789 589461.115890 4517242.921189 0 0.0008122
7790 585518.317653 4509409.514415 0 0.0009244
7791 589576.665530 4517981.439623 0 0.0008317
7792 588976.460528 4518302.787138 0 0.0009383
7793 587095.564167 4513052.411222 0 0.0006634
7794 583592.616190 4509302.930682 0 0.0017397
7795 584543.389640 4510659.440063 0 0.0006369
7796 585540.629876 4513665.373088 0 0.0007806
7797 587677.775055 4518591.493377 0 0.0011073
7798 588849.622819 4520379.274071 0 0.0017561
7799 589088.892288 4521257.172059 0 0.0009900
7800 589158.934764 4521067.937662 0 0.0017851
7801 586842.215360 4516511.877756 0 0.0006123
7802 589207.803866 4515783.141887 0 0.0007088
7803 585216.467175 4508181.171503 0 0.0006949
7804 583791.272689 4506556.716555 0 0.0051133
7805 588773.263558 4514506.661497 0 0.0007964
7806 583960.734770 4507128.252905 0 0.0013885
7807 584839.816771 4507255.011680 0 0.0012372
7808 585377.444055 4509593.742393 0 0.0025689
7809 586045.311429 4514025.496514 0 0.0006936
7810 588256.021944 4514876.480897 0 0.0010398
7811 585852.428121 4511894.149395 0 0.0000006
7812 586565.922271 4508253.020509 0 0.0015588
7813 586248.650551 4508409.502588 0 0.0012580
7814 586356.486024 4507556.908016 0 0.0009042
7815 584924.338913 4508581.876920 0 0.0010650
7816 584641.602042 4510264.426032 0 0.0005814
7817 584919.624200 4508835.066463 0 0.0009723
7818 585901.835887 4508225.635420 0 0.0008872
7819 586769.228960 4512447.254708 0 0.0003746
7820 584644.983603 4512003.416361 0 0.0006287
7821 588963.730588 4518857.453368 0 0.0006381
7822 584516.214644 4509163.677601 0 0.0007321
7823 584427.004095 4511021.791976 0 0.0008588
7824 583293.706115 4506669.360036 0 0.0015209
7825 585873.264153 4509132.382733 0 0.0010480
7826 585518.454460 4510020.488552 0 0.0004250
7827 584599.531174 4508040.100110 0 0.0007895
7828 586905.957100 4512373.300724 0 0.0008815
7829 586161.641737 4509205.862440 0 0.0010789
7830 583932.366487 4510680.867660 0 0.0014642
7831 585371.049052 4507981.838543 0 0.0004256
7832 584549.581696 4507773.355247 0 0.0007289
7833 587989.061338 4513990.835148 0 0.0005625
7834 585883.136663 4513175.813337 0 0.0008311
7835 589012.487685 4517819.790217 0 0.0009351
7836 587494.710333 4514447.075015 0 0.0003683
7837 586290.953292 4512088.975389 0 0.0000460
7838 587489.960069 4513065.735401 0 0.0009282
7839 587452.107730 4512996.169788 0 0.0005366
7840 584798.797581 4509938.958928 0 0.0012176
7841 586531.548952 4510324.786196 0 0.0014699
7842 584249.964976 4509447.069148 0 0.0009988
7843 584523.547278 4507111.638890 0 0.0018892
7844 584873.222303 4509296.136950 0 0.0012983
7845 584179.139851 4506996.830266 0 0.0014270
7846 585637.550610 4507469.180470 0 0.0006230
7847 584185.507715 4510179.391640 0 0.0007056
7848 584899.149187 4510125.655927 0 0.0007434
7849 584400.882642 4509260.360383 0 0.0006987
7850 585252.738705 4508904.564510 0 0.0008784
7851 585463.570209 4509307.280939 0 0.0009326
7852 584304.094913 4507346.286705 0 0.0009654
7853 586710.370214 4511535.700650 0 0.0004881
7854 584236.501708 4508789.082131 0 0.0009105
7855 586576.989953 4516948.878856 0 0.0010757
7856 589358.770355 4519011.430893 0 0.0008809
7857 585089.227353 4507839.815798 0 0.0008204
7858 590631.580215 4524594.765670 0 0.0012044
7859 585660.771623 4510228.499060 0 0.0007920
7860 588621.062989 4519955.383581 0 0.0015827
7861 591825.532305 4525487.406321 0 0.0007996
7862 589606.800077 4523032.526546 0 0.0007542
7863 585030.583508 4508141.177948 0 0.0006671
7864 586053.895039 4515362.262901 0 0.0010102
7865 589784.511056 4518551.159646 0 0.0013387
7866 588785.475053 4517948.669130 0 0.0007693
7867 588813.275161 4518196.450255 0 0.0005940
7868 588119.083675 4517290.867070 0 0.0008702
7869 589502.033672 4518660.573877 0 0.0000378
7870 585968.978790 4509309.799238 0 0.0010739
7871 589496.865780 4519655.431766 0 0.0013664
7872 588544.039688 4518078.960029 0 0.0008979
7873 588539.077418 4519623.134568 0 0.0006615
7874 586958.680696 4513126.425236 0 0.0005391
7875 588352.574644 4517059.299895 0 0.0012674
7876 589508.954610 4519289.957641 0 0.0014970
7877 589283.282603 4518871.709469 0 0.0011729
7878 589117.049100 4519141.509233 0 0.0009017
7879 588226.476624 4513493.019135 0 0.0010505
7880 586024.371324 4512213.123646 0 0.0000977
7881 584923.146466 4511942.309088 0 0.0010625
7882 589205.270913 4518727.065524 0 0.0008632
7883 586960.741606 4512802.279005 0 0.0003279
7884 589046.148555 4520279.033382 0 0.0005202
7885 588185.885643 4514356.158069 0 0.0009150
7886 588275.733893 4517068.397690 0 0.0006035
7887 588998.065331 4514931.987153 0 0.0009900
7888 591246.925129 4524711.407312 0 0.0009118
7889 589159.055818 4518025.468058 0 0.0008487
7890 589993.392873 4522914.842352 0 0.0010814
7891 587920.516856 4519326.095611 0 0.0021345
7892 589589.184173 4521898.249102 0 0.0011420
7893 588058.727585 4518362.001373 0 0.0014118
7894 586721.611409 4516577.096177 0 0.0011653
7895 589579.569204 4518803.933753 0 0.0012630
7896 587979.299972 4519562.401326 0 0.0014661
7897 588259.342306 4515702.560827 0 0.0010285
7898 588669.137033 4517733.278862 0 0.0004773
7899 584507.744102 4508220.686814 0 0.0007163
7900 588593.713812 4517592.856400 0 0.0007100
7901 590108.429802 4523127.951766 0 0.0012574
7902 589498.618038 4519849.844954 0 0.0014490
7903 586670.385758 4516793.321012 0 0.0012750
7904 583728.041843 4507447.742730 0 0.0020008
7905 588979.294877 4516873.001999 0 0.0010909
7906 585417.194173 4511086.422046 0 0.0003865
7907 584696.490149 4510365.711541 0 0.0010694
7908 589589.996091 4516045.555363 0 0.0010177
7909 591393.688436 4524950.820536 0 0.0004704
7910 585662.080699 4509757.075719 0 0.0004767
7911 586122.074872 4510528.062007 0 0.0007832
7912 584976.718620 4509758.440950 0 0.0013828
7913 584862.600654 4511251.876693 0 0.0011388
7914 586156.191932 4508719.589370 0 0.0015468
7915 584559.819162 4509381.070258 0 0.0010310
7916 584360.172327 4509832.731286 0 0.0008967
7917 589221.586093 4520310.605472 0 0.0007504
7918 586086.954591 4511182.861508 0 0.0006709
7919 583596.409187 4508501.400070 0 0.0012220
7920 583840.323056 4508170.020791 0 0.0011357
7921 584432.395459 4509029.668597 0 0.0007750
7922 587826.415867 4515062.318376 0 0.0008015
7923 584885.680996 4508224.335288 0 0.0007081
7924 583985.066344 4509654.593249 0 0.0004458
7925 585285.685615 4509313.009181 0 0.0006753
7926 585577.717701 4509519.413936 0 0.0012138
7927 589450.895393 4522953.940096 0 0.0014150
7928 583941.226129 4507968.357869 0 0.0004534
7929 585550.272676 4511333.164330 0 0.0010493
7930 585674.106732 4508763.499977 0 0.0010266
7931 584126.902061 4509339.732020 0 0.0005852
7932 585228.959164 4510735.392282 0 0.0022146
7933 584691.862592 4508006.308115 0 0.0009534
7934 588594.746230 4516487.215701 0 0.0013210
7935 585552.840052 4508543.093180 0 0.0007447
7936 585905.726432 4507322.809806 0 0.0010732
7937 585242.691521 4507170.598862 0 0.0016023
7938 584653.729858 4511727.277207 0 0.0012977
7939 585672.891765 4514920.968697 0 0.0009723
7940 586477.135416 4509840.192725 0 0.0009395
7941 584055.461034 4510269.957356 0 0.0009812
7942 589051.596121 4518443.048948 0 0.0004370
7943 587059.461815 4511793.952520 0 0.0007636
7944 587513.428379 4514155.632561 0 0.0006224
7945 586822.012234 4513199.995772 0 0.0003512
7946 584560.455278 4510113.447477 0 0.0005297
7947 584284.099877 4510756.697085 0 0.0008771
7948 587106.367821 4512356.106458 0 0.0005341
7949 586560.400525 4515556.201764 0 0.0011275
7950 589345.193332 4519564.890835 0 0.0016338
7951 587097.382807 4512728.397150 0 0.0005555
7952 586048.105553 4508315.174886 0 0.0013803
7953 588380.812731 4513779.544187 0 0.0007144
7954 586246.268745 4508885.488063 0 0.0013557
7955 585260.616292 4508398.881307 0 0.0006306
7956 584601.420687 4510190.419890 0 0.0008569
7957 588131.783829 4515628.930881 0 0.0005864
7958 585075.046945 4512223.866282 0 0.0007964
7959 591660.229170 4525662.513267 0 0.0011161
7960 590074.177081 4522509.033528 0 0.0004742
7961 589698.883032 4522481.335850 0 0.0014736
7962 587548.059263 4517965.356819 0 0.0011048
7963 586254.434097 4515522.079650 0 0.0010688
7964 588811.744349 4515906.854700 0 0.0007151
7965 586993.629978 4517344.613125 0 0.0007951
7966 589252.983533 4516725.431929 0 0.0008134
7967 586864.144263 4516092.236904 0 0.0005789
7968 586274.151047 4514447.347656 0 0.0011426
7969 587662.774137 4517172.138104 0 0.0006066
7970 584721.223908 4509795.387478 0 0.0008242
7971 587393.289192 4516670.367406 0 0.0013299
7972 587708.004637 4516965.378578 0 0.0009616
7973 587972.136100 4517743.221082 0 0.0006842
7974 588035.851562 4515450.593527 0 0.0004786
7975 588268.684773 4515555.018175 0 0.0005486
7976 583999.612114 4511708.013382 0 0.0012265
7977 587002.974513 4511690.078140 0 0.0012012
7978 585103.756420 4511121.547430 0 0.0007781
7979 584693.453076 4510937.911521 0 0.0005896
7980 589972.531437 4523547.444751 0 0.0008437
7981 587846.232377 4514444.306863 0 0.0008450
7982 587884.525358 4514187.823724 0 0.0006375
7983 584968.950345 4512605.044386 0 0.0005543
7984 584065.121389 4507883.176128 0 0.0016622
7985 591797.813749 4525616.089410 0 0.0014087
7986 589204.519097 4520966.410199 0 0.0010297
7987 589539.266955 4521184.549602 0 0.0009377
7988 589414.250811 4521247.479200 0 0.0005114
7989 590238.397714 4523102.554373 0 0.0010221
7990 589322.602487 4521859.885188 0 0.0013236
7991 589527.559000 4522367.249934 0 0.0008904
7992 589437.578795 4522205.533729 0 0.0011741
7993 585579.057896 4512632.318375 0 0.0010360
7994 588804.964795 4515036.326699 0 0.0010896
7995 585300.300930 4509007.786325 0 0.0005063
7996 585176.425863 4512990.129509 0 0.0010821
7997 584640.520319 4512820.225213 0 0.0021149
7998 587669.864108 4514772.417095 0 0.0005568
7999 590785.742497 4524688.552452 0 0.0011092
8000 590492.877998 4524022.229292 0 0.0014711
8001 590255.135927 4524137.600020 0 0.0009105
8002 590859.732353 4524138.420706 0 0.0010341
8003 590377.856429 4523366.454278 0 0.0009679
8004 585875.091222 4510070.786866 0 0.0009622
8005 584141.886615 4509669.596962 0 0.0008765
8006 584803.014156 4510563.827069 0 0.0014944
8007 585327.362550 4513269.565092 0 0.0007586
8008 587640.604717 4513345.267435 0 0.0005183
8009 585953.860004 4512814.586457 0 0.0005971
8010 583420.160920 4508198.763615 0 0.0009326
8011 585606.909666 4510128.521054 0 0.0007693
8012 586144.243431 4511287.768016 0 0.0007624
8013 585045.014362 4512745.365410 0 0.0005656
8014 586247.618955 4507302.419190 0 0.0012492
8015 585028.793042 4507240.174822 0 0.0010707
8016 586128.322000 4507644.826027 0 0.0005845
8017 584053.549608 4506686.283637 0 0.0023817
8018 585021.767899 4507661.191900 0 0.0010335
8019 586695.107646 4508821.073519 0 0.0012252
8020 586506.982175 4508887.697785 0 0.0014623
8021 584659.828442 4507631.585421 0 0.0014339
8022 585435.831989 4508252.066803 0 0.0008803
8023 585689.242065 4508308.014287 0 0.0005637
8024 585974.873869 4508859.337076 0 0.0005959
8025 586026.193534 4508073.509963 0 0.0008393
8026 586101.270031 4507979.495116 0 0.0015165
8027 584690.347421 4507098.327286 0 0.0003184
8028 584625.225664 4506952.998422 0 0.0008626
8029 586380.048359 4509133.605155 0 0.0005990
8030 586320.673977 4509023.029209 0 0.0010688
8031 585781.807737 4508962.949645 0 0.0010940
8032 585619.406857 4508661.460699 0 0.0004446
8033 585811.515453 4508557.697884 0 0.0004237
8034 585867.094988 4508659.114401 0 0.0011520
8035 585424.629544 4508766.131773 0 0.0006741
8036 585479.127615 4508868.122617 0 0.0010007
8037 585533.036917 4508968.351452 0 0.0005372
8038 585587.024697 4509067.911612 0 0.0010089
8039 583477.591659 4507904.123398 0 0.0005366
8040 585640.979947 4509168.270655 0 0.0005045
8041 585696.306188 4509270.308052 0 0.0009976
8042 586202.760748 4509698.181676 0 0.0014490
8043 586380.865184 4509612.133965 0 0.0008569
8044 586551.060517 4509512.089665 0 0.0015392
8045 586514.920617 4509384.553011 0 0.0007706
8046 586264.901731 4509394.693772 0 0.0008166
8047 586069.913100 4509458.477671 0 0.0019176
8048 586119.501089 4509590.697514 0 0.0010657
8049 585785.811555 4509905.380439 0 0.0007170
8050 585750.581217 4509839.983496 0 0.0005360
8051 585638.571244 4509631.847893 0 0.0009490
8052 585378.825700 4509864.972751 0 0.0007529
8053 588107.911431 4513273.721527 0 0.0006470
8054 588440.333060 4513376.935642 0 0.0006861
8055 588396.573758 4513302.341527 0 0.0004048
8056 588354.149485 4513231.973540 0 0.0003973
8057 587716.231827 4513485.367606 0 0.0008979
8058 587989.232664 4513522.663923 0 0.0009421
8059 588069.948548 4513672.720104 0 0.0008380
8060 587949.499764 4513449.536391 0 0.0007510
8061 587911.387277 4513379.895127 0 0.0008349
8062 585436.839743 4512894.681709 0 0.0004666
8063 587690.314499 4513828.201138 0 0.0007163
8064 588323.586850 4513673.339364 0 0.0013103
8065 588682.689785 4513802.282624 0 0.0010808
8066 588618.695444 4513679.038298 0 0.0010625
8067 588561.295692 4513560.514167 0 0.0005726
8068 588184.485477 4513885.196729 0 0.0007201
8069 587931.415590 4513884.698752 0 0.0008929
8070 588146.361068 4513814.496811 0 0.0008582
8071 588107.981178 4513743.846023 0 0.0010240
8072 588222.774503 4513955.894661 0 0.0006186
8073 588927.382690 4513979.314369 0 0.0010865
8074 588735.339637 4513968.356194 0 0.0009131
8075 588773.487520 4514039.166245 0 0.0008355
8076 586115.579207 4513164.680090 0 0.0006035
8077 586126.852528 4513018.836542 0 0.0007788
8078 588381.724997 4514250.515193 0 0.0007731
8079 588458.151235 4514392.364276 0 0.0009452
8080 588343.329543 4514179.423233 0 0.0007195
8081 588303.512356 4514105.881969 0 0.0011508
8082 588107.967633 4514211.620597 0 0.0011363
8083 585625.205691 4513244.150978 0 0.0009389
8084 588359.657329 4518462.954223 0 0.0008954
8085 588502.915506 4518417.146444 0 0.0002491
8086 588665.257572 4518705.201663 0 0.0016855
8087 588041.661009 4519402.905114 0 0.0010669
8088 588436.405484 4519502.804378 0 0.0014062
8089 588705.214560 4519681.992574 0 0.0009831
8090 588852.902449 4519637.568532 0 0.0007270
8091 588996.509696 4519589.924555 0 0.0013570
8092 588203.642215 4520020.710786 0 0.0010688
8093 588896.159230 4520035.830325 0 0.0013286
8094 589014.308556 4519968.669158 0 0.0011640
8095 588699.118262 4520100.095031 0 0.0014377
8096 589143.841276 4520441.874382 0 0.0011338
8097 590725.968924 4516126.001207 0 0.0010392
8098 590005.314988 4517545.041826 0 0.0004225
8099 588956.142348 4521457.867776 0 0.0007989
8100 588327.703089 4518168.111444 0 0.0006615
8101 589277.727869 4519829.077035 0 0.0012283
8102 589093.138949 4519508.056704 0 0.0009761
8103 589426.043806 4522673.703552 0 0.0006098
8104 590387.185276 4524234.117904 0 0.0011893
8105 591177.911358 4525116.652726 0 0.0010322
8106 584440.812856 4507685.794113 0 0.0009061
8107 583579.349868 4508865.206681 0 0.0005385
8108 586633.231209 4509202.940625 0 0.0020128
8109 584593.041260 4508928.157842 0 0.0006072
8110 586696.217316 4510203.752186 0 0.0013280
8111 588310.454145 4512389.823571 0 0.0061310
8112 589191.766385 4513655.347635 0 0.0012012
8113 588890.325665 4513361.090178 0 0.0000208
8114 589022.799362 4520700.944959 0 0.0007542
8115 589062.145056 4520773.164360 0 0.0010329
8116 589099.524744 4520842.824790 0 0.0009011
8117 589807.322039 4517999.160618 0 0.0008746
8118 589707.720605 4517730.481930 0 0.0008443
8119 589687.683967 4520803.583283 0 0.0016370
8120 589592.088486 4520614.721073 0 0.0014724
8121 589684.240795 4520546.924849 0 0.0015380
8122 589137.191281 4520912.451558 0 0.0011678
8123 588740.090334 4521373.308049 0 0.0006854
8124 588888.755946 4521225.439541 0 0.0009660
8125 588926.659184 4521294.259743 0 0.0010026
8126 589323.229732 4521571.156470 0 0.0007869
8127 588959.904924 4522130.698368 0 0.0011899
8128 589169.922150 4521917.325978 0 0.0006262
8129 589939.302212 4522400.780646 0 0.0009559
8130 589845.273561 4522085.159889 0 0.0006634
8131 585494.542912 4509755.897277 0 0.0004433
8132 585569.903509 4509895.245886 0 0.0007970
8133 584859.286546 4510051.646124 0 0.0010556
8134 585386.945333 4510375.959271 0 0.0005902
8135 584788.511047 4509436.428608 0 0.0002459
8136 585003.942160 4509426.314665 0 0.0004900
8137 585043.425120 4509490.058547 0 0.0005990
8138 586270.777773 4509839.289914 0 0.0010877
8139 586496.320977 4509714.363615 0 0.0008172
8140 585089.666512 4509592.097209 0 0.0009894
8141 585200.191456 4509663.743754 0 0.0009219
8142 584631.641589 4509627.144009 0 0.0005934
8143 586128.426067 4510067.327203 0 0.0010007
8144 586168.062183 4510142.744695 0 0.0006167
8145 586047.569994 4510390.084093 0 0.0007926
8146 586010.133249 4510320.958757 0 0.0007788
8147 586206.038985 4510215.578228 0 0.0006791
8148 586243.402902 4510284.699101 0 0.0009919
8149 586298.614748 4510387.824610 0 0.0008859
8150 586354.567570 4510491.353797 0 0.0007926
8151 585651.256315 4510374.311744 0 0.0004893
8152 585787.929980 4510300.434300 0 0.0013967
8153 585865.766137 4510443.752466 0 0.0004546
8154 585939.976951 4510582.072151 0 0.0009061
8155 586423.052839 4510652.464727 0 0.0004912
8156 586500.640261 4510729.494343 0 0.0006949
8157 586542.648870 4510838.429430 0 0.0009244
8158 584520.453945 4510039.336786 0 0.0008689
8159 586009.315677 4511040.274656 0 0.0006968
8160 586126.116986 4510927.000770 0 0.0011092
8161 586183.608654 4511033.388289 0 0.0004263
8162 586223.532483 4511108.016879 0 0.0005694
8163 585663.127442 4513314.293922 0 0.0008601
8164 585702.159684 4513387.120733 0 0.0007226
8165 585743.447114 4513462.451251 0 0.0009698
8166 588732.341460 4514430.868569 0 0.0009913
8167 588888.076142 4514252.021430 0 0.0007018
8168 588692.433870 4514357.741899 0 0.0007037
8169 589046.140834 4514544.012061 0 0.0006041
8170 589082.741351 4514372.433969 0 0.0013734
8171 588850.317911 4514649.965455 0 0.0009761
8172 585883.578034 4513679.342894 0 0.0009345
8173 588535.901946 4514536.688072 0 0.0005278
8174 588300.490242 4514568.617216 0 0.0005625
8175 588496.217169 4514463.331960 0 0.0008897
8176 588653.691802 4514755.880007 0 0.0006243
8177 588458.175141 4514861.305477 0 0.0007334
8178 588616.412134 4514685.378123 0 0.0006186
8179 588576.638569 4514612.636683 0 0.0010449
8180 588108.486157 4514767.394348 0 0.0008809
8181 588081.388215 4514880.073028 0 0.0005284
8182 586004.715488 4513956.411243 0 0.0007655
8183 585967.224559 4513886.533498 0 0.0007119
8184 585976.026291 4513793.886409 0 0.0007718
8185 587748.065018 4514916.700704 0 0.0007561
8186 585543.903404 4514249.818572 0 0.0004288
8187 585146.627695 4514202.680697 0 0.0027549
8188 585430.771522 4514039.994767 0 0.0012233
8189 589022.454941 4515079.751261 0 0.0008677
8190 588962.954485 4514861.426502 0 0.0007415
8191 588927.257366 4514790.430706 0 0.0006205
8192 588888.143895 4514719.900961 0 0.0007756
8193 585917.698741 4514365.069047 0 0.0012063
8194 586946.556088 4511146.981012 0 0.0008557
8195 587951.500227 4512603.858557 0 0.0006495
8196 588599.908950 4513946.250746 0 0.0017877
8197 588830.826200 4514145.675265 0 0.0015796
8198 585488.305629 4514142.679894 0 0.0008305
8199 586039.517162 4515015.320175 0 0.0007844
8200 589979.609698 4516458.614296 0 0.0007561
8201 588186.261220 4517993.428363 0 0.0007756
8202 588110.592599 4517852.900101 0 0.0010070
8203 591300.145383 4524326.741950 0 0.0006760
8204 586845.359114 4511403.627320 0 0.0006848
8205 589388.084525 4516975.551768 0 0.0008424
8206 589607.928847 4517525.549121 0 0.0005568
8207 589830.843661 4523468.474600 0 0.0013280
8208 586032.385395 4507340.203835 0 0.0008305
8209 585416.824026 4507487.598611 0 0.0007384
8210 585435.278985 4507406.672487 0 0.0010001
8211 585450.901148 4507289.295697 0 0.0011029
8212 585478.426952 4507083.243751 0 0.0012845
8213 584809.328793 4507146.961757 0 0.0010846
8214 583123.652155 4506917.451680 0 0.0002718
8215 582971.209636 4506656.299783 0 0.0018047
8216 589786.169671 4521975.552566 0 0.0011577
8217 589312.683830 4522505.088337 0 0.0011659
8218 589203.818908 4522703.758230 0 0.0005877
8219 589600.931238 4522814.284062 0 0.0008015
8220 590148.481413 4523340.417701 0 0.0011073
8221 590198.961348 4523378.815076 0 0.0006117
8222 590221.733184 4523708.701065 0 0.0009168
8223 590402.833004 4523774.678385 0 0.0013185
8224 590303.382835 4523928.755882 0 0.0011312
8225 590632.082583 4524161.307362 0 0.0010789
8226 590687.122535 4524050.353439 0 0.0012372
8227 590804.975739 4524248.150850 0 0.0008279
8228 590962.903335 4524327.423608 0 0.0011199
8229 590807.795407 4523915.835336 0 0.0017416
8230 583137.515733 4507647.643471 0 0.0022511
8231 583212.812140 4507698.554001 0 0.0026099
8232 583058.740927 4507139.801947 0 0.0006936
8233 582960.380284 4506983.497397 0 0.0008096
8234 586781.231179 4515387.902106 0 0.0007579
8235 588481.022883 4513817.080379 0 0.0008998
8236 587813.396306 4519052.454163 0 0.0007806
8237 590461.496300 4523283.369129 0 0.0012643
8238 589470.060791 4520193.284070 0 0.0011470
8239 588927.609482 4519292.959198 0 0.0008588
8240 589186.791887 4516212.265006 0 0.0009805
8241 587773.701079 4517667.034411 0 0.0004042
8242 586083.915500 4509061.212468 0 0.0009686
8243 585638.344512 4508174.364339 0 0.0006369
8244 585906.493151 4507498.581413 0 0.0003853
8245 585755.493313 4514035.188985 0 0.0007409
8246 584809.027344 4507439.298257 0 0.0009679
8247 584829.892232 4507939.979832 0 0.0006495
8248 585723.226464 4507866.921903 0 0.0009313
8249 586047.305376 4508517.956548 0 0.0011205
8250 589939.513568 4517133.850047 0 0.0016811
8251 589458.125877 4520973.176891 0 0.0010392
8252 587284.557916 4515126.324146 0 0.0000158
8253 583788.337685 4506938.517726 0 0.0023325
8254 586159.151959 4510597.502351 0 0.0007447
8255 586482.219350 4513062.792426 0 0.0006255
8256 590189.036199 4523840.499999 0 0.0008021
8257 585132.277280 4508451.401157 0 0.0009276
8258 587105.239207 4513724.327303 0 0.0007617
8259 586254.424909 4510769.322706 0 0.0008847
8260 586729.451189 4517230.634327 0 0.0009257
8261 584731.219366 4508544.195232 0 0.0009414
8262 585366.707819 4508659.161543 0 0.0008998
8263 584618.606978 4511357.673576 0 0.0014572
8264 584144.497997 4509185.705283 0 0.0009377
8265 584478.920116 4508648.051401 0 0.0013374
8266 588543.746371 4516884.546740 0 0.0012763
8267 583967.946046 4509308.457962 0 0.0009219
8268 583730.045038 4509870.168884 0 0.0010221
8269 586328.964284 4510909.822109 0 0.0015108
8270 584873.115951 4507718.695385 0 0.0015228
8271 583483.748092 4507595.841572 0 0.0018078
8272 584719.784380 4512143.858380 0 0.0005234
8273 587135.400886 4517640.295748 0 0.0009345
8274 586085.857316 4511654.037716 0 0.0006652
8275 585163.091416 4510112.538300 0 0.0015890
8276 585585.544442 4510672.972072 0 0.0008714
8277 588887.454203 4516047.413300 0 0.0004628
8278 585322.085469 4510091.803041 0 0.0005599
8279 585373.905532 4509141.314447 0 0.0012189
8280 584759.839997 4507975.037256 0 0.0009944
8281 583517.231607 4506274.823569 0 0.0004609
8282 589685.458552 4522077.307336 0 0.0016376
8283 588325.122245 4514372.652471 0 0.0010007
8284 584200.613063 4511178.482174 0 0.0006583
8285 586629.663646 4511382.627460 0 0.0008960
8286 586786.248225 4516016.657518 0 0.0006318
8287 586659.925920 4515740.231003 0 0.0005442
8288 587957.171120 4512994.219587 0 0.0007888
8289 586546.503531 4511916.559195 0 0.0011388
8290 587783.681847 4517105.677443 0 0.0008387
8291 588671.839118 4516631.326493 0 0.0009288
8292 586656.182536 4508542.883282 0 0.0022013
8293 585766.113771 4510586.558670 0 0.0007624
8294 585727.725910 4508863.275781 0 0.0004553
8295 584550.207565 4507332.221914 0 0.0007970
8296 585893.969348 4507171.317045 0 0.0010751
8297 586563.650541 4512558.141679 0 0.0001450
8298 585486.979185 4508386.206819 0 0.0007516
8299 584929.717308 4512532.558691 0 0.0016552
8300 585200.577172 4507444.975836 0 0.0014396
8301 586431.049552 4511492.880986 0 0.0005700
8302 584745.840298 4508297.195437 0 0.0008342
8303 585850.126877 4507793.008226 0 0.0010140
8304 584676.893977 4509061.662497 0 0.0011098
8305 585752.134882 4508451.507316 0 0.0012138
8306 584136.469099 4507628.565094 0 0.0016079
8307 585334.542322 4507879.073176 0 0.0007996
8308 586362.118478 4516215.837141 0 0.0008298
8309 586267.469834 4508008.678152 0 0.0011155
8310 584202.306225 4508621.395810 0 0.0005744
8311 585615.404775 4513805.508731 0 0.0013059
8312 585886.101583 4509574.202525 0 0.0009459
8313 584826.826272 4507334.251152 0 0.0010455
8314 584854.532597 4509550.461250 0 0.0007724
8315 585168.622254 4509346.570061 0 0.0005732
8316 585581.078776 4507922.753508 0 0.0008229
8317 584215.098641 4508353.614552 0 0.0010171
8318 585212.459129 4508682.740680 0 0.0010871
8319 588539.494351 4514073.707616 0 0.0009913
8320 587793.467719 4513628.450482 0 0.0007611
8321 584319.937602 4508921.883113 0 0.0008683
8322 586032.948641 4510754.655652 0 0.0011401
8323 584441.845634 4512572.805163 0 0.0021212
8324 584114.114565 4511019.740720 0 0.0004427
8325 585951.304765 4510212.186527 0 0.0012170
8326 584666.427587 4509693.149516 0 0.0008601
8327 586537.181657 4511298.539758 0 0.0007207
8328 590162.129001 4522961.291076 0 0.0010398
8329 588437.186801 4517862.237999 0 0.0010354
8330 584139.463806 4510486.328295 0 0.0005372
8331 588068.665267 4514693.792074 0 0.0009244
8332 587787.650203 4514007.992563 0 0.0012050
8333 584311.078357 4509160.052459 0 0.0006741
8334 584213.282384 4510625.951387 0 0.0005789
8335 587602.210337 4513274.918784 0 0.0009257
8336 588437.769510 4517303.977596 0 0.0008910
8337 585431.742888 4510552.740654 0 0.0006331
8338 585060.262553 4509163.282006 0 0.0011804
8339 585896.082702 4510828.236821 0 0.0008506
8340 585006.784696 4510325.235814 0 0.0010612
8341 584773.865462 4509030.253794 0 0.0009339
8342 584503.630479 4511164.554752 0 0.0011331
8343 584381.633980 4511515.902716 0 0.0006369
8344 586357.472155 4508610.930991 0 0.0011186
8345 586275.610628 4511532.062967 0 0.0007586
8346 583996.967259 4509538.761423 0 0.0008740
8347 587417.671577 4513540.776585 0 0.0009162
8348 584960.134047 4513697.713743 0 0.0023274
8349 588577.853719 4514144.681407 0 0.0009553
8350 586225.258350 4513202.260809 0 0.0004294
8351 588145.500511 4513343.451143 0 0.0010467
8352 585342.905318 4512720.120018 0 0.0007813
8353 589288.392793 4523175.819327 0 0.0006835
8354 586565.789776 4516288.539401 0 0.0011375
8355 588609.561291 4515141.544200 0 0.0007327
8356 585734.668989 4515071.161801 0 0.0010020
8357 586373.450967 4515655.834675 0 0.0010190
8358 586234.352649 4515689.046934 0 0.0010404
8359 585336.879604 4513865.594370 0 0.0017372
8360 587654.278252 4512432.119368 0 0.0006741
8361 588391.297897 4513499.014578 0 0.0010808
8362 586848.226799 4511711.944127 0 0.0009572
8363 584833.813048 4512353.292722 0 0.0006558
8364 587884.093884 4514842.467086 0 0.0006905
8365 585280.059128 4514672.405080 0 0.0008841
8366 585398.832845 4512824.836311 0 0.0008323
8367 585403.130653 4513409.602255 0 0.0008525
8368 590002.272974 4523259.319218 0 0.0011016
8369 587377.123389 4514228.829006 0 0.0005707
8370 587364.279434 4513222.990112 0 0.0005454
8371 580790.316310 4505052.660559 0 0.0000013
8372 587611.337149 4513681.357675 0 0.0005202
8373 585720.665950 4511649.401152 0 0.0010051
8374 587417.338734 4512462.352453 0 0.0008923
8375 588917.304835 4515712.682692 0 0.0011331
8376 588127.112912 4519110.708802 0 0.0008752
8377 589859.676356 4522667.136221 0 0.0011048
8378 587916.154987 4517600.512919 0 0.0004055
8379 587610.070442 4516784.907104 0 0.0009257
8380 588048.707780 4519829.414211 0 0.0015045
8381 589610.755468 4520171.458155 0 0.0008494
8382 589647.643533 4520020.595274 0 0.0009692
8383 589259.662420 4522307.870556 0 0.0007529
8384 587505.363903 4518747.861710 0 0.0010701
8385 583426.870840 4507106.639780 0 0.0013034
8386 589495.482413 4521843.787338 0 0.0008891
8387 588712.941180 4520636.589101 0 0.0011974
8388 589709.972343 4521833.974023 0 0.0011508
8389 588774.394218 4520239.520291 0 0.0013280
8390 589901.055166 4522329.622747 0 0.0010606
8391 589782.566820 4522257.109783 0 0.0009963
8392 589364.255888 4522015.662565 0 0.0012971
8393 589220.516890 4522101.503848 0 0.0010701
8394 590066.423983 4522783.688175 0 0.0012145
8395 584507.913805 4510593.987602 0 0.0005820
8396 590212.030968 4523308.416247 0 0.0009881
8397 590301.767307 4522683.128777 0 0.0013702
8398 589871.157233 4523264.056346 0 0.0005801
8399 589346.043305 4522697.797246 0 0.0006344
8400 589695.192414 4523318.923552 0 0.0004799
8401 589964.390262 4524165.492712 0 0.0004446
8402 589953.180666 4522573.801159 0 0.0006697
8403 590549.942953 4524323.297991 0 0.0010322
8404 590750.994594 4524355.602999 0 0.0012870
8405 590383.782542 4523969.422339 0 0.0011457
8406 590313.662717 4523242.370374 0 0.0012138
8407 589310.143908 4518305.326287 0 0.0008803
8408 588692.244258 4520989.846238 0 0.0011565
8409 585044.353535 4508884.059961 0 0.0004509
8410 588397.515203 4515949.899581 0 0.0016798
8411 591021.397031 4524552.701421 0 0.0012056
8412 590614.168247 4525171.766467 0 0.0001015
8413 591008.793974 4524207.427151 0 0.0009143
8414 591027.195414 4524802.498569 0 0.0006003
8415 584034.181164 4509022.905376 0 0.0005429
8416 583953.907416 4508714.455291 0 0.0004616
8417 585773.730449 4509413.953077 0 0.0008822
8418 585966.043889 4509765.641349 0 0.0009326
8419 585790.857983 4509687.564336 0 0.0000013
8420 585418.158526 4508103.176326 0 0.0009414
8421 585132.379220 4507957.337782 0 0.0009559
8422 585170.681286 4508059.551153 0 0.0009761
8423 584594.710578 4509549.148211 0 0.0005278
8424 585821.424117 4509970.807052 0 0.0004357
8425 586054.648530 4509930.745003 0 0.0008689
8426 586297.354324 4510612.562944 0 0.0010877
8427 584352.297454 4509610.571260 0 0.0007516
8428 584087.674193 4509865.128410 0 0.0004679
8429 584237.986906 4509821.348034 0 0.0007069
8430 585690.672618 4510938.944344 0 0.0011464
8431 583879.294467 4509772.514164 0 0.0005505
8432 583931.801751 4510215.919465 0 0.0006829
8433 587441.568636 4511994.559760 0 0.0005650
8434 587758.442112 4512285.458827 0 0.0007352
8435 589199.967729 4514817.381447 0 0.0005921
8436 586102.375345 4514130.090458 0 0.0008494
8437 589385.051101 4515554.569859 0 0.0011495
8438 585881.905114 4514985.449837 0 0.0009086
8439 586215.566363 4515372.417986 0 0.0008733
8440 586135.587101 4515225.749303 0 0.0007479
8441 589285.258845 4515926.392172 0 0.0010726
8442 589089.158361 4516587.439630 0 0.0008563
8443 588945.477738 4516482.121266 0 0.0009976
8444 588848.264932 4516302.211502 0 0.0004073
8445 588984.922007 4516228.335600 0 0.0006312
8446 589082.546494 4516409.295715 0 0.0005782
8447 583975.761967 4509791.324910 0 0.0005480
8448 585871.613831 4511112.737005 0 0.0008399
8449 583600.270926 4509697.368834 0 0.0010499
8450 584216.893891 4510037.440835 0 0.0006016
8451 586462.257565 4511071.774479 0 0.0004401
8452 586381.630473 4511046.483353 0 0.0008588
8453 586601.224049 4510948.884036 0 0.0003569
8454 586677.288653 4511089.379355 0 0.0010921
8455 586733.127076 4511192.771223 0 0.0011344
8456 583659.319279 4510356.893628 0 0.0006041
8457 583673.120606 4510048.529791 0 0.0007535
8458 586262.322107 4511179.369669 0 0.0004477
8459 586318.033527 4511283.018147 0 0.0008519
8460 584400.538631 4510394.573079 0 0.0009578
8461 584360.318330 4510320.542322 0 0.0005877
8462 585919.845002 4511364.229327 0 0.0007100
8463 586796.924838 4510861.697493 0 0.0007951
8464 587517.445857 4512135.762170 0 0.0009736
8465 587509.540147 4512051.660612 0 0.0006066
8466 587370.898034 4511854.115396 0 0.0008809
8467 584614.486989 4510792.189865 0 0.0007081
8468 584578.157716 4510724.950619 0 0.0005751
8469 586781.658187 4511344.607455 0 0.0007510
8470 586769.299119 4511262.256622 0 0.0005215
8471 586925.605450 4511550.323495 0 0.0006016
8472 586880.436675 4511290.446102 0 0.0004874
8473 584373.346147 4510922.262805 0 0.0007510
8474 587115.038956 4511898.762404 0 0.0008834
8475 586841.458017 4511865.435702 0 0.0007983
8476 585842.696821 4514225.002992 0 0.0008727
8477 586196.651706 4514304.405180 0 0.0005997
8478 586158.798451 4514234.480299 0 0.0007352
8479 588729.477223 4514895.851256 0 0.0008223
8480 588691.650708 4514825.918227 0 0.0008670
8481 588533.601223 4515001.624866 0 0.0006634
8482 588495.690900 4514931.816245 0 0.0007270
8483 588647.279475 4515211.846047 0 0.0009320
8484 585317.280579 4514540.588611 0 0.0008557
8485 585531.427208 4514678.612921 0 0.0004799
8486 585484.395853 4514572.727392 0 0.0007012
8487 585428.679791 4514448.763316 0 0.0004105
8488 585657.912191 4514460.252748 0 0.0025645
8489 588881.013459 4515176.234028 0 0.0005442
8490 588678.997051 4515300.425255 0 0.0004918
8491 588742.208540 4515345.196036 0 0.0017158
8492 586113.636904 4514727.505137 0 0.0007542
8493 586074.119919 4514653.726371 0 0.0007308
8494 586030.883913 4514576.826433 0 0.0008733
8495 585994.396935 4514502.437568 0 0.0009515
8496 588572.021039 4515628.395521 0 0.0006999
8497 585872.226051 4514857.496344 0 0.0008033
8498 585832.887587 4514783.962464 0 0.0007378
8499 585791.450976 4514707.770725 0 0.0006110
8500 585750.976797 4514634.345960 0 0.0008979
8501 588298.991562 4515775.096711 0 0.0009459
8502 586392.927488 4514668.081506 0 0.0006236
8503 586151.858155 4514798.184743 0 0.0007718
8504 586190.205080 4514869.116428 0 0.0006873
8505 589670.595656 4516181.927557 0 0.0010095
8506 589520.238151 4515889.858796 0 0.0009250
8507 589426.609214 4515706.400105 0 0.0017675
8508 589011.824858 4515887.943988 0 0.0007617
8509 583149.479175 4506207.903413 0 0.0000069
8510 584454.978760 4510495.790127 0 0.0010209
8511 586899.212360 4511969.424118 0 0.0003670
8512 584750.371081 4511044.675884 0 0.0012838
8513 587836.320813 4513239.885731 0 0.0011079
8514 585190.235390 4512437.647717 0 0.0009566
8515 585568.727113 4513139.412061 0 0.0009534
8516 585785.869189 4513574.561902 0 0.0004736
8517 586247.422423 4514975.378715 0 0.0006999
8518 588676.959866 4515980.958974 0 0.0010095
8519 588750.869178 4516121.290951 0 0.0005133
8520 586482.357039 4515411.513525 0 0.0009749
8521 586716.749574 4515845.602812 0 0.0012498
8522 589213.197883 4516979.153453 0 0.0007731
8523 589292.316082 4517125.519763 0 0.0006407
8524 588938.892899 4517126.076607 0 0.0007724
8525 589443.987349 4517406.647528 0 0.0011098
8526 588860.098070 4517525.235323 0 0.0006924
8527 589903.266118 4522191.887318 0 0.0011502
8528 590282.924727 4522896.391293 0 0.0009673
8529 588563.284957 4517097.278056 0 0.0011293
8530 587214.343608 4516769.492343 0 0.0018123
8531 590099.161670 4517026.838005 0 0.0011760
8532 590219.279948 4516918.459887 0 0.0008532
8533 587192.959313 4517292.721663 0 0.0008059
8534 587167.898295 4517213.022553 0 0.0009068
8535 587413.770809 4517716.587928 0 0.0011098
8536 587375.951677 4517646.310605 0 0.0010808
8537 587338.279059 4517576.312473 0 0.0009616
8538 587299.521955 4517504.888673 0 0.0010102
8539 589242.154556 4520694.788397 0 0.0008708
8540 589706.983537 4523061.775057 0 0.0009679
8541 588815.527736 4520853.538299 0 0.0009742
8542 589317.782790 4522987.398993 0 0.0011111
8543 588426.128526 4520304.437726 0 0.0013500
8544 589514.714595 4521589.120590 0 0.0008059
8545 589607.890756 4519012.000565 0 0.0009963
8546 589574.547422 4522137.192415 0 0.0010335
8547 589635.715150 4521695.856597 0 0.0012826
8548 590882.794896 4524486.904572 0 0.0012164
8549 591171.583842 4524946.653644 0 0.0008544
8550 584218.656865 4511216.287203 0 0.0006810
8551 589267.330911 4519420.136785 0 0.0011874
8552 588903.415989 4515445.632843 0 0.0014490
8553 588388.503421 4519652.906095 0 0.0011874
8554 588771.295661 4518501.135632 0 0.0010694
8555 589757.586753 4519102.432808 0 0.0008960
8556 589586.546171 4519434.825058 0 0.0007138
8557 588409.568396 4517739.288983 0 0.0003683
8558 588043.415218 4517152.056814 0 0.0013538
8559 588182.308225 4519645.090305 0 0.0016401
8560 588196.344395 4517434.136064 0 0.0012605
8561 588435.359412 4520053.083327 0 0.0007018
8562 589127.235567 4518583.089700 0 0.0009181
8563 588866.223165 4518676.737038 0 0.0010272
8564 588381.384981 4514718.015507 0 0.0010367
8565 589452.038848 4519185.657713 0 0.0008443
8566 589364.785328 4518410.040800 0 0.0004981
8567 588207.319021 4518368.214867 0 0.0009042
8568 587702.319022 4518251.397037 0 0.0011861
8569 587896.846633 4517322.117650 0 0.0013179
8570 586128.109761 4516108.105564 0 0.0012529
8571 586490.256187 4516148.355687 0 0.0005196
8572 588842.463806 4516946.518410 0 0.0013084
8573 590697.621707 4524461.702944 0 0.0006205
8574 589259.942944 4521154.461271 0 0.0016199
8575 589152.441523 4521418.047474 0 0.0014490
8576 587817.921401 4518008.087594 0 0.0010997
8577 590277.648194 4523598.130110 0 0.0020985
8578 590036.464455 4523483.060052 0 0.0004754
8579 591982.408892 4525404.001030 0 0.0020121
8580 585330.973029 4508371.857325 0 0.0005814
8581 586289.856331 4512705.328673 0 0.0006091
8582 587747.540768 4514261.503737 0 0.0004647
8583 588262.417711 4514029.408159 0 0.0010530
8584 588635.307867 4514251.212180 0 0.0015266
8585 587922.172778 4515240.502874 0 0.0005227
8586 587613.725136 4512356.830845 0 0.0008576
8587 587497.714437 4512610.185859 0 0.0004925
8588 588320.483802 4517730.319381 0 0.0007951
8589 586265.099122 4513277.600731 0 0.0006816
8590 589751.546515 4517014.431949 0 0.0004818
8591 589082.921330 4517171.596104 0 0.0017687
8592 589116.329721 4516798.889690 0 0.0011981
8593 587283.649113 4517970.577670 0 0.0010707
8594 587090.574042 4513371.113540 0 0.0006192
8595 584336.990064 4510854.810733 0 0.0004162
8596 588606.858207 4515765.331152 0 0.0009105
8597 588309.852449 4515303.167427 0 0.0010020
8598 588351.704995 4515054.579608 0 0.0011186
8599 585847.969887 4515532.903638 0 0.0006791
8600 587507.839470 4516884.077370 0 0.0007359
8601 589788.095373 4516857.881545 0 0.0005839
8602 588013.785524 4517532.589643 0 0.0007088
8603 586354.639693 4514597.377509 0 0.0007403
8604 589295.851679 4521323.257266 0 0.0013753
8605 586337.295816 4515866.052807 0 0.0008103
8606 586457.276198 4515799.922934 0 0.0008260
8607 586686.619320 4516223.379479 0 0.0009982
8608 586611.256216 4516083.195550 0 0.0009389
8609 586642.947030 4516431.245151 0 0.0008349
8610 586763.664450 4516366.113857 0 0.0007668
8611 586798.635963 4516720.534714 0 0.0010467
8612 586995.615526 4516796.304073 0 0.0009332
8613 586919.852819 4516656.107988 0 0.0007687
8614 586948.073065 4517000.995562 0 0.0010240
8615 587132.430710 4517093.447709 0 0.0009654
8616 587069.947746 4516937.759902 0 0.0007668
8617 587242.851199 4517399.328915 0 0.0016937
8618 589102.889665 4517589.966479 0 0.0000013
8619 584889.699297 4507080.512034 0 0.0010827
8620 586228.357769 4507799.585397 0 0.0010058
8621 586483.977373 4507868.666394 0 0.0020071
8622 585686.962779 4507614.483971 0 0.0009540
8623 584304.085583 4506785.757962 0 0.0006640
8624 585256.369641 4507775.471822 0 0.0009269
8625 585191.297353 4507630.604235 0 0.0010423
8626 586429.588233 4508230.647308 0 0.0010398
8627 586404.641972 4508148.461033 0 0.0005019
8628 584653.427097 4510863.843306 0 0.0005499
8629 584249.006977 4511269.859087 0 0.0005625
8630 584286.827420 4511339.246519 0 0.0011451
8631 584170.930614 4511124.220251 0 0.0004975
8632 584579.192119 4511332.501071 0 0.0003828
8633 584676.199317 4511486.926649 0 0.0008172
8634 587151.886654 4511969.482750 0 0.0005839
8635 587302.964883 4512249.727791 0 0.0007182
8636 587246.046103 4512145.393346 0 0.0009976
8637 587189.744849 4512039.808463 0 0.0005240
8638 587693.129880 4512505.137361 0 0.0006974
8639 587574.149935 4512283.998653 0 0.0007264
8640 587536.097424 4512214.520513 0 0.0009446
8641 587378.256571 4512389.548453 0 0.0005051
8642 587340.099381 4512319.544787 0 0.0006943
8643 587281.280924 4512678.149493 0 0.0009982
8644 587183.872926 4512498.134153 0 0.0012788
8645 587376.781190 4512855.770081 0 0.0009635
8646 587685.543210 4512960.115409 0 0.0007138
8647 587647.819147 4512890.372326 0 0.0004584
8648 587572.742016 4512750.540671 0 0.0009200
8649 587919.327202 4512924.273159 0 0.0006306
8650 587760.886197 4513100.040869 0 0.0005341
8651 587722.945812 4513030.215617 0 0.0008777
8652 587565.629949 4513204.646112 0 0.0002516
8653 587527.662998 4513135.427906 0 0.0004874
8654 585285.750328 4512615.431236 0 0.0007939
8655 588185.057657 4513416.560499 0 0.0011300
8656 586425.317859 4515304.184382 0 0.0005530
8657 586385.940009 4515234.165858 0 0.0006716
8658 586742.802502 4515317.102581 0 0.0006785
8659 586704.432003 4515246.332133 0 0.0007895
8660 589363.400654 4516071.211593 0 0.0013532
8661 589421.913600 4516178.474575 0 0.0008614
8662 586077.446162 4515768.101972 0 0.0006022
8663 585948.122605 4515811.755484 0 0.0007649
8664 586938.662574 4515680.736288 0 0.0005272
8665 586900.840757 4515610.383506 0 0.0006602
8666 586861.451113 4515537.492626 0 0.0009263
8667 586191.728591 4515992.847358 0 0.0009395
8668 586152.339196 4515919.945062 0 0.0010751
8669 586801.455348 4515935.759003 0 0.0008752
8670 587062.295709 4515869.251403 0 0.0007611
8671 586987.846277 4515835.403306 0 0.0005675
8672 587127.922956 4516031.480570 0 0.0006407
8673 587089.842410 4515961.060016 0 0.0008828
8674 586256.590829 4516382.860504 0 0.0007945
8675 586419.270864 4516323.391526 0 0.0006413
8676 589398.725488 4516605.635959 0 0.0006337
8677 587005.651603 4516379.615439 0 0.0011508
8678 587166.119328 4516101.413069 0 0.0007176
8679 587204.983837 4516173.953550 0 0.0009553
8680 587245.985185 4516250.782817 0 0.0010341
8681 586517.558774 4516544.198504 0 0.0003853
8682 586472.014042 4516476.835623 0 0.0006608
8683 587082.829326 4516525.232687 0 0.0011867
8684 587283.201696 4516319.266631 0 0.0007188
8685 587822.899370 4518467.825648 0 0.0010808
8686 588206.447327 4518636.352950 0 0.0005486
8687 588372.026135 4518636.512065 0 0.0011943
8688 587240.944276 4517900.006027 0 0.0006526
8689 587881.836830 4518149.176838 0 0.0009994
8690 589610.976128 4518372.009193 0 0.0009793
8691 589758.294890 4518301.285786 0 0.0012088
8692 587738.333874 4518881.411057 0 0.0008387
8693 587825.957451 4518692.328552 0 0.0007718
8694 587917.738508 4518598.297901 0 0.0011565
8695 587762.783705 4518357.472977 0 0.0004887
8696 589423.741381 4518515.194729 0 0.0009831
8697 588308.134906 4518973.801400 0 0.0009049
8698 588035.634773 4518819.702732 0 0.0003500
8699 588297.462696 4519356.851879 0 0.0015607
8700 588698.021238 4518362.843461 0 0.0014509
8701 588561.885608 4519845.540207 0 0.0009831
8702 589414.716021 4519116.114884 0 0.0008532
8703 589157.778908 4519898.425288 0 0.0012056
8704 589343.160213 4520247.271063 0 0.0013816
8705 589796.573546 4519888.337303 0 0.0002396
8706 589785.930288 4519535.953063 0 0.0019800
8707 588653.882592 4520488.206723 0 0.0013412
8708 584621.905145 4503853.946758 0 0.0002835
8709 584559.166452 4503675.682187 0 0.0002603
8710 584505.351866 4503250.369999 0 0.0002236
8711 584494.955055 4503462.694084 0 0.0004919
8712 584526.588114 4503584.792593 0 0.0002535
8713 584590.903228 4503766.949237 0 0.0002719
8714 582138.837923 4498450.788151 0 0.0006061
8715 583778.211408 4496660.938221 0 0.0003214
8716 583606.105480 4496439.007022 0 0.0003070
8717 586139.864081 4502150.018592 0 0.0003382
8718 586056.614701 4502016.068257 0 0.0004212
8719 585855.781525 4502140.194511 0 0.0004052
8720 585938.980760 4502274.303043 0 0.0002639
8721 586306.894991 4502420.330694 0 0.0002687
8722 586223.259039 4502284.782300 0 0.0003354
8723 586022.584180 4502409.042055 0 0.0003078
8724 586106.189016 4502544.581965 0 0.0003022
8725 586393.963767 4502785.262548 0 0.0002603
8726 585136.943098 4498804.241695 0 0.0005110
8727 584776.017410 4498903.834156 0 0.0004923
8728 584899.825518 4498986.784020 0 0.0005358
8729 588389.930149 4503500.044808 0 0.0006508
8730 588351.216608 4503279.718507 0 0.0004883
8731 588361.012292 4503135.483146 0 0.0003018
8732 585306.683092 4499024.272711 0 0.0006001
8733 585075.728244 4499002.240657 0 0.0005178
8734 585088.557643 4499189.876232 0 0.0007558
8735 585428.170069 4499180.901486 0 0.0005761
8736 585525.100671 4499306.587140 0 0.0004727
8737 585358.912730 4499480.569067 0 0.0006260
8738 585224.980698 4499336.613810 0 0.0005154
8739 585788.630181 4499450.331119 0 0.0005039
8740 585521.093870 4499653.125143 0 0.0005007
8741 587893.194944 4503877.150779 0 0.0003022
8742 588194.569724 4503812.657474 0 0.0003402
8743 588049.494974 4504018.337877 0 0.0003761
8744 588330.927380 4504002.043066 0 0.0003605
8745 586046.859340 4499203.732429 0 0.0002659
8746 586156.104195 4499413.599744 0 0.0005530
8747 586198.902366 4499042.209118 0 0.0005011
8748 588077.147804 4504232.858364 0 0.0004867
8749 588249.660621 4504469.278408 0 0.0002340
8750 588282.964673 4504266.409755 0 0.0003733
8751 586064.742808 4498838.642799 0 0.0006963
8752 585901.205064 4499015.459795 0 0.0004224
8753 585707.180708 4499282.493887 0 0.0006839
8754 587802.790808 4504187.912609 0 0.0002695
8755 587832.705559 4504380.412795 0 0.0005003
8756 587769.502423 4504641.216492 0 0.0004380
8757 585919.325838 4498650.519722 0 0.0004715
8758 585636.006672 4498802.692691 0 0.0005358
8759 585803.859140 4498889.970987 0 0.0004396
8760 585071.856587 4503774.069044 0 0.0003250
8761 583395.353042 4499766.446914 0 0.0006348
8762 583192.066999 4499760.469088 0 0.0007043
8763 583340.015132 4499594.457833 0 0.0004224
8764 585095.014495 4503449.189676 0 0.0003517
8765 584759.138010 4503214.773110 0 0.0004835
8766 585185.358827 4503562.127386 0 0.0003689
8767 584809.548194 4503640.571354 0 0.0003533
8768 583581.388741 4500059.503261 0 0.0005562
8769 583410.340442 4500040.949640 0 0.0004651
8770 583582.825382 4499907.850108 0 0.0005466
8771 583433.584901 4499872.903901 0 0.0004555
8772 583786.191923 4500265.855097 0 0.0006887
8773 583728.528519 4500096.252085 0 0.0006109
8774 583583.495107 4500257.413298 0 0.0003649
8775 584019.874353 4500472.462585 0 0.0005921
8776 583828.699260 4500570.777909 0 0.0004344
8777 583869.318195 4500374.545048 0 0.0006268
8778 584099.538302 4500642.062261 0 0.0004983
8779 584311.332956 4500848.637423 0 0.0004356
8780 584097.361259 4500922.676046 0 0.0003833
8781 583784.015193 4503342.338903 0 0.0010400
8782 584402.279322 4500469.375200 0 0.0008029
8783 584684.524747 4500157.376251 0 0.0006296
8784 584607.048944 4499867.279604 0 0.0008201
8785 584655.456292 4499930.223129 0 0.0006775
8786 584558.862384 4499804.355517 0 0.0006536
8787 584555.475078 4499606.382373 0 0.0007518
8788 584349.220229 4499598.779511 0 0.0009322
8789 584391.783942 4499783.322100 0 0.0006336
8790 583918.997968 4499949.002204 0 0.0005210
8791 584015.618092 4500074.219208 0 0.0006328
8792 584106.816200 4499803.403566 0 0.0006935
8793 586092.557771 4503154.662987 0 0.0003230
8794 586030.539860 4503103.390893 0 0.0003234
8795 583035.524997 4498096.121850 0 0.0005158
8796 582566.083363 4498197.218749 0 0.0005282
8797 586071.632200 4502938.280516 0 0.0004076
8798 585885.137817 4502867.382129 0 0.0005226
8799 585867.872846 4503064.172557 0 0.0005054
8800 582658.175360 4497678.444772 0 0.0003933
8801 582832.581090 4497750.346275 0 0.0003937
8802 582503.665054 4497996.266081 0 0.0004272
8803 582454.852257 4497833.509399 0 0.0003537
8804 585718.260569 4502597.532226 0 0.0005310
8805 585781.370745 4502698.881823 0 0.0003613
8806 585822.181525 4502766.709991 0 0.0003282
8807 582306.402385 4497348.091414 0 0.0003042
8808 582358.124328 4497509.320377 0 0.0003697
8809 582507.498077 4497593.672926 0 0.0005909
8810 585492.884609 4502457.885316 0 0.0003322
8811 585696.591965 4502331.874925 0 0.0003210
8812 585530.638665 4502294.805998 0 0.0004444
8813 585655.513533 4502496.329904 0 0.0002923
8814 582846.269761 4497028.931924 0 0.0003681
8815 583016.564070 4497251.361945 0 0.0003609
8816 585346.839664 4502222.207214 0 0.0003713
8817 585550.397995 4502096.329529 0 0.0004911
8818 585371.518027 4502002.458436 0 0.0003422
8819 582769.152629 4497328.662640 0 0.0004272
8820 582492.393986 4497207.183349 0 0.0003829
8821 582560.769031 4497352.970428 0 0.0004767
8822 585163.880253 4502005.245074 0 0.0005194
8823 585183.159045 4501854.445705 0 0.0004204
8824 585076.416256 4501811.128513 0 0.0004523
8825 584893.822611 4501601.640230 0 0.0004871
8826 584945.616047 4501776.966318 0 0.0003561
8827 585132.647513 4501517.355759 0 0.0004699
8828 585059.969170 4498042.638348 0 0.0006823
8829 588382.195986 4505199.808868 0 0.0005270
8830 588428.612039 4504915.210170 0 0.0003629
8831 585302.105109 4497599.791738 0 0.0005214
8832 585042.024903 4497852.446347 0 0.0006699
8833 588455.345471 4504753.098206 0 0.0004907
8834 588481.637281 4504590.767062 0 0.0005278
8835 588508.191142 4504428.295375 0 0.0004931
8836 585937.734596 4497077.114636 0 0.0003477
8837 585586.987322 4497398.420671 0 0.0004747
8838 585775.343449 4497253.413314 0 0.0004703
8839 588534.885692 4504265.832845 0 0.0003845
8840 588561.090329 4504103.348993 0 0.0006176
8841 588581.412411 4503981.600438 0 0.0002627
8842 588614.427649 4503881.537196 0 0.0003106
8843 586052.031775 4496834.661151 0 0.0004412
8844 586150.077773 4496963.073760 0 0.0004500
8845 586337.679615 4496816.282439 0 0.0004088
8846 589001.177531 4503693.234639 0 0.0005246
8847 585325.629727 4497315.459407 0 0.0005613
8848 585567.381228 4497083.365300 0 0.0005158
8849 588827.490650 4504313.521627 0 0.0003909
8850 588853.987880 4504151.284553 0 0.0004967
8851 588880.462437 4503989.116889 0 0.0004420
8852 588915.876037 4503855.722900 0 0.0001968
8853 584972.853070 4497539.293616 0 0.0003298
8854 584846.654258 4497310.537509 0 0.0003577
8855 588747.932677 4504800.785325 0 0.0004460
8856 588774.138423 4504638.503079 0 0.0005969
8857 588800.664890 4504476.017059 0 0.0004807
8858 585505.311056 4496899.499153 0 0.0003034
8859 585238.363982 4497159.599933 0 0.0005502
8860 585259.247861 4496970.507062 0 0.0005801
8861 585054.107182 4497124.640196 0 0.0004771
8862 588681.393651 4505206.841599 0 0.0004364
8863 585487.244733 4494932.522975 0 0.0003889
8864 590615.740339 4503601.670640 0 0.0004196
8865 590945.046990 4503565.801589 0 0.0006101
8866 585370.675067 4494716.622149 0 0.0007366
8867 591352.654039 4503552.738181 0 0.0003657
8868 591694.572714 4503528.376689 0 0.0002731
8869 591928.469147 4503514.376680 0 0.0004591
8870 585434.681778 4494345.460057 0 0.0006077
8871 585217.807784 4494517.031945 0 0.0005450
8872 591443.522974 4503257.569949 0 0.0007446
8873 591677.917980 4503240.490437 0 0.0006915
8874 585068.416086 4493900.873405 0 0.0005917
8875 585063.767957 4494300.066883 0 0.0006272
8876 585792.950471 4493867.882603 0 0.0008005
8877 590983.212805 4503286.063082 0 0.0004691
8878 590696.347296 4503301.539222 0 0.0007123
8879 586359.245144 4493362.357253 0 0.0007781
8880 590193.184338 4503256.208479 0 0.0002831
8881 590162.150868 4503418.902443 0 0.0004172
8882 589806.711168 4503396.001136 0 0.0003521
8883 589574.071462 4503460.721618 0 0.0003378
8884 589565.071587 4503277.307060 0 0.0004412
8885 589107.372876 4503490.781825 0 0.0003737
8886 589096.328871 4503305.621400 0 0.0006588
8887 589341.436182 4503476.401860 0 0.0004272
8888 589330.693126 4503291.473739 0 0.0003961
8889 585503.792554 4493705.140655 0 0.0003733
8890 588625.950512 4503521.681738 0 0.0005166
8891 588626.528269 4503333.920012 0 0.0004983
8892 588873.157982 4503504.845502 0 0.0005066
8893 588861.897330 4503319.351702 0 0.0005446
8894 584624.235733 4495751.511514 0 0.0006907
8895 589600.167414 4504981.680265 0 0.0003689
8896 589614.039355 4504900.641843 0 0.0003469
8897 589627.289254 4504819.519210 0 0.0004232
8898 589640.175344 4504738.290399 0 0.0003278
8899 583984.682590 4494881.966473 0 0.0002695
8900 589673.427428 4505285.333762 0 0.0007083
8901 589443.830349 4505164.539845 0 0.0004424
8902 589699.918485 4505122.967340 0 0.0005234
8903 584146.400708 4494757.199072 0 0.0005278
8904 589506.944369 4505550.348079 0 0.0005641
8905 589534.133323 4505387.704543 0 0.0005306
8906 589521.299634 4505468.983512 0 0.0005410
8907 584730.969394 4495518.361845 0 0.0005298
8908 584854.000535 4495677.143571 0 0.0004735
8909 584567.255843 4495308.457199 0 0.0005949
8910 589375.627873 4505930.645499 0 0.0001709
8911 590707.634653 4502461.603232 0 0.0010005
8912 590962.325225 4502428.225649 0 0.0003450
8913 590944.014839 4502607.614632 0 0.0008544
8914 590966.378452 4503001.681626 0 0.0005761
8915 590954.494949 4502803.562543 0 0.0004943
8916 587541.379639 4492169.843175 0 0.0003621
8917 587992.592713 4492265.565879 0 0.0007578
8918 587843.253098 4492234.491230 0 0.0008113
8919 591182.109053 4502693.785596 0 0.0003921
8920 591252.623364 4502554.352530 0 0.0004076
8921 591475.758685 4502725.347518 0 0.0002415
8922 587675.026848 4492440.737344 0 0.0005290
8923 587916.331201 4492515.282933 0 0.0007254
8924 587442.046455 4492366.517037 0 0.0004240
8925 591913.520717 4502956.692611 0 0.0002116
8926 591658.184490 4502911.588299 0 0.0006364
8927 587754.628127 4494289.888535 0 0.0006204
8928 590503.463075 4505385.048383 0 0.0005031
8929 590478.163180 4505602.654414 0 0.0004168
8930 587616.197123 4494770.960952 0 0.0002703
8931 587802.372511 4494802.676642 0 0.0003102
8932 587433.982767 4494622.118054 0 0.0003941
8933 590858.759858 4505131.830421 0 0.0005977
8934 590976.351498 4505249.794958 0 0.0004048
8935 590729.291192 4505362.166735 0 0.0003469
8936 587098.966135 4494550.833414 0 0.0004675
8937 587258.565195 4494594.561579 0 0.0003813
8938 591363.886100 4504765.231009 0 0.0003477
8939 591556.603213 4504625.217879 0 0.0004755
8940 591136.014064 4504930.832977 0 0.0005298
8941 586794.857653 4494363.289288 0 0.0006192
8942 586413.995561 4494333.975242 0 0.0004364
8943 591214.975442 4505097.021675 0 0.0004324
8944 591674.695741 4504788.211022 0 0.0005689
8945 591451.352171 4504947.219647 0 0.0005250
8946 584407.665932 4492637.001675 0 0.0002232
8947 584495.857756 4492458.961047 0 0.0009275
8948 589129.902425 4502063.847594 0 0.0003709
8949 589484.284361 4501987.836804 0 0.0007470
8950 589718.688260 4501991.911946 0 0.0006867
8951 589111.200504 4502234.146944 0 0.0005589
8952 589620.579885 4502236.960575 0 0.0004923
8953 589498.166896 4502144.866163 0 0.0005797
8954 589159.917690 4502410.950266 0 0.0003737
8955 589511.853123 4502389.307164 0 0.0004631
8956 589745.913509 4502374.511406 0 0.0004164
8957 583819.095449 4492123.030250 0 0.0003318
8958 584162.387185 4492274.417927 0 0.0003593
8959 590980.010147 4498717.922103 0 0.0003925
8960 590498.148977 4498149.313777 0 0.0003781
8961 590912.279282 4498204.122248 0 0.0008967
8962 590361.691547 4497640.397864 0 0.0003454
8963 590593.371915 4497914.183544 0 0.0004448
8964 590205.416680 4497872.131294 0 0.0004136
8965 589873.311145 4497856.168242 0 0.0004352
8966 589851.381052 4498088.833513 0 0.0003190
8967 590084.167996 4497427.549712 0 0.0003585
8968 589869.591628 4497600.036670 0 0.0004084
8969 590091.488396 4497661.614147 0 0.0005777
8970 589709.180431 4497343.350178 0 0.0003769
8971 589829.432644 4497244.237063 0 0.0003929
8972 589666.206095 4497534.089050 0 0.0005178
8973 589530.293273 4498059.184915 0 0.0007302
8974 589554.509661 4497803.017423 0 0.0006795
8975 589281.610144 4497923.226266 0 0.0007646
8976 589142.200755 4497829.595864 0 0.0005498
8977 589372.245997 4497501.513516 0 0.0005554
8978 589412.893217 4497237.345442 0 0.0004396
8979 589291.896738 4496918.805355 0 0.0003414
8980 589638.453365 4497012.716249 0 0.0004583
8981 588988.288942 4497305.782026 0 0.0003465
8982 589150.745500 4497331.287949 0 0.0004567
8983 588928.804854 4497703.504408 0 0.0005829
8984 588887.278194 4497968.301793 0 0.0006264
8985 588589.028871 4497785.923254 0 0.0004512
8986 588729.744268 4497400.933337 0 0.0003062
8987 588771.128688 4497136.071703 0 0.0002879
8988 588914.429388 4496736.886471 0 0.0003825
8989 589066.544321 4496782.840329 0 0.0004132
8990 592702.767971 4500686.446690 0 0.0003142
8991 594273.532565 4501391.009669 0 0.0008185
8992 594515.645202 4501758.861855 0 0.0007039
8993 595000.706244 4502680.885171 0 0.0005673
8994 595001.644019 4502506.129957 0 0.0006516
8995 594657.574966 4502306.016722 0 0.0008532
8996 594547.476655 4502461.530335 0 0.0004064
8997 593962.489007 4501916.240068 0 0.0004643
8998 594243.454866 4502064.489701 0 0.0008815
8999 593874.544810 4502213.622181 0 0.0005713
9000 594056.380793 4502270.372678 0 0.0004404
9001 594270.968887 4502353.866082 0 0.0003521
9002 593403.924532 4502116.124429 0 0.0004416
9003 593721.174078 4502181.677695 0 0.0005669
9004 593563.505490 4502149.000700 0 0.0005019
9005 593513.957472 4501749.977169 0 0.0005582
9006 593667.793116 4501804.201273 0 0.0005605
9007 593817.164657 4501860.950032 0 0.0004072
9008 593190.644691 4502159.734796 0 0.0002867
9009 589871.835225 4500913.182758 0 0.0003593
9010 589930.061041 4500722.444206 0 0.0005490
9011 589722.909004 4501738.355827 0 0.0005378
9012 589749.125221 4501446.583968 0 0.0007167
9013 589955.000331 4501759.568822 0 0.0003350
9014 589982.086709 4501469.525398 0 0.0003605
9015 590226.199207 4501492.138490 0 0.0002547
9016 590430.770154 4501511.103227 0 0.0003330
9017 590492.079608 4501294.297053 0 0.0006124
9018 590195.548957 4501824.506424 0 0.0003973
9019 590210.291086 4501660.348600 0 0.0002388
9020 590492.410158 4501693.788954 0 0.0005070
9021 590887.228184 4501511.718318 0 0.0005118
9022 590731.239611 4501691.009112 0 0.0005777
9023 586057.341514 4495057.749313 0 0.0004715
9024 586058.990631 4494790.476690 0 0.0003378
9025 586215.494185 4494814.961905 0 0.0004619
9026 592849.292824 4504294.259969 0 0.0000056
9027 586280.074636 4495001.849007 0 0.0006256
9028 586393.876936 4494974.768507 0 0.0004040
9029 586478.324922 4494988.374718 0 0.0003941
9030 592638.979427 4505045.234309 0 0.0005677
9031 592484.071825 4504956.816292 0 0.0004312
9032 592420.479962 4505136.757005 0 0.0004991
9033 586578.840547 4495048.832698 0 0.0003889
9034 586766.635347 4494906.425664 0 0.0003190
9035 592307.646366 4504579.866249 0 0.0004444
9036 592437.657379 4504736.300740 0 0.0004859
9037 592239.528413 4504755.837735 0 0.0003881
9038 586860.126737 4495329.280628 0 0.0005566
9039 586706.712814 4495315.651332 0 0.0006128
9040 592143.602964 4504826.073454 0 0.0004456
9041 591920.500250 4504946.233203 0 0.0005657
9042 592046.009966 4504938.829029 0 0.0005146
9043 587050.698733 4495205.452856 0 0.0002559
9044 587057.387258 4494941.465430 0 0.0002835
9045 587258.555079 4495112.778735 0 0.0003066
9046 587390.546029 4495164.180732 0 0.0003370
9047 591698.566694 4505023.462084 0 0.0006831
9048 591850.986417 4505165.082326 0 0.0006176
9049 591638.314624 4505232.873888 0 0.0003218
9050 587757.447305 4495198.065502 0 0.0005222
9051 587575.996776 4495027.986902 0 0.0004056
9052 591326.074450 4505387.377219 0 0.0004100
9053 591394.301743 4505346.554994 0 0.0004843
9054 591434.293400 4505201.302131 0 0.0002938
9055 591562.686746 4505375.382331 0 0.0002527
9056 587621.520720 4495584.169777 0 0.0004899
9057 586631.169128 4499722.583984 0 0.0002911
9058 586655.320892 4499519.080665 0 0.0006887
9059 589123.459014 4507353.232994 0 0.0003382
9060 589265.486914 4507372.444277 0 0.0003765
9061 589396.821356 4507370.918396 0 0.0003246
9062 586123.085812 4499712.490691 0 0.0005977
9063 586448.106898 4499797.513678 0 0.0006624
9064 585992.271971 4499578.199954 0 0.0005418
9065 589074.376778 4507711.145015 0 0.0004252
9066 589227.304002 4507718.036858 0 0.0003314
9067 589106.681604 4507997.109623 0 0.0002994
9068 586244.782669 4499996.857414 0 0.0005937
9069 585984.146302 4499882.002935 0 0.0006867
9070 585740.518827 4499774.898263 0 0.0004092
9071 588936.966093 4508446.157618 0 0.0003118
9072 588944.571885 4508236.861955 0 0.0003881
9073 586536.330513 4500031.273749 0 0.0006176
9074 586285.514299 4500258.725844 0 0.0003457
9075 586492.801593 4500321.134478 0 0.0004236
9076 588670.787632 4507720.309407 0 0.0003593
9077 588847.708281 4507628.245474 0 0.0004056
9078 588917.787180 4507828.921589 0 0.0003473
9079 586153.679878 4495465.916416 0 0.0004531
9080 586259.184669 4495521.812510 0 0.0005957
9081 586381.645697 4495457.042477 0 0.0006021
9082 590628.298983 4506449.710132 0 0.0005302
9083 590690.296487 4506399.551387 0 0.0006464
9084 590754.075851 4506352.605421 0 0.0005410
9085 590496.785214 4506458.715421 0 0.0003082
9086 585777.097406 4495578.864272 0 0.0005330
9087 585976.687270 4495395.793060 0 0.0005122
9088 586075.571690 4495453.668989 0 0.0004947
9089 590946.306100 4506212.827836 0 0.0006124
9090 588216.645309 4495758.964904 0 0.0003941
9091 588314.776720 4495844.513465 0 0.0005039
9092 588419.017841 4495820.322460 0 0.0004987
9093 587899.799331 4507906.816213 0 0.0002743
9094 588035.716302 4507852.086282 0 0.0003585
9095 587803.597875 4507659.302497 0 0.0004036
9096 587912.806291 4495871.510907 0 0.0004052
9097 588077.594276 4495725.638076 0 0.0007202
9098 587919.359000 4495603.373393 0 0.0005578
9099 587562.385199 4507980.025155 0 0.0007821
9100 588011.333732 4495246.914925 0 0.0005306
9101 587918.910336 4495180.112638 0 0.0003901
9102 588140.584560 4495248.207076 0 0.0005613
9103 587917.403482 4508449.629716 0 0.0004587
9104 587736.857407 4508253.426972 0 0.0002020
9105 588318.572418 4495303.251177 0 0.0005130
9106 588478.861203 4495256.635923 0 0.0004412
9107 588792.663220 4495282.228391 0 0.0005015
9108 588589.972181 4495318.373336 0 0.0005182
9109 588702.535710 4495471.634280 0 0.0003749
9110 588964.429283 4495376.773396 0 0.0003174
9111 589123.792259 4495402.140588 0 0.0003430
9112 588122.663780 4509628.986319 0 0.0005230
9113 588091.122959 4509988.215380 0 0.0004140
9114 588101.188285 4509786.075342 0 0.0004575
9115 589541.734186 4495587.027742 0 0.0003869
9116 589337.101932 4495825.846073 0 0.0002531
9117 589303.453806 4495565.865669 0 0.0003386
9118 587901.482764 4509292.451252 0 0.0003905
9119 588144.378880 4509471.879531 0 0.0004587
9120 589542.913118 4495335.823184 0 0.0005342
9121 589583.032802 4495078.402894 0 0.0004316
9122 589944.927472 4495121.169301 0 0.0003090
9123 587814.408106 4506502.734316 0 0.0003601
9124 587717.408106 4506628.757362 0 0.0002899
9125 587894.952102 4506691.081532 0 0.0005621
9126 587650.693106 4506754.787493 0 0.0005238
9127 587863.398006 4505941.193268 0 0.0009682
9128 587868.639998 4506167.838170 0 0.0004591
9129 588318.150312 4496793.896882 0 0.0006496
9130 588146.192386 4496857.840703 0 0.0005797
9131 588277.089182 4497058.640958 0 0.0005566
9132 587594.905769 4506178.962561 0 0.0001417
9133 587808.745307 4496234.858699 0 0.0006224
9134 587874.217334 4496437.706352 0 0.0004316
9135 587995.918706 4496262.601239 0 0.0007226
9136 586870.777575 4506110.739513 0 0.0000028
9137 588151.332143 4496480.958346 0 0.0003857
9138 588333.691849 4496364.006024 0 0.0004380
9139 588196.515027 4496192.064648 0 0.0005362
9140 587680.170585 4506339.754807 0 0.0009586
9141 587365.646940 4506383.450802 0 0.0002635
9142 587232.391637 4506602.809622 0 0.0004472
9143 587347.604248 4506673.890746 0 0.0008117
9144 587300.724110 4506838.587509 0 0.0004755
9145 587498.149160 4506890.350481 0 0.0005813
9146 589021.376036 4495793.095899 0 0.0003825
9147 588862.012144 4496130.111955 0 0.0004116
9148 587385.274229 4507089.689686 0 0.0008049
9149 588663.339282 4495993.962995 0 0.0003897
9150 588700.699951 4495742.807721 0 0.0003633
9151 589463.853818 4493486.225866 0 0.0004939
9152 595272.305907 4503756.741468 0 0.0004172
9153 588792.157551 4493464.539892 0 0.0004444
9154 588397.919806 4501622.211810 0 0.0004080
9155 588493.994231 4501523.243134 0 0.0005150
9156 588512.718000 4501388.744495 0 0.0006608
9157 588522.111040 4501181.515845 0 0.0004871
9158 588348.778208 4501275.896990 0 0.0005705
9159 588821.782390 4501693.740379 0 0.0005074
9160 588840.732583 4501490.964403 0 0.0004468
9161 588865.181020 4501230.244134 0 0.0003434
9162 589191.306745 4501765.993383 0 0.0007478
9163 589375.616705 4501701.335901 0 0.0006041
9164 589291.316831 4501572.520128 0 0.0004891
9165 589187.462296 4501394.433512 0 0.0004292
9166 589510.919426 4500842.564058 0 0.0005086
9167 589671.810899 4500856.922174 0 0.0005434
9168 589240.140226 4500933.718441 0 0.0004336
9169 589287.163517 4500667.325715 0 0.0006807
9170 588896.945205 4500893.926851 0 0.0009111
9171 589038.647130 4500685.077385 0 0.0004456
9172 588898.349134 4500660.530697 0 0.0004603
9173 588640.042273 4501002.276540 0 0.0007546
9174 588370.052629 4501048.597196 0 0.0004919
9175 588918.788155 4500210.080345 0 0.0004803
9176 589002.679614 4500356.601965 0 0.0005777
9177 588755.610074 4500446.872484 0 0.0003426
9178 588710.892608 4500243.747415 0 0.0004879
9179 588998.641252 4499803.032911 0 0.0004583
9180 588979.361263 4500003.257738 0 0.0005570
9181 588734.690057 4499984.009747 0 0.0004927
9182 588754.505845 4499780.385888 0 0.0006931
9183 588788.342595 4499277.885720 0 0.0004312
9184 588928.487500 4499479.969307 0 0.0004240
9185 588776.307112 4499548.244110 0 0.0006675
9186 589066.584719 4499521.354248 0 0.0004607
9187 589245.278809 4499521.734010 0 0.0004995
9188 588235.542843 4497323.787196 0 0.0004655
9189 588390.421543 4497212.104969 0 0.0003985
9190 588512.338051 4497231.677107 0 0.0002443
9191 588236.184233 4497866.554401 0 0.0006827
9192 588368.243908 4497703.050152 0 0.0004052
9193 588166.118651 4497666.770832 0 0.0006029
9194 588026.297572 4498687.091164 0 0.0005031
9195 588069.895710 4498383.497176 0 0.0004368
9196 588111.291608 4498118.033705 0 0.0004523
9197 588216.252737 4498562.282677 0 0.0008229
9198 592189.960086 4502927.546583 0 0.0006464
9199 592663.363946 4502683.036616 0 0.0005019
9200 592541.543211 4502990.422313 0 0.0008221
9201 592607.861734 4502217.186177 0 0.0006276
9202 592298.279867 4502328.970577 0 0.0007023
9203 592202.961728 4501599.694081 0 0.0002986
9204 592336.622591 4501353.840080 0 0.0003992
9205 592128.162820 4501761.711319 0 0.0004364
9206 592737.003770 4501799.384337 0 0.0003446
9207 592436.437479 4501749.688961 0 0.0007749
9208 592850.854447 4501459.798804 0 0.0003765
9209 592273.303220 4500971.393954 0 0.0007514
9210 592626.948042 4501148.590636 0 0.0003230
9211 592074.106193 4500718.526897 0 0.0005745
9212 591718.781738 4500365.604842 0 0.0006184
9213 591664.831855 4500613.245611 0 0.0003985
9214 591387.538540 4500189.359299 0 0.0004895
9215 591401.327283 4500536.475098 0 0.0004691
9216 591197.499023 4500186.019049 0 0.0002719
9217 591142.140814 4500574.763818 0 0.0003781
9218 590898.982258 4500628.943802 0 0.0004935
9219 590944.725129 4500407.004286 0 0.0004543
9220 590584.351300 4501916.423416 0 0.0008728
9221 590753.607533 4502038.465372 0 0.0006759
9222 591043.341543 4501647.898225 0 0.0007666
9223 590887.265159 4501827.015766 0 0.0006480
9224 591174.089798 4501472.585575 0 0.0005102
9225 591365.071636 4501346.744316 0 0.0005633
9226 591196.723227 4501151.405565 0 0.0006939
9227 591347.056693 4500880.539745 0 0.0005346
9228 591500.845395 4501057.990235 0 0.0004967
9229 591582.884966 4500834.814284 0 0.0005350
9230 591766.782193 4501022.540466 0 0.0002407
9231 591978.310340 4501053.045579 0 0.0002511
9232 591604.244301 4501190.608316 0 0.0006604
9233 591384.610403 4501612.158589 0 0.0005170
9234 591522.529564 4501434.077748 0 0.0005941
9235 591711.442879 4501283.097135 0 0.0002595
9236 590901.211324 4502144.480722 0 0.0002188
9237 591219.186049 4501764.855687 0 0.0005039
9238 591693.039677 4501671.305291 0 0.0003629
9239 591540.105406 4501756.951969 0 0.0003569
9240 591503.122451 4501986.911941 0 0.0003298
9241 591853.486871 4501300.957322 0 0.0004951
9242 592020.443755 4501287.134849 0 0.0006200
9243 591926.792240 4501542.258246 0 0.0003006
9244 591848.330724 4501805.071397 0 0.0004496
9245 591780.466550 4502044.538254 0 0.0003845
9246 591435.361830 4502313.892844 0 0.0002527
9247 591511.520878 4502344.659155 0 0.0002024
9248 591362.712043 4502279.167090 0 0.0003529
9249 591282.718648 4502264.558181 0 0.0004272
9250 591205.487317 4502224.033458 0 0.0004156
9251 591026.798201 4502228.087782 0 0.0002008
9252 591129.080021 4502195.677270 0 0.0003473
9253 591675.618678 4502651.055126 0 0.0004715
9254 595534.762589 4504322.728823 0 0.0007147
9255 595537.336721 4503991.644532 0 0.0006132
9256 595814.632628 4504037.427178 0 0.0005721
9257 595660.307749 4503720.214503 0 0.0006771
9258 595813.536011 4503749.389151 0 0.0005434
9259 595996.483836 4503768.061013 0 0.0006364
9260 594905.962131 4503624.398695 0 0.0004200
9261 594716.124091 4503567.647523 0 0.0002731
9262 594846.903505 4503310.933573 0 0.0005098
9263 594936.980852 4502876.586290 0 0.0005961
9264 594875.212310 4503170.458113 0 0.0004428
9265 594903.889955 4503030.780699 0 0.0005238
9266 595137.008150 4503621.227679 0 0.0005007
9267 595288.701018 4503254.426449 0 0.0007123
9268 595260.301860 4503394.886818 0 0.0003921
9269 595317.557193 4503114.116415 0 0.0005522
9270 595647.079364 4503364.207079 0 0.0004144
9271 595809.571490 4503209.855727 0 0.0004432
9272 581485.719941 4497799.564783 0 0.0004787
9273 595654.034233 4502760.302800 0 0.0007346
9274 595606.279167 4503011.684875 0 0.0007047
9275 595288.780941 4502858.839150 0 0.0008608
9276 595902.428204 4502547.909102 0 0.0009638
9277 596321.038452 4502022.270533 0 0.0009897
9278 595888.610129 4502082.522352 0 0.0012041
9279 588702.395528 4496269.546199 0 0.0004619
9280 588445.427195 4496527.127996 0 0.0005146
9281 588490.807318 4496237.783997 0 0.0007586
9282 595821.391605 4503513.449588 0 0.0003817
9283 586122.101294 4492789.748385 0 0.0005534
9284 587198.210375 4492748.015434 0 0.0011626
9285 587687.370328 4492202.255002 0 0.0004883
9286 587751.959747 4492909.571258 0 0.0006276
9287 587431.782791 4493652.385039 0 0.0006476
9288 586930.429864 4493547.506161 0 0.0005585
9289 586929.515206 4493161.003188 0 0.0005566
9290 587154.026289 4493209.139273 0 0.0003485
9291 591551.264778 4505898.651692 0 0.0004408
9292 591711.644182 4505781.949594 0 0.0007522
9293 587077.581035 4496918.929369 0 0.0005262
9294 589700.364277 4507806.753293 0 0.0001741
9295 589652.429406 4508008.724410 0 0.0007306
9296 589633.175504 4508348.820338 0 0.0002591
9297 587727.469599 4498569.294214 0 0.0002575
9298 587763.792621 4500529.330910 0 0.0005653
9299 587918.662287 4500580.305753 0 0.0010636
9300 587595.312048 4500828.690607 0 0.0006324
9301 587616.843302 4500739.340535 0 0.0008233
9302 587651.632123 4500644.824279 0 0.0010396
9303 587861.302692 4499979.079399 0 0.0007502
9304 588002.550895 4500004.737402 0 0.0008173
9305 587966.183686 4500293.054759 0 0.0007590
9306 588094.984730 4499100.518112 0 0.0006951
9307 588172.168248 4499149.868812 0 0.0006831
9308 588302.837996 4499205.506086 0 0.0009103
9309 588034.678811 4499487.844184 0 0.0008005
9310 587241.623185 4506953.667534 0 0.0010372
9311 587356.252861 4507245.389602 0 0.0004416
9312 587617.158762 4507505.919806 0 0.0004615
9313 587613.746563 4507329.249072 0 0.0005378
9314 588199.483096 4509091.783622 0 0.0003362
9315 582571.193992 4496593.026848 0 0.0002855
9316 582659.784686 4496792.046912 0 0.0003809
9317 586609.166442 4505475.878414 0 0.0004827
9318 586629.619768 4505370.216475 0 0.0004168
9319 586652.518369 4505269.886325 0 0.0003521
9320 587182.044444 4504336.592971 0 0.0004543
9321 587479.207082 4502941.658711 0 0.0008736
9322 587954.067789 4502856.237961 0 0.0008041
9323 588621.131187 4505573.548816 0 0.0008827
9324 588952.278094 4505919.595799 0 0.0002399
9325 584284.794158 4494557.749398 0 0.0003805
9326 584337.370467 4494717.219928 0 0.0003733
9327 585235.266704 4494094.091933 0 0.0004903
9328 590741.599195 4503300.621066 0 0.0006328
9329 585160.394349 4493233.505694 0 0.0004228
9330 585372.955324 4493595.540335 0 0.0003877
9331 585714.978513 4493466.656363 0 0.0006304
9332 588039.016464 4502152.511606 0 0.0014660
9333 584933.364356 4492509.239289 0 0.0006807
9334 591705.674012 4501503.767470 0 0.0003198
9335 592207.898087 4502764.065064 0 0.0003905
9336 592551.245590 4502573.177265 0 0.0002691
9337 592572.950387 4502386.360417 0 0.0007266
9338 592644.108134 4502046.812711 0 0.0005669
9339 592333.636668 4502160.117179 0 0.0008416
9340 592454.542324 4501377.699614 0 0.0002843
9341 592572.768571 4501402.690342 0 0.0005985
9342 591954.667357 4502610.808701 0 0.0004132
9343 591885.854907 4500801.011866 0 0.0004859
9344 591190.387002 4499280.871848 0 0.0003302
9345 591306.130985 4499170.943426 0 0.0002775
9346 591796.236559 4499227.559991 0 0.0007518
9347 591947.474977 4499053.010173 0 0.0005222
9348 592282.222788 4499040.397299 0 0.0009087
9349 593537.660078 4500736.904799 0 0.0007833
9350 592446.036431 4498553.355308 0 0.0008029
9351 592684.828718 4498030.321476 0 0.0007390
9352 593942.379446 4498491.459136 0 0.0002172
9353 594363.001914 4500796.110881 0 0.0007003
9354 594564.761524 4500542.447813 0 0.0013463
9355 594859.490852 4500111.366936 0 0.0007194
9356 594285.981501 4499965.061616 0 0.0001725
9357 594073.873105 4500610.315790 0 0.0003442
9358 594268.073893 4500370.606232 0 0.0010744
9359 594665.202799 4499890.232713 0 0.0009746
9360 594640.919181 4501188.530585 0 0.0003701
9361 585786.667521 4504775.105617 0 0.0001557
9362 581535.449399 4498624.349998 0 0.0005981
9363 586164.638585 4504393.814429 0 0.0004639
9364 586179.401690 4504169.211678 0 0.0001833
9365 585634.981393 4504439.801564 0 0.0004599
9366 585815.486314 4504570.065049 0 0.0006236
9367 585368.374938 4504745.398190 0 0.0000032
9368 585233.256303 4504638.839427 0 0.0005138
9369 585450.447284 4504532.005418 0 0.0003665
9370 585506.386896 4504734.044191 0 0.0003174
9371 584950.250016 4504783.180224 0 0.0004595
9372 584870.354125 4504652.117552 0 0.0002958
9373 584946.854352 4504519.680364 0 0.0002934
9374 584807.018886 4504465.873797 0 0.0002787
9375 584315.162551 4504655.873123 0 0.0005769
9376 588129.607951 4493355.057974 0 0.0003601
9377 586310.477288 4502650.782533 0 0.0004028
9378 586268.872338 4502583.575092 0 0.0002751
9379 586352.222761 4502717.833847 0 0.0003681
9380 586570.979307 4503090.536095 0 0.0003577
9381 586535.236646 4503019.678913 0 0.0003645
9382 586500.067431 4502927.952525 0 0.0005390
9383 586435.372937 4502852.854043 0 0.0003897
9384 586517.675221 4503249.826294 0 0.0003705
9385 586730.542438 4503143.845005 0 0.0003845
9386 586997.249842 4503108.665403 0 0.0005370
9387 586799.589013 4503289.467863 0 0.0003789
9388 586591.145883 4503396.074871 0 0.0003398
9389 582457.226741 4496834.842290 0 0.0004611
9390 582272.528134 4496880.543083 0 0.0004344
9391 582134.715670 4496669.150025 0 0.0004468
9392 582271.091220 4497116.240449 0 0.0003414
9393 586703.539268 4503543.529366 0 0.0004875
9394 586824.874948 4503917.587144 0 0.0003897
9395 586790.438029 4503697.224902 0 0.0003505
9396 582121.544630 4496498.524606 0 0.0003633
9397 581834.044524 4496140.075194 0 0.0004679
9398 587091.101146 4503848.010320 0 0.0001381
9399 587033.377176 4503620.662371 0 0.0004332
9400 586987.850613 4503426.949556 0 0.0006228
9401 582261.859693 4495705.395141 0 0.0003050
9402 586873.350107 4502896.329931 0 0.0004983
9403 586778.375053 4502727.886252 0 0.0006220
9404 586654.456755 4502531.214486 0 0.0005318
9405 586549.883117 4502363.023809 0 0.0004004
9406 586466.816261 4502228.221322 0 0.0004084
9407 586383.386555 4502093.555241 0 0.0004096
9408 586300.012196 4501958.399150 0 0.0004783
9409 585567.383520 4498972.766686 0 0.0004691
9410 585664.536394 4499098.041112 0 0.0003593
9411 588208.479637 4504747.408983 0 0.0005837
9412 585537.188108 4498544.676225 0 0.0007071
9413 585585.215107 4498608.016521 0 0.0006691
9414 585634.007030 4498670.651793 0 0.0006436
9415 588073.069150 4505059.189814 0 0.0008564
9416 585628.047310 4498274.117768 0 0.0005286
9417 585345.630505 4498492.318044 0 0.0005713
9418 585394.336098 4498554.844873 0 0.0004136
9419 585297.307428 4498429.515538 0 0.0007222
9420 585482.025649 4498085.904257 0 0.0005701
9421 585105.919508 4498376.870406 0 0.0005186
9422 585294.071407 4498231.402196 0 0.0007438
9423 585360.488691 4497928.895771 0 0.0004927
9424 585128.393909 4498124.092542 0 0.0006987
9425 583571.289107 4495150.159789 0 0.0003917
9426 585367.906998 4500633.046286 0 0.0000020
9427 583841.124703 4495200.296894 0 0.0005422
9428 583858.457912 4495010.618585 0 0.0003741
9429 584291.939602 4495755.259838 0 0.0005350
9430 584132.256073 4495494.913172 0 0.0006220
9431 587044.372754 4504125.241491 0 0.0005793
9432 586984.135801 4504348.059488 0 0.0002934
9433 586826.856865 4504199.669262 0 0.0005741
9434 584063.241228 4495873.965466 0 0.0005861
9435 583916.706979 4495616.878628 0 0.0006887
9436 586963.839778 4504617.675046 0 0.0003989
9437 584445.047780 4496372.487961 0 0.0003953
9438 586195.212631 4501791.500306 0 0.0005554
9439 583266.204999 4495284.850681 0 0.0006029
9440 586088.589552 4501621.526367 0 0.0004639
9441 586008.249494 4501291.009756 0 0.0002891
9442 586056.427037 4501352.140068 0 0.0004252
9443 586127.226903 4501428.575974 0 0.0002950
9444 586292.547560 4501494.831311 0 0.0003222
9445 583725.467678 4496161.914810 0 0.0003350
9446 583517.377445 4496001.529877 0 0.0005043
9447 583382.188630 4495730.740176 0 0.0004599
9448 586504.883844 4501104.567349 0 0.0003338
9449 586553.903504 4501193.136021 0 0.0003070
9450 586557.952619 4501326.235932 0 0.0005410
9451 586343.997326 4501078.871942 0 0.0003150
9452 583840.086087 4495942.566346 0 0.0006296
9453 583567.850353 4495641.982533 0 0.0005406
9454 587312.970273 4504032.259040 0 0.0002068
9455 587349.199877 4504363.598700 0 0.0002260
9456 587346.884141 4504179.530096 0 0.0002823
9457 583935.359187 4497252.162656 0 0.0004883
9458 583761.690622 4497028.157008 0 0.0004160
9459 587629.616534 4503947.103590 0 0.0003426
9460 587517.120601 4504391.370220 0 0.0003617
9461 587664.595661 4504282.764685 0 0.0002643
9462 587560.094600 4504166.439477 0 0.0003973
9463 583747.320166 4497397.769044 0 0.0003757
9464 583573.738982 4497173.633975 0 0.0003725
9465 587604.355510 4503713.590563 0 0.0003529
9466 587349.302308 4503781.074618 0 0.0003246
9467 583559.327789 4497543.212905 0 0.0003338
9468 583385.731905 4497319.054183 0 0.0003481
9469 587434.589651 4503567.796005 0 0.0002252
9470 587383.397285 4503371.921038 0 0.0003873
9471 584311.487237 4496110.374448 0 0.0008676
9472 586797.796069 4505126.688171 0 0.0002683
9473 586986.696867 4505004.149176 0 0.0004376
9474 586830.936851 4504923.701819 0 0.0002923
9475 584082.148872 4496278.956398 0 0.0004096
9476 583893.105708 4496421.373941 0 0.0003897
9477 586797.550943 4505368.975557 0 0.0002763
9478 584062.892498 4496640.622678 0 0.0004136
9479 584250.800386 4496495.274207 0 0.0004344
9480 586971.361397 4505362.876572 0 0.0005633
9481 584308.655170 4496709.995780 0 0.0005857
9482 584401.668319 4496838.104562 0 0.0004683
9483 584648.481941 4497372.597558 0 0.0006863
9484 584566.063043 4497173.187056 0 0.0006180
9485 584466.285570 4497024.144806 0 0.0006049
9486 587672.997185 4505501.889967 0 0.0002934
9487 587221.349127 4505367.512880 0 0.0004152
9488 587428.065122 4505386.956555 0 0.0002224
9489 584633.360681 4497929.355828 0 0.0004907
9490 584718.461050 4498120.232997 0 0.0006160
9491 587813.637737 4505150.654918 0 0.0005809
9492 587541.287436 4505179.620716 0 0.0006244
9493 587658.095855 4504789.865479 0 0.0007015
9494 587623.546185 4504986.170358 0 0.0003402
9495 584490.571880 4497581.185772 0 0.0003805
9496 584353.065417 4497792.042244 0 0.0003521
9497 584642.818236 4497667.603917 0 0.0005869
9498 587116.343060 4505000.656853 0 0.0002783
9499 587281.629500 4505019.185493 0 0.0003174
9500 587362.966876 4505033.597900 0 0.0002567
9501 587200.273625 4505006.655637 0 0.0004915
9502 584152.051682 4497338.627242 0 0.0005518
9503 584179.597579 4497567.927384 0 0.0005538
9504 584367.556191 4497422.277974 0 0.0006324
9505 584203.972204 4499928.638683 0 0.0005985
9506 583939.756770 4499782.117739 0 0.0008444
9507 583891.270907 4499719.083921 0 0.0007071
9508 583724.384049 4499697.906739 0 0.0006392
9509 583912.233234 4499552.168546 0 0.0006136
9510 583718.213019 4499301.302401 0 0.0007031
9511 583627.216507 4499572.454332 0 0.0006304
9512 583815.210531 4499426.702684 0 0.0006320
9513 583530.389798 4499446.920838 0 0.0007242
9514 584699.564785 4501351.031795 0 0.0005534
9515 584508.135428 4501458.300762 0 0.0004396
9516 584414.848137 4501101.961069 0 0.0006412
9517 583596.884191 4499144.569427 0 0.0009869
9518 583390.360267 4499135.019219 0 0.0005270
9519 583433.097518 4499321.558362 0 0.0007306
9520 583784.769374 4498998.885858 0 0.0008724
9521 583780.503519 4498799.674961 0 0.0006109
9522 583972.735022 4498853.461746 0 0.0008756
9523 584166.809009 4499104.405703 0 0.0007554
9524 583960.425592 4499097.016553 0 0.0009167
9525 584003.266228 4499280.999622 0 0.0006640
9526 584268.114716 4499494.174695 0 0.0005949
9527 584336.794849 4499324.020287 0 0.0006296
9528 584154.453327 4499347.950521 0 0.0008835
9529 585131.287615 4499696.973711 0 0.0005442
9530 585181.402908 4499846.457359 0 0.0004304
9531 585032.331121 4499568.360509 0 0.0008883
9532 584864.860425 4499617.732344 0 0.0007075
9533 584767.561803 4499492.088411 0 0.0005741
9534 584929.776103 4499368.104014 0 0.0003996
9535 584597.662145 4499272.392892 0 0.0004703
9536 584749.748072 4499262.303344 0 0.0005881
9537 584511.058650 4499090.270179 0 0.0005290
9538 584376.414020 4498946.039871 0 0.0006340
9539 584214.113208 4498771.362214 0 0.0008117
9540 584740.079120 4501771.051322 0 0.0003553
9541 585477.415427 4501592.634150 0 0.0002926
9542 585344.766485 4501404.478246 0 0.0005394
9543 583590.098241 4496806.431589 0 0.0002356
9544 583418.292787 4496584.668106 0 0.0002471
9545 585893.863656 4501976.990928 0 0.0003274
9546 585871.769128 4501866.316655 0 0.0005031
9547 585846.484749 4501671.517672 0 0.0003218
9548 585691.126264 4501599.129120 0 0.0003981
9549 585672.038683 4501840.499301 0 0.0004364
9550 584886.057756 4506065.436022 0 0.0002316
9551 590159.684731 4498499.904755 0 0.0008356
9552 588716.159710 4496705.070587 0 0.0003450
9553 588521.447819 4496727.189140 0 0.0003801
9554 585095.444620 4505938.628513 0 0.0005410
9555 584919.357427 4505877.690077 0 0.0003749
9556 583614.270731 4500733.283723 0 0.0005869
9557 584878.249519 4505645.037746 0 0.0005198
9558 584773.571067 4505431.864500 0 0.0003549
9559 584603.120033 4505352.366878 0 0.0002970
9560 584809.335347 4505672.932345 0 0.0003374
9561 584561.407900 4505110.040096 0 0.0004567
9562 585219.084039 4505106.013281 0 0.0009514
9563 585162.461169 4504872.048724 0 0.0007143
9564 585528.932356 4505203.876659 0 0.0000335
9565 585460.631452 4505663.857213 0 0.0006244
9566 588654.418701 4505369.884125 0 0.0004687
9567 588714.499069 4505003.777886 0 0.0001944
9568 585764.139783 4496852.773368 0 0.0005837
9569 586140.466947 4496560.004250 0 0.0003953
9570 585952.306056 4496707.312628 0 0.0004184
9571 588581.143098 4505817.259882 0 0.0011542
9572 585676.017081 4496638.719033 0 0.0006791
9573 585905.622379 4496412.553538 0 0.0005418
9574 588873.185693 4505656.006176 0 0.0004080
9575 589093.058186 4505816.818397 0 0.0002028
9576 585844.625228 4496178.054577 0 0.0005653
9577 585467.712473 4496469.885210 0 0.0006156
9578 585655.536502 4496324.433854 0 0.0006544
9579 589032.035236 4505431.132175 0 0.0008025
9580 589119.683169 4505653.849744 0 0.0013650
9581 585114.584863 4496778.051676 0 0.0006168
9582 585381.570585 4496737.400375 0 0.0004635
9583 585261.379786 4496579.604786 0 0.0003765
9584 588939.042669 4505248.906927 0 0.0003533
9585 588965.697680 4505086.566547 0 0.0004755
9586 589104.791585 4504984.127233 0 0.0004196
9587 589178.163322 4505288.014230 0 0.0004132
9588 589204.757157 4505125.634856 0 0.0003014
9589 584892.902756 4497008.539287 0 0.0005202
9590 584777.451776 4496836.139762 0 0.0004276
9591 589131.854376 4504821.984890 0 0.0007458
9592 584879.142283 4496470.611917 0 0.0003917
9593 584725.561400 4496349.531603 0 0.0006168
9594 584977.269895 4496598.904497 0 0.0003290
9595 584682.368617 4496586.444924 0 0.0004959
9596 589158.407256 4504659.744658 0 0.0004208
9597 589172.038381 4504578.402243 0 0.0004635
9598 589479.896783 4505712.389140 0 0.0011187
9599 584446.738868 4494698.214784 0 0.0003402
9600 588736.473429 4503184.013323 0 0.0005446
9601 588730.656355 4503084.874116 0 0.0004072
9602 588724.872744 4502985.778117 0 0.0004188
9603 588598.552927 4502844.523353 0 0.0004535
9604 588832.680340 4502831.359828 0 0.0004887
9605 588708.505859 4502689.368650 0 0.0004004
9606 588815.115683 4502533.314550 0 0.0005090
9607 588803.531376 4502334.992822 0 0.0004863
9608 588788.109695 4502112.498429 0 0.0004052
9609 588580.916029 4502547.210665 0 0.0005290
9610 588569.461928 4502348.839406 0 0.0003214
9611 588548.804532 4502058.693060 0 0.0005374
9612 588560.309198 4502200.566335 0 0.0006089
9613 588360.291141 4502503.472039 0 0.0005629
9614 588321.545794 4502261.929008 0 0.0004468
9615 588286.612275 4502053.105406 0 0.0004092
9616 588160.268358 4502594.527996 0 0.0005286
9617 588108.849289 4502398.734596 0 0.0005625
9618 585918.255363 4492310.660361 0 0.0003597
9619 585638.109202 4492342.211702 0 0.0004508
9620 585660.594551 4492117.769851 0 0.0007929
9621 585406.103394 4492049.345600 0 0.0007522
9622 585369.149599 4492300.652160 0 0.0004184
9623 587998.699373 4501867.902740 0 0.0004344
9624 588294.809619 4501856.501444 0 0.0003917
9625 587753.337384 4501745.696434 0 0.0003414
9626 585144.964857 4492265.284510 0 0.0003701
9627 584876.818749 4492222.265714 0 0.0002515
9628 584473.709682 4492156.636441 0 0.0003274
9629 584653.012677 4492185.178472 0 0.0003038
9630 589244.621018 4501934.445856 0 0.0005825
9631 589026.946300 4501926.584020 0 0.0005865
9632 588557.882468 4501881.094657 0 0.0005194
9633 588801.238369 4501903.258489 0 0.0005402
9634 589184.684275 4504497.127454 0 0.0003829
9635 589198.160370 4504415.922297 0 0.0002651
9636 587839.995686 4492715.838278 0 0.0005925
9637 587504.312598 4492611.032249 0 0.0003677
9638 592153.401140 4503305.505808 0 0.0002419
9639 592326.197616 4503222.219247 0 0.0005011
9640 587797.530661 4493053.460485 0 0.0005701
9641 587554.634795 4492902.134014 0 0.0007055
9642 592559.397545 4503654.350219 0 0.0001046
9643 592578.668061 4503478.003858 0 0.0004164
9644 592166.758922 4503501.083210 0 0.0004472
9645 592146.198488 4503729.284572 0 0.0005178
9646 592327.244102 4503812.412336 0 0.0004484
9647 592083.748776 4503990.369587 0 0.0005522
9648 587752.416390 4493788.587159 0 0.0004615
9649 587855.714233 4493568.847076 0 0.0003973
9650 587626.517223 4493386.201223 0 0.0004623
9651 591752.280831 4503999.701778 0 0.0003138
9652 591764.757337 4503918.416664 0 0.0003493
9653 591779.211866 4503836.962080 0 0.0003477
9654 591791.274715 4503755.628940 0 0.0003721
9655 591850.753175 4503674.380843 0 0.0002619
9656 591846.376901 4504140.616520 0 0.0003362
9657 591626.944213 4504377.665573 0 0.0003442
9658 591593.058984 4504265.397649 0 0.0004759
9659 591619.718898 4504103.031649 0 0.0003545
9660 591070.532204 4504736.471375 0 0.0004839
9661 591185.378352 4504572.951089 0 0.0003681
9662 591358.850272 4504268.824263 0 0.0003857
9663 591220.268919 4504413.013525 0 0.0002707
9664 591131.274216 4504231.561368 0 0.0004396
9665 591272.181713 4504087.815906 0 0.0003653
9666 591286.096665 4504006.782640 0 0.0004096
9667 589135.020698 4502631.685211 0 0.0006636
9668 589444.771726 4502577.338893 0 0.0005094
9669 589758.179125 4502575.124100 0 0.0004659
9670 589301.654896 4502805.380300 0 0.0004472
9671 589067.205737 4502819.065106 0 0.0003338
9672 589535.558588 4502791.194638 0 0.0004256
9673 589769.722001 4502777.214061 0 0.0005406
9674 584776.045649 4491763.236573 0 0.0006256
9675 589241.762763 4503120.893891 0 0.0003122
9676 589193.097575 4502958.053214 0 0.0004280
9677 589081.917989 4503063.909254 0 0.0003006
9678 585184.797879 4491997.915967 0 0.0009853
9679 584963.216889 4491961.282309 0 0.0003450
9680 584741.542864 4491943.590125 0 0.0008029
9681 584513.314604 4491940.972073 0 0.0004627
9682 589662.412124 4502930.545771 0 0.0002475
9683 589554.276112 4503085.830112 0 0.0005019
9684 589790.406849 4503121.838532 0 0.0013590
9685 590117.162769 4503082.386783 0 0.0005685
9686 590609.825981 4503072.572467 0 0.0002879
9687 590604.548843 4502973.609646 0 0.0004032
9688 590598.498252 4502874.430426 0 0.0005977
9689 590460.670871 4502532.904796 0 0.0004595
9690 590448.323633 4502332.000975 0 0.0007035
9691 590472.647887 4502735.659879 0 0.0006124
9692 590439.932014 4502188.329874 0 0.0003817
9693 586566.424613 4492402.506876 0 0.0007981
9694 590211.262771 4502296.572968 0 0.0007861
9695 590226.354599 4502546.908224 0 0.0005418
9696 590238.399591 4502749.593299 0 0.0005074
9697 587527.887270 4495352.786565 0 0.0004520
9698 591224.564533 4505450.012539 0 0.0007342
9699 591063.715491 4505565.765501 0 0.0003661
9700 591128.281739 4505519.462999 0 0.0004048
9701 587675.340786 4496110.917808 0 0.0002439
9702 587590.269126 4495813.626813 0 0.0005130
9703 590807.485161 4505752.880770 0 0.0004084
9704 590935.650543 4505659.396338 0 0.0003541
9705 590871.912813 4505706.636060 0 0.0004132
9706 590999.874046 4505612.909759 0 0.0003893
9707 587028.370313 4495742.387493 0 0.0003865
9708 587253.228559 4495777.835904 0 0.0003865
9709 587151.216196 4495507.338361 0 0.0006516
9710 590601.037991 4505780.369769 0 0.0007214
9711 586777.143480 4495703.065357 0 0.0004184
9712 586575.539270 4495576.506325 0 0.0006097
9713 586479.214445 4495516.890471 0 0.0004356
9714 590473.083426 4506169.047221 0 0.0005154
9715 590260.242966 4506083.003917 0 0.0002643
9716 590296.899931 4506289.127772 0 0.0004348
9717 591262.815994 4506709.924870 0 0.0006216
9718 591391.091729 4506616.261680 0 0.0005338
9719 586696.575586 4496593.113170 0 0.0003813
9720 586532.944363 4496507.685152 0 0.0003809
9721 591084.962864 4506851.058251 0 0.0006037
9722 590920.779958 4506643.902352 0 0.0003186
9723 586738.565604 4496847.617354 0 0.0002384
9724 586874.957519 4497263.706375 0 0.0002687
9725 587358.658443 4497050.991550 0 0.0005138
9726 587195.481708 4497161.614735 0 0.0005645
9727 590609.885499 4506807.822931 0 0.0005394
9728 590236.431484 4506615.772872 0 0.0002659
9729 590850.493672 4506283.184419 0 0.0005829
9730 586002.995515 4495925.733772 0 0.0003306
9731 586075.362578 4495974.875951 0 0.0004739
9732 585836.721235 4495812.590647 0 0.0005262
9733 591393.515732 4505929.919086 0 0.0004340
9734 591202.811036 4506026.091952 0 0.0005019
9735 591266.609323 4505935.533381 0 0.0004975
9736 591138.632165 4506072.577688 0 0.0006081
9737 586224.798056 4496057.580759 0 0.0007837
9738 586314.539255 4496034.738550 0 0.0004304
9739 586147.447340 4496026.841002 0 0.0004827
9740 591522.629310 4505657.300865 0 0.0004296
9741 586678.323062 4495969.284893 0 0.0005282
9742 586414.850165 4496020.283509 0 0.0003625
9743 586533.772043 4495932.265110 0 0.0004799
9744 592000.184945 4505571.685469 0 0.0005633
9745 591779.511544 4505561.628107 0 0.0005753
9746 591907.455876 4505376.826564 0 0.0006432
9747 586376.777905 4496278.257706 0 0.0004372
9748 586357.657554 4496447.385100 0 0.0005438
9749 586597.161475 4496254.580745 0 0.0006799
9750 592100.126159 4505372.441268 0 0.0004807
9751 592195.693046 4505167.156756 0 0.0006292
9752 592256.446258 4505384.910712 0 0.0004819
9753 592382.190782 4505289.074286 0 0.0005003
9754 587212.519684 4496037.998131 0 0.0004024
9755 586943.372294 4495995.904033 0 0.0005881
9756 591953.432612 4505941.661380 0 0.0003937
9757 592349.346704 4505583.395747 0 0.0005685
9758 592062.525637 4505754.716753 0 0.0005665
9759 587264.337268 4496342.253663 0 0.0003617
9760 586829.478838 4496298.707978 0 0.0004080
9761 587043.316685 4496292.542490 0 0.0003801
9762 589787.069119 4495267.773536 0 0.0002156
9763 588384.159296 4508634.540856 0 0.0003130
9764 588631.595368 4508601.042902 0 0.0003378
9765 590145.442744 4494669.807929 0 0.0002376
9766 590275.674825 4494778.061206 0 0.0003078
9767 589741.342859 4494854.423423 0 0.0005562
9768 590099.865100 4494915.878431 0 0.0002495
9769 588834.494100 4508607.666006 0 0.0004128
9770 589007.476134 4508673.735635 0 0.0004500
9771 588945.072355 4508889.793903 0 0.0004931
9772 588744.695814 4508795.661273 0 0.0004008
9773 589721.624633 4494475.773729 0 0.0010955
9774 589960.675799 4494513.125313 0 0.0010776
9775 588594.590721 4509065.007577 0 0.0003394
9776 588885.398425 4509173.769234 0 0.0003090
9777 588732.664569 4509010.952877 0 0.0003929
9778 589310.856579 4494852.514228 0 0.0004639
9779 589321.639466 4495172.991318 0 0.0005969
9780 588372.834611 4509663.264150 0 0.0004176
9781 588401.177839 4509466.082395 0 0.0003977
9782 588340.299913 4509855.272736 0 0.0004456
9783 588456.038683 4509249.224499 0 0.0004356
9784 589123.030696 4494886.098544 0 0.0005761
9785 588963.372669 4494861.091041 0 0.0005889
9786 588802.377512 4494835.933410 0 0.0006001
9787 588629.068165 4494808.757426 0 0.0006679
9788 588811.754979 4509728.651942 0 0.0001294
9789 588298.632841 4510142.648823 0 0.0003166
9790 588297.405081 4494756.805715 0 0.0005809
9791 588457.099040 4494781.933146 0 0.0007626
9792 588004.434470 4494829.622145 0 0.0004883
9793 588160.784787 4494693.827611 0 0.0004048
9794 587992.726897 4494579.155775 0 0.0002915
9795 589664.429806 4493523.335441 0 0.0003893
9796 588482.902720 4493390.166785 0 0.0006600
9797 589154.015330 4493175.706888 0 0.0004100
9798 588172.219380 4493086.892556 0 0.0005406
9799 588898.569150 4492764.625026 0 0.0004296
9800 590758.047140 4493951.444512 0 0.0005170
9801 590526.841302 4494051.424666 0 0.0005498
9802 591255.463726 4493445.877735 0 0.0003981
9803 590011.471252 4493146.485666 0 0.0005821
9804 590222.948197 4493282.260508 0 0.0007163
9805 590224.084634 4494440.358809 0 0.0003210
9806 590151.881718 4493956.858667 0 0.0007921
9807 591017.619811 4493667.399488 0 0.0006216
9808 590513.849768 4494765.600452 0 0.0002535
9809 590285.911036 4494987.412585 0 0.0003242
9810 589997.844267 4496002.381575 0 0.0004935
9811 589822.310614 4495480.365035 0 0.0003809
9812 589712.153155 4495857.453571 0 0.0002276
9813 589527.870757 4496009.347611 0 0.0002675
9814 589770.309728 4496222.731931 0 0.0003709
9815 589173.458177 4496207.842141 0 0.0005402
9816 589022.463660 4496325.376534 0 0.0004651
9817 589396.070791 4496568.361989 0 0.0005530
9818 589508.763302 4496302.395849 0 0.0004563
9819 584613.784388 4504561.446077 0 0.0002875
9820 584693.277347 4504785.768155 0 0.0003681
9821 584549.921548 4504382.331653 0 0.0003489
9822 581104.566248 4497488.743321 0 0.0002491
9823 581397.798626 4497428.666078 0 0.0003390
9824 584255.773057 4504281.290118 0 0.0002172
9825 584202.559716 4504132.517979 0 0.0003561
9826 584179.701777 4503926.229191 0 0.0002934
9827 581327.066370 4497198.266741 0 0.0007302
9828 581186.766656 4497013.066257 0 0.0004368
9829 581342.654208 4496690.521483 0 0.0005829
9830 581622.050966 4496765.883603 0 0.0002256
9831 581395.917852 4496462.474776 0 0.0004551
9832 581544.095202 4496188.180602 0 0.0006332
9833 581828.362739 4496845.933867 0 0.0006029
9834 582001.661352 4496964.365916 0 0.0004080
9835 581722.663290 4497060.007063 0 0.0002475
9836 583777.501107 4503648.758756 0 0.0002958
9837 584086.722539 4503642.110161 0 0.0002567
9838 581969.242392 4497333.851803 0 0.0004763
9839 581790.719225 4497287.855061 0 0.0002970
9840 581920.523464 4497154.113029 0 0.0003549
9841 581968.522114 4497458.506574 0 0.0004731
9842 582130.273133 4497587.485719 0 0.0004492
9843 581900.893148 4497655.748695 0 0.0002168
9844 584473.320383 4504163.207743 0 0.0003589
9845 584355.915873 4503821.220381 0 0.0003965
9846 582132.933288 4497872.910632 0 0.0005154
9847 582172.156234 4498141.771469 0 0.0004488
9848 582089.060378 4498004.258817 0 0.0004244
9849 584649.472730 4503932.894154 0 0.0002879
9850 587409.321220 4503469.808688 0 0.0003733
9851 583391.967769 4497714.262854 0 0.0004635
9852 583173.525405 4497478.352306 0 0.0004228
9853 587201.390463 4503284.361482 0 0.0004384
9854 587230.161923 4503101.159273 0 0.0005218
9855 587481.777656 4503183.724464 0 0.0007606
9856 583634.722670 4497857.034723 0 0.0004667
9857 583736.609668 4497643.714787 0 0.0004120
9858 583918.763958 4497619.196017 0 0.0003382
9859 583692.913890 4498037.705525 0 0.0005007
9860 583852.076577 4497921.365703 0 0.0005665
9861 584039.932211 4497776.056133 0 0.0005170
9862 584108.460522 4498201.825832 0 0.0007965
9863 583929.623716 4498118.169542 0 0.0004995
9864 584189.459977 4497968.627116 0 0.0005578
9865 587871.567769 4502673.997679 0 0.0003877
9866 587863.815771 4502468.386344 0 0.0008272
9867 587852.931068 4502187.718377 0 0.0004639
9868 584203.821398 4498412.869107 0 0.0003929
9869 584413.037426 4498258.151359 0 0.0004663
9870 587476.602046 4503041.591630 0 0.0006057
9871 587746.235507 4503126.325671 0 0.0002555
9872 587737.744206 4502922.166368 0 0.0003841
9873 584585.004340 4498479.655909 0 0.0004855
9874 584397.021825 4498620.456603 0 0.0006200
9875 584772.729603 4498334.149064 0 0.0004975
9876 588005.514685 4503051.792231 0 0.0006320
9877 584918.264500 4498522.556814 0 0.0005178
9878 584730.572764 4498668.027324 0 0.0004979
9879 584559.466358 4498795.044959 0 0.0004859
9880 588256.753331 4502769.342887 0 0.0005470
9881 588324.171285 4503024.838436 0 0.0004332
9882 588336.026127 4502891.930465 0 0.0004551
9883 584969.216088 4498716.902644 0 0.0004328
9884 587157.560118 4504713.134409 0 0.0003717
9885 587370.569256 4504741.700521 0 0.0001561
9886 587231.258203 4504552.867458 0 0.0004607
9887 587524.245884 4504600.833345 0 0.0003342
9888 583949.712379 4496882.699473 0 0.0003973
9889 584123.316698 4497106.461450 0 0.0002823
9890 582208.359701 4498262.518167 0 0.0003869
9891 582367.955870 4498382.177712 0 0.0004695
9892 584794.389756 4504091.503509 0 0.0002296
9893 584676.010240 4504007.405798 0 0.0002547
9894 584693.253666 4504327.323886 0 0.0002675
9895 584631.266529 4504149.713510 0 0.0003062
9896 584854.859669 4504264.589450 0 0.0002599
9897 582431.299174 4498608.651150 0 0.0006376
9898 582493.596880 4498797.674998 0 0.0005406
9899 582245.277230 4498820.539173 0 0.0005126
9900 582199.077750 4498638.951193 0 0.0002535
9901 585077.244285 4504276.977947 0 0.0003501
9902 585154.273646 4504459.770070 0 0.0003461
9903 585361.385688 4504354.940322 0 0.0003122
9904 585273.284554 4504177.002665 0 0.0004036
9905 582381.025166 4498968.459831 0 0.0004372
9906 582577.494494 4499098.098585 0 0.0004987
9907 585657.602433 4504014.285998 0 0.0002771
9908 585439.995245 4504050.334007 0 0.0006675
9909 585656.425645 4504251.961879 0 0.0002475
9910 582828.587964 4499294.957820 0 0.0007769
9911 582967.031339 4499484.027750 0 0.0003545
9912 583243.043183 4499468.887921 0 0.0005625
9913 583144.898865 4499342.201769 0 0.0006759
9914 583068.464991 4499605.776736 0 0.0005833
9915 584922.981442 4503917.286664 0 0.0002571
9916 585241.280289 4504015.807113 0 0.0003553
9917 585212.772098 4503941.205427 0 0.0003917
9918 585287.238474 4503744.130448 0 0.0004208
9919 584076.380212 4498623.233539 0 0.0004771
9920 585007.047439 4502340.496081 0 0.0003226
9921 585149.697219 4502577.206517 0 0.0002919
9922 585106.169582 4502433.402609 0 0.0003294
9923 583445.032112 4498783.003192 0 0.0004835
9924 583818.412410 4498628.690319 0 0.0004160
9925 583575.625343 4498463.764996 0 0.0005062
9926 585316.656834 4502846.433376 0 0.0003406
9927 585232.854906 4502711.731535 0 0.0003058
9928 583164.287070 4499172.843951 0 0.0007881
9929 583021.971566 4498981.224260 0 0.0006364
9930 583114.858179 4499109.100400 0 0.0007071
9931 586042.163330 4504029.321894 0 0.0004599
9932 585930.196062 4503835.265820 0 0.0003881
9933 585871.159825 4504013.300082 0 0.0005522
9934 583444.639048 4498242.607209 0 0.0008452
9935 586301.936438 4503887.439102 0 0.0003529
9936 586387.883488 4504071.190066 0 0.0003026
9937 586230.455911 4503747.753424 0 0.0002064
9938 586452.291073 4503649.160818 0 0.0003006
9939 586594.518067 4503975.326647 0 0.0001110
9940 586523.727298 4503786.639156 0 0.0003725
9941 582799.554056 4498571.298634 0 0.0004132
9942 582653.372331 4498495.259616 0 0.0005310
9943 582865.267682 4498370.803063 0 0.0005334
9944 582717.811063 4498295.532069 0 0.0004356
9945 586257.301589 4503515.259339 0 0.0003885
9946 586305.252599 4503355.264642 0 0.0003194
9947 586089.059142 4503462.668863 0 0.0004336
9948 586286.186765 4503593.041753 0 0.0003869
9949 583358.160915 4498104.238664 0 0.0003705
9950 583221.543025 4497883.659706 0 0.0005234
9951 586141.730928 4503303.647632 0 0.0003713
9952 586106.765853 4503232.480932 0 0.0004715
9953 587503.079567 4496937.886354 0 0.0003613
9954 587584.363473 4496950.437684 0 0.0003781
9955 587349.067379 4497795.759422 0 0.0005713
9956 587460.209519 4497745.238746 0 0.0003697
9957 587116.763170 4497962.607737 0 0.0003046
9958 587234.168823 4497608.888167 0 0.0002903
9959 586762.037032 4497858.327177 0 0.0004260
9960 586875.512969 4498012.766007 0 0.0006248
9961 586918.311713 4497660.820497 0 0.0003469
9962 586634.290927 4497524.005652 0 0.0003729
9963 586304.032028 4497549.924376 0 0.0005965
9964 586455.393465 4497603.103396 0 0.0005366
9965 586208.773689 4497240.788953 0 0.0008201
9966 585814.984687 4497615.951355 0 0.0006396
9967 585559.307347 4497775.330066 0 0.0005126
9968 585754.221776 4497958.602716 0 0.0004140
9969 586069.735098 4497831.623432 0 0.0003761
9970 586036.948558 4497722.443096 0 0.0004639
9971 585899.384001 4498155.653451 0 0.0004939
9972 586197.487829 4497940.920281 0 0.0006915
9973 586224.606106 4498221.406943 0 0.0004232
9974 586415.277714 4498075.534968 0 0.0004008
9975 586044.995411 4498401.651372 0 0.0006316
9976 589289.378244 4508190.698551 0 0.0005062
9977 589409.572328 4507826.091443 0 0.0008185
9978 586484.594849 4498499.137616 0 0.0005462
9979 586268.443679 4498457.137292 0 0.0006616
9980 586291.262224 4498694.661393 0 0.0007278
9981 586787.735183 4498317.500786 0 0.0006751
9982 586672.831307 4498133.732994 0 0.0008296
9983 591791.386524 4506090.295894 0 0.0007430
9984 591792.415529 4506335.116104 0 0.0007186
9985 591635.646717 4506167.833277 0 0.0007913
9986 587416.925107 4496163.098563 0 0.0004971
9987 587582.498646 4496321.884879 0 0.0005641
9988 591517.040523 4506521.585664 0 0.0004172
9989 591667.256079 4506435.077866 0 0.0006124
9990 591508.145920 4506262.326457 0 0.0005961
9991 591359.443432 4506309.213923 0 0.0005929
9992 587123.633810 4496607.054444 0 0.0004815
9993 587363.033258 4496644.438783 0 0.0004088
9994 586944.200721 4496579.053043 0 0.0004416
9995 591169.405002 4506454.409718 0 0.0006196
9996 586598.258944 4500748.260366 0 0.0004244
9997 586672.444943 4500877.578126 0 0.0004543
9998 588832.418184 4507397.112839 0 0.0003202
9999 588971.591900 4507415.756848 0 0.0003202
10000 588911.062094 4507176.005789 0 0.0003905
10001 586717.478099 4500539.648728 0 0.0004288
10002 586791.210404 4500311.305342 0 0.0005665
10003 586819.522830 4500041.731080 0 0.0008121
10004 589159.653344 4506685.854422 0 0.0005969
10005 589119.814089 4506868.106400 0 0.0004516
10006 589093.318683 4507066.013452 0 0.0006136
10007 587095.247056 4500173.016847 0 0.0006931
10008 587275.449281 4500267.076836 0 0.0007218
10009 587462.327863 4500366.441263 0 0.0003641
10010 587641.611597 4500456.167881 0 0.0006228
10011 588956.724265 4506145.361415 0 0.0009135
10012 588568.143534 4506280.946022 0 0.0008185
10013 588738.022907 4506415.755154 0 0.0006564
10014 588815.862021 4506826.084519 0 0.0003310
10015 588838.350540 4506667.343925 0 0.0006923
10016 588061.754209 4494188.949882 0 0.0008991
10017 588225.424323 4494284.836660 0 0.0005462
10018 588444.514703 4494408.533857 0 0.0004775
10019 588465.860609 4494158.985430 0 0.0005282
10020 588094.920888 4493759.172863 0 0.0006041
10021 588228.407364 4493625.417499 0 0.0006915
10022 589108.267090 4509042.047061 0 0.0003709
10023 589477.999360 4509242.497190 0 0.0003893
10024 588455.389228 4493769.343702 0 0.0007582
10025 589187.908442 4508667.334272 0 0.0003793
10026 589239.160610 4508425.306235 0 0.0004424
10027 589362.572296 4508648.038360 0 0.0003414
10028 589438.946808 4508686.497418 0 0.0004020
10029 588687.690269 4494433.894617 0 0.0004460
10030 588724.486445 4494041.569624 0 0.0006212
10031 588759.470376 4493708.158149 0 0.0004779
10032 589502.082800 4508822.729592 0 0.0003749
10033 589703.893870 4508901.821832 0 0.0005146
10034 589224.419252 4493876.859174 0 0.0005214
10035 589062.728466 4494492.661842 0 0.0003949
10036 589062.661077 4494236.800810 0 0.0005242
10037 589038.181971 4493871.865716 0 0.0005589
10038 588861.084757 4494379.222144 0 0.0005510
10039 588916.079432 4493852.863891 0 0.0004951
10040 589415.473585 4494051.483278 0 0.0004743
10041 589339.745294 4494536.023389 0 0.0004967
10042 589378.865950 4494286.146838 0 0.0004639
10043 589606.703791 4494276.267871 0 0.0003821
10044 589577.358080 4493836.079464 0 0.0003126
10045 589857.360320 4493880.115957 0 0.0003801
10046 589821.003783 4494115.736655 0 0.0002280
10047 590111.278549 4493464.443418 0 0.0005278
10048 589778.085788 4496705.530202 0 0.0003693
10049 589634.429448 4496623.080697 0 0.0005047
10050 589882.788374 4496952.441739 0 0.0004759
10051 590039.722396 4496771.929979 0 0.0003006
10052 590244.220044 4497209.260686 0 0.0003577
10053 590505.342144 4496544.275514 0 0.0004919
10054 590446.991976 4496181.320576 0 0.0003446
10055 590273.740949 4496503.161644 0 0.0002970
10056 590013.944204 4496434.662731 0 0.0003294
10057 590170.132846 4496255.589017 0 0.0003525
10058 590343.248633 4495933.705355 0 0.0003605
10059 590494.651743 4495669.378547 0 0.0003430
10060 590603.165306 4496001.937047 0 0.0003521
10061 590759.436820 4495822.415063 0 0.0003557
10062 590994.770898 4495944.275707 0 0.0005633
10063 590962.739455 4496387.445069 0 0.0003282
10064 590691.586978 4496989.171597 0 0.0005677
10065 590418.164308 4497196.793318 0 0.0003709
10066 590544.411813 4497017.385216 0 0.0004132
10067 590630.801498 4497634.992119 0 0.0002863
10068 590871.123030 4497747.263708 0 0.0003753
10069 591095.953093 4497942.055577 0 0.0005721
10070 591117.694152 4497688.026584 0 0.0004899
10071 590896.985098 4497417.301649 0 0.0003230
10072 590920.642017 4497161.697727 0 0.0003992
10073 590926.435595 4496848.732910 0 0.0005015
10074 591091.570333 4496662.046355 0 0.0004695
10075 591693.090008 4496678.858612 0 0.0002671
10076 591489.180808 4496458.700115 0 0.0003450
10077 591432.222722 4496943.903287 0 0.0003525
10078 591427.133128 4496691.754516 0 0.0002919
10079 589558.020945 4499490.780225 0 0.0004819
10080 589407.082029 4499519.981498 0 0.0004320
10081 589746.271766 4499639.175540 0 0.0003278
10082 589770.274327 4499381.868615 0 0.0003513
10083 589967.401190 4499011.544033 0 0.0004651
10084 590169.107129 4499030.705223 0 0.0003050
10085 590028.452793 4499665.687614 0 0.0004795
10086 590052.580888 4499408.552184 0 0.0003945
10087 590353.320825 4499695.841233 0 0.0004603
10088 590377.135066 4499438.871923 0 0.0005027
10089 590696.327258 4499472.375111 0 0.0003589
10090 590682.907248 4499726.175343 0 0.0004248
10091 590659.024409 4499958.600958 0 0.0003422
10092 590639.628045 4500166.361419 0 0.0003565
10093 590273.231668 4499981.098880 0 0.0005486
10094 589770.744312 4500115.238436 0 0.0000116
10095 589479.014402 4499799.698023 0 0.0004428
10096 589286.063906 4499945.341965 0 0.0003765
10097 589254.552200 4500244.076075 0 0.0004955
10098 589144.941221 4500188.828706 0 0.0005657
10099 589264.793917 4500459.214853 0 0.0003793
10100 589837.801772 4500458.734696 0 0.0004308
10101 589546.067993 4500482.683536 0 0.0005410
10102 590204.953763 4500451.378323 0 0.0004795
10103 590365.501053 4500444.438229 0 0.0004224
10104 590034.862208 4500465.078181 0 0.0004659
10105 590579.006159 4500372.438280 0 0.0004364
10106 590732.390859 4500500.429204 0 0.0003010
10107 590563.895492 4500582.957948 0 0.0004587
10108 590946.095403 4501071.495965 0 0.0004320
10109 591001.693917 4500862.305166 0 0.0004587
10110 590729.962743 4501373.295521 0 0.0004879
10111 590930.690251 4499030.956816 0 0.0003473
10112 590928.115508 4499418.016661 0 0.0003234
10113 591263.449859 4498809.979323 0 0.0011522
10114 591587.226317 4498830.628799 0 0.0005901
10115 591626.014491 4499421.276672 0 0.0005653
10116 591920.023521 4498716.889201 0 0.0007051
10117 592114.445713 4499349.893632 0 0.0008524
10118 591880.989961 4499626.783033 0 0.0005274
10119 592118.099956 4499923.964482 0 0.0006855
10120 592325.483767 4499668.093344 0 0.0004779
10121 592466.885349 4499504.581125 0 0.0004647
10122 592582.784162 4499301.624483 0 0.0004955
10123 592610.302845 4499772.016160 0 0.0002835
10124 592740.295091 4499885.004045 0 0.0003038
10125 592312.395364 4500114.468130 0 0.0004599
10126 592442.165522 4500227.460865 0 0.0003805
10127 592989.085372 4500245.598978 0 0.0006009
10128 593070.431582 4500028.759693 0 0.0004867
10129 593380.134025 4500404.003845 0 0.0009354
10130 593699.116056 4500116.250740 0 0.0007897
10131 593409.752215 4500021.064011 0 0.0006632
10132 593566.541701 4499840.549000 0 0.0004795
10133 593315.978948 4499622.734635 0 0.0005681
10134 593159.015684 4499802.985384 0 0.0006512
10135 593136.204632 4499309.062258 0 0.0005677
10136 592909.040085 4499087.761914 0 0.0007318
10137 592647.981862 4498902.006186 0 0.0007897
10138 592286.285700 4498726.431995 0 0.0006468
10139 591627.268726 4502297.218276 0 0.0003226
10140 591784.000462 4502222.782046 0 0.0001106
10141 591862.935087 4502239.398657 0 0.0002112
10142 592251.855508 4502553.638741 0 0.0007921
10143 593380.479387 4501579.810275 0 0.0004036
10144 593261.613203 4501819.195534 0 0.0005262
10145 593008.039627 4501919.354963 0 0.0003214
10146 593164.557649 4501515.105995 0 0.0004520
10147 592938.731765 4502344.217116 0 0.0002867
10148 593006.306127 4502560.546931 0 0.0003837
10149 593116.151515 4502322.216116 0 0.0004627
10150 593074.184338 4503739.258857 0 0.0002811
10151 593420.953096 4504139.114024 0 0.0003489
10152 593683.548532 4504142.502725 0 0.0006440
10153 593714.781121 4504011.977497 0 0.0004603
10154 593749.454916 4503798.798296 0 0.0006671
10155 593473.226528 4503680.536057 0 0.0005298
10156 594076.877632 4503297.732183 0 0.0003713
10157 594134.787946 4503018.389375 0 0.0003689
10158 593705.313645 4503220.428831 0 0.0002579
10159 593763.070100 4502941.307744 0 0.0004579
10160 593734.200534 4503081.642224 0 0.0005194
10161 593235.469511 4502524.615805 0 0.0004899
10162 593311.831384 4502362.916161 0 0.0004647
10163 593439.613560 4502550.837282 0 0.0003689
10164 593277.177348 4502646.353568 0 0.0003992
10165 593633.017378 4502607.277484 0 0.0003793
10166 593601.088405 4502761.894975 0 0.0003869
10167 593901.495428 4502663.056634 0 0.0003505
10168 593974.545378 4502500.734494 0 0.0003521
10169 593941.169565 4502794.676966 0 0.0003126
10170 594234.179329 4502732.218393 0 0.0002591
10171 588407.277574 4492141.205386 0 0.0003238
10172 588245.143700 4492306.683820 0 0.0014760
10173 587699.906264 4506910.098313 0 0.0005306
10174 596068.043153 4503411.250443 0 0.0003769
10175 589700.710694 4492392.298392 0 0.0006612
10176 590213.564632 4505582.681776 0 0.0004971
10177 585175.558119 4505802.100796 0 0.0005845
10178 584671.198376 4505656.812789 0 0.0001912
10179 584990.665828 4505634.062987 0 0.0009650
10180 584925.125399 4505449.711632 0 0.0004136
10181 584870.008149 4505291.827934 0 0.0003170
10182 585141.071893 4505499.347240 0 0.0005526
10183 585031.956906 4505288.674676 0 0.0004504
10184 584769.621724 4505113.754571 0 0.0003901
10185 584942.016317 4505025.604843 0 0.0004943
10186 585858.335506 4505566.143190 0 0.0003593
10187 586072.386686 4505432.586573 0 0.0005965
10188 586526.723873 4505006.677010 0 0.0000331
10189 586633.294582 4504352.460147 0 0.0003609
10190 585995.002140 4504261.321910 0 0.0002427
10191 585819.520543 4504348.489108 0 0.0003529
10192 581402.988737 4498246.946823 0 0.0005078
10193 581804.353410 4498161.735067 0 0.0004340
10194 581612.581719 4497520.818221 0 0.0003206
10195 583482.518939 4503456.735303 0 0.0003070
10196 583278.838953 4503238.946706 0 0.0002104
10197 583656.976200 4503035.093818 0 0.0001278
10198 588459.322248 4508957.008124 0 0.0003238
10199 588223.926391 4508775.725692 0 0.0003557
10200 588168.348729 4509314.014715 0 0.0004504
10201 588203.339870 4492644.246734 0 0.0004036
10202 588375.277037 4492732.091711 0 0.0005582
10203 588324.480007 4492523.597833 0 0.0004943
10204 588882.875464 4492492.318063 0 0.0003857
10205 591204.948976 4496296.051234 0 0.0007418
10206 592056.459732 4497006.852083 0 0.0003705
10207 591971.100807 4495571.472195 0 0.0008268
10208 590173.209039 4498119.223254 0 0.0004232
10209 587980.665952 4497129.962616 0 0.0003442
10210 587714.161067 4496871.067062 0 0.0004140
10211 587919.326658 4496723.967633 0 0.0006021
10212 588077.372489 4501069.125815 0 0.0009338
10213 588051.878302 4501248.859539 0 0.0008280
10214 588111.587595 4500861.628881 0 0.0009099
10215 588131.285025 4500615.995543 0 0.0010121
10216 588029.264365 4501454.283822 0 0.0005330
10217 591010.949116 4501304.429819 0 0.0007286
10218 591319.315341 4501906.888343 0 0.0002687
10219 591738.841706 4502447.925224 0 0.0002619
10220 592807.479034 4502256.759357 0 0.0003186
10221 592369.311775 4501989.841604 0 0.0011766
10222 592178.414784 4501320.757590 0 0.0005925
10223 592058.655243 4502152.982522 0 0.0003517
10224 592053.013539 4501923.883060 0 0.0002954
10225 590521.442940 4499076.888742 0 0.0004559
10226 590909.413389 4500137.523745 0 0.0002515
10227 591028.762484 4499990.488271 0 0.0002527
10228 591096.951288 4499713.205398 0 0.0002264
10229 592866.152027 4499548.785919 0 0.0003685
10230 584064.654639 4492574.768398 0 0.0005550
10231 586101.480214 4492335.177023 0 0.0004595
10232 586361.201642 4492351.490663 0 0.0005178
10233 586787.798823 4492169.341723 0 0.0009546
10234 587146.895954 4492468.194452 0 0.0009179
10235 587276.199511 4492413.007577 0 0.0007901
10236 587385.763307 4492167.653905 0 0.0004340
10237 591254.922984 4502908.914940 0 0.0005601
10238 591426.805229 4502974.212836 0 0.0002320
10239 587882.697208 4493322.718581 0 0.0003098
10240 587254.894813 4493593.219238 0 0.0005294
10241 587117.463822 4493531.417881 0 0.0003621
10242 586057.840641 4494021.047726 0 0.0009586
10243 586309.258083 4493920.764112 0 0.0009754
10244 590578.783066 4506012.867907 0 0.0005853
10245 590793.516956 4505935.791884 0 0.0003769
10246 591010.733112 4506166.706176 0 0.0004791
10247 591074.714297 4506119.590257 0 0.0005733
10248 590348.049355 4507953.248371 0 0.0000068
10249 587138.288728 4498196.718513 0 0.0005502
10250 587337.502624 4498271.990083 0 0.0006811
10251 589555.325136 4506424.225113 0 0.0004843
10252 589605.042393 4506233.031122 0 0.0007845
10253 594364.818658 4501036.169329 0 0.0003621
10254 593810.763835 4501033.174247 0 0.0003306
10255 594338.371181 4501812.251888 0 0.0004575
10256 594364.588063 4501235.029649 0 0.0009027
10257 594613.793568 4501588.895409 0 0.0005801
10258 593306.367990 4502992.268598 0 0.0002527
10259 593335.193829 4502852.312235 0 0.0002627
10260 594105.722692 4503158.780749 0 0.0002958
10261 595504.522418 4503722.028873 0 0.0004320
10262 595933.077537 4502998.772976 0 0.0009438
10263 595983.359072 4502750.483466 0 0.0006073
10264 595365.920122 4502566.450461 0 0.0007502
10265 595938.658423 4502370.863006 0 0.0007733
10266 586840.220517 4504609.782502 0 0.0003505
10267 586757.978293 4504604.431681 0 0.0003541
10268 586677.560767 4504587.720342 0 0.0004679
10269 588043.790906 4504435.879398 0 0.0002615
10270 588010.583280 4504638.652087 0 0.0003446
10271 587988.613249 4504844.172035 0 0.0010923
10272 588552.517552 4503716.107619 0 0.0004000
10273 590127.923802 4502902.936542 0 0.0004883
10274 591206.950917 4504494.132629 0 0.0003098
10275 583291.478543 4500912.890377 0 0.0008404
10276 583103.301152 4500029.320627 0 0.0003785
10277 583274.959580 4500247.851831 0 0.0002891
10278 585484.106790 4506253.666478 0 0.0006105
10279 585178.371429 4506283.505890 0 0.0005114
10280 585889.907234 4506302.902544 0 0.0003170
10281 582551.048906 4499348.081236 0 0.0007937
10282 582821.546846 4499930.645384 0 0.0005338
10283 582831.712982 4499688.824516 0 0.0005142
10284 585794.776108 4506006.486840 0 0.0006208
10285 586421.284983 4505384.661054 0 0.0004080
10286 586255.125887 4505400.578132 0 0.0008768
10287 582147.846696 4499210.772325 0 0.0003270
10288 582054.821992 4498998.786631 0 0.0003637
10289 586189.727239 4505152.750925 0 0.0007186
10290 586157.248094 4504949.054190 0 0.0002352
10291 586266.375593 4504686.482784 0 0.0005985
10292 586536.614265 4504674.048737 0 0.0003306
10293 581702.805909 4498954.457425 0 0.0005242
10294 581650.659454 4498801.737910 0 0.0003809
10295 581729.341352 4499276.375529 0 0.0003114
10296 586478.711702 4504324.372299 0 0.0002595
10297 581996.318968 4498810.002736 0 0.0004787
10298 581899.994019 4498481.157388 0 0.0003497
10299 581945.631462 4498633.623631 0 0.0006903
10300 589873.009336 4505615.529136 0 0.0004288
10301 589987.263890 4505461.118121 0 0.0002196
10302 590034.977476 4505385.659820 0 0.0005458
10303 585017.822683 4495500.343356 0 0.0004244
10304 584894.492195 4495341.744875 0 0.0004104
10305 584770.611267 4495181.288203 0 0.0005458
10306 590409.688792 4505253.574928 0 0.0002687
10307 590049.472796 4505304.997175 0 0.0005058
10308 590063.231321 4505224.046309 0 0.0002603
10309 590076.593196 4505143.104879 0 0.0003777
10310 585133.796657 4495259.987680 0 0.0004823
10311 585231.115231 4495385.439366 0 0.0004687
10312 584985.370452 4495068.584075 0 0.0006140
10313 590096.511640 4505021.388329 0 0.0004392
10314 590116.460704 4504899.485126 0 0.0004384
10315 590129.880260 4504818.199738 0 0.0003605
10316 584816.385229 4494847.789663 0 0.0005154
10317 590156.399871 4504655.885802 0 0.0003481
10318 590143.262819 4504737.050924 0 0.0002687
10319 590169.918418 4504574.907403 0 0.0002942
10320 590182.793728 4504493.626505 0 0.0003290
10321 584746.795874 4494321.883958 0 0.0009267
10322 590079.669736 4504351.612622 0 0.0003270
10323 590326.093548 4504391.901488 0 0.0003162
10324 590106.157843 4504189.295560 0 0.0003426
10325 590352.891678 4504229.746808 0 0.0003817
10326 585210.790552 4495010.128960 0 0.0006077
10327 585396.952770 4495206.618968 0 0.0005677
10328 585141.248634 4494786.977326 0 0.0005578
10329 584970.530053 4494720.529061 0 0.0004811
10330 590317.322459 4503804.310103 0 0.0005893
10331 590139.459526 4503986.391694 0 0.0003841
10332 590386.144280 4504026.461371 0 0.0003617
10333 585703.630819 4494744.524969 0 0.0004851
10334 585661.579355 4495120.937605 0 0.0006101
10335 585652.912321 4496059.671189 0 0.0004863
10336 585141.374072 4496422.308406 0 0.0004284
10337 585417.076421 4496275.260159 0 0.0005757
10338 589212.006975 4504334.776703 0 0.0004288
10339 589224.780463 4504253.545338 0 0.0003697
10340 589238.271396 4504172.529685 0 0.0004200
10341 589251.409194 4504091.358287 0 0.0003465
10342 585624.743037 4495893.187831 0 0.0004368
10343 585435.683672 4496040.184385 0 0.0003817
10344 585221.415519 4496151.675054 0 0.0005130
10345 585452.988696 4495868.185613 0 0.0003406
10346 589162.814538 4503908.233145 0 0.0004344
10347 589391.056081 4503989.248094 0 0.0003438
10348 589423.328391 4503839.982304 0 0.0003278
10349 585543.624074 4495395.138656 0 0.0004743
10350 585376.121296 4495573.191296 0 0.0005035
10351 585235.850447 4495782.552474 0 0.0005637
10352 585067.663170 4495695.421409 0 0.0004703
10353 585404.260189 4495801.950432 0 0.0003553
10354 589824.717658 4503818.715198 0 0.0006256
10355 589760.337281 4504007.770149 0 0.0002950
10356 589773.456611 4503926.496320 0 0.0002024
10357 584945.740894 4496165.956589 0 0.0007334
10358 585048.063171 4495927.811261 0 0.0004755
10359 589707.440313 4504332.367408 0 0.0003996
10360 589733.316326 4504170.243627 0 0.0003709
10361 589720.172230 4504251.412254 0 0.0004923
10362 589746.091883 4504088.757531 0 0.0004060
10363 584581.730458 4495948.271091 0 0.0005023
10364 584696.550413 4496050.092733 0 0.0004492
10365 584681.414693 4496211.431155 0 0.0005234
10366 589537.134522 4504596.587256 0 0.0005170
10367 589779.933130 4504636.275820 0 0.0004875
10368 589563.571398 4504433.987617 0 0.0001944
10369 589806.377999 4504473.691329 0 0.0003761
10370 584401.014088 4495480.453075 0 0.0005949
10371 591304.771964 4503884.845957 0 0.0005801
10372 591358.987426 4503731.804285 0 0.0004899
10373 590639.486354 4504026.203392 0 0.0003398
10374 590673.379625 4503817.123498 0 0.0002579
10375 590943.782240 4503833.303627 0 0.0009043
10376 590900.924880 4504068.849383 0 0.0003996
10377 586092.776444 4493772.159298 0 0.0004388
10378 590717.738198 4504414.325084 0 0.0004124
10379 590731.113366 4504333.198762 0 0.0004839
10380 590743.986780 4504251.729449 0 0.0003334
10381 590758.069769 4504170.712737 0 0.0003398
10382 590664.369138 4504739.018016 0 0.0004488
10383 590677.148578 4504657.921332 0 0.0002004
10384 590690.916573 4504576.745589 0 0.0004336
10385 590704.708485 4504495.417432 0 0.0002835
10386 586856.370987 4493982.107635 0 0.0008105
10387 586557.974865 4494048.612424 0 0.0005777
10388 590466.386158 4505081.608328 0 0.0004492
10389 590493.178673 4504919.453161 0 0.0004364
10390 590651.268831 4504820.159087 0 0.0003721
10391 590719.743988 4504999.846479 0 0.0003434
10392 587265.527078 4494127.405803 0 0.0005074
10393 587374.885724 4494108.429677 0 0.0003797
10394 587082.511022 4494179.885740 0 0.0002946
10395 587160.560526 4493939.190737 0 0.0003517
10396 589672.597612 4506052.678767 0 0.0005290
10397 589993.074656 4505762.743368 0 0.0002679
10398 589787.984702 4505892.458477 0 0.0003102
10399 587763.763504 4494030.611037 0 0.0004935
10400 587500.731433 4494146.362999 0 0.0004176
10401 590222.180231 4505831.699755 0 0.0004575
10402 589994.011279 4506083.460672 0 0.0004619
10403 587726.644940 4494541.022244 0 0.0004799
10404 586326.334527 4491894.683318 0 0.0004975
10405 589992.293179 4502560.711850 0 0.0005917
10406 589977.424175 4502310.348962 0 0.0007486
10407 590004.307669 4502763.389358 0 0.0007202
10408 587081.958858 4492901.934938 0 0.0007654
10409 586802.222168 4492442.466255 0 0.0007837
10410 589958.104864 4502045.480387 0 0.0007482
10411 590317.147487 4502096.675172 0 0.0007550
10412 590241.318619 4502002.383321 0 0.0005941
10413 586832.079326 4494647.669521 0 0.0004480
10414 586376.193486 4494576.329364 0 0.0005098
10415 586577.682516 4494608.093945 0 0.0002675
10416 591998.876671 4504470.376016 0 0.0003330
10417 591822.446132 4504619.646107 0 0.0006005
10418 591812.618387 4504438.793782 0 0.0004711
10419 585997.486754 4494396.250886 0 0.0005645
10420 586195.910123 4494428.516398 0 0.0005294
10421 592392.169774 4504311.618445 0 0.0004971
10422 592187.430880 4504414.745680 0 0.0004807
10423 592101.355749 4504228.876649 0 0.0004348
10424 585895.510153 4495066.878578 0 0.0004939
10425 585794.453074 4495113.132952 0 0.0005246
10426 592563.551176 4503971.473267 0 0.0003418
10427 592357.396600 4504042.153370 0 0.0002491
10428 589562.786117 4507534.227496 0 0.0005721
10429 589700.137277 4507438.284525 0 0.0002663
10430 589760.000182 4507624.269168 0 0.0002707
10431 587093.814526 4498359.962372 0 0.0005126
10432 587279.475521 4498541.015282 0 0.0003477
10433 587194.372553 4498776.018064 0 0.0005070
10434 587034.540917 4498509.461411 0 0.0007610
10435 586935.161647 4498735.854687 0 0.0009426
10436 586729.338106 4498652.108193 0 0.0006671
10437 586618.836980 4498562.088577 0 0.0005785
10438 586484.703170 4498951.194705 0 0.0004867
10439 586383.522641 4499351.428560 0 0.0004899
10440 586312.135239 4499193.198407 0 0.0004480
10441 586696.828510 4499253.665209 0 0.0006979
10442 586488.582405 4499532.470453 0 0.0005402
10443 586533.826905 4499228.451975 0 0.0005166
10444 589713.300688 4506326.997669 0 0.0003438
10445 586928.837194 4499213.975402 0 0.0010101
10446 586847.909133 4499006.310014 0 0.0009434
10447 586653.553130 4498975.705927 0 0.0004016
10448 589413.772771 4506295.223295 0 0.0002635
10449 589262.807726 4506355.626868 0 0.0008085
10450 589109.393536 4506442.097465 0 0.0007234
10451 586999.129428 4499740.664036 0 0.0004212
10452 587090.781837 4499388.383084 0 0.0005446
10453 587145.026800 4499050.494640 0 0.0004296
10454 589363.676218 4506657.913287 0 0.0005637
10455 589524.359406 4506650.254421 0 0.0006779
10456 589374.517409 4507104.569339 0 0.0008624
10457 589375.792013 4506916.996460 0 0.0005717
10458 589533.783485 4506843.554259 0 0.0003685
10459 586826.661714 4499791.443103 0 0.0004687
10460 586855.874369 4499550.016154 0 0.0006707
10461 588795.203944 4506985.341854 0 0.0005470
10462 587643.032423 4500194.002162 0 0.0007374
10463 588307.679214 4507271.098263 0 0.0003941
10464 588483.776745 4507300.891633 0 0.0005074
10465 588667.392790 4507380.301012 0 0.0003949
10466 588702.349603 4507134.030757 0 0.0004332
10467 587722.859599 4499686.769356 0 0.0003637
10468 587729.952028 4499430.628243 0 0.0008173
10469 588636.614526 4508109.793233 0 0.0005478
10470 588218.178856 4508296.619999 0 0.0005027
10471 588363.621490 4508255.926417 0 0.0001900
10472 587753.703248 4499013.804298 0 0.0004512
10473 587866.356536 4499085.439723 0 0.0005035
10474 587988.439832 4499164.472462 0 0.0004088
10475 588370.431351 4507894.568622 0 0.0005805
10476 588092.335452 4507507.259399 0 0.0004192
10477 588211.673219 4507674.345462 0 0.0004232
10478 587534.606276 4499241.209759 0 0.0006556
10479 587643.201945 4498942.478031 0 0.0005054
10480 587552.622541 4498752.943524 0 0.0005270
10481 588110.188523 4507249.925046 0 0.0006348
10482 587802.768541 4507234.325227 0 0.0004847
10483 587939.054092 4507199.991623 0 0.0005011
10484 587891.030269 4507421.835013 0 0.0002619
10485 588019.378263 4507361.013234 0 0.0003010
10486 587888.847899 4506977.171043 0 0.0008664
10487 587322.614972 4499128.437134 0 0.0008456
10488 587461.206311 4498825.312373 0 0.0004699
10489 588510.553502 4495841.127042 0 0.0006648
10490 587344.243686 4507573.908119 0 0.0003585
10491 587744.886403 4507442.924893 0 0.0004775
10492 589934.151106 4493643.571171 0 0.0008404
10493 588920.056101 4493351.194547 0 0.0003378
10494 589187.732775 4493444.547603 0 0.0007570
10495 587380.714117 4498752.588017 0 0.0004240
10496 588193.307371 4507015.885760 0 0.0003465
10497 588209.992174 4506877.200360 0 0.0003613
10498 588362.218881 4507072.993620 0 0.0003957
10499 588546.944988 4506745.454529 0 0.0003210
10500 588359.321442 4506939.634395 0 0.0005298
10501 588487.123566 4506881.878393 0 0.0002827
10502 588568.324778 4506946.947665 0 0.0004096
10503 587536.486459 4498301.052107 0 0.0003693
10504 587852.482146 4498294.187633 0 0.0003565
10505 588372.985383 4506620.511623 0 0.0006452
10506 588455.945211 4506493.994274 0 0.0003937
10507 588153.129018 4506756.457776 0 0.0005498
10508 587562.850035 4497896.977667 0 0.0004931
10509 587683.249513 4497916.295360 0 0.0004579
10510 587761.640468 4497927.940256 0 0.0004324
10511 588167.085012 4506093.530911 0 0.0002659
10512 588339.156167 4506092.533037 0 0.0009945
10513 588422.286205 4505980.976854 0 0.0013247
10514 587859.986519 4497989.751742 0 0.0005158
10515 587982.183571 4497664.975799 0 0.0005138
10516 587990.218277 4506551.783564 0 0.0005222
10517 587986.199589 4506320.205186 0 0.0005669
10518 588094.568469 4506195.417093 0 0.0003737
10519 588138.339203 4506452.012425 0 0.0006232
10520 588246.072265 4506327.951611 0 0.0005354
10521 587687.838521 4497373.911533 0 0.0003553
10522 587606.562169 4497360.999124 0 0.0003334
10523 587766.144038 4497385.895103 0 0.0005290
10524 587844.471435 4497398.074868 0 0.0005322
10525 593835.897996 4501353.954820 0 0.0005757
10526 594059.938798 4501594.106035 0 0.0003761
10527 594938.127980 4502223.146424 0 0.0008867
10528 593277.466578 4503131.129510 0 0.0002998
10529 593668.372677 4502437.146189 0 0.0004248
10530 593155.514225 4503379.498083 0 0.0003422
10531 593467.489530 4503405.031258 0 0.0005202
10532 593773.357838 4503469.385312 0 0.0005054
10533 596246.401758 4502930.555278 0 0.0005781
10534 587907.452035 4505574.852014 0 0.0005058
10535 588077.185515 4505606.289258 0 0.0010452
10536 586326.532125 4500551.295916 0 0.0003917
10537 586276.288497 4500767.007755 0 0.0002998
10538 587194.624482 4499830.343199 0 0.0005110
10539 587290.436618 4499459.755459 0 0.0004180
10540 587457.057960 4499808.739429 0 0.0003953
10541 589560.381008 4503645.855697 0 0.0006735
10542 584558.070393 4494525.817847 0 0.0004983
10543 588008.534807 4503606.062953 0 0.0003350
10544 587037.954341 4492331.191789 0 0.0003965
10545 591911.987932 4503228.274081 0 0.0008057
10546 587348.466701 4493257.424272 0 0.0005402
10547 589824.965257 4507040.789865 0 0.0004016
10548 589906.326649 4506471.298286 0 0.0006005
10549 590141.879661 4497021.281288 0 0.0001968
10550 595078.965151 4501977.079341 0 0.0005043
10551 593225.909178 4501989.586118 0 0.0003370
10552 592890.264873 4503048.851698 0 0.0001441
10553 588926.639040 4506500.495693 0 0.0007670
10554 587869.356506 4500859.181332 0 0.0009838
10555 587769.862767 4500331.813031 0 0.0006312
10556 587828.229720 4500188.959558 0 0.0004963
10557 587770.655923 4499964.767887 0 0.0006540
10558 587690.350507 4499951.686510 0 0.0005985
10559 587569.820059 4499933.547258 0 0.0005645
10560 587890.355775 4499530.237696 0 0.0009562
10561 587961.483819 4499776.083121 0 0.0008037
10562 588142.552941 4499503.363164 0 0.0008077
10563 588327.051945 4506234.795876 0 0.0002204
10564 587313.961871 4505624.781650 0 0.0001278
10565 587454.427337 4506675.591683 0 0.0002288
10566 587515.191034 4506565.023059 0 0.0007538
10567 587504.842405 4506453.818440 0 0.0006923
10568 587968.081191 4508946.547721 0 0.0002998
10569 587840.719711 4509848.065560 0 0.0003461
10570 588562.942119 4493084.041120 0 0.0004763
10571 588122.386755 4492714.259855 0 0.0003473
10572 588130.476026 4492898.205930 0 0.0004448
10573 588511.692499 4492693.472027 0 0.0006484
10574 588453.657621 4492461.188081 0 0.0004695
10575 589443.873518 4492603.422503 0 0.0003529
10576 591692.786574 4497685.308239 0 0.0006029
10577 591407.396850 4497206.901818 0 0.0003118
10578 591176.842630 4497054.631945 0 0.0004032
10579 588378.992515 4498949.942264 0 0.0005805
10580 588692.387586 4498746.783097 0 0.0005062
10581 588568.523550 4498276.812237 0 0.0006903
10582 588439.540906 4498644.334222 0 0.0006648
10583 588876.006154 4498539.023645 0 0.0003493
10584 589016.647705 4498223.020343 0 0.0008009
10585 589368.994478 4498262.882453 0 0.0005941
10586 589421.818604 4498399.093675 0 0.0004851
10587 589722.879917 4498600.072701 0 0.0004555
10588 589698.735560 4498855.696649 0 0.0003797
10589 589312.216172 4499077.250242 0 0.0009909
10590 589633.802495 4499107.468175 0 0.0005518
10591 589376.970236 4498825.525603 0 0.0004152
10592 589400.934799 4498569.998482 0 0.0005222
10593 589013.143876 4498683.702765 0 0.0003106
10594 588873.660031 4498798.715616 0 0.0004220
10595 588678.563457 4499042.071145 0 0.0003254
10596 589068.748233 4499054.603600 0 0.0005829
10597 588866.379685 4499035.867661 0 0.0004579
10598 588490.316415 4499284.374907 0 0.0006755
10599 588625.252082 4499404.807317 0 0.0004987
10600 588491.920576 4499521.672419 0 0.0004176
10601 588307.839706 4499521.713171 0 0.0004420
10602 588481.659643 4499935.994454 0 0.0007278
10603 588513.270933 4499723.730001 0 0.0003981
10604 588237.879193 4499831.557970 0 0.0006196
10605 588299.716380 4500308.578325 0 0.0004124
10606 588446.191976 4500134.463436 0 0.0003318
10607 588428.717287 4501738.121455 0 0.0004691
10608 590688.213351 4500968.838545 0 0.0004168
10609 590768.569582 4500976.203989 0 0.0003525
10610 590491.119264 4500778.690370 0 0.0005382
10611 590466.052262 4501126.007490 0 0.0003473
10612 590480.283751 4500970.155072 0 0.0003745
10613 590080.772661 4501045.223150 0 0.0003973
10614 590164.594788 4500828.111063 0 0.0004851
10615 590279.356017 4500908.085507 0 0.0003969
10616 589856.937117 4501068.267603 0 0.0002368
10617 591413.608000 4497593.214348 0 0.0006021
10618 591182.054583 4497443.864281 0 0.0003529
10619 591781.988483 4496953.175236 0 0.0002463
10620 592573.028116 4497226.624726 0 0.0002795
10621 592386.959433 4497095.822528 0 0.0004004
10622 592299.728983 4496456.798143 0 0.0003002
10623 592136.867984 4495925.656769 0 0.0007558
10624 592557.626517 4496106.439750 0 0.0003517
10625 592602.450079 4495723.579686 0 0.0003897
10626 591533.393153 4499167.268947 0 0.0005701
10627 592780.936571 4496707.865940 0 0.0006304
10628 591333.874558 4498118.632062 0 0.0008652
10629 590678.125654 4498427.904577 0 0.0004456
10630 591166.906447 4498489.823787 0 0.0006144
10631 590612.867181 4498683.398794 0 0.0003082
10632 592045.483270 4498390.479759 0 0.0007717
10633 592705.478929 4498335.578890 0 0.0010249
10634 593027.340980 4498426.636201 0 0.0005202
10635 592871.688248 4498606.078434 0 0.0004735
10636 593116.472404 4498819.129654 0 0.0004372
10637 593262.243503 4498627.277237 0 0.0004108
10638 593370.420802 4499040.403316 0 0.0004516
10639 593512.535559 4498851.853548 0 0.0004739
10640 593627.727413 4499264.307569 0 0.0003106
10641 593471.769332 4499443.531555 0 0.0004607
10642 593722.602250 4499661.353320 0 0.0005490
10643 593878.267960 4499482.094318 0 0.0003134
10644 594012.203927 4499756.676705 0 0.0005845
10645 594191.616194 4499712.728140 0 0.0007390
10646 594113.741623 4499211.206004 0 0.0007674
10647 593863.482367 4498992.948157 0 0.0008284
10648 593592.475767 4498599.548289 0 0.0008476
10649 593156.731380 4498225.126688 0 0.0011063
10650 593638.500005 4497928.700872 0 0.0004132
10651 594476.923118 4498760.887463 0 0.0015643
10652 595543.966806 4500428.266218 0 0.0001286
10653 595248.536842 4501542.750907 0 0.0003845
10654 595086.812968 4501653.965347 0 0.0004200
10655 593197.174658 4500992.486878 0 0.0004512
10656 594269.374649 4502561.946199 0 0.0003078
10657 594201.804801 4502886.693884 0 0.0002942
10658 594559.047527 4502799.677302 0 0.0003625
10659 594593.903833 4502629.339280 0 0.0003897
10660 594527.346647 4502954.476125 0 0.0004140
10661 594469.740337 4503234.359044 0 0.0003685
10662 594498.472123 4503094.047427 0 0.0004392
10663 594441.518310 4503373.261372 0 0.0003529
10664 594355.771285 4503730.056277 0 0.0004316
10665 594502.501948 4503719.811078 0 0.0003897
10666 594113.443114 4503514.046566 0 0.0003877
10667 594165.220255 4503680.144421 0 0.0003629
10668 593992.823699 4504000.632492 0 0.0006416
10669 594039.631612 4503810.326281 0 0.0004416
10670 594330.381035 4504054.068607 0 0.0008879
10671 594321.591379 4504251.305083 0 0.0006719
10672 594652.176962 4504328.905756 0 0.0008795
10673 594673.302829 4503982.369967 0 0.0008488
10674 594855.449712 4504498.956895 0 0.0004743
10675 594960.742486 4504233.854239 0 0.0006236
10676 595054.194804 4504637.892115 0 0.0006396
10677 595181.655097 4504403.138070 0 0.0006831
10678 595129.036308 4504028.741830 0 0.0006855
10679 594808.072517 4504885.272440 0 0.0000024
10680 595274.409235 4504674.950183 0 0.0006364
10681 595376.440424 4504783.692439 0 0.0005621
10682 595590.828614 4504896.012712 0 0.0006280
10683 595540.791338 4504728.491954 0 0.0006029
10684 595385.096396 4504274.887554 0 0.0007809
10685 595687.383101 4504384.142140 0 0.0006683
10686 581854.956332 4496648.569351 0 0.0004448
10687 581740.729959 4496528.632719 0 0.0005450
10688 584870.169504 4500011.450110 0 0.0005657
10689 585223.467294 4503032.719559 0 0.0001533
10690 585713.405596 4503631.994033 0 0.0002491
10691 585797.403662 4503409.117465 0 0.0002084
10692 582764.378374 4498828.822825 0 0.0004671
10693 582966.755843 4498685.939455 0 0.0003493
10694 582799.432540 4498016.210083 0 0.0005158
10695 582457.923083 4496246.808006 0 0.0002555
10696 583115.381359 4496969.709198 0 0.0004116
10697 583303.248007 4496824.128120 0 0.0004104
10698 583725.655260 4495410.074394 0 0.0003242
10699 586295.669831 4505648.743960 0 0.0002088
10700 586760.616860 4505630.199272 0 0.0002743
10701 590131.944143 4503629.820377 0 0.0003130
10702 584177.490014 4495192.286865 0 0.0004336
10703 584341.808927 4495081.496977 0 0.0004348
10704 584440.388688 4495014.395297 0 0.0002124
10705 584511.523023 4494846.717625 0 0.0003593
10706 584632.029215 4495000.368123 0 0.0004687
10707 585689.118268 4494457.050378 0 0.0009083
10708 585622.481746 4494200.012752 0 0.0005298
10709 587963.947077 4503428.871987 0 0.0004360
10710 587937.498846 4503331.006052 0 0.0007821
10711 587912.624297 4503232.967591 0 0.0006624
10712 584199.631078 4491954.124388 0 0.0003917
10713 583716.737575 4492351.216053 0 0.0002623
10714 585227.285840 4491774.827236 0 0.0002719
10715 588308.789211 4505647.290895 0 0.0008476
10716 585950.520066 4501171.798916 0 0.0003226
10717 588039.722896 4505262.528248 0 0.0007119
10718 591217.420883 4503272.535855 0 0.0003438
10719 585533.350671 4505934.064003 0 0.0002839
10720 585876.705692 4505101.949254 0 0.0004500
10721 586027.960527 4506011.327577 0 0.0006184
10722 585891.349285 4505827.810525 0 0.0004563
10723 581318.684156 4496888.774440 0 0.0005538
10724 583657.543928 4503081.235144 0 0.0001086
10725 585510.226542 4504191.979121 0 0.0006025
10726 584154.012960 4503241.449903 0 0.0007698
10727 584102.461320 4503105.813942 0 0.0009674
10728 584477.208812 4500280.489088 0 0.0004775
10729 583146.229545 4498496.810941 0 0.0002423
10730 591791.729057 4498078.301111 0 0.0009063
10731 591910.724161 4497340.393993 0 0.0009522
10732 592465.889319 4497544.207534 0 0.0010708
10733 591713.780778 4496248.822656 0 0.0002635
10734 593743.905873 4494200.620048 0 0.0000148
10735 593262.284592 4496462.473681 0 0.0004476
10736 589724.012024 4498316.768629 0 0.0004404
10737 589145.586929 4498672.851776 0 0.0009666
10738 588012.730200 4501657.598016 0 0.0006795
10739 587738.115493 4501329.028771 0 0.0008005
10740 587810.225164 4501487.325509 0 0.0008276
10741 587839.020695 4501172.955679 0 0.0005482
10742 589652.257251 4501257.224032 0 0.0004779
10743 588658.851025 4500802.570693 0 0.0007917
10744 588675.957996 4500618.033101 0 0.0005621
10745 588380.930646 4500932.207980 0 0.0008153
10746 588395.528178 4500779.929642 0 0.0008560
10747 588412.579571 4500598.355637 0 0.0007434
10748 589293.075845 4499283.616914 0 0.0007538
10749 589049.505540 4499260.675444 0 0.0006803
10750 591058.725892 4501969.632201 0 0.0004663
10751 592410.971929 4514221.419272 0 0.0003882
10752 598822.804527 4505756.951585 0 0.0006393
10753 598688.216890 4505693.461961 0 0.0006926
10754 592706.406058 4514619.160701 0 0.0005644
10755 592937.597027 4514493.671897 0 0.0003990
10756 598429.533838 4505526.438146 0 0.0007320
10757 598549.175746 4505641.035917 0 0.0005743
10758 598275.579279 4505452.759757 0 0.0006029
10759 598155.731584 4505339.264123 0 0.0004788
10760 597937.891928 4505479.787692 0 0.0005182
10761 597957.103705 4505252.187799 0 0.0006375
10762 598063.169372 4505778.085851 0 0.0004667
10763 597919.034827 4506044.695552 0 0.0004434
10764 598117.303774 4506312.484734 0 0.0002851
10765 598225.192053 4506019.815933 0 0.0004971
10766 598503.400353 4506352.566086 0 0.0003416
10767 598446.211732 4506176.670179 0 0.0004528
10768 598555.433050 4506738.565832 0 0.0010118
10769 598391.710403 4506721.300520 0 0.0010006
10770 598258.659292 4506739.018392 0 0.0002506
10771 592918.679429 4513881.614804 0 0.0006325
10772 598809.348029 4506880.725167 0 0.0003766
10773 599017.479708 4506834.441648 0 0.0005075
10774 592419.082422 4513688.028010 0 0.0007078
10775 599329.361637 4506750.362006 0 0.0009670
10776 599002.321215 4507131.298598 0 0.0006487
10777 599017.250182 4506453.598962 0 0.0008369
10778 591960.539577 4513588.644516 0 0.0003026
10779 599323.273212 4506127.482261 0 0.0012606
10780 601209.714050 4507356.841544 0 0.0008002
10781 600976.528012 4507399.713010 0 0.0003524
10782 601003.425362 4507615.010241 0 0.0004174
10783 600907.484335 4507813.679718 0 0.0004537
10784 601395.612313 4507767.016185 0 0.0005169
10785 601732.831821 4507351.550476 0 0.0008822
10786 595868.271645 4510098.946233 0 0.0010974
10787 606376.308021 4501592.708849 0 0.0005030
10788 605663.692474 4500882.504477 0 0.0006980
10789 595536.093210 4510291.033869 0 0.0007796
10790 595256.966757 4510206.981524 0 0.0007244
10791 602121.726184 4507850.521776 0 0.0009037
10792 595339.917699 4510533.909322 0 0.0012207
10793 595372.733778 4510419.803631 0 0.0005613
10794 601960.424080 4507247.863287 0 0.0009791
10795 601798.745916 4507018.218722 0 0.0007984
10796 595298.290719 4510699.193590 0 0.0013848
10797 602384.385531 4507261.215235 0 0.0009970
10798 602555.974056 4507312.330013 0 0.0009392
10799 595364.573527 4510918.752781 0 0.0010234
10800 595173.524265 4511040.191745 0 0.0008970
10801 602449.066962 4508038.724060 0 0.0007365
10802 595434.915475 4511326.885827 0 0.0009495
10803 600987.930188 4502693.502240 0 0.0004295
10804 601210.661667 4502871.228891 0 0.0006227
10805 601001.548614 4503099.230168 0 0.0005361
10806 600565.391376 4502975.309220 0 0.0005769
10807 600637.194774 4502597.013498 0 0.0004048
10808 600780.936194 4503042.603216 0 0.0005774
10809 599673.082258 4511284.141618 0 0.0006653
10810 599474.631529 4510874.642553 0 0.0008508
10811 599596.622534 4502894.970641 0 0.0005935
10812 599877.605963 4502779.046479 0 0.0005420
10813 599308.121964 4502932.830727 0 0.0004443
10814 600203.268794 4502733.243864 0 0.0006482
10815 599975.408190 4503328.500138 0 0.0006294
10816 599919.966265 4503114.778388 0 0.0006428
10817 599500.073803 4503425.315966 0 0.0005182
10818 599452.910067 4503218.799302 0 0.0004550
10819 600380.411057 4503153.833040 0 0.0006585
10820 599394.959716 4511892.174938 0 0.0009329
10821 599328.582295 4502532.619257 0 0.0006052
10822 599862.750293 4502461.987672 0 0.0006186
10823 600026.409623 4502258.088896 0 0.0004720
10824 598968.139806 4512643.981400 0 0.0007845
10825 599249.663315 4512859.084305 0 0.0005738
10826 599376.960351 4512782.998509 0 0.0009912
10827 599169.583492 4512408.976923 0 0.0008728
10828 599530.641616 4512080.035580 0 0.0008957
10829 599494.793748 4512358.809622 0 0.0008894
10830 599578.015145 4512266.716050 0 0.0008477
10831 601847.411971 4510620.521504 0 0.0001762
10832 603080.163966 4512299.094545 0 0.0005429
10833 605875.130974 4513719.864980 0 0.0006146
10834 607479.523480 4513551.760537 0 0.0004254
10835 607014.063363 4514036.189878 0 0.0002587
10836 609339.705632 4511278.110886 0 0.0003792
10837 609376.484740 4511068.641313 0 0.0003304
10838 609421.928261 4510852.255985 0 0.0003958
10839 609461.366213 4510632.117215 0 0.0003129
10840 609327.418985 4511751.283042 0 0.0003846
10841 589973.854937 4510456.482830 0 0.0001860
10842 602185.033594 4506118.226136 0 0.0006913
10843 602130.232459 4506809.123331 0 0.0006348
10844 607902.545943 4509371.066068 0 0.0005066
10845 598017.106692 4508389.336242 0 0.0006442
10846 589119.642964 4512190.974357 0 0.0005245
10847 589255.511309 4512101.600959 0 0.0005581
10848 589154.991945 4511961.736335 0 0.0005657
10849 589013.722407 4512048.766695 0 0.0005361
10850 588905.850332 4512063.213867 0 0.0006509
10851 589531.570807 4511708.804200 0 0.0002986
10852 589562.684089 4511894.220386 0 0.0001923
10853 589617.465494 4512139.417275 0 0.0003707
10854 597369.347584 4502412.198547 0 0.0012704
10855 597529.134680 4502421.980045 0 0.0010284
10856 599271.819282 4506355.111386 0 0.0006886
10857 599839.947538 4506237.366253 0 0.0008329
10858 599584.222754 4505856.187019 0 0.0004393
10859 591970.192943 4513308.065403 0 0.0006079
10860 591804.558156 4513432.039339 0 0.0012144
10861 598972.832660 4505957.136324 0 0.0009454
10862 592275.402411 4513125.185306 0 0.0004088
10863 592105.453857 4513226.034073 0 0.0005980
10864 591731.554742 4513142.105324 0 0.0004931
10865 591935.366910 4513019.422080 0 0.0004214
10866 592139.799348 4512897.394175 0 0.0004546
10867 599493.215563 4505514.962232 0 0.0010154
10868 591701.662091 4512854.748043 0 0.0006666
10869 591558.663521 4512918.916261 0 0.0005321
10870 599852.017011 4505489.556405 0 0.0005393
10871 599369.765260 4505302.121329 0 0.0005626
10872 592034.056312 4512643.971470 0 0.0005792
10873 591863.764974 4512745.963670 0 0.0006733
10874 600238.228333 4505278.304318 0 0.0006688
10875 600216.415395 4505583.815975 0 0.0005509
10876 591765.566060 4512430.289653 0 0.0004949
10877 591595.701511 4512532.106036 0 0.0004667
10878 599421.429608 4505168.009839 0 0.0006016
10879 599904.614309 4505357.301117 0 0.0004443
10880 591299.252829 4512731.125667 0 0.0003169
10881 591426.119980 4512634.284014 0 0.0006922
10882 588631.281605 4510794.060111 0 0.0022186
10883 595743.424617 4505289.625441 0 0.0008065
10884 595309.669830 4511238.901370 0 0.0009544
10885 602597.712747 4507768.998226 0 0.0007249
10886 595072.271890 4511194.988744 0 0.0009176
10887 595144.472645 4511351.069157 0 0.0007419
10888 602878.167434 4507227.048491 0 0.0010669
10889 602833.973378 4507487.118790 0 0.0006496
10890 594685.191857 4510875.688626 0 0.0004061
10891 594588.206100 4510739.199028 0 0.0007240
10892 594836.438921 4511153.519226 0 0.0008217
10893 594941.949530 4511342.205893 0 0.0010651
10894 603209.000945 4507563.910556 0 0.0005429
10895 603339.230501 4507314.715728 0 0.0009127
10896 594819.667114 4510698.584673 0 0.0011588
10897 594886.627235 4510520.740873 0 0.0008248
10898 603239.716492 4508237.261626 0 0.0004833
10899 602973.935070 4508079.876724 0 0.0004227
10900 595035.663370 4510227.335969 0 0.0007500
10901 594951.632938 4509913.363297 0 0.0008961
10902 594959.074528 4509708.570250 0 0.0012713
10903 603880.485484 4508815.354718 0 0.0003102
10904 603605.159476 4508449.827241 0 0.0002842
10905 603950.354891 4508285.353438 0 0.0008329
10906 599803.426490 4512339.355121 0 0.0003909
10907 604868.890778 4509641.811471 0 0.0003008
10908 605232.609710 4509482.066952 0 0.0003873
10909 604922.203594 4509844.475141 0 0.0004393
10910 606446.174913 4510217.048572 0 0.0003510
10911 606112.018286 4509817.609659 0 0.0004478
10912 606438.763790 4509631.565374 0 0.0005160
10913 606592.196274 4509973.224081 0 0.0003846
10914 603446.709468 4509952.479886 0 0.0004362
10915 603367.221009 4509703.419475 0 0.0004514
10916 602678.249411 4509480.271188 0 0.0004330
10917 602811.906593 4509747.357592 0 0.0003286
10918 602176.995668 4509339.342620 0 0.0005837
10919 601894.593313 4510256.458400 0 0.0003290
10920 602241.329685 4510210.980382 0 0.0005810
10921 602035.086307 4509799.444118 0 0.0005509
10922 603337.086646 4510608.655358 0 0.0003151
10923 602497.056908 4510153.209820 0 0.0009315
10924 604521.249331 4510888.726670 0 0.0003461
10925 604841.782003 4511368.834972 0 0.0009719
10926 604970.598530 4511000.141807 0 0.0007316
10927 604581.587338 4510710.232094 0 0.0002564
10928 605509.647882 4511327.787153 0 0.0010665
10929 605211.889124 4511568.456794 0 0.0007038
10930 605184.083949 4512074.546059 0 0.0006034
10931 596613.051099 4503009.186397 0 0.0000524
10932 597121.424426 4502755.322911 0 0.0002761
10933 596881.400977 4502560.399199 0 0.0004151
10934 596917.442613 4502389.205306 0 0.0004093
10935 596952.223680 4502211.102949 0 0.0004111
10936 596899.553664 4501998.722676 0 0.0005249
10937 596625.863537 4501571.987700 0 0.0007141
10938 591325.257747 4513656.956745 0 0.0006195
10939 591458.266745 4513608.973958 0 0.0004066
10940 591533.395321 4513580.484395 0 0.0003483
10941 591103.483133 4513944.635150 0 0.0005124
10942 590586.710152 4513138.220045 0 0.0006993
10943 590679.409044 4513085.001411 0 0.0003896
10944 589788.626772 4514120.683333 0 0.0006451
10945 589924.394766 4514231.851089 0 0.0010051
10946 590581.973627 4514337.455812 0 0.0007298
10947 591603.446125 4513830.246489 0 0.0003595
10948 591348.216459 4514005.488673 0 0.0003855
10949 598555.154595 4506483.190378 0 0.0001910
10950 592321.656653 4513447.300956 0 0.0004241
10951 600525.468798 4504932.468944 0 0.0005361
10952 592004.541801 4512280.243761 0 0.0011687
10953 600240.348828 4504095.218522 0 0.0006312
10954 590825.904392 4510333.557507 0 0.0003788
10955 590815.371659 4510544.085479 0 0.0003506
10956 601241.663096 4504634.400914 0 0.0007226
10957 588410.652893 4510740.024028 0 0.0009176
10958 588442.749666 4511143.489689 0 0.0003515
10959 588713.965521 4511118.716271 0 0.0005214
10960 596594.123000 4504723.556584 0 0.0007433
10961 595979.018272 4505047.981623 0 0.0007527
10962 596003.068295 4504831.135700 0 0.0005173
10963 595870.753789 4504453.861610 0 0.0007173
10964 596180.278005 4504590.849783 0 0.0004644
10965 596041.925047 4504511.605196 0 0.0004900
10966 601859.751708 4507994.721992 0 0.0005998
10967 595892.336935 4505401.829851 0 0.0004617
10968 595749.193253 4504876.714586 0 0.0007083
10969 596368.981713 4504637.612013 0 0.0007630
10970 596376.571584 4505155.825650 0 0.0008060
10971 596387.508951 4504971.615444 0 0.0007639
10972 596084.744971 4505403.404951 0 0.0007917
10973 596425.172437 4505481.384548 0 0.0004886
10974 596262.500596 4505456.532675 0 0.0004550
10975 596697.183626 4505698.018063 0 0.0005402
10976 596627.071553 4505439.369287 0 0.0006375
10977 596839.658809 4505485.929096 0 0.0004734
10978 596701.120497 4505132.131390 0 0.0005411
10979 596806.321479 4504802.830090 0 0.0007280
10980 596960.412023 4505160.452616 0 0.0006899
10981 597036.605070 4504861.360177 0 0.0006240
10982 604461.922269 4508574.599767 0 0.0009105
10983 604518.779958 4508273.185136 0 0.0006298
10984 594559.478318 4509802.286450 0 0.0007630
10985 594174.256568 4510009.403304 0 0.0013081
10986 603577.218359 4507699.242151 0 0.0007096
10987 603736.046983 4507474.074015 0 0.0004138
10988 594106.403309 4510735.740824 0 0.0009293
10989 593981.268488 4510761.512215 0 0.0005084
10990 604063.521765 4507832.245176 0 0.0006509
10991 593320.401151 4510645.626586 0 0.0009114
10992 593746.496929 4510721.882375 0 0.0009028
10993 604847.083735 4508008.070462 0 0.0005191
10994 604994.357440 4507814.151969 0 0.0005133
10995 604605.653225 4508110.039556 0 0.0006769
10996 604554.466000 4507807.315418 0 0.0005227
10997 594302.844924 4510420.555641 0 0.0003407
10998 594576.893384 4510383.338259 0 0.0006836
10999 593516.080075 4510210.152141 0 0.0003613
11000 593671.229382 4509954.191578 0 0.0003048
11001 604670.681493 4508929.976553 0 0.0010342
11002 604928.496626 4508648.392620 0 0.0004142
11003 605107.731898 4508500.244513 0 0.0006809
11004 593323.004666 4509520.186357 0 0.0004510
11005 593416.962957 4509747.523244 0 0.0005057
11006 593680.586251 4509093.592377 0 0.0006679
11007 604975.715087 4512492.896175 0 0.0004012
11008 604554.814180 4511601.802947 0 0.0003196
11009 603996.866806 4511601.114645 0 0.0004487
11010 603738.054366 4511454.588850 0 0.0005832
11011 603424.853231 4511342.704370 0 0.0004097
11012 602640.118049 4511078.469305 0 0.0005675
11013 603043.740764 4511239.460730 0 0.0005994
11014 602882.530376 4511687.709086 0 0.0004218
11015 602290.961254 4512255.604237 0 0.0003559
11016 602603.813260 4511900.612600 0 0.0005653
11017 602544.823558 4511560.869297 0 0.0002815
11018 603815.796335 4512153.462193 0 0.0005375
11019 603809.671191 4511947.699763 0 0.0004483
11020 604433.327475 4512427.088030 0 0.0002936
11021 604420.891669 4512151.878683 0 0.0003093
11022 604168.699225 4512462.964303 0 0.0003461
11023 599842.080575 4493319.836426 0 0.0015152
11024 600999.793012 4494067.311330 0 0.0013628
11025 600582.915361 4493513.369116 0 0.0006352
11026 600603.080097 4493372.968113 0 0.0003999
11027 598677.216157 4515540.118494 0 0.0008024
11028 598617.718401 4516173.739609 0 0.0009777
11029 590050.242440 4509761.204070 0 0.0002748
11030 591013.356686 4509326.053855 0 0.0000816
11031 591223.371519 4509768.468540 0 0.0004573
11032 599791.865238 4506585.506319 0 0.0004263
11033 599400.776512 4507802.632173 0 0.0010781
11034 600741.556026 4506667.932345 0 0.0009647
11035 600498.578132 4506575.949777 0 0.0003402
11036 592728.536090 4510475.292265 0 0.0004967
11037 592282.904331 4510214.451084 0 0.0004631
11038 591968.924356 4511071.124721 0 0.0005061
11039 591539.321272 4510865.641370 0 0.0004635
11040 591567.358361 4511062.589698 0 0.0006460
11041 591733.450216 4510886.074762 0 0.0004680
11042 594398.334278 4511178.262559 0 0.0005769
11043 594432.480876 4511251.525900 0 0.0007899
11044 594529.914832 4511329.274120 0 0.0003192
11045 594508.707961 4510841.319439 0 0.0010458
11046 602755.230292 4504525.749237 0 0.0006670
11047 603576.201525 4502794.876467 0 0.0005344
11048 603247.718279 4502712.867548 0 0.0004864
11049 593156.483533 4512408.154831 0 0.0006827
11050 593287.749444 4512220.312059 0 0.0006410
11051 593026.867766 4512183.303947 0 0.0008334
11052 593563.924146 4513174.700588 0 0.0008634
11053 593704.745984 4512907.967069 0 0.0008006
11054 594065.966795 4513163.698663 0 0.0004393
11055 589059.136610 4511390.441974 0 0.0004824
11056 597206.874861 4505136.441406 0 0.0008056
11057 597144.292007 4505719.780707 0 0.0004362
11058 597076.049616 4505561.090504 0 0.0004949
11059 597546.063300 4505851.899614 0 0.0003559
11060 597381.714862 4505740.389288 0 0.0006056
11061 588986.657476 4512285.487140 0 0.0005586
11062 597720.024376 4505660.905609 0 0.0004918
11063 597759.815447 4505899.513887 0 0.0004295
11064 597580.661124 4505374.210389 0 0.0007455
11065 597719.988042 4505096.361917 0 0.0006142
11066 597395.426505 4505173.549276 0 0.0006272
11067 590070.772890 4511849.684388 0 0.0002385
11068 589862.630134 4512001.617651 0 0.0003837
11069 597445.884580 4504692.039202 0 0.0006742
11070 596054.422029 4504225.456176 0 0.0005877
11071 596721.674213 4504484.582617 0 0.0003990
11072 596246.334865 4504144.004765 0 0.0007598
11073 596846.803868 4504378.445174 0 0.0007173
11074 597570.697728 4504478.020822 0 0.0004030
11075 597158.342090 4504317.949813 0 0.0006222
11076 589388.235443 4512965.610952 0 0.0007137
11077 597719.913810 4504303.038133 0 0.0004716
11078 597360.541352 4504179.240336 0 0.0004850
11079 597774.075241 4504049.895941 0 0.0005693
11080 593423.578825 4509213.377844 0 0.0005922
11081 593696.493169 4508860.638348 0 0.0006088
11082 605345.773728 4508059.709517 0 0.0005151
11083 605210.020890 4508231.602182 0 0.0005070
11084 605423.916625 4507889.634748 0 0.0003362
11085 593641.151742 4509465.414125 0 0.0004904
11086 593746.589752 4509652.586158 0 0.0008638
11087 594283.781263 4509384.289246 0 0.0007155
11088 594020.485164 4509656.168824 0 0.0007177
11089 604667.396448 4507574.469331 0 0.0007280
11090 604091.208195 4507433.949169 0 0.0012099
11091 604330.813740 4507166.944059 0 0.0006321
11092 604802.127948 4507327.187778 0 0.0006025
11093 604345.232205 4506873.076606 0 0.0004891
11094 604417.536419 4506646.733914 0 0.0003317
11095 595024.045769 4509292.261034 0 0.0007428
11096 604787.489728 4506740.828175 0 0.0004079
11097 604758.071379 4507017.062909 0 0.0002882
11098 592919.114812 4506791.844380 0 0.0003398
11099 592356.315829 4506840.361344 0 0.0006814
11100 592527.048683 4506606.595500 0 0.0005550
11101 592591.758305 4506748.397201 0 0.0006446
11102 606699.574786 4506362.735893 0 0.0004815
11103 592205.619474 4506805.715741 0 0.0006464
11104 592068.460779 4506853.930507 0 0.0006975
11105 592149.325259 4507092.391451 0 0.0006321
11106 591941.995178 4506949.723135 0 0.0006357
11107 597887.428083 4515513.489382 0 0.0005321
11108 597583.371361 4515718.463331 0 0.0006231
11109 602176.340601 4493938.914288 0 0.0007576
11110 599351.964105 4516688.471683 0 0.0003178
11111 599673.277030 4516155.995911 0 0.0002542
11112 599805.430847 4516904.470558 0 0.0005527
11113 600001.973874 4516238.253550 0 0.0004555
11114 600571.460114 4516625.532039 0 0.0006052
11115 600418.372031 4516087.663128 0 0.0004904
11116 600986.600300 4516296.756966 0 0.0006312
11117 601402.459584 4516604.830984 0 0.0008535
11118 601381.141648 4516436.902646 0 0.0006666
11119 601611.610661 4516042.418411 0 0.0002663
11120 601070.498897 4515872.426789 0 0.0004994
11121 604533.668614 4494828.874247 0 0.0012857
11122 604224.082502 4494426.919688 0 0.0004191
11123 602128.377647 4515312.223273 0 0.0004196
11124 602129.794300 4514606.371015 0 0.0003712
11125 605794.981335 4495367.171571 0 0.0008751
11126 601634.904661 4514832.113394 0 0.0003792
11127 601649.231093 4514468.186840 0 0.0003801
11128 601195.829933 4514667.108539 0 0.0003259
11129 600778.188535 4515185.705737 0 0.0005626
11130 603830.121536 4503583.812228 0 0.0010216
11131 604057.841099 4503392.291053 0 0.0010257
11132 603701.611261 4503269.676385 0 0.0010216
11133 603406.326700 4503601.373189 0 0.0010369
11134 594785.577083 4513141.524000 0 0.0007527
11135 596339.721752 4512678.213354 0 0.0005702
11136 597867.045146 4510598.262948 0 0.0000251
11137 596753.346823 4511791.592687 0 0.0005106
11138 596741.622058 4512033.311993 0 0.0006361
11139 596297.283810 4511470.116850 0 0.0009051
11140 595814.663467 4511499.767882 0 0.0007235
11141 595901.389270 4511330.430295 0 0.0007527
11142 595628.950992 4511500.866546 0 0.0005160
11143 595769.379539 4511251.201448 0 0.0005119
11144 603713.072403 4505650.168267 0 0.0003559
11145 603456.498798 4505526.449598 0 0.0002609
11146 597057.061655 4510534.500096 0 0.0008768
11147 596964.767472 4510359.079871 0 0.0006388
11148 596463.567090 4510198.397541 0 0.0007787
11149 596653.630338 4510446.990174 0 0.0009414
11150 596570.916617 4510321.438867 0 0.0011830
11151 593251.264547 4511777.003732 0 0.0009096
11152 593372.263921 4511578.452838 0 0.0008275
11153 592903.772681 4511800.138871 0 0.0006056
11154 592257.789252 4512124.474126 0 0.0008836
11155 592337.697163 4512498.778661 0 0.0007616
11156 592662.308994 4512213.702579 0 0.0005662
11157 592555.165227 4512768.310170 0 0.0004030
11158 593153.041370 4512604.983208 0 0.0011113
11159 593215.435907 4512829.443101 0 0.0003142
11160 593573.369888 4513531.263474 0 0.0006446
11161 593114.445428 4513653.850595 0 0.0006980
11162 593535.064512 4513781.111414 0 0.0005146
11163 593438.703681 4514219.099275 0 0.0009002
11164 604541.197530 4502352.322384 0 0.0006724
11165 604590.370404 4501937.299182 0 0.0003546
11166 604177.178228 4501991.079884 0 0.0006128
11167 604300.268128 4501546.709047 0 0.0004425
11168 594062.548694 4512657.925066 0 0.0010261
11169 594109.855671 4512344.288556 0 0.0008813
11170 605201.155011 4502752.159556 0 0.0004550
11171 605149.598655 4503248.376435 0 0.0006249
11172 594527.990674 4513253.132366 0 0.0005276
11173 594300.056786 4513209.843165 0 0.0008343
11174 604481.247738 4502743.587409 0 0.0005388
11175 607375.351116 4506342.381954 0 0.0005738
11176 592725.378582 4507075.125686 0 0.0011346
11177 592648.652508 4507291.977954 0 0.0006052
11178 607144.063978 4505950.740733 0 0.0003102
11179 607236.446902 4506147.465780 0 0.0003788
11180 592394.363683 4507298.111142 0 0.0005093
11181 592150.408259 4507373.190958 0 0.0004752
11182 592218.178020 4507790.870105 0 0.0003927
11183 592082.816096 4507628.096794 0 0.0007298
11184 606625.844555 4505934.078054 0 0.0002631
11185 606322.051190 4506061.648557 0 0.0004810
11186 606478.363881 4505991.360338 0 0.0002555
11187 592567.738679 4507904.543198 0 0.0003555
11188 592918.845419 4508004.602751 0 0.0003281
11189 607021.647639 4505679.300821 0 0.0004734
11190 592557.844900 4507669.983168 0 0.0004138
11191 592861.666836 4507780.968278 0 0.0005326
11192 592995.303356 4507584.081833 0 0.0007648
11193 606891.559703 4505405.869705 0 0.0002977
11194 606824.972754 4505224.268724 0 0.0003214
11195 593415.409279 4507960.020584 0 0.0000112
11196 606347.094318 4505507.353115 0 0.0006334
11197 606188.731850 4505124.691314 0 0.0005684
11198 606790.056098 4505022.530636 0 0.0003429
11199 606701.925356 4504835.024905 0 0.0003730
11200 600573.756625 4515556.441875 0 0.0009253
11201 608538.429174 4512530.984693 0 0.0008096
11202 609063.195589 4512049.092056 0 0.0010611
11203 600748.702468 4514728.683309 0 0.0003627
11204 600249.963903 4514734.539791 0 0.0003582
11205 600313.199566 4515217.191452 0 0.0006428
11206 600431.683698 4514953.452164 0 0.0004815
11207 599857.678472 4515198.420397 0 0.0009427
11208 599529.949875 4515301.233242 0 0.0007123
11209 599386.352039 4515651.861642 0 0.0005926
11210 599784.925819 4514285.353353 0 0.0005321
11211 599315.480204 4514172.927691 0 0.0007594
11212 599176.789678 4514418.446612 0 0.0006881
11213 599425.554401 4514668.735403 0 0.0007702
11214 599794.937737 4514753.910449 0 0.0005290
11215 600226.728944 4514283.186592 0 0.0003488
11216 600469.795062 4514500.664928 0 0.0004272
11217 599659.445541 4495462.111546 0 0.0010952
11218 603209.108214 4514093.364124 0 0.0002663
11219 603416.721091 4513927.531479 0 0.0002847
11220 602873.456050 4513855.358586 0 0.0002950
11221 602480.107823 4513530.642485 0 0.0003595
11222 602925.893793 4506572.927989 0 0.0007383
11223 596241.764080 4510682.929206 0 0.0008235
11224 596365.357713 4510505.104498 0 0.0009844
11225 595841.318338 4510668.352696 0 0.0006272
11226 595922.146459 4510489.391421 0 0.0005536
11227 595970.022893 4510313.836587 0 0.0011606
11228 603065.149269 4506780.792248 0 0.0002564
11229 601662.353971 4506741.066302 0 0.0006558
11230 601671.079945 4507702.623515 0 0.0012574
11231 596017.303224 4510158.886464 0 0.0011382
11232 596185.014713 4510228.675618 0 0.0011324
11233 596242.021030 4510089.844344 0 0.0010216
11234 596072.057141 4510023.740468 0 0.0011337
11235 595921.070704 4509966.817967 0 0.0000040
11236 602056.919968 4507039.258557 0 0.0009150
11237 602217.094907 4507203.024366 0 0.0013345
11238 602681.992937 4507617.714205 0 0.0006460
11239 594996.050768 4511061.348106 0 0.0007616
11240 594880.346976 4510897.230127 0 0.0007670
11241 594765.046494 4511015.096410 0 0.0008248
11242 603172.287990 4507786.950231 0 0.0007796
11243 594838.699901 4510150.667662 0 0.0005402
11244 594923.508370 4510349.078076 0 0.0005016
11245 594203.608830 4510708.774929 0 0.0009817
11246 594307.475847 4510751.454059 0 0.0006204
11247 593937.621576 4510515.656494 0 0.0010369
11248 598628.566018 4501532.717670 0 0.0002425
11249 597596.130459 4492315.438455 0 0.0004940
11250 597479.774069 4516149.431908 0 0.0005478
11251 604804.308237 4503045.064015 0 0.0008231
11252 604794.793704 4502719.805265 0 0.0004478
11253 604130.348456 4502854.571250 0 0.0005187
11254 603876.813058 4502826.569180 0 0.0004375
11255 604204.781855 4503778.649783 0 0.0008656
11256 604050.435849 4504129.440011 0 0.0005366
11257 603576.200440 4503817.513715 0 0.0010266
11258 594297.600800 4512693.190206 0 0.0009320
11259 594344.904955 4512379.879641 0 0.0006904
11260 594471.924315 4512600.076300 0 0.0005218
11261 594571.639102 4512734.798558 0 0.0006693
11262 594618.872066 4512421.336285 0 0.0003331
11263 594569.227396 4513660.451735 0 0.0007123
11264 594777.955384 4512500.997488 0 0.0008101
11265 594711.016200 4512769.804218 0 0.0005075
11266 594869.485644 4512619.269423 0 0.0005832
11267 604765.956263 4503721.937908 0 0.0005469
11268 605184.895493 4504091.477889 0 0.0005353
11269 595033.169743 4512811.841820 0 0.0006419
11270 595030.255914 4512519.471673 0 0.0005639
11271 591175.095479 4511117.554376 0 0.0004541
11272 602086.970181 4503397.873638 0 0.0009208
11273 601876.063409 4503921.344586 0 0.0005353
11274 601901.743473 4503690.219427 0 0.0004613
11275 601503.294622 4503917.902033 0 0.0007276
11276 591016.992629 4510013.527386 0 0.0005124
11277 590836.900758 4510110.984336 0 0.0004967
11278 607357.212977 4504690.331872 0 0.0005532
11279 607111.850653 4503935.939069 0 0.0002479
11280 607218.321735 4504416.810284 0 0.0004129
11281 607138.632623 4504205.560211 0 0.0003165
11282 607273.727961 4503540.701374 0 0.0002232
11283 607529.352513 4503976.864178 0 0.0002932
11284 606700.549891 4503642.598833 0 0.0004142
11285 606936.756584 4503685.089154 0 0.0002954
11286 594921.236513 4507038.562039 0 0.0007226
11287 606664.001830 4504118.534229 0 0.0006455
11288 605027.046712 4496013.433996 0 0.0010082
11289 595161.516874 4507415.673920 0 0.0004411
11290 606253.106652 4495805.365226 0 0.0005850
11291 605779.705608 4496047.454441 0 0.0004622
11292 594838.968403 4506561.116964 0 0.0003801
11293 594689.473429 4506532.414299 0 0.0004218
11294 606299.140199 4504639.897177 0 0.0000004
11295 594353.495334 4506646.409400 0 0.0004469
11296 594459.559780 4506402.637561 0 0.0006236
11297 605735.769823 4504417.707609 0 0.0003716
11298 605606.352964 4504095.698593 0 0.0002824
11299 594033.622186 4506571.069267 0 0.0006437
11300 594121.599623 4506327.960479 0 0.0006469
11301 594320.915714 4506161.934395 0 0.0004393
11302 594680.697333 4506209.721923 0 0.0004129
11303 593989.734986 4506104.906465 0 0.0003949
11304 602184.105324 4513716.201265 0 0.0005182
11305 602518.108181 4513843.776739 0 0.0005913
11306 604225.766463 4513406.932499 0 0.0003344
11307 604513.633009 4513720.571035 0 0.0004460
11308 604128.503633 4513712.647780 0 0.0003667
11309 603721.511342 4513670.178264 0 0.0004676
11310 603690.869556 4513419.954350 0 0.0004747
11311 603065.962938 4513444.339259 0 0.0002761
11312 603329.022227 4513562.493855 0 0.0003102
11313 602603.154280 4513410.647312 0 0.0002761
11314 602753.249116 4513233.727285 0 0.0004129
11315 602182.226828 4513026.519387 0 0.0004640
11316 602105.740501 4513201.266194 0 0.0006473
11317 601973.271207 4513538.943946 0 0.0003779
11318 601536.404626 4514035.331175 0 0.0006316
11319 601573.704622 4513575.485137 0 0.0004469
11320 601100.443983 4513618.055729 0 0.0004362
11321 601131.268835 4513942.093000 0 0.0003138
11322 600631.015486 4513751.681380 0 0.0005003
11323 600274.010085 4513319.522738 0 0.0003927
11324 600282.956270 4513796.569473 0 0.0005550
11325 600004.813993 4513283.135628 0 0.0003196
11326 599992.843908 4513843.804327 0 0.0004286
11327 599996.065493 4513497.445918 0 0.0007706
11328 599538.400183 4513534.037557 0 0.0009114
11329 599478.814331 4513877.883221 0 0.0003842
11330 599569.585542 4513705.105633 0 0.0004936
11331 601500.175199 4494752.529192 0 0.0009661
11332 601714.230376 4494259.993404 0 0.0006572
11333 601581.021868 4493934.998277 0 0.0007832
11334 599509.996234 4516440.192209 0 0.0003317
11335 601881.614291 4514995.806459 0 0.0004061
11336 604896.630425 4494984.846192 0 0.0005662
11337 604958.848497 4494755.989920 0 0.0004555
11338 604268.080500 4496063.678435 0 0.0004138
11339 605277.207466 4495454.348803 0 0.0008993
11340 604931.670889 4495439.739019 0 0.0009719
11341 604573.323173 4495342.036280 0 0.0009728
11342 605636.051442 4494925.037975 0 0.0011082
11343 605879.910992 4494560.970076 0 0.0012583
11344 601232.056001 4514967.019022 0 0.0002649
11345 601501.284525 4515513.445836 0 0.0002492
11346 605584.399950 4496138.016382 0 0.0010741
11347 599874.659461 4515707.200982 0 0.0005097
11348 600677.992162 4514229.970609 0 0.0003470
11349 601144.843298 4514316.327133 0 0.0004711
11350 601976.292417 4514195.987609 0 0.0004191
11351 602098.508943 4513955.412671 0 0.0003618
11352 602407.998677 4514290.245392 0 0.0003905
11353 603440.955779 4514377.612858 0 0.0004411
11354 600994.057022 4513224.252302 0 0.0004214
11355 600371.513978 4510541.012855 0 0.0007419
11356 590532.711083 4510126.123081 0 0.0003752
11357 601424.161258 4504110.683247 0 0.0005541
11358 590696.089756 4510560.935214 0 0.0005411
11359 590628.852314 4510360.312153 0 0.0003887
11360 590421.286729 4510468.494898 0 0.0006357
11361 601727.697518 4504529.526543 0 0.0004770
11362 601877.921765 4504535.043914 0 0.0004057
11363 601239.526467 4504260.997393 0 0.0004537
11364 601234.344494 4504952.706691 0 0.0005039
11365 601528.284124 4504999.466822 0 0.0006809
11366 600990.466107 4505171.416444 0 0.0004169
11367 601221.486801 4505173.221554 0 0.0005254
11368 601231.001278 4505409.508898 0 0.0003712
11369 600740.818426 4505005.704907 0 0.0006218
11370 600853.275732 4505342.848555 0 0.0005344
11371 601210.915919 4505732.560214 0 0.0004061
11372 600596.220279 4505513.150683 0 0.0007675
11373 601021.532671 4506024.038180 0 0.0005424
11374 600501.595675 4505884.748178 0 0.0005958
11375 600605.951696 4506255.207243 0 0.0004111
11376 600215.230165 4506220.645650 0 0.0008235
11377 600073.375491 4507126.251112 0 0.0009607
11378 599976.086385 4506975.108748 0 0.0006693
11379 600149.004859 4506651.564398 0 0.0011467
11380 599425.900410 4507095.310828 0 0.0005438
11381 599064.107890 4507608.871665 0 0.0008302
11382 606115.040664 4503869.848524 0 0.0004196
11383 606456.426976 4503496.892596 0 0.0006366
11384 606405.625289 4503894.566644 0 0.0003201
11385 595072.399007 4506562.222484 0 0.0006348
11386 595244.813043 4506644.628059 0 0.0002690
11387 595810.977029 4506667.569628 0 0.0004008
11388 595627.618603 4506538.447847 0 0.0007258
11389 596343.366923 4506975.808037 0 0.0004425
11390 595869.981365 4506871.750562 0 0.0004514
11391 606740.066811 4502671.871921 0 0.0002452
11392 607200.112708 4502597.335650 0 0.0002264
11393 606989.825737 4503072.261776 0 0.0003550
11394 596662.685009 4506384.615368 0 0.0003550
11395 596497.945977 4506585.987418 0 0.0008764
11396 597007.163500 4505991.787527 0 0.0008786
11397 596857.718681 4506321.099129 0 0.0000507
11398 597293.414943 4507113.679820 0 0.0003757
11399 596778.359320 4507098.244927 0 0.0005115
11400 606237.189009 4503105.828435 0 0.0005451
11401 606342.166992 4503285.399432 0 0.0007231
11402 606135.589411 4502924.730227 0 0.0005604
11403 606044.194409 4502726.233342 0 0.0006276
11404 606319.513362 4502042.111710 0 0.0003178
11405 599114.509320 4513700.147613 0 0.0008078
11406 599721.316512 4513437.526762 0 0.0008190
11407 599877.489929 4512917.559879 0 0.0008916
11408 599776.506264 4513199.657276 0 0.0007679
11409 600234.662937 4513035.794281 0 0.0009266
11410 600615.900242 4513245.538900 0 0.0003232
11411 600938.205819 4512923.149608 0 0.0004850
11412 601480.424308 4513246.719435 0 0.0004989
11413 601544.879098 4512936.483338 0 0.0003398
11414 601382.097304 4513055.500476 0 0.0008239
11415 601781.273480 4512745.123812 0 0.0005743
11416 602468.600364 4512771.308384 0 0.0004066
11417 602202.796071 4512763.163160 0 0.0004183
11418 601108.919150 4512722.653274 0 0.0005231
11419 600665.032164 4512793.980657 0 0.0004245
11420 600416.513514 4512825.111172 0 0.0005263
11421 600086.572719 4512714.603245 0 0.0006038
11422 600206.577759 4512491.788937 0 0.0007208
11423 600262.332494 4512273.129306 0 0.0003855
11424 600819.298098 4512264.565767 0 0.0005353
11425 600686.720714 4512555.642647 0 0.0009320
11426 601442.642469 4512485.501095 0 0.0005379
11427 601041.450669 4512523.614080 0 0.0004716
11428 601340.749755 4512239.771774 0 0.0006047
11429 600489.188218 4512072.878790 0 0.0006756
11430 600111.439517 4512039.154059 0 0.0007477
11431 600358.912948 4511633.303471 0 0.0003290
11432 600117.450624 4511461.961822 0 0.0004070
11433 600265.420794 4510348.851306 0 0.0003259
11434 601312.815591 4508191.041768 0 0.0004254
11435 602411.173869 4508657.428025 0 0.0005339
11436 602637.733450 4509076.995406 0 0.0003555
11437 606458.535614 4507202.684414 0 0.0005707
11438 606775.274668 4505877.047691 0 0.0003214
11439 593572.219794 4507249.162122 0 0.0004272
11440 593540.854206 4506846.363747 0 0.0005509
11441 594309.315635 4507090.083711 0 0.0000085
11442 595282.502442 4506993.029317 0 0.0003295
11443 595414.407337 4506673.445298 0 0.0003927
11444 607295.844081 4502822.101186 0 0.0003541
11445 607376.496493 4503157.482130 0 0.0003546
11446 607000.987842 4501007.348840 0 0.0006204
11447 607354.070960 4500856.174383 0 0.0007585
11448 606865.889090 4500787.090434 0 0.0005743
11449 594017.813402 4508005.788372 0 0.0004030
11450 593998.887664 4508293.690763 0 0.0004008
11451 594320.549107 4508502.387193 0 0.0002708
11452 595513.436432 4509957.345549 0 0.0005245
11453 595648.735079 4509840.379145 0 0.0005142
11454 596642.526476 4507709.192860 0 0.0003098
11455 596406.461901 4508702.668869 0 0.0005034
11456 597032.269010 4509108.913609 0 0.0009028
11457 597049.415203 4509287.072107 0 0.0006935
11458 596826.795376 4509236.273483 0 0.0009903
11459 597148.513931 4508677.422280 0 0.0011100
11460 591930.393804 4509844.699234 0 0.0000121
11461 591414.695607 4508643.419988 0 0.0000031
11462 599678.146956 4507412.423971 0 0.0005308
11463 599760.403951 4507788.125437 0 0.0002990
11464 599970.463266 4507321.935796 0 0.0008271
11465 600253.152124 4507810.493375 0 0.0002815
11466 600247.115432 4507616.088841 0 0.0006518
11467 600621.212361 4507694.976777 0 0.0004017
11468 600728.230020 4507375.107475 0 0.0004030
11469 600258.170429 4507258.045292 0 0.0008907
11470 600317.654804 4507479.280345 0 0.0004102
11471 600508.091295 4507113.018752 0 0.0009808
11472 591414.825542 4510343.010492 0 0.0008975
11473 591302.198738 4510079.142891 0 0.0012234
11474 591512.831129 4510656.766468 0 0.0010185
11475 600894.199574 4507069.434306 0 0.0005016
11476 601018.233466 4506830.560669 0 0.0006809
11477 600578.109423 4506832.395159 0 0.0003967
11478 600602.718067 4506737.218281 0 0.0005850
11479 600611.738845 4506447.229531 0 0.0007244
11480 601103.203079 4506546.345371 0 0.0007052
11481 592945.534914 4510021.119361 0 0.0007858
11482 592720.968868 4510259.065708 0 0.0003734
11483 593055.073281 4510339.466421 0 0.0008656
11484 592342.043671 4509947.987324 0 0.0004138
11485 606866.297598 4502126.203872 0 0.0004980
11486 606471.662899 4501917.215188 0 0.0004339
11487 607545.321638 4501385.928772 0 0.0011436
11488 607160.583686 4502224.937618 0 0.0005124
11489 607349.676960 4502034.749081 0 0.0005196
11490 594351.820318 4507535.664382 0 0.0007509
11491 594615.156060 4507838.215156 0 0.0003743
11492 594183.558000 4507731.531561 0 0.0003725
11493 606965.136946 4501599.712206 0 0.0008262
11494 607238.473678 4501671.538161 0 0.0006231
11495 594443.718461 4508000.499928 0 0.0006702
11496 595079.617866 4508373.477233 0 0.0005456
11497 594577.102162 4508348.140262 0 0.0003093
11498 595118.911153 4508694.065511 0 0.0003111
11499 606130.225582 4499950.386297 0 0.0000466
11500 606790.036453 4501342.044948 0 0.0004900
11501 600926.345469 4508091.226777 0 0.0002891
11502 593640.437266 4508081.578493 0 0.0003936
11503 593748.647668 4508553.919585 0 0.0005182
11504 599856.969823 4511820.698854 0 0.0013556
11505 600844.343752 4511828.136735 0 0.0007401
11506 601372.282414 4511769.412227 0 0.0005124
11507 601147.264761 4510616.110178 0 0.0005402
11508 600363.737029 4510747.849662 0 0.0005563
11509 601364.634619 4510307.669890 0 0.0006083
11510 601423.771147 4510102.939508 0 0.0003842
11511 601339.509864 4509846.579057 0 0.0005913
11512 600977.233921 4509752.426879 0 0.0003909
11513 600759.351546 4510320.012881 0 0.0006720
11514 600637.766778 4509601.347550 0 0.0003837
11515 600641.151671 4509387.438115 0 0.0013072
11516 600254.632327 4509327.782497 0 0.0004290
11517 601150.257080 4509349.481281 0 0.0007204
11518 601241.577427 4508931.625668 0 0.0004698
11519 601005.085507 4508854.592807 0 0.0005568
11520 603957.929580 4509954.149226 0 0.0000327
11521 601634.258530 4509596.872549 0 0.0005680
11522 601650.237335 4508983.411966 0 0.0005599
11523 601676.229778 4509259.233263 0 0.0004635
11524 600708.194493 4508770.523024 0 0.0003716
11525 600735.046998 4508540.466349 0 0.0004510
11526 600594.836262 4509061.749604 0 0.0006133
11527 596973.851409 4508893.446966 0 0.0005702
11528 596392.948975 4509722.458984 0 0.0007132
11529 596113.566035 4509580.530076 0 0.0006316
11530 595961.250732 4509763.371642 0 0.0006204
11531 596325.860556 4509876.749310 0 0.0011373
11532 597801.413854 4508456.276156 0 0.0004747
11533 598078.190173 4507508.965153 0 0.0003281
11534 598684.266140 4507502.315767 0 0.0004855
11535 598836.957393 4507296.151605 0 0.0002878
11536 600216.728697 4508023.726848 0 0.0007173
11537 599923.753333 4509445.786451 0 0.0008791
11538 599604.937101 4509340.741818 0 0.0007495
11539 599737.862183 4509008.664601 0 0.0008065
11540 600244.035506 4508892.050075 0 0.0008791
11541 600094.349254 4509100.842988 0 0.0008042
11542 598666.647515 4510150.595803 0 0.0000004
11543 599138.781201 4512175.395780 0 0.0005285
11544 599230.511673 4512081.323710 0 0.0020455
11545 599318.839404 4511993.015702 0 0.0003308
11546 599141.181982 4511897.485148 0 0.0002578
11547 598923.478639 4511963.972911 0 0.0008984
11548 599037.191539 4512053.023828 0 0.0005819
11549 599003.102826 4510983.400654 0 0.0005155
11550 599544.892420 4510567.417136 0 0.0006254
11551 599554.307296 4509747.403106 0 0.0003062
11552 599476.992223 4511791.759983 0 0.0008742
11553 598616.295672 4512372.077060 0 0.0010553
11554 598787.092982 4512341.781124 0 0.0009840
11555 598360.777031 4512083.131588 0 0.0001394
11556 592498.604113 4510502.561837 0 0.0006330
11557 592322.053348 4510450.501504 0 0.0006227
11558 592921.477059 4510741.415819 0 0.0006765
11559 592652.352329 4510784.883593 0 0.0011732
11560 592373.882938 4510732.691762 0 0.0005711
11561 592427.722439 4510928.684396 0 0.0007419
11562 592008.613948 4510862.136111 0 0.0006966
11563 592199.427881 4510870.957555 0 0.0005465
11564 592019.761519 4511217.628648 0 0.0008150
11565 592190.839941 4511629.143996 0 0.0006756
11566 592424.198288 4511594.943114 0 0.0006913
11567 602291.920950 4505641.125561 0 0.0003667
11568 602530.652422 4505758.684328 0 0.0005200
11569 592609.057072 4511554.556727 0 0.0009441
11570 592483.131773 4511184.128765 0 0.0006321
11571 601792.452718 4505230.733440 0 0.0005769
11572 602128.953220 4505479.906007 0 0.0004716
11573 592886.852644 4511539.626853 0 0.0006778
11574 592922.411634 4511320.323052 0 0.0009324
11575 592757.908145 4511090.641219 0 0.0008952
11576 592763.584555 4511372.879598 0 0.0008181
11577 602060.439846 4505158.670213 0 0.0006567
11578 592981.856135 4510986.094082 0 0.0008123
11579 593172.878129 4511023.936878 0 0.0012861
11580 593121.103373 4511305.839921 0 0.0006899
11581 602632.394969 4505484.005072 0 0.0004936
11582 602552.953547 4505131.666490 0 0.0005182
11583 593532.515239 4508395.720762 0 0.0006361
11584 594200.196691 4508694.142606 0 0.0004299
11585 593933.516417 4508634.655729 0 0.0003349
11586 605627.988959 4508856.653361 0 0.0004922
11587 605339.806489 4508727.575693 0 0.0005474
11588 592433.572626 4506482.613152 0 0.0005429
11589 592347.067913 4506368.421447 0 0.0005043
11590 592260.636182 4506254.592961 0 0.0007993
11591 592127.995316 4506097.655798 0 0.0005330
11592 592757.163677 4506162.027328 0 0.0003425
11593 592638.762799 4506330.402125 0 0.0006630
11594 592535.583059 4506227.439066 0 0.0004886
11595 592409.185344 4506115.565722 0 0.0005559
11596 605696.875815 4509202.481584 0 0.0005353
11597 605545.495180 4509341.458888 0 0.0008383
11598 592471.662230 4505888.258668 0 0.0005263
11599 592238.281227 4505936.963939 0 0.0005738
11600 606515.204574 4509243.594045 0 0.0004711
11601 606262.056216 4509367.355480 0 0.0005613
11602 592616.113465 4505648.006643 0 0.0005236
11603 592756.250739 4505878.901797 0 0.0004389
11604 606083.598256 4508928.612227 0 0.0002954
11605 605934.718447 4509111.042186 0 0.0006697
11606 592997.780974 4505930.515597 0 0.0006984
11607 592840.294030 4506022.599430 0 0.0005420
11608 606185.737107 4508807.630730 0 0.0002927
11609 606322.993238 4508661.242437 0 0.0004837
11610 592788.469159 4505409.020555 0 0.0005456
11611 601194.642473 4508475.105087 0 0.0003515
11612 600809.050253 4508341.115858 0 0.0003927
11613 601780.114555 4508548.854545 0 0.0011041
11614 605997.665306 4495076.496294 0 0.0012157
11615 604238.133626 4512649.543319 0 0.0003627
11616 603668.729218 4512380.557748 0 0.0007849
11617 603564.253332 4512623.842603 0 0.0005272
11618 602587.394878 4512286.383421 0 0.0006097
11619 603213.694274 4511871.890379 0 0.0005635
11620 601961.298178 4512450.306391 0 0.0003044
11621 602008.153500 4512174.078446 0 0.0004900
11622 601947.973053 4511909.305175 0 0.0004483
11623 602789.237603 4512695.557365 0 0.0006092
11624 602969.029217 4512837.679398 0 0.0007356
11625 603281.701319 4512904.609569 0 0.0003775
11626 603781.786499 4513047.785145 0 0.0005402
11627 603540.210003 4512943.496873 0 0.0003089
11628 604348.478362 4512871.886800 0 0.0006388
11629 604386.761859 4513131.568124 0 0.0008589
11630 606278.771440 4514013.522888 0 0.0006984
11631 606508.985827 4514266.568644 0 0.0005882
11632 605461.427465 4514336.350431 0 0.0002923
11633 605785.132019 4514864.560317 0 0.0003931
11634 605404.822373 4514762.343320 0 0.0003340
11635 598940.688766 4512417.526248 0 0.0006133
11636 599045.844367 4512261.715292 0 0.0005330
11637 598836.897325 4512157.324553 0 0.0006532
11638 599418.071199 4512665.351103 0 0.0007128
11639 599206.191299 4512669.275792 0 0.0007029
11640 599375.487819 4512523.611384 0 0.0007930
11641 599603.685218 4513035.725832 0 0.0005890
11642 599605.376963 4512923.200103 0 0.0007419
11643 598345.976163 4513513.397841 0 0.0002183
11644 598949.751463 4501041.184003 0 0.0006263
11645 598761.100761 4513513.677039 0 0.0007509
11646 598924.198473 4513603.773416 0 0.0006119
11647 597466.003995 4501173.589023 0 0.0004922
11648 597590.228097 4500703.070957 0 0.0002793
11649 593036.779941 4490982.179675 0 0.0005110
11650 597336.749703 4514348.913820 0 0.0007558
11651 597105.756852 4491916.356711 0 0.0004487
11652 596803.984739 4515390.261198 0 0.0005787
11653 593437.348923 4510904.892268 0 0.0012893
11654 593417.936754 4511196.364320 0 0.0007253
11655 602938.032863 4505268.273970 0 0.0007867
11656 593716.277046 4511078.253816 0 0.0010275
11657 593986.373292 4511018.089117 0 0.0005465
11658 593957.417897 4511209.717813 0 0.0011167
11659 602124.572852 4504901.897853 0 0.0007383
11660 594595.206456 4511065.800737 0 0.0009463
11661 594429.126473 4510887.728935 0 0.0004564
11662 594685.005656 4511236.594545 0 0.0007975
11663 594760.440046 4511363.552413 0 0.0006657
11664 602089.087762 4504475.781727 0 0.0003963
11665 602190.335180 4504180.297897 0 0.0004313
11666 595040.774593 4512181.959476 0 0.0003134
11667 595087.239187 4511709.102482 0 0.0008168
11668 595268.505471 4511620.401657 0 0.0009028
11669 595193.866522 4511850.479920 0 0.0011005
11670 595138.278600 4512059.813438 0 0.0007356
11671 602332.272944 4504485.936306 0 0.0007778
11672 594887.357982 4512238.075151 0 0.0006263
11673 594943.744490 4511955.367225 0 0.0012628
11674 594918.832396 4511660.330803 0 0.0011983
11675 602561.435854 4504786.974370 0 0.0005223
11676 594769.730511 4512220.275775 0 0.0003120
11677 594649.432597 4512127.845720 0 0.0009750
11678 594762.247203 4512005.346161 0 0.0011028
11679 594695.793667 4511646.795392 0 0.0009096
11680 594774.436800 4511661.361376 0 0.0006263
11681 602915.297524 4504708.700667 0 0.0003443
11682 594511.724701 4512071.240588 0 0.0006460
11683 594443.154031 4511731.396775 0 0.0002896
11684 594516.984000 4511506.895985 0 0.0006706
11685 606827.283730 4509183.075982 0 0.0003497
11686 606567.989582 4508910.450262 0 0.0003887
11687 594161.875791 4505291.994053 0 0.0000327
11688 606984.191382 4508962.862786 0 0.0006800
11689 606973.184224 4508621.537134 0 0.0007993
11690 593202.492582 4505404.928519 0 0.0007025
11691 606652.040306 4508470.463510 0 0.0003613
11692 606459.502878 4508359.674568 0 0.0003053
11693 593414.383017 4505620.780739 0 0.0005052
11694 593666.050914 4505587.062191 0 0.0005675
11695 593854.810641 4505754.232177 0 0.0003080
11696 593424.825148 4505894.280786 0 0.0006697
11697 607092.891362 4508212.362133 0 0.0008159
11698 607031.707121 4507568.650071 0 0.0003671
11699 607221.755760 4507762.964127 0 0.0004057
11700 606525.244568 4507986.442234 0 0.0004510
11701 593628.991851 4505953.629430 0 0.0005725
11702 593719.823836 4506081.317819 0 0.0005792
11703 593801.333516 4506259.939371 0 0.0004734
11704 593693.889682 4506395.021423 0 0.0002735
11705 593835.024696 4506473.011145 0 0.0004402
11706 607405.705580 4507179.166053 0 0.0003694
11707 606999.476250 4507349.923986 0 0.0004922
11708 607359.952140 4506758.258357 0 0.0004864
11709 605496.772220 4513967.008470 0 0.0002640
11710 606031.192772 4513014.500773 0 0.0002945
11711 606334.191740 4513072.852324 0 0.0004949
11712 606648.852432 4513246.293453 0 0.0005240
11713 606889.919732 4513724.370195 0 0.0004304
11714 607094.480292 4513265.998814 0 0.0003102
11715 606508.782371 4512055.661923 0 0.0013126
11716 607042.253366 4511811.714682 0 0.0006272
11717 607524.024444 4512668.398001 0 0.0007585
11718 607590.225790 4512305.600995 0 0.0002627
11719 608031.956588 4512966.141159 0 0.0005205
11720 607713.967586 4511872.156868 0 0.0004344
11721 608159.285595 4512260.808467 0 0.0004254
11722 607252.625344 4510713.891712 0 0.0008024
11723 607866.157516 4511261.868289 0 0.0002788
11724 608042.561735 4511111.967449 0 0.0003093
11725 607716.370841 4511023.257886 0 0.0002730
11726 607941.221063 4510766.390121 0 0.0004106
11727 608041.984910 4510588.732317 0 0.0005214
11728 608257.280461 4510356.042503 0 0.0006375
11729 597468.421200 4492807.351830 0 0.0006366
11730 597843.160200 4492430.259997 0 0.0005680
11731 598332.351306 4492547.138551 0 0.0006092
11732 598089.818904 4492436.430344 0 0.0003788
11733 598063.073793 4492822.651643 0 0.0006514
11734 599451.167437 4492967.118021 0 0.0008419
11735 598862.554936 4492985.740977 0 0.0009616
11736 600345.092477 4493795.814687 0 0.0007442
11737 600841.432325 4493569.490310 0 0.0004393
11738 601082.481053 4493633.016354 0 0.0004631
11739 601300.298650 4493668.723006 0 0.0004694
11740 602179.581736 4494762.950638 0 0.0012332
11741 596727.909523 4504150.524427 0 0.0006348
11742 596146.430508 4503922.137633 0 0.0007150
11743 596366.444906 4504009.401214 0 0.0004971
11744 589563.508760 4512563.076121 0 0.0000587
11745 589749.158889 4512885.064596 0 0.0010337
11746 596375.477492 4503704.375696 0 0.0008145
11747 596415.914380 4503389.217956 0 0.0007545
11748 589929.929410 4513261.883535 0 0.0004761
11749 594584.838565 4511674.641693 0 0.0012256
11750 603110.310368 4504873.793216 0 0.0006953
11751 594299.639055 4512149.149904 0 0.0006473
11752 594331.348405 4511940.089294 0 0.0007451
11753 594382.488409 4511601.932612 0 0.0004850
11754 594304.014667 4511591.087111 0 0.0006877
11755 603608.750950 4504512.529740 0 0.0006926
11756 594104.008905 4512119.541713 0 0.0005402
11757 594135.394188 4511910.624780 0 0.0007549
11758 594225.621078 4511578.646048 0 0.0003949
11759 594068.786793 4511555.305669 0 0.0011037
11760 594147.100903 4511566.535048 0 0.0005303
11761 603063.469160 4504200.162082 0 0.0005227
11762 603384.551894 4504248.565952 0 0.0010185
11763 593900.171876 4511875.119320 0 0.0005518
11764 593933.753053 4511654.188225 0 0.0006025
11765 593971.789545 4512025.264897 0 0.0003376
11766 593969.700227 4511425.314895 0 0.0006280
11767 593712.296082 4511501.665980 0 0.0009517
11768 593689.107180 4511947.126865 0 0.0008109
11769 593787.866983 4511997.430521 0 0.0005873
11770 593833.114652 4511511.502747 0 0.0004438
11771 602664.725098 4503735.572696 0 0.0004922
11772 602344.373735 4503684.199464 0 0.0003887
11773 602286.086905 4503957.558597 0 0.0005581
11774 602827.795629 4504136.928419 0 0.0004573
11775 593557.303499 4511483.745982 0 0.0011799
11776 593503.951120 4511972.925157 0 0.0005998
11777 593586.987732 4511827.561511 0 0.0005406
11778 593295.125245 4511480.401506 0 0.0007814
11779 593202.045436 4511985.525049 0 0.0006370
11780 593389.930312 4506412.618588 0 0.0007760
11781 593526.464412 4506579.090216 0 0.0004174
11782 593263.675160 4506290.573549 0 0.0006128
11783 592951.679324 4506212.457803 0 0.0003272
11784 593103.932611 4506246.670920 0 0.0005187
11785 592812.053663 4506456.927095 0 0.0007047
11786 592988.454600 4506533.734518 0 0.0005949
11787 593150.913696 4506592.904051 0 0.0005214
11788 592942.710633 4506719.648135 0 0.0005137
11789 592865.853917 4506899.714433 0 0.0006240
11790 599743.185426 4512636.444299 0 0.0006715
11791 599489.860979 4513060.157850 0 0.0007527
11792 598816.201339 4503096.520376 0 0.0007643
11793 598301.588840 4503637.162404 0 0.0004165
11794 599063.757533 4513050.677454 0 0.0010584
11795 599258.120620 4513103.150862 0 0.0009652
11796 598390.037216 4512460.849505 0 0.0006003
11797 598635.013823 4501858.641248 0 0.0003855
11798 598503.885705 4501080.876749 0 0.0003940
11799 598607.682880 4500625.735107 0 0.0004577
11800 598272.064149 4502318.501578 0 0.0004662
11801 598193.911440 4501973.410450 0 0.0002627
11802 598351.071726 4501530.813085 0 0.0004541
11803 598585.046035 4513902.053359 0 0.0006142
11804 598752.479305 4513815.570385 0 0.0005639
11805 598870.621370 4514011.082484 0 0.0007231
11806 598007.750939 4500786.865927 0 0.0003712
11807 597356.593245 4501689.428735 0 0.0003151
11808 608275.836201 4510050.260213 0 0.0004245
11809 608340.569093 4509869.102156 0 0.0003797
11810 607678.379919 4509811.132617 0 0.0004339
11811 609300.003017 4511486.880688 0 0.0003488
11812 608672.033013 4511302.047111 0 0.0002578
11813 608660.296816 4511075.149838 0 0.0003595
11814 608726.832533 4510874.012299 0 0.0003214
11815 608797.446423 4510664.797094 0 0.0004514
11816 608874.177341 4510455.928514 0 0.0003295
11817 608932.156241 4510231.116735 0 0.0004541
11818 609449.065076 4510310.579782 0 0.0003788
11819 609089.191085 4509949.203581 0 0.0005859
11820 609067.432653 4509554.873527 0 0.0003492
11821 608453.186264 4509714.674489 0 0.0003416
11822 608350.088770 4509305.854860 0 0.0006630
11823 608587.520399 4509539.989694 0 0.0004151
11824 607180.733203 4509666.426558 0 0.0004994
11825 607410.422963 4509022.921263 0 0.0005388
11826 606921.912037 4509476.312490 0 0.0008222
11827 607307.171196 4509401.919139 0 0.0005137
11828 607594.147682 4509336.131681 0 0.0004039
11829 603212.646632 4494088.736463 0 0.0012530
11830 598159.626883 4508069.666218 0 0.0009239
11831 603387.651455 4494804.795680 0 0.0004371
11832 603169.029964 4495455.763953 0 0.0007688
11833 603782.473237 4494814.325788 0 0.0009042
11834 602616.449367 4494637.127231 0 0.0009674
11835 602785.943362 4494368.771199 0 0.0004443
11836 603310.553472 4494410.967316 0 0.0007818
11837 602607.924872 4494333.233817 0 0.0003627
11838 603051.905829 4515824.241272 0 0.0006711
11839 603436.812003 4515555.763283 0 0.0005326
11840 603571.687903 4515076.541095 0 0.0005411
11841 602794.314679 4515622.600664 0 0.0006240
11842 603001.688493 4515327.523393 0 0.0006850
11843 602658.894368 4515008.304337 0 0.0006913
11844 603037.912259 4514973.018513 0 0.0010786
11845 602419.388382 4515844.042937 0 0.0011799
11846 605162.796685 4495105.731889 0 0.0009051
11847 605366.696457 4494929.191864 0 0.0007719
11848 605277.118015 4494688.352559 0 0.0007119
11849 604947.358251 4494316.530601 0 0.0008818
11850 590166.514751 4512954.362043 0 0.0005460
11851 589955.325307 4513086.027534 0 0.0003116
11852 590153.286126 4512632.142276 0 0.0006451
11853 589962.847205 4512747.036113 0 0.0011409
11854 596771.915626 4503612.289863 0 0.0000130
11855 590066.960432 4512127.987315 0 0.0003210
11856 590222.584959 4512239.663802 0 0.0006792
11857 596914.296624 4503988.115553 0 0.0006088
11858 596630.611342 4503903.964615 0 0.0006245
11859 590455.832418 4512936.069361 0 0.0005841
11860 590369.116253 4512893.821141 0 0.0006191
11861 590324.041416 4512415.303115 0 0.0007244
11862 590359.918774 4512628.573825 0 0.0004662
11863 597470.276354 4503591.892049 0 0.0005155
11864 597232.443518 4503891.650571 0 0.0007155
11865 597501.615196 4503869.327706 0 0.0003299
11866 597074.864600 4503637.787570 0 0.0007957
11867 590509.966701 4511980.508462 0 0.0004783
11868 590698.155747 4512191.090766 0 0.0007155
11869 590728.403384 4512374.026074 0 0.0008665
11870 590495.820562 4512546.996676 0 0.0003550
11871 597209.402001 4503129.125088 0 0.0006294
11872 597534.202853 4503301.465406 0 0.0009723
11873 597609.576941 4502914.004509 0 0.0004277
11874 596821.125192 4503230.238596 0 0.0003976
11875 590964.108700 4512558.477937 0 0.0007728
11876 590624.404659 4512762.255643 0 0.0004151
11877 590760.374207 4512680.548733 0 0.0006809
11878 590781.310286 4513023.543131 0 0.0004048
11879 590916.528575 4512940.769634 0 0.0009073
11880 591052.387928 4512858.956803 0 0.0008101
11881 594335.831236 4509087.859814 0 0.0007728
11882 594607.056128 4508997.689005 0 0.0007702
11883 605192.561702 4506818.855987 0 0.0002838
11884 605096.256720 4507078.856794 0 0.0005397
11885 605390.925303 4507073.031654 0 0.0002869
11886 605178.291616 4507451.747006 0 0.0004035
11887 592723.717796 4509075.458822 0 0.0004716
11888 605618.020318 4507259.032735 0 0.0004604
11889 605510.401748 4507616.623869 0 0.0004295
11890 605671.259322 4506893.992653 0 0.0002842
11891 593100.791268 4509385.689056 0 0.0004734
11892 593092.720706 4509730.342949 0 0.0005877
11893 592814.446800 4509572.615091 0 0.0006258
11894 592918.595484 4509593.210588 0 0.0003187
11895 592633.316169 4509337.001488 0 0.0003340
11896 605872.090364 4506420.866231 0 0.0005312
11897 605753.004211 4506683.437931 0 0.0003053
11898 592955.358425 4508806.607381 0 0.0003999
11899 592702.435800 4508695.580550 0 0.0004774
11900 605484.421953 4506258.862396 0 0.0004783
11901 605363.585778 4506595.299581 0 0.0003873
11902 605205.444806 4506328.147352 0 0.0006818
11903 592704.949600 4508326.307940 0 0.0005267
11904 592925.863324 4508406.237192 0 0.0003622
11905 604980.258022 4506247.708895 0 0.0006868
11906 604530.865975 4506424.036974 0 0.0003707
11907 597299.180580 4500674.202190 0 0.0004868
11908 597908.698177 4500477.347644 0 0.0003044
11909 597905.710558 4501243.483060 0 0.0005465
11910 597775.526357 4501865.327750 0 0.0005353
11911 598072.144823 4514350.074639 0 0.0006074
11912 591848.746316 4490365.826801 0 0.0005312
11913 591158.688579 4490074.585435 0 0.0004048
11914 591306.539859 4490174.373662 0 0.0003815
11915 595441.111729 4491412.853806 0 0.0000076
11916 597384.861983 4514666.152921 0 0.0009329
11917 597542.908883 4514935.886431 0 0.0008961
11918 596612.728354 4492392.421310 0 0.0004017
11919 596258.995490 4491992.442886 0 0.0003447
11920 596418.128197 4491610.345196 0 0.0002425
11921 597451.966898 4515079.858935 0 0.0005931
11922 597457.530700 4515250.516705 0 0.0006393
11923 597520.649434 4515432.551975 0 0.0004178
11924 596959.528608 4492176.078279 0 0.0005272
11925 598202.262377 4507809.138751 0 0.0008943
11926 600368.086894 4504852.747507 0 0.0005030
11927 600147.512818 4504912.582963 0 0.0006361
11928 599955.063333 4504808.837339 0 0.0006294
11929 599717.138264 4504635.185974 0 0.0006953
11930 599550.633378 4504792.336864 0 0.0006469
11931 591708.361734 4512108.802463 0 0.0006303
11932 600821.693513 4503876.608432 0 0.0004599
11933 600897.649869 4503683.806413 0 0.0004030
11934 590861.115176 4511161.357915 0 0.0004868
11935 590832.357331 4510971.997622 0 0.0006240
11936 590803.339575 4510765.873438 0 0.0007226
11937 590965.237374 4511047.951175 0 0.0006092
11938 590962.440963 4510741.725983 0 0.0005066
11939 591043.807751 4511037.342648 0 0.0006451
11940 601388.809919 4503623.418062 0 0.0004761
11941 590982.537870 4510311.190192 0 0.0006254
11942 591139.595885 4510289.375742 0 0.0006146
11943 591168.225220 4510494.425461 0 0.0007935
11944 590972.290045 4510521.878869 0 0.0004846
11945 601555.539859 4504515.431468 0 0.0004044
11946 600956.765252 4504520.520862 0 0.0004555
11947 599583.107962 4507590.199733 0 0.0008150
11948 599907.738777 4507421.484327 0 0.0007361
11949 591321.619325 4510543.611376 0 0.0005716
11950 600876.118777 4506440.547035 0 0.0010198
11951 591410.446055 4511084.436037 0 0.0004375
11952 591380.093703 4510886.170121 0 0.0005110
11953 591811.996528 4511030.537309 0 0.0008213
11954 602054.166496 4505920.720241 0 0.0003896
11955 601819.959183 4505855.344378 0 0.0008863
11956 601986.379553 4505581.558320 0 0.0004384
11957 605259.777780 4494412.611324 0 0.0008522
11958 605454.738748 4494410.743390 0 0.0006343
11959 604390.388576 4496322.589599 0 0.0006294
11960 604304.836054 4495476.862760 0 0.0007899
11961 601457.773710 4515216.567993 0 0.0004864
11962 601138.151657 4515395.445070 0 0.0004644
11963 605978.888434 4495772.348840 0 0.0009432
11964 605757.767374 4495616.367231 0 0.0007876
11965 602820.925674 4514439.628165 0 0.0004501
11966 603770.758186 4514495.017772 0 0.0004689
11967 603365.383002 4513212.910749 0 0.0004187
11968 599098.855493 4513383.696928 0 0.0012494
11969 599457.780740 4513392.337090 0 0.0006455
11970 599487.873824 4513234.991876 0 0.0009571
11971 600527.627539 4509942.246214 0 0.0008338
11972 600672.624540 4510072.573839 0 0.0005648
11973 600810.725093 4509919.124719 0 0.0007383
11974 591188.121811 4512777.347162 0 0.0004079
11975 591218.116362 4513134.069558 0 0.0007491
11976 591354.085250 4513052.522820 0 0.0004299
11977 591082.568099 4513216.211371 0 0.0009553
11978 590946.924030 4513298.512183 0 0.0005326
11979 591022.425202 4513788.453519 0 0.0006236
11980 590828.414971 4514070.971604 0 0.0009311
11981 590819.932723 4513724.755737 0 0.0005796
11982 591094.685878 4513569.165210 0 0.0004891
11983 590616.627886 4513859.133714 0 0.0002425
11984 590700.917987 4513733.864758 0 0.0004653
11985 590768.753849 4513518.426030 0 0.0005469
11986 590640.032415 4513355.487250 0 0.0005595
11987 590676.185893 4513473.832125 0 0.0007903
11988 590443.028935 4513232.135967 0 0.0007563
11989 590159.185415 4513412.103385 0 0.0006626
11990 590335.292519 4513727.653203 0 0.0010369
11991 590253.397958 4513579.033924 0 0.0005290
11992 589998.887933 4513780.305584 0 0.0005326
11993 599491.187303 4504989.879081 0 0.0008616
11994 599901.680074 4505151.650478 0 0.0005810
11995 591003.102314 4512121.765051 0 0.0006917
11996 591303.496825 4512354.388494 0 0.0004698
11997 591439.316626 4512273.009789 0 0.0005720
11998 591160.270802 4512099.281162 0 0.0005814
11999 591297.566388 4512057.906910 0 0.0002309
12000 591552.846885 4512160.112116 0 0.0004353
12001 592169.951280 4512552.809090 0 0.0003810
12002 591904.881677 4512032.146839 0 0.0004147
12003 599834.697297 4504405.497714 0 0.0008710
12004 600207.246801 4504559.102708 0 0.0006142
12005 599782.186382 4503726.442895 0 0.0005137
12006 604659.853527 4506219.545417 0 0.0004088
12007 592206.919940 4508143.937966 0 0.0003667
12008 592505.048754 4508130.412955 0 0.0005581
12009 604812.949276 4505762.087143 0 0.0003819
12010 604750.622727 4505996.262420 0 0.0004259
12011 604876.027911 4505535.487842 0 0.0006464
12012 605544.794534 4505853.089847 0 0.0003994
12013 605282.764741 4505756.469893 0 0.0006047
12014 605760.497984 4505932.568451 0 0.0003151
12015 605608.609796 4506473.228009 0 0.0004357
12016 606053.949729 4506059.956865 0 0.0004263
12017 591537.037505 4507790.583955 0 0.0005034
12018 605991.968379 4506786.055023 0 0.0003035
12019 605907.702842 4507070.644502 0 0.0004035
12020 606195.481661 4507114.306184 0 0.0003931
12021 606257.250790 4506729.716804 0 0.0003936
12022 591776.510224 4507222.734399 0 0.0005541
12023 591283.321850 4507324.060704 0 0.0004052
12024 605909.165259 4507584.939537 0 0.0008123
12025 606147.932959 4507698.581043 0 0.0004806
12026 605627.222698 4508235.916145 0 0.0005375
12027 606133.610281 4508200.200813 0 0.0007486
12028 605908.794159 4508370.612228 0 0.0005648
12029 605790.139968 4508628.800896 0 0.0004236
12030 591935.988308 4506679.685530 0 0.0005626
12031 591738.234285 4506699.909437 0 0.0005223
12032 591876.266755 4506541.379220 0 0.0005837
12033 597038.800403 4492622.015748 0 0.0004792
12034 596911.600066 4516040.281639 0 0.0015434
12035 597188.903451 4515727.492797 0 0.0003775
12036 597150.938017 4515558.884612 0 0.0004124
12037 599220.413313 4493005.339409 0 0.0005357
12038 597616.229506 4516513.660153 0 0.0008961
12039 597641.348073 4515976.318416 0 0.0005285
12040 595400.648949 4508248.154466 0 0.0003999
12041 595070.195080 4508132.085563 0 0.0004008
12042 595562.438984 4508493.125069 0 0.0005707
12043 595334.660606 4508889.691023 0 0.0010893
12044 595203.790891 4509095.825987 0 0.0001753
12045 605150.448386 4502290.708685 0 0.0003488
12046 606028.096467 4502302.195228 0 0.0004411
12047 605490.917460 4502142.208137 0 0.0006989
12048 605765.786339 4501935.937660 0 0.0006218
12049 605515.111696 4502559.087967 0 0.0001829
12050 605699.082992 4502686.499722 0 0.0003111
12051 595385.490800 4510047.064748 0 0.0008486
12052 595387.058006 4509401.509409 0 0.0009320
12053 595637.735061 4509435.453166 0 0.0005671
12054 595697.106242 4509547.307421 0 0.0005765
12055 605366.851189 4501665.734908 0 0.0006913
12056 605074.548969 4501910.736010 0 0.0007666
12057 595948.463999 4509196.967555 0 0.0005084
12058 601567.718884 4505682.511528 0 0.0007298
12059 601613.982021 4505435.854241 0 0.0005438
12060 594186.705204 4511251.774880 0 0.0006917
12061 594252.162993 4511044.132546 0 0.0010405
12062 594359.461365 4510977.365921 0 0.0009517
12063 603100.622220 4503466.383432 0 0.0005393
12064 603303.276217 4503123.977052 0 0.0005106
12065 602915.095646 4503057.314629 0 0.0005361
12066 602620.518923 4502770.722299 0 0.0003806
12067 603878.892584 4502143.415042 0 0.0004909
12068 603655.475719 4502189.772641 0 0.0005223
12069 603529.172654 4502448.958466 0 0.0006272
12070 602571.530966 4502277.883367 0 0.0002484
12071 593718.587227 4512285.263790 0 0.0013525
12072 593657.805920 4512684.443448 0 0.0007652
12073 593687.616258 4512488.691156 0 0.0009051
12074 604196.504860 4503145.219937 0 0.0005048
12075 594980.050632 4513607.013932 0 0.0007365
12076 595229.593402 4513642.458448 0 0.0006505
12077 595527.138435 4513566.461045 0 0.0008307
12078 596582.068745 4512290.508839 0 0.0009262
12079 603897.803689 4505763.628365 0 0.0003519
12080 602729.266103 4506988.903595 0 0.0005595
12081 594104.023325 4510140.493588 0 0.0003748
12082 600247.357368 4509601.111253 0 0.0006823
12083 600264.791933 4509878.736801 0 0.0009997
12084 600229.368150 4510134.037747 0 0.0004443
12085 604702.344417 4510541.103831 0 0.0006626
12086 604764.216610 4510307.344828 0 0.0006092
12087 604717.428977 4510038.102788 0 0.0003268
12088 605320.641386 4510458.203239 0 0.0004106
12089 603079.511660 4510537.909953 0 0.0010575
12090 603042.974739 4510096.611194 0 0.0006774
12091 602716.620414 4510459.915377 0 0.0013094
12092 604400.578040 4511204.753802 0 0.0003295
12093 605720.350356 4511691.867394 0 0.0007204
12094 605039.191217 4511892.351032 0 0.0004904
12095 605520.914535 4512143.974773 0 0.0006312
12096 605906.328567 4511942.452863 0 0.0000323
12097 606887.645221 4512585.329285 0 0.0009297
12098 607447.488787 4513025.206844 0 0.0007563
12099 608515.188440 4511529.537261 0 0.0007778
12100 608205.967374 4511760.526496 0 0.0005137
12101 608404.948791 4511995.543995 0 0.0004568
12102 599554.294858 4504309.991127 0 0.0009557
12103 599864.361159 4504058.792729 0 0.0006231
12104 600030.654211 4503645.689585 0 0.0005801
12105 591741.354056 4511513.397491 0 0.0007267
12106 591484.485287 4511326.894174 0 0.0006868
12107 591680.901036 4511299.378495 0 0.0005926
12108 591802.750152 4511287.801248 0 0.0004770
12109 600167.017467 4504291.399229 0 0.0005012
12110 600593.373534 4504488.247761 0 0.0006644
12111 590701.284147 4511532.075687 0 0.0000036
12112 600673.026911 4504263.566524 0 0.0003107
12113 600315.591792 4503902.258552 0 0.0005850
12114 600748.236826 4504070.455455 0 0.0004209
12115 600391.245259 4503709.156483 0 0.0005007
12116 600479.608206 4503519.206801 0 0.0004599
12117 590225.096365 4510842.283946 0 0.0002757
12118 590398.254394 4511082.077973 0 0.0001968
12119 600964.967337 4503454.915699 0 0.0004886
12120 601572.917659 4503404.936615 0 0.0005402
12121 591157.056751 4510704.874424 0 0.0004945
12122 591146.423514 4510919.364391 0 0.0007159
12123 591276.753572 4510997.288508 0 0.0006451
12124 591252.291951 4511351.561388 0 0.0003940
12125 590362.465231 4514016.328915 0 0.0008697
12126 590506.729472 4514183.936978 0 0.0004528
12127 597997.530728 4503355.707228 0 0.0005711
12128 592210.796502 4506552.988741 0 0.0006953
12129 592065.232848 4506399.783309 0 0.0007303
12130 591981.323157 4506274.556047 0 0.0006558
12131 605525.779668 4503144.907403 0 0.0002712
12132 605544.756791 4503405.266633 0 0.0004505
12133 605655.713071 4503795.854682 0 0.0003510
12134 605518.260389 4503611.514900 0 0.0006877
12135 595127.383116 4513050.792280 0 0.0005303
12136 595241.742457 4512604.763889 0 0.0005572
12137 595411.362767 4512798.027654 0 0.0005769
12138 595457.394774 4512532.792977 0 0.0004976
12139 595721.902828 4512787.560237 0 0.0006886
12140 595779.912040 4512578.771753 0 0.0010530
12141 604530.158190 4504836.296223 0 0.0005962
12142 604502.583965 4504245.420862 0 0.0005657
12143 595517.943587 4513212.502197 0 0.0003425
12144 595558.251710 4513049.781198 0 0.0008571
12145 604227.454810 4504411.671248 0 0.0005142
12146 604245.143801 4504680.355073 0 0.0005447
12147 595893.134034 4513195.507439 0 0.0007159
12148 596041.426628 4512761.662731 0 0.0005648
12149 595538.134713 4511398.033731 0 0.0010476
12150 595247.615270 4512133.357802 0 0.0006482
12151 604981.541800 4504437.026473 0 0.0005568
12152 605545.572403 4504815.708364 0 0.0005209
12153 605277.115229 4504814.895353 0 0.0003707
12154 605219.402873 4505101.395824 0 0.0006124
12155 596026.296835 4509343.054325 0 0.0007841
12156 605943.808611 4501200.532636 0 0.0006738
12157 605320.478612 4501437.195590 0 0.0008118
12158 595707.277030 4508895.591905 0 0.0005518
12159 595545.347826 4509053.104997 0 0.0004021
12160 596225.027513 4508965.513850 0 0.0005787
12161 596238.014294 4509072.367397 0 0.0004035
12162 596300.871591 4509214.946884 0 0.0006388
12163 595986.045390 4508325.002664 0 0.0006348
12164 595893.331577 4508689.507726 0 0.0004734
12165 596122.680065 4508580.601403 0 0.0003178
12166 596173.288989 4508743.020103 0 0.0003272
12167 596309.496911 4508107.298115 0 0.0004514
12168 596372.014276 4507694.661827 0 0.0004496
12169 596606.168768 4507472.599050 0 0.0002537
12170 596689.345754 4508128.612938 0 0.0005326
12171 596715.955042 4508310.891745 0 0.0005805
12172 596982.373410 4508505.526871 0 0.0009356
12173 596810.320017 4508408.780388 0 0.0004658
12174 596591.300747 4510041.121978 0 0.0004985
12175 596664.408303 4509857.966089 0 0.0006805
12176 596812.920247 4509487.491628 0 0.0003004
12177 596878.678794 4509409.267667 0 0.0004241
12178 596752.972174 4509634.279760 0 0.0004084
12179 596713.330738 4509704.640161 0 0.0005684
12180 596782.510687 4509560.678371 0 0.0005236
12181 597012.901763 4507591.720095 0 0.0003071
12182 596868.795775 4507401.014825 0 0.0003039
12183 597580.644242 4507308.383091 0 0.0003281
12184 594574.672536 4509560.593835 0 0.0008401
12185 593146.137156 4509062.791448 0 0.0004685
12186 592204.251662 4508425.865566 0 0.0007262
12187 592445.599454 4508765.193829 0 0.0003501
12188 592112.105524 4508710.240563 0 0.0003196
12189 606173.569573 4506429.644835 0 0.0004286
12190 591504.725209 4506942.133171 0 0.0008997
12191 606521.390859 4507641.816955 0 0.0005998
12192 593165.109394 4505847.011047 0 0.0005146
12193 607049.865187 4506886.328283 0 0.0002842
12194 606743.286926 4507058.404493 0 0.0009396
12195 606686.579994 4506643.890559 0 0.0005025
12196 593137.842991 4507126.302319 0 0.0006124
12197 593308.422113 4506961.559952 0 0.0007832
12198 594778.268307 4507265.837316 0 0.0005249
12199 607425.939038 4505546.280770 0 0.0004846
12200 607370.618610 4505079.302149 0 0.0004044
12201 605957.996309 4504133.267826 0 0.0005205
12202 606274.494655 4504269.544102 0 0.0002882
12203 596110.232800 4507283.015568 0 0.0005173
12204 594833.931080 4507633.920889 0 0.0004465
12205 595175.593176 4507773.118541 0 0.0003837
12206 594955.699500 4507839.162509 0 0.0003340
12207 606964.877954 4501167.278525 0 0.0006182
12208 594563.111761 4508689.456326 0 0.0004927
12209 594905.038573 4508855.329350 0 0.0004487
12210 596708.715496 4507932.689614 0 0.0004689
12211 607640.669666 4510324.236266 0 0.0004608
12212 606546.641925 4494688.432527 0 0.0007307
12213 605281.725848 4495978.085537 0 0.0008118
12214 597904.267567 4503693.622385 0 0.0006890
12215 589974.754495 4514393.214678 0 0.0004039
12216 598013.360139 4502863.681262 0 0.0006612
12217 598250.086961 4502871.872634 0 0.0007262
12218 590159.210961 4514488.485476 0 0.0005236
12219 598306.633954 4503925.091836 0 0.0006792
12220 591017.302549 4514330.063039 0 0.0005747
12221 591237.804398 4514136.336324 0 0.0004514
12222 598752.821777 4503999.932546 0 0.0007509
12223 598590.277729 4503984.081785 0 0.0006545
12224 591316.601514 4514451.677174 0 0.0003716
12225 591433.800427 4514345.810086 0 0.0004317
12226 591123.489083 4514562.959879 0 0.0005474
12227 591160.147210 4514699.459871 0 0.0002542
12228 598964.963537 4504578.246754 0 0.0006137
12229 598563.722390 4504406.210730 0 0.0005913
12230 590873.848704 4514759.074079 0 0.0000013
12231 599067.159602 4503778.116618 0 0.0006935
12232 591332.617761 4514830.077489 0 0.0005743
12233 591570.884823 4514614.383495 0 0.0005698
12234 599487.453653 4503644.648395 0 0.0005536
12235 591322.384491 4515304.929992 0 0.0004317
12236 591486.110178 4515059.280522 0 0.0003784
12237 591636.187361 4514923.160836 0 0.0005281
12238 591783.064314 4514789.945957 0 0.0004254
12239 599207.041728 4504091.162692 0 0.0006886
12240 599102.449748 4504404.589959 0 0.0007222
12241 591776.607100 4515164.012086 0 0.0006464
12242 591936.863264 4515018.711762 0 0.0003716
12243 605382.425912 4505402.927368 0 0.0004487
12244 595487.472813 4512328.957285 0 0.0010163
12245 595502.865426 4512147.552399 0 0.0008786
12246 595822.578459 4512334.471713 0 0.0008154
12247 595809.192830 4512088.250837 0 0.0009100
12248 596021.718461 4512272.853193 0 0.0010602
12249 596252.992269 4512197.735928 0 0.0013269
12250 596335.867286 4512439.431573 0 0.0007988
12251 605690.864761 4505364.591924 0 0.0005057
12252 605922.785505 4505566.172680 0 0.0005402
12253 604893.081557 4504774.978335 0 0.0003420
12254 604967.394389 4505284.768801 0 0.0004963
12255 604743.292955 4504967.763082 0 0.0004232
12256 604225.763916 4505668.019764 0 0.0003519
12257 604471.778791 4505520.019392 0 0.0003909
12258 596834.077106 4511663.989085 0 0.0007056
12259 604322.961425 4505883.671569 0 0.0003012
12260 604381.375490 4506098.203272 0 0.0002667
12261 596542.149616 4511569.859951 0 0.0010678
12262 596403.647331 4511977.293280 0 0.0013372
12263 596507.233451 4511817.247350 0 0.0009692
12264 604094.693062 4506300.482382 0 0.0003120
12265 603940.383652 4506073.255604 0 0.0003012
12266 596216.082918 4511668.451179 0 0.0006850
12267 596117.771000 4511901.111894 0 0.0014480
12268 604024.325895 4506566.370037 0 0.0003425
12269 603736.288853 4506584.268557 0 0.0004425
12270 603724.422316 4506963.854753 0 0.0006034
12271 604009.062180 4506942.434010 0 0.0003680
12272 597300.757215 4507316.624824 0 0.0003510
12273 597777.999266 4508311.187726 0 0.0003564
12274 597667.075469 4508079.502935 0 0.0005590
12275 597663.694680 4508596.298526 0 0.0004366
12276 597570.554408 4508724.922216 0 0.0005743
12277 597560.828623 4508883.503592 0 0.0003577
12278 597458.391704 4508957.610713 0 0.0004106
12279 597420.453611 4509093.474438 0 0.0003568
12280 597330.388058 4509312.251422 0 0.0004519
12281 597372.434950 4509201.418695 0 0.0002802
12282 597291.286480 4509426.361664 0 0.0002627
12283 597122.757117 4509528.706384 0 0.0007518
12284 597309.589269 4509604.185548 0 0.0003896
12285 597031.954167 4509749.136434 0 0.0004599
12286 597219.636001 4509825.664865 0 0.0002909
12287 596918.818258 4510024.897054 0 0.0006159
12288 597131.335786 4510146.721048 0 0.0009849
12289 597630.713744 4509447.900878 0 0.0005460
12290 597375.809244 4510027.384991 0 0.0009719
12291 598487.985905 4507776.716368 0 0.0006146
12292 598243.082773 4507230.764255 0 0.0005160
12293 599138.968561 4514863.812573 0 0.0006236
12294 598898.901435 4514338.429458 0 0.0007146
12295 606461.652825 4495189.154565 0 0.0011243
12296 598610.743472 4506939.662153 0 0.0003940
12297 598521.896769 4507097.062390 0 0.0003371
12298 595205.090479 4507228.610829 0 0.0004604
12299 598860.343027 4509079.553319 0 0.0002847
12300 597378.623501 4508508.106216 0 0.0004586
12301 597139.816677 4508976.840515 0 0.0005931
12302 597268.473088 4508801.125260 0 0.0007334
12303 596516.821554 4509410.394719 0 0.0006572
12304 596600.064241 4509254.734373 0 0.0004097
12305 596900.721195 4508748.224230 0 0.0005034
12306 596445.463992 4509048.937190 0 0.0007199
12307 596596.172093 4508894.153591 0 0.0009418
12308 596765.871871 4508901.960801 0 0.0005214
12309 596591.196444 4509123.934407 0 0.0004218
12310 596292.501588 4509419.780018 0 0.0004120
12311 596451.469348 4509572.027402 0 0.0005568
12312 597301.245597 4508223.656715 0 0.0001739
12313 597143.367596 4507929.029966 0 0.0004075
12314 597495.406934 4507696.838285 0 0.0003721
12315 597825.188870 4507666.486156 0 0.0003232
12316 598342.626865 4508231.903675 0 0.0008526
12317 598171.602847 4508313.702585 0 0.0006159
12318 598620.352442 4507928.905624 0 0.0006285
12319 597939.144083 4508880.283904 0 0.0006357
12320 597959.707499 4508542.727599 0 0.0007289
12321 599390.793718 4508297.867404 0 0.0004927
12322 599844.234148 4508752.469569 0 0.0006249
12323 598769.365097 4511753.583311 0 0.0005379
12324 599352.171234 4509717.225971 0 0.0004658
12325 599552.949955 4511116.442119 0 0.0003940
12326 599878.539766 4510661.769498 0 0.0005052
12327 599686.616653 4511574.307990 0 0.0005769
12328 598630.858452 4512148.263649 0 0.0012471
12329 599435.223426 4512415.938089 0 0.0010028
12330 599648.411822 4512803.903365 0 0.0011785
12331 591506.880390 4515416.985688 0 0.0004281
12332 591615.840134 4515309.320531 0 0.0004564
12333 599399.254276 4504292.251662 0 0.0008867
12334 599175.867328 4504784.813260 0 0.0006496
12335 598851.957903 4504742.409357 0 0.0007213
12336 598756.204898 4504991.445270 0 0.0006146
12337 598497.910878 4504604.323329 0 0.0008369
12338 598369.037813 4504815.428590 0 0.0005415
12339 592096.716487 4514874.073488 0 0.0007486
12340 592304.901793 4514685.291308 0 0.0006186
12341 598055.890337 4504236.367780 0 0.0005550
12342 598159.560902 4504472.819904 0 0.0005021
12343 591943.161099 4514645.262266 0 0.0006204
12344 592258.480630 4514359.808291 0 0.0004725
12345 592091.530172 4514510.984429 0 0.0008051
12346 597861.337891 4504765.508227 0 0.0005962
12347 591610.553766 4514185.792642 0 0.0008002
12348 598138.271569 4504986.215674 0 0.0003990
12349 598093.824974 4504739.459250 0 0.0005774
12350 591942.415713 4513892.971758 0 0.0005272
12351 592106.050832 4514129.736414 0 0.0004008
12352 591789.411431 4514023.594918 0 0.0004129
12353 591985.074499 4514239.033234 0 0.0003842
12354 598624.810138 4505126.503430 0 0.0006572
12355 598420.453052 4505022.436330 0 0.0005209
12356 592381.592014 4513879.344692 0 0.0004366
12357 592228.029910 4514019.443627 0 0.0003259
12358 598917.410782 4505310.298333 0 0.0004384
12359 599005.363737 4505082.870817 0 0.0006765
12360 592595.041661 4514054.574336 0 0.0005370
12361 595913.781843 4511845.264198 0 0.0008742
12362 596051.188464 4511467.998297 0 0.0006065
12363 595832.617872 4511723.577819 0 0.0007433
12364 595604.584554 4511922.704366 0 0.0007607
12365 595718.561675 4511742.926484 0 0.0007424
12366 595517.950570 4511740.119932 0 0.0006608
12367 595436.975404 4511936.171771 0 0.0005949
12368 595709.724571 4510968.320039 0 0.0008661
12369 595870.447905 4510904.803640 0 0.0009033
12370 596158.625982 4510904.569355 0 0.0006159
12371 596122.615275 4511125.758265 0 0.0013852
12372 603153.444563 4506194.523323 0 0.0010450
12373 602660.300782 4506062.983970 0 0.0004846
12374 602861.885930 4505857.574418 0 0.0002784
12375 596524.425802 4511155.743000 0 0.0007616
12376 596532.801438 4511318.998958 0 0.0011561
12377 603913.270316 4504945.080836 0 0.0002295
12378 596649.605959 4511056.970754 0 0.0007760
12379 596859.373251 4510853.188359 0 0.0012879
12380 603427.364772 4505214.947846 0 0.0005227
12381 603188.688428 4505750.819562 0 0.0008768
12382 596490.515336 4510835.281745 0 0.0010727
12383 596700.967499 4510644.389051 0 0.0010745
12384 602400.736909 4506437.554434 0 0.0004850
12385 602584.627974 4506341.282197 0 0.0004214
12386 601423.153995 4506650.435899 0 0.0008535
12387 601311.349177 4507079.863257 0 0.0008235
12388 601475.458394 4507024.355838 0 0.0012368
12389 599063.169516 4509250.897354 0 0.0004384
12390 599167.935959 4508845.204507 0 0.0006020
12391 599347.625966 4509223.048285 0 0.0003402
12392 599445.882825 4508736.791773 0 0.0006939
12393 599624.403957 4508140.311435 0 0.0004855
12394 599702.214635 4508366.085057 0 0.0003541
12395 600278.514381 4508653.288561 0 0.0005438
12396 599933.561452 4508532.591094 0 0.0005559
12397 600032.769991 4508291.250200 0 0.0008450
12398 600377.937381 4508426.621409 0 0.0008145
12399 600474.714360 4508217.831857 0 0.0003833
12400 602246.002227 4503015.348040 0 0.0004815
12401 602227.902892 4502659.077319 0 0.0003335
12402 601536.488067 4503121.824594 0 0.0006150
12403 601936.838818 4503063.868439 0 0.0005276
12404 601517.639427 4502720.670097 0 0.0005994
12405 601908.175186 4502683.234183 0 0.0004227
12406 599131.896469 4511319.347914 0 0.0006186
12407 598831.424482 4511349.582783 0 0.0009167
12408 598548.819460 4511017.281021 0 0.0007845
12409 598538.022653 4511285.732889 0 0.0006644
12410 598902.600736 4510472.938253 0 0.0005030
12411 598868.026175 4510761.320670 0 0.0004425
12412 598761.160127 4509415.831510 0 0.0006957
12413 599032.677274 4509497.377062 0 0.0003367
12414 599850.522242 4509776.848662 0 0.0005209
12415 599201.129081 4509586.695335 0 0.0002775
12416 599622.723529 4510182.688949 0 0.0004680
12417 598599.718455 4513092.705174 0 0.0007370
12418 598517.283067 4512783.597608 0 0.0001851
12419 588916.873617 4511155.518409 0 0.0003568
12420 589833.760551 4512412.124850 0 0.0002475
12421 591290.338056 4513407.348344 0 0.0006218
12422 591494.066206 4513284.953692 0 0.0006688
12423 591647.442464 4513537.411968 0 0.0007101
12424 589533.350892 4512912.919004 0 0.0004205
12425 589265.978214 4512361.988900 0 0.0001488
12426 598341.426802 4504199.268619 0 0.0005913
12427 598898.419611 4504189.584929 0 0.0009073
12428 599453.425735 4503883.832475 0 0.0006464
12429 591806.345675 4514401.110741 0 0.0002421
12430 593085.363324 4514211.138992 0 0.0003411
12431 598828.942481 4506606.029115 0 0.0008239
12432 602967.149972 4508791.966993 0 0.0003519
12433 603186.465833 4509167.744106 0 0.0003873
12434 605794.889532 4510045.377452 0 0.0003703
12435 605837.413870 4510580.860372 0 0.0002223
12436 606012.597037 4510375.941080 0 0.0004017
12437 605417.753720 4510217.579671 0 0.0002887
12438 605166.730454 4510698.559800 0 0.0005155
12439 605625.586192 4511085.511345 0 0.0004707
12440 604410.916824 4511827.327863 0 0.0004622
12441 601799.442303 4511586.216857 0 0.0002968
12442 602176.519636 4511530.720445 0 0.0006177
12443 601823.716515 4511029.479902 0 0.0003524
12444 602166.572293 4510958.050616 0 0.0005630
12445 595662.591032 4524965.914572 0 0.0005935
12446 596860.480118 4526199.776743 0 0.0006166
12447 593701.862294 4525344.701219 0 0.0007191
12448 591842.609526 4523861.370228 0 0.0010765
12449 592255.089194 4523753.067164 0 0.0010866
12450 592438.938538 4523542.568214 0 0.0010071
12451 596798.187198 4527154.048722 0 0.0008837
12452 592605.015352 4518803.038441 0 0.0005278
12453 593412.122149 4524779.293270 0 0.0006801
12454 596099.497638 4527526.319900 0 0.0009147
12455 591535.989784 4518150.900000 0 0.0011638
12456 593425.322736 4522330.010313 0 0.0008144
12457 591886.057721 4521351.923864 0 0.0006209
12458 594946.254952 4528105.206409 0 0.0005321
12459 592013.765122 4522726.438292 0 0.0007927
12460 595655.706543 4526884.621644 0 0.0006425
12461 596765.298226 4521833.029914 0 0.0005841
12462 590578.108281 4521073.612319 0 0.0005270
12463 596220.697434 4525571.871786 0 0.0007234
12464 592112.812642 4523252.722458 0 0.0005971
12465 596548.422887 4525981.342536 0 0.0009299
12466 591240.569583 4522736.459712 0 0.0009855
12467 592082.279614 4519376.721320 0 0.0011508
12468 595984.502808 4521203.598127 0 0.0011335
12469 598857.178406 4521270.189455 0 0.0007039
12470 590751.916938 4521612.291644 0 0.0011551
12471 597225.391210 4521420.198992 0 0.0008223
12472 591343.209943 4520017.125703 0 0.0011198
12473 591224.661308 4521057.452646 0 0.0014670
12474 595572.970224 4524315.772686 0 0.0010324
12475 597040.310349 4523885.823519 0 0.0005263
12476 593790.781547 4522583.926370 0 0.0005718
12477 594199.081773 4523031.775723 0 0.0006057
12478 593533.860572 4525077.626711 0 0.0011270
12479 593744.504444 4524941.164002 0 0.0011884
12480 593733.631205 4524850.593720 0 0.0008021
12481 595794.215687 4527235.553158 0 0.0006736
12482 595839.324928 4527052.385466 0 0.0012310
12483 593558.632702 4525526.202500 0 0.0023269
12484 593863.250350 4525310.533463 0 0.0004909
12485 593888.901221 4525100.399458 0 0.0006606
12486 593998.057165 4525235.104716 0 0.0008996
12487 593817.299711 4525192.701450 0 0.0007559
12488 596723.694222 4528705.718846 0 0.0008324
12489 596408.871095 4528760.323651 0 0.0011183
12490 593955.958955 4525045.398906 0 0.0004787
12491 594106.077992 4525127.556496 0 0.0004303
12492 594082.832831 4524808.469189 0 0.0007234
12493 594157.345854 4524779.256540 0 0.0007184
12494 596148.733326 4527814.859061 0 0.0004982
12495 596180.185135 4527727.366116 0 0.0005415
12496 594507.061445 4519915.510007 0 0.0010468
12497 594623.796092 4519936.416718 0 0.0010079
12498 594701.560835 4519951.756321 0 0.0006953
12499 594779.485661 4519966.336802 0 0.0006916
12500 594416.809607 4520174.073298 0 0.0007711
12501 594652.131397 4520210.862235 0 0.0008577
12502 594730.189319 4520227.401434 0 0.0008786
12503 590834.614221 4522811.244345 0 0.0018713
12504 590935.952899 4522999.481934 0 0.0014995
12505 594752.175824 4520531.849223 0 0.0007833
12506 594468.766096 4520752.575091 0 0.0005704
12507 594402.779180 4520795.699690 0 0.0007407
12508 590739.749386 4519693.775635 0 0.0012230
12509 590970.719685 4519759.760651 0 0.0022966
12510 594072.559348 4521060.623932 0 0.0006880
12511 592631.273682 4523099.981097 0 0.0007660
12512 597491.906257 4527766.096476 0 0.0005819
12513 592202.590404 4523622.927519 0 0.0008274
12514 594337.039499 4524902.753495 0 0.0005256
12515 596031.682580 4525924.981762 0 0.0005530
12516 596036.856033 4527371.922493 0 0.0009934
12517 592912.498789 4524405.397265 0 0.0007422
12518 595474.880413 4521760.728615 0 0.0013934
12519 593288.390040 4523181.406176 0 0.0011212
12520 593352.317105 4522148.749503 0 0.0006938
12521 594097.653625 4523441.428796 0 0.0010548
12522 592158.921231 4526532.908503 0 0.0009812
12523 594417.090248 4526099.361652 0 0.0007400
12524 595863.827696 4526243.432391 0 0.0010230
12525 594019.518999 4522718.095873 0 0.0015082
12526 595536.833516 4526140.221931 0 0.0010353
12527 595736.275022 4524578.105560 0 0.0007790
12528 592623.111056 4527244.788493 0 0.0008577
12529 593953.858188 4524020.869681 0 0.0021168
12530 591614.182287 4522061.429308 0 0.0012266
12531 593338.703699 4524163.928588 0 0.0005631
12532 593747.454639 4525571.512389 0 0.0006700
12533 595691.866920 4527939.457356 0 0.0007119
12534 594086.952231 4524922.972266 0 0.0010649
12535 593858.174692 4524721.131987 0 0.0006007
12536 593962.546066 4525400.813976 0 0.0011653
12537 594344.104038 4525384.691561 0 0.0009053
12538 593977.955343 4525533.023501 0 0.0005610
12539 594353.575507 4522115.313080 0 0.0006180
12540 590749.311146 4519425.634345 0 0.0000065
12541 594631.977564 4521048.055342 0 0.0011328
12542 594830.332088 4520553.313035 0 0.0008187
12543 594925.435602 4520582.197559 0 0.0004267
12544 590222.587745 4519409.944667 0 0.0003061
12545 590678.835069 4520071.636548 0 0.0006180
12546 590562.958907 4519982.446544 0 0.0007018
12547 590433.850552 4519771.909873 0 0.0007458
12548 590574.883174 4519692.846554 0 0.0014403
12549 595103.638697 4520869.890033 0 0.0004700
12550 595010.562695 4520844.565728 0 0.0004361
12551 595060.622525 4521068.557975 0 0.0006483
12552 591022.511939 4519115.735222 0 0.0006368
12553 591156.830129 4519017.087590 0 0.0004325
12554 591045.812205 4519442.301872 0 0.0010548
12555 591261.201562 4519129.181707 0 0.0005769
12556 591322.236516 4519315.418729 0 0.0006664
12557 595113.252456 4520357.538165 0 0.0004974
12558 595292.278968 4520312.912987 0 0.0008714
12559 591193.546973 4519553.861418 0 0.0011219
12560 595529.247033 4520584.174659 0 0.0005696
12561 595722.449003 4520640.030027 0 0.0008794
12562 596136.844253 4520772.142365 0 0.0006902
12563 596206.433729 4520649.564493 0 0.0006238
12564 596694.822627 4519583.603049 0 0.0009400
12565 596740.095288 4519350.592637 0 0.0008404
12566 592175.663634 4519087.357130 0 0.0003076
12567 595265.046438 4521077.495085 0 0.0004375
12568 595299.679542 4520905.973193 0 0.0007559
12569 595337.566749 4520703.254170 0 0.0006808
12570 596845.344737 4520313.491255 0 0.0019009
12571 591896.193195 4519068.442656 0 0.0010281
12572 595570.220637 4526405.916916 0 0.0007234
12573 596216.949925 4527115.729263 0 0.0006122
12574 597038.028707 4528808.296693 0 0.0005010
12575 598194.375481 4521903.288128 0 0.0009393
12576 593397.630084 4525040.624571 0 0.0008086
12577 594439.302328 4521903.246802 0 0.0009386
12578 592785.483046 4526358.098994 0 0.0006137
12579 591958.608303 4526471.428738 0 0.0007234
12580 594126.701828 4525652.961471 0 0.0007646
12581 596779.047023 4528925.173642 0 0.0006700
12582 597373.798465 4526145.149793 0 0.0003747
12583 594344.616991 4526410.497697 0 0.0006714
12584 592808.117200 4526097.814417 0 0.0006808
12585 593251.839918 4523932.163701 0 0.0008808
12586 596604.719551 4526684.550433 0 0.0005241
12587 595946.624186 4527270.812044 0 0.0005523
12588 595821.174935 4524807.112186 0 0.0011125
12589 598212.847966 4522314.931455 0 0.0011299
12590 594861.413300 4527908.447176 0 0.0007804
12591 596338.668832 4526062.426718 0 0.0009516
12592 596813.181495 4525709.076607 0 0.0006238
12593 593195.356185 4525700.858324 0 0.0002989
12594 597101.772607 4524864.247530 0 0.0007133
12595 598709.185751 4526586.522752 0 0.0012454
12596 596476.261603 4520650.368920 0 0.0008418
12597 596586.526960 4520555.216005 0 0.0008223
12598 592370.759080 4518915.644394 0 0.0006678
12599 592227.201439 4518947.855075 0 0.0007631
12600 592671.434829 4518457.769007 0 0.0005588
12601 597255.278888 4518934.462938 0 0.0011255
12602 592677.534696 4519141.592048 0 0.0004794
12603 592926.701558 4518953.872222 0 0.0005862
12604 592993.497869 4518903.190478 0 0.0009068
12605 596997.282378 4519398.340672 0 0.0011891
12606 593020.704752 4519413.867964 0 0.0007487
12607 597547.326381 4519502.644937 0 0.0000282
12608 597949.347950 4519776.798252 0 0.0001509
12609 597262.555112 4519404.978790 0 0.0005978
12610 597298.722641 4519213.398047 0 0.0013046
12611 597003.756480 4520760.431923 0 0.0005581
12612 596969.916955 4520923.955330 0 0.0006859
12613 597056.546406 4520585.426698 0 0.0006577
12614 593679.778545 4518846.215442 0 0.0012858
12615 597285.353589 4520708.239352 0 0.0013457
12616 597554.446513 4521132.204226 0 0.0005270
12617 597328.331838 4520119.935626 0 0.0006288
12618 596660.545793 4520095.963911 0 0.0010801
12619 594095.752631 4519182.259331 0 0.0006902
12620 598891.905642 4525412.262330 0 0.0009003
12621 593458.985265 4522036.316173 0 0.0007537
12622 593218.019016 4523759.358761 0 0.0004274
12623 598835.883499 4521649.702593 0 0.0006368
12624 600664.734553 4519425.117457 0 0.0009198
12625 591823.762667 4527814.910464 0 0.0005754
12626 596270.566291 4525272.580073 0 0.0006541
12627 596086.804757 4520593.037324 0 0.0011169
12628 592125.410555 4518733.963613 0 0.0007985
12629 597540.159857 4524302.709161 0 0.0005769
12630 596115.715810 4523892.004576 0 0.0012757
12631 595645.163832 4520379.703596 0 0.0018605
12632 595319.154454 4524498.813158 0 0.0008981
12633 591417.070612 4521646.070274 0 0.0007436
12634 594052.203753 4522402.285912 0 0.0008238
12635 596706.968374 4526323.408998 0 0.0008461
12636 597415.933691 4523415.738573 0 0.0010396
12637 599042.797963 4519812.731354 0 0.0006743
12638 593975.183275 4525676.774908 0 0.0007978
12639 595990.074348 4527161.259446 0 0.0006209
12640 592154.768765 4529145.047630 0 0.0015732
12641 594257.170191 4522061.306020 0 0.0010093
12642 596187.957840 4522487.821612 0 0.0006620
12643 592203.453780 4523914.300183 0 0.0010743
12644 591052.166030 4521066.674486 0 0.0011819
12645 592040.863777 4520776.350621 0 0.0012829
12646 592642.929838 4520883.261377 0 0.0011248
12647 594797.927186 4518278.419723 0 0.0000058
12648 593792.220781 4519850.919193 0 0.0007761
12649 593451.738822 4520626.141843 0 0.0009472
12650 599079.021326 4518861.228127 0 0.0007956
12651 599766.373795 4518916.701033 0 0.0008750
12652 592421.651394 4519580.979676 0 0.0007660
12653 592310.155899 4519614.064323 0 0.0010100
12654 591962.265453 4519728.131216 0 0.0005935
12655 598824.505869 4519670.840235 0 0.0002209
12656 599092.566970 4519632.180346 0 0.0005112
12657 599269.548748 4519677.987619 0 0.0008072
12658 592062.703720 4520557.472249 0 0.0007841
12659 592132.623230 4520996.972886 0 0.0016908
12660 592411.682119 4520886.022882 0 0.0017248
12661 592250.024904 4520949.161764 0 0.0012490
12662 592373.789400 4521251.411798 0 0.0007003
12663 592457.728343 4521127.004362 0 0.0011616
12664 592202.747016 4521166.193958 0 0.0012230
12665 592258.134127 4521293.059416 0 0.0006043
12666 599232.132943 4520110.295768 0 0.0010216
12667 599932.002654 4520303.479658 0 0.0006245
12668 599653.745345 4521028.810704 0 0.0004635
12669 593806.487319 4521175.520473 0 0.0010266
12670 599279.356389 4520521.422786 0 0.0006108
12671 591108.707763 4519229.830495 0 0.0008396
12672 594225.143087 4520444.855837 0 0.0006476
12673 594903.622338 4520068.958492 0 0.0015140
12674 591171.857924 4519407.974216 0 0.0011082
12675 592269.854704 4522822.088852 0 0.0010440
12676 592942.922573 4520638.103289 0 0.0011277
12677 591244.114392 4519633.545726 0 0.0010909
12678 594539.084180 4519633.906986 0 0.0010237
12679 591359.638510 4517740.422004 0 0.0010079
12680 591388.315307 4518259.633885 0 0.0012938
12681 595223.225145 4520037.908310 0 0.0009082
12682 591350.199216 4518550.633431 0 0.0007075
12683 593513.206551 4519681.949449 0 0.0014829
12684 598609.388047 4521180.769736 0 0.0007104
12685 594517.993888 4525470.028418 0 0.0009364
12686 595722.409182 4523345.659930 0 0.0009501
12687 592575.654980 4519610.393393 0 0.0012057
12688 595716.556023 4525388.079749 0 0.0010663
12689 593673.104408 4521298.451669 0 0.0014475
12690 595888.175107 4525343.364446 0 0.0005379
12691 593704.569901 4522223.964759 0 0.0008425
12692 594112.163194 4520881.861118 0 0.0008584
12693 593223.978334 4521935.337420 0 0.0006729
12694 592391.159356 4519324.620831 0 0.0013912
12695 602505.852986 4522265.627895 0 0.0008765
12696 595437.101323 4519181.133842 0 0.0017912
12697 590731.997648 4518137.023409 0 0.0003480
12698 593558.444199 4523353.024509 0 0.0007010
12699 591636.527258 4520504.935631 0 0.0005675
12700 591714.424564 4520484.153603 0 0.0005530
12701 591724.298884 4520907.058876 0 0.0011227
12702 591935.606779 4520818.443962 0 0.0007241
12703 591836.284322 4520711.204815 0 0.0012533
12704 592093.352783 4521185.730530 0 0.0010035
12705 591750.985033 4521168.909883 0 0.0008772
12706 591422.763298 4521106.649765 0 0.0004353
12707 591369.965666 4520986.895072 0 0.0014288
12708 591492.743577 4521202.783537 0 0.0008577
12709 591580.904063 4521334.229119 0 0.0006671
12710 591482.233938 4520747.938327 0 0.0006137
12711 591407.857835 4520778.927238 0 0.0005862
12712 591334.998027 4520808.280871 0 0.0007920
12713 591244.972934 4520844.465935 0 0.0011212
12714 591006.638386 4520320.515642 0 0.0008396
12715 591058.347657 4520447.987352 0 0.0011826
12716 591244.061043 4520379.397880 0 0.0008887
12717 592164.530412 4519898.636441 0 0.0008960
12718 592230.228464 4519802.040571 0 0.0008035
12719 590469.336918 4520674.762176 0 0.0015703
12720 590278.445802 4521225.474865 0 0.0007241
12721 590938.173119 4520733.269338 0 0.0013234
12722 591027.941340 4520696.648325 0 0.0005256
12723 591153.351397 4520942.830469 0 0.0006397
12724 591107.114830 4520859.074653 0 0.0007674
12725 590589.621376 4521274.489363 0 0.0008996
12726 597373.368428 4522190.276857 0 0.0002743
12727 597134.341298 4521807.924180 0 0.0008765
12728 597370.010896 4521594.875710 0 0.0015623
12729 596973.724786 4521640.191388 0 0.0005025
12730 596859.054470 4521738.959870 0 0.0010620
12731 595273.164900 4525204.464689 0 0.0007812
12732 596102.807129 4523284.397639 0 0.0008859
12733 598123.196741 4520918.235739 0 0.0013739
12734 592358.896201 4522644.476400 0 0.0014201
12735 593818.450955 4519133.230977 0 0.0011638
12736 593551.850928 4520045.438732 0 0.0009306
12737 592693.847339 4520308.199707 0 0.0008664
12738 599742.842673 4520714.537714 0 0.0011198
12739 593582.809657 4522512.049381 0 0.0009458
12740 596739.689757 4520783.207500 0 0.0011869
12741 594939.643039 4520291.423172 0 0.0012894
12742 596649.045763 4519823.741551 0 0.0004686
12743 592920.257901 4520881.817354 0 0.0006259
12744 595341.276837 4523406.390726 0 0.0009696
12745 597536.038680 4526395.153526 0 0.0016042
12746 595809.820518 4523704.175951 0 0.0008613
12747 592895.548374 4526065.205349 0 0.0012786
12748 597267.738913 4524202.203349 0 0.0007508
12749 596784.319120 4523923.368614 0 0.0008093
12750 594198.932001 4526185.920399 0 0.0008526
12751 591470.864774 4522588.459722 0 0.0010447
12752 592933.144784 4523874.696303 0 0.0008960
12753 595559.107686 4522912.032898 0 0.0017212
12754 592009.902267 4522000.933126 0 0.0008931
12755 596422.076995 4522580.885935 0 0.0009710
12756 591791.858407 4522441.563338 0 0.0009162
12757 591984.775336 4523875.139345 0 0.0020063
12758 590711.125927 4521229.043148 0 0.0008043
12759 590948.593206 4518022.968447 0 0.0007992
12760 596906.436309 4522206.092717 0 0.0006483
12761 593279.235357 4520973.821045 0 0.0014844
12762 595360.170354 4519660.431390 0 0.0011227
12763 591458.497673 4519203.774470 0 0.0007963
12764 597675.208278 4527823.275957 0 0.0008808
12765 590909.469796 4517950.488216 0 0.0006664
12766 590418.939563 4521822.771264 0 0.0011357
12767 599083.022205 4520794.953665 0 0.0008238
12768 596829.521890 4522443.741566 0 0.0006541
12769 595574.230727 4520116.840832 0 0.0010180
12770 591458.684505 4517619.023678 0 0.0012396
12771 592098.537171 4525866.663141 0 0.0012858
12772 592319.312159 4520572.395919 0 0.0013161
12773 593685.567029 4520897.264500 0 0.0007949
12774 590609.175382 4522352.836065 0 0.0009494
12775 590818.065302 4522271.558051 0 0.0017002
12776 590811.612947 4522544.749297 0 0.0012974
12777 591062.525471 4522794.872291 0 0.0001928
12778 590990.290404 4522848.138133 0 0.0002852
12779 596857.674050 4521351.938084 0 0.0010425
12780 591333.465519 4521964.974949 0 0.0003891
12781 591465.101031 4521913.274424 0 0.0006823
12782 591537.918833 4521874.971358 0 0.0009349
12783 596585.963497 4521791.726981 0 0.0006187
12784 596215.596745 4521640.472259 0 0.0000332
12785 596430.739106 4521796.191642 0 0.0002960
12786 596014.999439 4521643.149013 0 0.0033203
12787 596375.331729 4521686.931247 0 0.0011371
12788 596203.287907 4521773.254197 0 0.0007465
12789 596318.581374 4521332.402425 0 0.0008274
12790 596586.790188 4521535.473381 0 0.0004187
12791 596494.531746 4521535.958714 0 0.0007061
12792 596191.966642 4521449.914191 0 0.0003227
12793 596451.349960 4521417.513819 0 0.0011393
12794 596260.732968 4521534.604240 0 0.0009465
12795 596393.480599 4521578.158773 0 0.0005769
12796 596172.622648 4521293.435865 0 0.0004418
12797 596359.738263 4521193.402080 0 0.0013429
12798 596159.825751 4521082.046237 0 0.0009689
12799 591156.839452 4517771.796109 0 0.0011653
12800 591503.528062 4518714.230921 0 0.0007667
12801 591688.384009 4518065.867899 0 0.0009299
12802 592835.596773 4522761.201972 0 0.0007472
12803 598467.284480 4520361.632648 0 0.0005732
12804 602089.217376 4522627.847907 0 0.0006967
12805 591886.960799 4519467.278081 0 0.0006346
12806 594504.008256 4525013.579659 0 0.0005942
12807 594636.593862 4520502.261271 0 0.0008331
12808 592854.680981 4519929.441566 0 0.0014259
12809 593706.926656 4519732.230159 0 0.0007703
12810 595132.397008 4520700.283935 0 0.0013096
12811 592882.418529 4519286.899553 0 0.0006779
12812 594373.249872 4522222.989614 0 0.0009393
12813 594840.750489 4525820.170103 0 0.0007646
12814 592597.544394 4518938.642074 0 0.0007573
12815 591650.191258 4519849.166996 0 0.0004837
12816 592172.416759 4528848.285198 0 0.0006469
12817 591122.156736 4526382.658993 0 0.0004606
12818 595322.745034 4521300.675909 0 0.0006750
12819 598221.809256 4526715.345830 0 0.0007191
12820 592605.170023 4518703.290475 0 0.0009920
12821 595594.277462 4528106.669343 0 0.0004837
12822 593918.996812 4521126.017852 0 0.0007494
12823 593963.616026 4520168.720668 0 0.0011024
12824 597224.636132 4525981.596667 0 0.0007436
12825 593924.689461 4522167.192067 0 0.0012772
12826 593882.192058 4522999.753799 0 0.0009876
12827 592780.992397 4528587.372096 0 0.0010894
12828 592777.205542 4528960.559678 0 0.0008750
12829 590160.445807 4521234.232876 0 0.0009458
12830 591179.062790 4517897.187588 0 0.0007227
12831 594010.767197 4524974.526921 0 0.0005270
12832 592509.398300 4521330.394744 0 0.0012006
12833 593674.333741 4521695.386373 0 0.0007768
12834 594064.160347 4526303.711885 0 0.0012064
12835 592562.160521 4525541.422264 0 0.0011429
12836 591480.404532 4523783.739053 0 0.0013804
12837 592202.953347 4524531.248545 0 0.0013948
12838 596007.378083 4522723.246639 0 0.0006909
12839 592159.241751 4524751.890261 0 0.0012779
12840 591283.128157 4522535.564803 0 0.0004888
12841 590423.485602 4521208.933242 0 0.0017269
12842 595072.324522 4521313.169317 0 0.0005732
12843 596952.216079 4519633.080116 0 0.0006093
12844 592713.701077 4521917.689979 0 0.0007776
12845 593551.887187 4521017.926956 0 0.0007220
12846 593196.243969 4519383.730297 0 0.0010158
12847 593676.407082 4520567.255003 0 0.0009479
12848 598446.528060 4519037.686451 0 0.0001090
12849 595475.627957 4522663.960379 0 0.0010497
12850 592206.719190 4523430.662134 0 0.0007285
12851 591403.925589 4522383.719117 0 0.0009313
12852 597156.558763 4519961.776604 0 0.0006231
12853 596072.377770 4518730.681641 0 0.0008086
12854 595382.250537 4520120.851257 0 0.0003509
12855 593598.916537 4519828.862806 0 0.0004664
12856 596223.465817 4521173.532609 0 0.0004036
12857 590989.095953 4522158.790080 0 0.0005956
12858 590994.156118 4521791.699962 0 0.0011566
12859 591046.202044 4522473.126723 0 0.0005249
12860 591100.470894 4522352.379064 0 0.0010678
12861 595558.115167 4521605.456466 0 0.0003689
12862 595673.443527 4521650.423374 0 0.0004880
12863 595884.263748 4521283.966948 0 0.0004801
12864 595937.210467 4520983.345269 0 0.0004483
12865 591484.707261 4522264.088034 0 0.0016778
12866 591646.747730 4522618.387009 0 0.0009205
12867 591777.804476 4522722.559126 0 0.0006599
12868 591123.074018 4521244.700579 0 0.0006115
12869 591315.571830 4521199.432342 0 0.0012837
12870 596170.532558 4520968.914157 0 0.0005299
12871 596470.151585 4521041.926933 0 0.0005855
12872 596708.127874 4521093.960830 0 0.0006303
12873 591344.242511 4521684.105549 0 0.0006743
12874 591489.069521 4521612.484236 0 0.0011479
12875 591573.189242 4521565.064987 0 0.0010779
12876 595521.581886 4523342.329843 0 0.0015002
12877 591739.816957 4521780.236630 0 0.0013342
12878 595719.916456 4523103.505033 0 0.0009595
12879 592111.093250 4522370.361858 0 0.0006577
12880 592215.640218 4522272.204136 0 0.0006368
12881 592101.567024 4522226.293756 0 0.0009487
12882 595721.388610 4522625.267366 0 0.0010801
12883 591853.197812 4522589.407872 0 0.0006779
12884 591974.603536 4522564.058867 0 0.0005696
12885 592478.120816 4523150.712071 0 0.0006729
12886 592404.884206 4523037.476120 0 0.0006953
12887 592395.392656 4522751.076181 0 0.0005884
12888 592419.480506 4522850.869950 0 0.0005213
12889 600488.629547 4518641.038072 0 0.0007970
12890 599182.751725 4523934.283610 0 0.0004729
12891 597796.036945 4525953.361986 0 0.0008794
12892 595249.260545 4528280.556111 0 0.0007169
12893 595282.470073 4528002.866785 0 0.0006902
12894 592519.419644 4521664.638810 0 0.0009328
12895 594131.637188 4521629.920038 0 0.0014880
12896 592703.889758 4521449.226607 0 0.0005451
12897 595988.526286 4525727.447753 0 0.0008317
12898 595951.816043 4521486.583649 0 0.0019103
12899 591116.532505 4521847.327738 0 0.0015587
12900 591468.351701 4520412.185191 0 0.0007321
12901 590097.885077 4520585.905759 0 0.0012006
12902 599127.122726 4518679.386270 0 0.0006758
12903 592443.140274 4519120.449629 0 0.0011667
12904 593365.892878 4519319.246524 0 0.0013068
12905 595854.584612 4519430.826597 0 0.0009126
12906 596586.776730 4522955.491671 0 0.0009819
12907 592168.529645 4525827.982518 0 0.0007147
12908 592448.580194 4523970.703240 0 0.0017428
12909 590871.976042 4518932.431838 0 0.0007328
12910 591316.227568 4518479.160989 0 0.0008288
12911 601207.057241 4518475.863854 0 0.0019110
12912 595338.929708 4520528.563712 0 0.0007227
12913 596957.097470 4518909.790258 0 0.0005884
12914 593038.526715 4519539.671523 0 0.0008194
12915 600227.102273 4519102.427386 0 0.0009660
12916 591777.488271 4517825.399708 0 0.0008649
12917 591467.979034 4517883.405772 0 0.0010505
12918 593081.329259 4520043.211369 0 0.0014114
12919 595521.173143 4521468.554264 0 0.0009342
12920 596822.150133 4528354.904811 0 0.0006772
12921 596443.524194 4527646.272293 0 0.0007501
12922 596807.735284 4527918.736305 0 0.0007407
12923 597142.982745 4528130.992769 0 0.0007927
12924 597261.831816 4528369.618490 0 0.0005985
12925 597348.005860 4528106.557196 0 0.0007133
12926 597560.336133 4528307.019038 0 0.0006953
12927 595798.003723 4528292.361930 0 0.0008202
12928 598112.398758 4527380.093773 0 0.0007227
12929 598002.667012 4525436.254274 0 0.0014360
12930 602354.172228 4521858.875471 0 0.0008108
12931 602079.851979 4523277.950195 0 0.0007653
12932 591283.611226 4517478.963950 0 0.0000541
12933 595194.576242 4519011.899582 0 0.0000029
12934 593145.239270 4518307.273366 0 0.0000354
12935 593193.046959 4520409.691772 0 0.0010967
12936 592733.456053 4519607.956784 0 0.0017638
12937 593183.830190 4520619.665316 0 0.0007970
12938 591351.640850 4520543.374442 0 0.0011826
12939 599676.433795 4521656.996877 0 0.0010302
12940 592529.855628 4523069.518483 0 0.0006368
12941 595516.028827 4522065.761217 0 0.0007270
12942 592639.888775 4523454.406847 0 0.0004707
12943 592557.754318 4523291.834058 0 0.0009566
12944 592719.568918 4523636.331445 0 0.0010613
12945 592636.666334 4523672.552615 0 0.0007913
12946 592484.187518 4523739.334910 0 0.0005725
12947 592558.972498 4523705.777504 0 0.0009169
12948 595361.715883 4521971.307486 0 0.0005444
12949 595171.940411 4521768.444753 0 0.0008649
12950 592231.180530 4522939.338647 0 0.0006281
12951 592353.603593 4523122.753063 0 0.0012245
12952 591630.651838 4522767.115169 0 0.0008028
12953 591803.177526 4522983.330967 0 0.0011725
12954 591288.778177 4523065.907295 0 0.0008368
12955 591434.296577 4522976.465429 0 0.0006786
12956 591366.336046 4523011.162763 0 0.0009046
12957 591658.757943 4523168.130812 0 0.0003639
12958 591516.377118 4523202.402833 0 0.0011306
12959 591131.308806 4523235.346071 0 0.0006584
12960 591873.813718 4523311.615120 0 0.0001971
12961 591966.323456 4523190.671617 0 0.0007234
12962 592295.673337 4523937.880096 0 0.0006678
12963 592256.574360 4524280.711031 0 0.0014403
12964 592241.568565 4524348.659450 0 0.0006043
12965 592464.302174 4524580.082198 0 0.0014013
12966 592555.500763 4524182.064220 0 0.0014743
12967 592665.521239 4524361.094820 0 0.0007732
12968 598438.604129 4522581.896713 0 0.0005335
12969 598235.195534 4522583.302664 0 0.0004382
12970 598805.996549 4522502.103332 0 0.0004433
12971 598708.962168 4522562.715034 0 0.0006000
12972 592475.259263 4524879.302770 0 0.0010772
12973 592702.127962 4524784.019452 0 0.0007075
12974 592787.893000 4524965.615460 0 0.0007487
12975 592538.760046 4525068.356448 0 0.0004628
12976 596978.911948 4521140.038738 0 0.0011595
12977 595389.309699 4523188.983169 0 0.0009855
12978 592516.573414 4522258.267474 0 0.0011097
12979 591326.387485 4523479.963578 0 0.0006151
12980 597075.633503 4521525.763961 0 0.0007335
12981 592372.537487 4522508.001764 0 0.0010815
12982 591632.030468 4519066.917561 0 0.0007422
12983 593732.883426 4523099.506931 0 0.0007335
12984 592037.688247 4519041.040255 0 0.0010288
12985 590935.521339 4521853.637927 0 0.0005898
12986 591589.409608 4519480.677265 0 0.0020634
12987 591083.023003 4521519.412810 0 0.0009869
12988 591846.386811 4518775.612152 0 0.0011934
12989 597435.377112 4525725.043675 0 0.0010237
12990 591503.823383 4520221.134640 0 0.0007841
12991 593314.060591 4519962.039854 0 0.0006960
12992 596067.618634 4525001.560872 0 0.0005978
12993 596320.602891 4525788.686690 0 0.0010432
12994 596891.301706 4519952.751047 0 0.0008368
12995 591163.594522 4518369.851469 0 0.0011746
12996 595830.443608 4526859.802796 0 0.0012439
12997 595425.239096 4521372.638354 0 0.0009349
12998 596519.114291 4525528.353015 0 0.0007285
12999 591826.338520 4521735.907997 0 0.0007573
13000 591934.463768 4518546.380525 0 0.0011111
13001 590962.025394 4521990.664478 0 0.0006043
13002 592815.134168 4518957.853030 0 0.0013068
13003 591285.325858 4518029.766818 0 0.0010216
13004 590758.129110 4521826.469749 0 0.0011465
13005 593791.536151 4520255.718758 0 0.0009328
13006 595594.773097 4521221.101005 0 0.0015746
13007 596596.224176 4525209.769075 0 0.0006447
13008 595018.386091 4525990.645980 0 0.0013414
13009 594267.883090 4516159.493056 0 0.0080073
13010 596437.160288 4518066.807673 0 0.0008952
13011 596727.381180 4518591.839188 0 0.0010353
13012 596841.182997 4517859.737444 0 0.0017695
13013 597170.002274 4518643.214472 0 0.0004707
13014 596152.275102 4518994.589210 0 0.0005906
13015 596403.926030 4519694.332996 0 0.0005501
13016 596368.405022 4519262.479804 0 0.0010367
13017 591852.702367 4517406.988786 0 0.0007147
13018 595473.727430 4519350.980648 0 0.0005133
13019 595623.462369 4519371.817096 0 0.0007119
13020 590673.831028 4518031.257423 0 0.0012425
13021 590935.671837 4517862.834513 0 0.0006108
13022 594907.979388 4519493.600990 0 0.0014533
13023 594525.261131 4519417.800668 0 0.0007898
13024 594677.104791 4519453.891495 0 0.0007660
13025 592626.326777 4525048.551633 0 0.0005660
13026 592747.034369 4525045.195717 0 0.0010887
13027 592257.927119 4524998.083795 0 0.0005458
13028 592441.924006 4525102.079124 0 0.0016815
13029 599187.794884 4522263.450902 0 0.0004823
13030 599371.307699 4522275.002032 0 0.0006281
13031 599217.100550 4521326.651858 0 0.0010245
13032 599622.338329 4522471.234115 0 0.0004736
13033 599669.570284 4522212.794742 0 0.0009407
13034 599223.403123 4523230.024498 0 0.0003415
13035 592454.654698 4525866.155593 0 0.0007768
13036 592649.748334 4525977.210447 0 0.0015457
13037 593115.583646 4526540.224423 0 0.0006433
13038 592936.661037 4526457.399690 0 0.0008144
13039 597888.528890 4522688.238416 0 0.0006454
13040 592402.253335 4526847.557405 0 0.0003364
13041 592628.386691 4526948.573922 0 0.0004455
13042 592490.584180 4526624.708554 0 0.0006245
13043 592440.624827 4526326.540162 0 0.0004202
13044 592333.441581 4526155.888949 0 0.0008895
13045 596519.318224 4523374.206015 0 0.0005025
13046 596733.478383 4523441.413477 0 0.0005083
13047 592205.952699 4526033.080727 0 0.0005805
13048 590949.503051 4526049.519602 0 0.0006671
13049 595932.178934 4522423.099538 0 0.0009155
13050 591694.932420 4521589.417997 0 0.0008252
13051 596368.119395 4518738.655015 0 0.0006974
13052 595556.853955 4518899.223656 0 0.0009934
13053 591927.101741 4517972.847564 0 0.0003704
13054 591729.848941 4520205.943980 0 0.0007241
13055 592911.276396 4520385.554248 0 0.0009386
13056 595681.687633 4521471.426429 0 0.0011147
13057 591726.001246 4522250.517767 0 0.0014447
13058 600242.647844 4519689.509227 0 0.0012764
13059 596784.690622 4519117.437505 0 0.0008981
13060 593048.017916 4524361.400530 0 0.0007624
13061 596144.689834 4519479.224137 0 0.0018966
13062 592559.764037 4518488.472076 0 0.0006007
13063 592608.787612 4518602.931205 0 0.0010071
13064 594589.952875 4521347.508822 0 0.0008151
13065 597538.983632 4525569.229910 0 0.0007400
13066 591260.715728 4518684.597687 0 0.0013472
13067 592418.104215 4519798.488282 0 0.0016273
13068 595063.417848 4521993.209932 0 0.0010736
13069 595796.412713 4522964.583519 0 0.0011349
13070 590835.386463 4520657.459003 0 0.0019291
13071 592958.539243 4518766.379979 0 0.0006606
13072 592471.514199 4518948.482283 0 0.0005234
13073 591044.766561 4519916.713550 0 0.0003776
13074 591248.859781 4522620.578963 0 0.0010209
13075 592672.701137 4523260.162505 0 0.0008353
13076 590774.283369 4518510.564317 0 0.0000498
13077 593470.497319 4524862.700271 0 0.0006115
13078 593629.985197 4525006.333533 0 0.0015428
13079 592102.806843 4518486.883601 0 0.0009956
13080 591747.620060 4518396.104299 0 0.0001769
13081 591039.577320 4518115.246312 0 0.0010635
13082 590925.410610 4518494.729969 0 0.0019053
13083 595517.203561 4519839.986289 0 0.0005444
13084 595708.882329 4519653.910035 0 0.0017370
13085 595856.480287 4519955.535354 0 0.0009530
13086 595938.635310 4519688.630915 0 0.0005530
13087 595728.320951 4519869.553008 0 0.0007220
13088 590687.328655 4517799.995579 0 0.0006151
13089 595794.629384 4519168.687040 0 0.0008267
13090 595839.602359 4518935.148830 0 0.0014670
13091 590501.009136 4518170.462995 0 0.0019710
13092 591516.938882 4517996.226015 0 0.0006758
13093 592040.330076 4518237.881249 0 0.0006086
13094 590810.587838 4518284.470589 0 0.0012418
13095 590640.074434 4518361.791939 0 0.0005588
13096 596135.435296 4519786.273400 0 0.0006476
13097 595901.433769 4520177.019305 0 0.0011862
13098 594533.996765 4520192.328671 0 0.0016966
13099 590288.489281 4518515.263953 0 0.0002137
13100 590568.458934 4518618.789145 0 0.0020179
13101 590872.315600 4518785.278824 0 0.0019630
13102 594338.556099 4520161.754584 0 0.0009487
13103 590832.636077 4519245.265131 0 0.0020511
13104 591383.418159 4519594.215870 0 0.0011847
13105 595924.481429 4520545.602467 0 0.0014909
13106 592008.247030 4518761.919971 0 0.0008187
13107 595469.426832 4520885.101453 0 0.0011075
13108 595689.121223 4520875.935943 0 0.0007653
13109 591360.199983 4525747.733643 0 0.0006563
13110 591440.841922 4525877.888115 0 0.0012360
13111 591813.667934 4526265.898413 0 0.0004801
13112 598672.860005 4523270.364606 0 0.0007378
13113 598229.234226 4522940.328836 0 0.0005963
13114 598408.945542 4522829.451333 0 0.0006743
13115 591263.032730 4526326.084215 0 0.0004808
13116 599043.584659 4524170.029548 0 0.0013638
13117 598963.439160 4523991.772749 0 0.0002924
13118 599336.375974 4524348.388752 0 0.0000152
13119 599195.227012 4524471.079800 0 0.0036113
13120 599153.354349 4524319.021744 0 0.0006606
13121 591524.427911 4526721.397958 0 0.0008165
13122 591474.087878 4528432.314374 0 0.0010274
13123 591469.555710 4527597.020633 0 0.0004159
13124 591363.538373 4527069.611776 0 0.0008303
13125 591444.076913 4526906.763392 0 0.0005357
13126 598225.947421 4524059.433863 0 0.0010772
13127 597829.424469 4524129.624063 0 0.0011703
13128 592051.657365 4529660.162696 0 0.0005422
13129 597221.791402 4527603.905170 0 0.0009371
13130 597182.143548 4527223.861975 0 0.0011061
13131 593952.511887 4520665.681323 0 0.0009313
13132 598681.545107 4523123.251229 0 0.0004917
13133 591684.861765 4527012.038150 0 0.0008649
13134 593616.616383 4523696.524146 0 0.0007992
13135 595459.864302 4528363.649163 0 0.0005472
13136 596113.594737 4528042.908795 0 0.0006794
13137 596233.775341 4527957.594280 0 0.0008786
13138 592680.173788 4526472.626004 0 0.0008079
13139 595315.108078 4525007.140766 0 0.0011082
13140 596945.191929 4522041.545679 0 0.0005523
13141 593379.772943 4526447.650878 0 0.0010526
13142 594287.089744 4525547.991848 0 0.0004433
13143 594915.921249 4525506.833575 0 0.0011183
13144 592766.762014 4524639.846851 0 0.0012743
13145 592451.832055 4524298.115484 0 0.0006989
13146 597247.358638 4523235.738819 0 0.0008007
13147 593773.708134 4520039.354889 0 0.0011775
13148 597737.913963 4524892.438954 0 0.0007169
13149 592533.674223 4524440.882824 0 0.0014901
13150 598140.289485 4523755.664866 0 0.0009400
13151 597104.646100 4526308.147934 0 0.0007906
13152 592712.104452 4525786.227796 0 0.0004852
13153 592276.324901 4525747.517363 0 0.0014656
13154 595479.075774 4523106.226126 0 0.0004888
13155 594780.492730 4526081.597973 0 0.0005646
13156 594477.934379 4526635.676881 0 0.0004144
13157 597015.661420 4524223.677038 0 0.0008187
13158 598794.795824 4521978.841704 0 0.0009992
13159 592397.574655 4518663.548958 0 0.0007364
13160 592280.074692 4518693.768330 0 0.0010035
13161 593088.240791 4519168.095893 0 0.0006844
13162 593173.481381 4519068.935948 0 0.0009869
13163 597217.458123 4519640.079193 0 0.0005660
13164 593554.621539 4519146.923347 0 0.0008360
13165 593665.349184 4518578.439327 0 0.0009761
13166 593922.780430 4518622.376863 0 0.0007689
13167 594224.439543 4517866.658398 0 0.0006866
13168 594028.818058 4518929.064808 0 0.0011385
13169 593614.299946 4519610.327900 0 0.0006180
13170 592994.663392 4519694.403955 0 0.0011349
13171 592790.888857 4520147.997071 0 0.0008469
13172 599397.735646 4518941.618289 0 0.0010259
13173 592516.828106 4520178.120527 0 0.0006714
13174 592524.152320 4519981.554207 0 0.0010490
13175 599462.933004 4519583.533093 0 0.0007480
13176 592708.101246 4520774.508003 0 0.0007682
13177 592535.182732 4520573.814950 0 0.0014215
13178 592754.626763 4520590.545704 0 0.0012129
13179 598875.607148 4520179.309446 0 0.0006685
13180 593139.117299 4520764.464026 0 0.0006288
13181 593369.813398 4519649.539783 0 0.0011696
13182 593199.188872 4519594.635234 0 0.0003927
13183 591211.479206 4519798.080024 0 0.0017587
13184 591614.260619 4520351.454337 0 0.0009284
13185 591538.455817 4520602.392489 0 0.0010894
13186 591668.748243 4520719.344548 0 0.0011190
13187 591961.580983 4521098.569181 0 0.0005422
13188 591847.309375 4521116.145136 0 0.0010461
13189 591528.573457 4520968.626289 0 0.0015125
13190 591644.699658 4521208.929031 0 0.0010649
13191 591205.910510 4520684.477090 0 0.0007256
13192 592148.945665 4529267.364737 0 0.0000888
13193 591923.456378 4528649.040791 0 0.0012317
13194 595810.081946 4523888.645958 0 0.0007205
13195 595812.983344 4524082.953003 0 0.0006180
13196 595513.106044 4523819.087777 0 0.0011364
13197 595587.997960 4524040.100095 0 0.0007234
13198 595227.340610 4523842.244962 0 0.0011963
13199 595363.781113 4523840.187142 0 0.0009198
13200 595325.905529 4524200.964382 0 0.0007682
13201 595406.287569 4524209.079070 0 0.0010122
13202 595236.338575 4524088.761331 0 0.0005639
13203 595243.466600 4524314.238472 0 0.0006642
13204 594776.571478 4523581.642135 0 0.0009754
13205 592229.615246 4527960.543178 0 0.0002614
13206 595250.021777 4524823.890125 0 0.0007545
13207 595239.427408 4524639.286669 0 0.0006830
13208 595373.035598 4524639.031283 0 0.0006194
13209 592457.883457 4529524.272612 0 0.0003379
13210 592532.784731 4529334.154907 0 0.0005935
13211 594366.959166 4525574.890505 0 0.0005090
13212 594192.012748 4525843.021331 0 0.0006389
13213 594303.211600 4525733.476834 0 0.0007061
13214 593904.962044 4526254.129202 0 0.0008115
13215 594625.903300 4525251.767553 0 0.0006476
13216 594714.731395 4525164.907506 0 0.0005595
13217 594429.742420 4525279.590815 0 0.0005877
13218 594490.553987 4525233.152976 0 0.0010736
13219 597946.318996 4527202.423324 0 0.0005783
13220 597858.310443 4527480.084413 0 0.0006065
13221 597722.163314 4527157.514471 0 0.0005480
13222 597638.112630 4527417.423316 0 0.0007263
13223 592154.260030 4526734.614830 0 0.0006880
13224 593887.098469 4519456.571625 0 0.0012793
13225 596890.386548 4526708.124030 0 0.0010555
13226 595660.608938 4522350.317280 0 0.0010057
13227 596506.991865 4528375.629855 0 0.0010086
13228 595376.948068 4524798.696965 0 0.0004043
13229 595544.471652 4524996.371267 0 0.0006721
13230 597327.763751 4523826.794055 0 0.0006685
13231 597565.239795 4523941.502981 0 0.0005234
13232 591933.537694 4524600.651776 0 0.0009032
13233 591845.227894 4522014.073125 0 0.0011234
13234 592297.329847 4518228.726128 0 0.0011530
13235 597804.516125 4525413.541433 0 0.0008692
13236 596069.327770 4525196.794849 0 0.0004895
13237 595608.472973 4523695.803385 0 0.0012201
13238 599618.915994 4519987.854159 0 0.0008707
13239 591995.263756 4526037.151128 0 0.0006693
13240 591690.315206 4526382.781381 0 0.0009465
13241 592288.604847 4525410.527503 0 0.0012006
13242 595356.493742 4525929.833366 0 0.0005559
13243 595600.774349 4523105.166028 0 0.0010454
13244 595816.656835 4524319.153984 0 0.0006729
13245 595823.821830 4525004.277551 0 0.0008411
13246 596292.028743 4523134.768722 0 0.0006880
13247 597421.917062 4526867.973814 0 0.0012266
13248 596977.289597 4528073.422495 0 0.0007263
13249 596516.587497 4527290.826911 0 0.0011544
13250 593963.395539 4522942.696890 0 0.0009443
13251 595533.085791 4525188.864627 0 0.0004050
13252 593563.857762 4521635.308086 0 0.0010996
13253 591150.262088 4520559.387709 0 0.0013717
13254 590944.945980 4520167.883188 0 0.0012447
13255 591079.377583 4520208.264806 0 0.0010909
13256 591187.777643 4520150.565382 0 0.0006534
13257 591967.328991 4520145.615675 0 0.0014468
13258 592419.100825 4520406.246292 0 0.0005992
13259 592228.736786 4520183.216110 0 0.0016446
13260 590298.046608 4520805.130606 0 0.0012338
13261 590362.335980 4520993.569582 0 0.0008981
13262 590793.377256 4520334.074230 0 0.0018215
13263 590916.138979 4521036.064700 0 0.0013595
13264 597348.178671 4521847.857846 0 0.0008086
13265 590954.623238 4522528.267228 0 0.0011039
13266 591173.189998 4522813.279807 0 0.0007956
13267 591629.802756 4521815.934717 0 0.0011421
13268 590865.142770 4521478.134473 0 0.0007119
13269 595748.273858 4521142.560418 0 0.0010649
13270 591533.307963 4522404.345749 0 0.0005927
13271 591279.821919 4521480.928763 0 0.0010512
13272 591200.442952 4521344.810247 0 0.0011162
13273 591446.050175 4521402.411543 0 0.0018085
13274 591381.489122 4521299.974503 0 0.0008700
13275 596651.660094 4521394.300387 0 0.0007270
13276 595675.765287 4523493.188050 0 0.0008014
13277 591948.624830 4522389.821122 0 0.0013905
13278 595841.861976 4523348.449648 0 0.0014447
13279 592195.203658 4521917.859704 0 0.0007877
13280 592510.243607 4523398.590994 0 0.0012858
13281 592790.312257 4523910.678039 0 0.0019399
13282 596107.606454 4521953.762319 0 0.0000664
13283 595994.291640 4522209.148126 0 0.0008743
13284 595731.115572 4522090.311238 0 0.0009472
13285 594734.709083 4525419.321647 0 0.0006953
13286 594753.467816 4525620.411623 0 0.0006137
13287 596860.183013 4527706.660287 0 0.0005386
13288 596631.940455 4527555.225886 0 0.0006454
13289 594507.664716 4526505.944784 0 0.0006093
13290 594408.786175 4526346.176103 0 0.0009162
13291 594506.074192 4526276.373586 0 0.0014988
13292 594660.507932 4526159.223350 0 0.0009725
13293 596589.658959 4528001.799811 0 0.0006786
13294 596493.094897 4527860.952989 0 0.0004873
13295 594175.666415 4527653.892020 0 0.0000282
13296 597240.061370 4528808.360838 0 0.0005010
13297 597409.363031 4528633.026078 0 0.0005436
13298 597059.780727 4528629.450068 0 0.0004859
13299 598623.240007 4527209.244898 0 0.0007415
13300 599879.874188 4526951.465060 0 0.0006267
13301 597334.773048 4526802.766575 0 0.0010172
13302 597276.356212 4526707.480306 0 0.0000773
13303 597183.602958 4526615.785119 0 0.0020995
13304 598527.834057 4525751.609283 0 0.0068493
13305 593372.534293 4520266.595745 0 0.0017226
13306 593924.591548 4522504.506453 0 0.0008642
13307 597246.121483 4527779.713459 0 0.0006317
13308 594121.619885 4526245.942261 0 0.0006649
13309 598750.130434 4522250.856803 0 0.0010281
13310 594035.816022 4521350.575334 0 0.0006981
13311 594862.857036 4520889.589942 0 0.0009256
13312 592797.746736 4529195.375470 0 0.0006007
13313 594101.241839 4521924.108392 0 0.0009386
13314 592762.213148 4522862.700862 0 0.0004902
13315 596110.384479 4526151.765999 0 0.0011248
13316 593684.856536 4521916.123286 0 0.0008411
13317 591991.178075 4523356.524749 0 0.0005451
13318 593674.361534 4522942.489771 0 0.0010548
13319 594230.946502 4523297.138576 0 0.0014309
13320 594625.007928 4520777.379637 0 0.0006462
13321 598518.122665 4521867.787152 0 0.0007212
13322 596280.863699 4522888.098499 0 0.0007386
13323 596080.074850 4521218.435641 0 0.0006454
13324 592256.446107 4524163.022786 0 0.0008974
13325 593100.594213 4524140.424854 0 0.0008144
13326 592198.122390 4520710.789915 0 0.0008158
13327 599954.731279 4519376.105237 0 0.0007451
13328 598251.316424 4521655.978411 0 0.0009032
13329 598493.747147 4521484.009548 0 0.0007321
13330 590578.657907 4520875.718623 0 0.0013746
13331 591620.516132 4519721.209835 0 0.0014042
13332 599630.594969 4519280.265718 0 0.0008801
13333 596650.778963 4522677.181204 0 0.0007602
13334 599424.487525 4520323.710806 0 0.0006664
13335 591652.849915 4517700.087587 0 0.0006397
13336 592361.384513 4523371.887066 0 0.0010757
13337 592363.249417 4523682.557199 0 0.0013486
13338 592162.322550 4523126.578598 0 0.0007350
13339 592230.304037 4523081.295616 0 0.0008310
13340 591512.370649 4522938.162297 0 0.0010916
13341 591567.945777 4523293.706354 0 0.0011335
13342 592051.507964 4523556.436979 0 0.0012923
13343 596633.053187 4522240.045824 0 0.0008555
13344 598582.908471 4522434.762240 0 0.0008122
13345 598363.537384 4522174.904879 0 0.0009436
13346 592598.261487 4524841.094521 0 0.0011299
13347 592738.772903 4525240.653572 0 0.0013999
13348 592602.817212 4525344.251483 0 0.0008165
13349 599277.080546 4521729.166150 0 0.0013198
13350 593081.031366 4526376.438193 0 0.0009985
13351 593253.597111 4526553.109132 0 0.0005574
13352 593593.415340 4526418.982513 0 0.0011292
13353 596930.569675 4522998.798862 0 0.0006086
13354 590850.265691 4526319.983053 0 0.0006866
13355 591131.105274 4525857.074504 0 0.0006678
13356 591387.505903 4526128.411962 0 0.0010873
13357 598451.680926 4523117.911823 0 0.0009277
13358 596327.018229 4524137.646369 0 0.0009833
13359 596551.012625 4524210.114209 0 0.0007927
13360 596540.426314 4523815.235376 0 0.0005010
13361 595282.228098 4523634.226420 0 0.0008548
13362 592201.244605 4527231.189193 0 0.0005314
13363 592297.833027 4526938.811553 0 0.0007797
13364 598910.613026 4525753.331203 0 0.0022302
13365 598987.646673 4525416.124912 0 0.0016843
13366 598891.065141 4525183.609635 0 0.0026034
13367 598622.188260 4525212.300347 0 0.0018749
13368 598423.190856 4525412.681816 0 0.0001249
13369 598440.313526 4525078.247716 0 0.0013053
13370 598140.326049 4525312.978016 0 0.0011104
13371 598097.202562 4526112.251010 0 0.0008216
13372 598208.301362 4526296.937685 0 0.0004830
13373 597893.595742 4526870.103830 0 0.0002382
13374 597926.888288 4526481.480707 0 0.0009739
13375 591949.661819 4522205.754167 0 0.0007234
13376 592050.166769 4523815.366602 0 0.0016309
13377 593397.346736 4523624.164666 0 0.0009840
13378 598771.166093 4520591.763832 0 0.0009905
13379 590704.860666 4521066.373383 0 0.0012526
13380 596094.218273 4518509.909499 0 0.0014252
13381 590506.391810 4521565.086401 0 0.0008613
13382 591741.064950 4521478.692419 0 0.0005754
13383 591746.041162 4526811.382719 0 0.0009003
13384 590635.784417 4521777.902361 0 0.0009003
13385 591547.031960 4526488.811182 0 0.0007191
13386 591092.106371 4518226.043930 0 0.0007891
13387 590301.326537 4520602.861179 0 0.0015919
13388 596265.273168 4520321.913338 0 0.0010252
13389 590808.944016 4521201.965748 0 0.0006765
13390 593615.877003 4520313.597609 0 0.0012981
13391 591965.389852 4526777.696228 0 0.0011696
13392 596991.981871 4524710.284051 0 0.0006765
13393 596390.012051 4522202.692047 0 0.0008685
13394 595813.510258 4521590.523947 0 0.0001928
13395 597041.334908 4519164.748189 0 0.0012165
13396 591655.564484 4522953.411290 0 0.0010959
13397 592076.746293 4522853.057878 0 0.0010447
13398 598692.623194 4522848.051488 0 0.0007869
13399 596418.419114 4520829.223595 0 0.0005335
13400 593844.326995 4521787.445988 0 0.0009082
13401 594926.568713 4525729.930816 0 0.0013977
13402 592203.221207 4522038.169320 0 0.0006823
13403 591912.501125 4521623.264424 0 0.0014447
13404 591391.504183 4520168.039587 0 0.0006599
13405 592092.930323 4522544.089644 0 0.0011198
13406 592390.177484 4528714.042337 0 0.0007703
13407 596717.959697 4524995.543774 0 0.0017558
13408 596642.454325 4524826.553860 0 0.0010230
13409 596668.882712 4524572.365052 0 0.0010014
13410 597358.118443 4524789.371065 0 0.0005559
13411 597318.520556 4524568.822396 0 0.0007350
13412 597694.902856 4524562.050830 0 0.0006628
13413 594336.870142 4521787.422080 0 0.0011710
13414 594502.392190 4521723.775536 0 0.0008765
13415 594083.206519 4522142.670472 0 0.0008093
13416 594179.615626 4522313.949128 0 0.0011068
13417 593709.590126 4522361.546286 0 0.0007833
13418 593422.076999 4522927.693281 0 0.0005386
13419 593316.561803 4522665.214885 0 0.0008064
13420 593205.132769 4522425.782063 0 0.0013096
13421 596687.032946 4525748.616483 0 0.0008310
13422 592761.353388 4523399.614315 0 0.0010252
13423 592915.581558 4523471.957813 0 0.0012512
13424 592829.657144 4523585.709517 0 0.0011869
13425 593239.316973 4523599.778651 0 0.0018150
13426 593856.162601 4523484.878020 0 0.0008620
13427 593128.730659 4523014.953870 0 0.0007494
13428 593057.827148 4522715.084208 0 0.0007032
13429 592934.048553 4522500.692854 0 0.0008570
13430 596452.897337 4526334.267446 0 0.0008613
13431 596537.229350 4526528.645297 0 0.0005234
13432 593384.296142 4524478.535065 0 0.0016150
13433 595657.181868 4524637.476675 0 0.0005956
13434 595533.981456 4524666.580913 0 0.0008952
13435 595857.814889 4524579.270906 0 0.0006014
13436 596063.701265 4524680.320471 0 0.0006115
13437 600809.958314 4525163.362248 0 0.0000282
13438 596059.735158 4524306.525079 0 0.0008591
13439 596228.180590 4523468.830572 0 0.0008541
13440 599265.212261 4519327.870088 0 0.0012837
13441 592756.446327 4523227.702552 0 0.0004989
13442 593265.626952 4523411.579411 0 0.0004288
13443 593105.862374 4523752.081325 0 0.0011436
13444 596306.382566 4524576.387219 0 0.0005364
13445 592282.428094 4522237.455491 0 0.0009104
13446 592262.874486 4522447.688218 0 0.0013840
13447 595461.534788 4522288.937799 0 0.0006498
13448 591947.003066 4523004.105021 0 0.0010331
13449 595978.595800 4523118.216659 0 0.0007949
13450 596057.524061 4526721.835005 0 0.0004787
13451 591205.444488 4522191.956650 0 0.0002715
13452 596301.110430 4526623.540209 0 0.0005870
13453 594705.443013 4525979.008628 0 0.0008765
13454 590677.511415 4521453.714725 0 0.0010043
13455 591253.223983 4522357.734630 0 0.0008360
13456 597058.908420 4525246.835238 0 0.0007407
13457 590869.548105 4519993.391513 0 0.0006411
13458 594465.808311 4525098.437488 0 0.0009162
13459 593853.433070 4525728.826685 0 0.0007270
13460 598541.338283 4526895.137941 0 0.0006664
13461 597140.399917 4522724.880184 0 0.0003826
13462 597072.801981 4522509.463809 0 0.0004772
13463 593816.230320 4522035.962184 0 0.0007617
13464 592709.792368 4522704.147220 0 0.0009335
13465 594221.776009 4519979.660040 0 0.0005176
13466 592770.461486 4527613.009899 0 0.0007581
13467 592234.506891 4526356.887222 0 0.0009848
13468 592503.138767 4525705.181888 0 0.0008490
13469 594347.441191 4525930.676638 0 0.0008945
13470 596791.718531 4524313.818851 0 0.0004974
13471 592787.744456 4529433.517761 0 0.0005898
13472 596310.181500 4524897.937440 0 0.0007169
13473 592608.218432 4528510.393398 0 0.0006101
13474 592614.221846 4527923.317680 0 0.0006844
13475 598190.724782 4524554.375801 0 0.0007465
13476 597580.430776 4525300.595564 0 0.0006613
13477 597636.959702 4525073.645882 0 0.0005451
13478 597221.005811 4525496.178583 0 0.0008209
13479 597347.462075 4525090.339132 0 0.0005133
13480 594509.047840 4522116.056487 0 0.0006072
13481 594517.985087 4522015.901874 0 0.0007523
13482 597034.249808 4525523.140694 0 0.0005379
13483 596825.759711 4525411.476296 0 0.0005675
13484 593378.260964 4521851.850992 0 0.0008570
13485 596076.668301 4525409.452637 0 0.0005191
13486 595605.739992 4525606.037463 0 0.0006317
13487 595521.346648 4525628.885391 0 0.0006317
13488 595285.160662 4525551.639306 0 0.0007696
13489 595481.578102 4525896.949005 0 0.0006093
13490 592795.107549 4523108.400034 0 0.0009494
13491 592889.358883 4523083.731632 0 0.0005566
13492 595777.492812 4525994.470908 0 0.0008072
13493 595738.120376 4525796.346898 0 0.0011183
13494 592679.224599 4522957.299533 0 0.0006967
13495 592575.143610 4522914.745322 0 0.0005227
13496 592554.617318 4522664.219518 0 0.0012880
13497 592975.187526 4523332.292308 0 0.0012418
13498 593094.665653 4523570.524506 0 0.0013515
13499 597106.565303 4525863.846478 0 0.0006166
13500 596931.854621 4525762.998323 0 0.0008050
13501 597032.118743 4525822.661347 0 0.0005696
13502 593689.662897 4523513.258571 0 0.0008216
13503 592619.801568 4523947.950907 0 0.0011061
13504 596010.142574 4527593.846218 0 0.0008714
13505 596716.318747 4520451.437388 0 0.0010685
13506 594662.341200 4525452.453200 0 0.0006555
13507 599451.248199 4520807.796355 0 0.0005119
13508 596813.890939 4523218.295856 0 0.0006166
13509 596221.292120 4526426.604415 0 0.0007638
13510 596296.682667 4527312.832755 0 0.0010736
13511 593685.469317 4522746.224593 0 0.0011450
13512 593469.057169 4522582.571795 0 0.0009342
13513 595458.089959 4525451.110114 0 0.0008158
13514 595977.719511 4526525.257243 0 0.0008822
13515 591784.276453 4527241.186103 0 0.0016259
13516 596911.517001 4526016.175109 0 0.0005833
13517 593982.658423 4524646.689602 0 0.0006685
13518 592391.940800 4525270.255863 0 0.0017089
13519 597006.489719 4528958.388980 0 0.0005350
13520 593300.444883 4524588.697782 0 0.0018749
13521 594767.500078 4521031.845828 0 0.0014504
13522 596898.137210 4527489.223785 0 0.0009082
13523 597446.076363 4527256.199133 0 0.0010461
13524 593959.838899 4523436.686711 0 0.0006476
13525 599099.562086 4526008.835930 0 0.0016230
13526 596412.652097 4526898.997304 0 0.0011963
13527 597040.701063 4527053.629595 0 0.0009075
13528 594438.986143 4520473.550110 0 0.0019616
13529 593424.061933 4523290.031105 0 0.0009010
13530 593651.163810 4523227.459922 0 0.0005364
13531 594598.723553 4525746.647223 0 0.0011472
13532 594104.048303 4523261.361881 0 0.0007653
13533 593974.882991 4523253.729752 0 0.0005148
13534 593821.181128 4523224.309403 0 0.0007913
13535 595702.413666 4526434.060003 0 0.0005624
13536 594090.136035 4523006.522533 0 0.0010613
13537 594163.982881 4522908.559135 0 0.0004498
13538 594124.496544 4522749.220257 0 0.0008230
13539 595579.073432 4526690.206637 0 0.0007783
13540 595750.809701 4526662.982085 0 0.0006368
13541 592957.049152 4522187.715100 0 0.0006837
13542 593561.342123 4524176.949724 0 0.0005559
13543 593418.809006 4524133.252160 0 0.0007501
13544 593191.692142 4524330.882117 0 0.0010108
13545 593272.944895 4524195.375732 0 0.0006361
13546 593074.584234 4523971.757679 0 0.0007371
13547 593013.629532 4523771.992639 0 0.0006223
13548 592737.107147 4524118.936214 0 0.0005270
13549 592843.680240 4524188.170885 0 0.0005220
13550 592954.158245 4524188.297906 0 0.0007624
13551 593018.351175 4524705.326434 0 0.0007826
13552 593099.266019 4524656.719927 0 0.0010837
13553 593183.687323 4524608.925536 0 0.0008729
13554 593320.067482 4524837.699755 0 0.0010331
13555 593248.342334 4524911.140223 0 0.0011248
13556 593144.917325 4524899.333634 0 0.0010750
13557 596688.082459 4526879.698306 0 0.0005978
13558 593470.874131 4524687.837099 0 0.0007104
13559 593559.818825 4524711.468322 0 0.0008490
13560 593535.798650 4524298.990476 0 0.0008180
13561 593482.044161 4524405.300144 0 0.0012288
13562 593693.449885 4524470.311097 0 0.0008007
13563 593762.049125 4524416.180559 0 0.0007530
13564 593593.220938 4524533.206230 0 0.0004801
13565 593681.343358 4524631.662833 0 0.0008743
13566 596137.365560 4526919.127724 0 0.0007111
13567 593624.782303 4525184.398797 0 0.0004808
;