/* CONJUNTOS */
param N_total:= 3442 ;

/* PARAMETROS */
param P:= 2043.0 ;
param R:= 100.0 ;
param c1:= 1.0 ;
param c2:= 0.2 ;
param nombre_instancia := "drp_3442_BROOKLYN.dat" ;

param : coordx coordy flag prob_ohca:=
1 585052.447738 4506020.419211 1 0.0000
2 586803.928877 4502546.349797 1 0.0000
3 586888.672263 4498737.627150 1 0.0000
4 588365.641742 4495360.983740 1 0.0000
5 594099.274754 4502937.073010 1 0.0000
6 590702.551271 4501962.634895 1 0.0000
7 592751.414897 4501090.017087 1 0.0000
8 584416.814265 4504679.397492 1 0.0000
9 589779.061617 4505406.545356 1 0.0000
10 586071.816283 4504810.370313 1 0.0000
11 590208.019228 4504343.956971 1 0.0000
12 590479.146837 4505395.920334 1 0.0000
13 589890.826745 4494177.072153 1 0.0000
14 587823.093746 4507273.304053 1 0.0000
15 588400.288503 4508421.084855 1 0.0000
16 588381.401318 4496978.341815 1 0.0000
17 590220.600253 4503720.013641 1 0.0000
18 582994.894357 4497505.556594 1 0.0000
19 590858.126053 4503261.636681 1 0.0000
20 585427.707601 4505231.486425 1 0.0000
21 588547.369526 4498570.288269 1 0.0000
22 588401.431479 4498568.020930 1 0.0000
23 592260.632344 4499307.865912 1 0.0000
24 591321.708934 4496146.615289 1 0.0000
25 591844.922794 4503147.307363 1 0.0000
26 593159.677234 4499541.140568 1 0.0000
27 586152.115186 4504636.065904 1 0.0000
28 589683.283016 4500725.126256 1 0.0000
29 584303.933400 4496303.370410 1 0.0000
30 590145.580053 4492512.200487 1 0.0000
31 594083.111050 4501624.410985 1 0.0000
32 584128.185910 4497556.832882 1 0.0000
33 591878.409093 4502775.003269 1 0.0000
34 584391.148897 4503721.352532 1 0.0000
35 586178.508049 4499850.335662 1 0.0000
36 588050.266694 4500401.835943 1 0.0000
37 586688.249289 4492103.331068 1 0.0000
38 588440.580819 4500700.335097 1 0.0000
39 591127.499828 4500313.395629 1 0.0000
40 585917.380312 4504430.142186 1 0.0000
41 585733.398703 4495658.970495 1 0.0000
42 582404.124967 4497256.587688 1 0.0000
43 587500.129842 4507991.834874 1 0.0000
44 591423.253267 4502872.523379 1 0.0000
45 583930.778702 4500741.695686 1 0.0000
46 582540.977568 4498540.414928 1 0.0000
47 585968.043458 4504316.141589 1 0.0000
48 585233.756562 4505056.804073 1 0.0000
49 585676.439387 4496542.022418 1 0.0000
50 585456.865750 4504918.558838 1 0.0000
51 584808.819422 4503864.755506 1 0.0000
52 588703.415785 4493818.948917 1 0.0000
53 585244.039100 4505090.440416 1 0.0000
54 594600.862656 4500201.712985 1 0.0000
55 585568.118000 4505157.207346 1 0.0000
56 585413.137051 4504851.630779 1 0.0000
57 586549.740147 4501237.401910 1 0.0000
58 592281.800693 4502405.989637 1 0.0000
59 587086.933660 4505446.916777 1 0.0000
60 594918.278238 4504100.099331 1 0.0000
61 590740.694921 4504182.413609 1 0.0000
62 588435.974638 4506383.462163 1 0.0000
63 594303.546792 4503973.656143 1 0.0000
64 585075.910029 4495381.516874 1 0.0000
65 586598.171094 4505739.683419 1 0.0000
66 593099.218423 4500007.909776 1 0.0000
67 588536.205778 4500276.632392 1 0.0000
68 587143.622049 4504026.616666 1 0.0000
69 591442.671901 4502531.445600 1 0.0000
70 595972.915821 4502656.072800 1 0.0000
71 588770.567524 4497270.728874 1 0.0000
72 583990.399829 4495630.637207 1 0.0000
73 588944.824814 4499071.813803 1 0.0000
74 589379.980350 4503467.585349 1 0.0000
75 592023.277795 4496461.137050 1 0.0000
76 585430.899749 4504843.910473 1 0.0000
77 593662.321476 4499850.362073 1 0.0000
78 590667.659825 4498087.616284 1 0.0000
79 584867.626823 4494376.003130 1 0.0000
80 594362.731485 4503512.050003 1 0.0000
81 594303.546792 4503973.656143 1 0.0000
82 591259.679382 4501555.643905 1 0.0000
83 585860.449546 4504104.045925 1 0.0000
84 592002.059748 4502566.755085 1 0.0000
85 592364.152324 4501621.940918 1 0.0000
86 595516.711722 4504534.443386 1 0.0000
87 588992.286448 4504921.302218 1 0.0000
88 584663.367844 4504489.312149 1 0.0000
89 588618.544771 4503138.961268 1 0.0000
90 586800.780524 4500143.242032 1 0.0000
91 590010.792872 4505421.370848 1 0.0000
92 591882.732274 4506440.963447 1 0.0000
93 585241.733541 4505078.835585 1 0.0000
94 589174.028428 4503785.207992 1 0.0000
95 585783.774141 4505379.369499 1 0.0000
96 594499.555812 4503619.347041 1 0.0000
97 586785.393055 4494765.889144 1 0.0000
98 586495.161724 4503624.923452 1 0.0000
99 588547.369526 4498570.288269 1 0.0000
100 590959.550140 4498520.293081 1 0.0000
101 584385.978133 4500746.871906 1 0.0000
102 585535.852329 4505957.357974 1 0.0000
103 585430.866748 4505355.546454 1 0.0000
104 594129.157068 4501165.703678 1 0.0000
105 585324.481644 4504046.449544 1 0.0000
106 582207.826535 4497020.329501 1 0.0000
107 589887.932959 4494244.079350 1 0.0000
108 589887.932959 4494244.079350 1 0.0000
109 588081.150543 4500472.884132 1 0.0000
110 587729.115487 4506641.445401 1 0.0000
111 585353.447494 4506187.178784 1 0.0000
112 583918.137681 4495580.755620 1 0.0000
113 591262.935763 4505768.989738 1 0.0000
114 584194.208298 4497914.414788 1 0.0000
115 591702.486003 4501630.571028 1 0.0000
116 589126.918623 4505863.837963 1 0.0000
117 584029.195803 4496399.893773 1 0.0000
118 585669.847104 4501625.673037 1 0.0000
119 588278.416887 4504054.457258 1 0.0000
120 585813.375067 4493473.489495 1 0.0000
121 589800.416885 4497952.521010 1 0.0000
122 587143.057763 4495095.091969 1 0.0000
123 587026.843010 4492662.989592 1 0.0000
124 588280.386022 4509531.068590 1 0.0000
125 590943.784058 4502294.180081 1 0.0000
126 588050.266694 4500401.835943 1 0.0000
127 592572.073023 4501586.821979 1 0.0000
128 587903.998115 4505465.965121 1 0.0000
129 584141.129588 4500680.096166 1 0.0000
130 582795.128136 4499611.359322 1 0.0000
131 588651.381891 4502341.556131 1 0.0000
132 585522.586772 4492487.761518 1 0.0000
133 593579.557030 4502682.200209 1 0.0000
134 591193.928990 4505272.102591 1 0.0000
135 585578.878582 4505604.058718 1 0.0000
136 588026.546188 4497152.879780 1 0.0000
137 590560.111181 4505457.787082 1 0.0000
138 587757.409668 4502681.217947 1 0.0000
139 584627.926547 4498978.259744 1 0.0000
140 583296.173715 4497781.708858 1 0.0000
141 590239.572712 4494540.607539 1 0.0000
142 591197.458110 4501799.440919 1 0.0000
143 591836.107171 4505342.791615 1 0.0000
144 588951.848551 4495985.624751 1 0.0000
145 594559.447760 4500038.210951 1 0.0000
146 593429.637257 4500938.654221 1 0.0000
147 588682.305715 4504954.343786 1 0.0000
148 586506.895318 4505379.066321 1 0.0000
149 594696.352193 4502659.544417 1 0.0000
150 591813.411365 4500584.475603 1 0.0000
151 582594.133954 4498528.526390 1 0.0000
152 585487.818168 4504555.067706 1 0.0000
153 587744.056927 4495731.784224 1 0.0000
154 594958.474727 4502333.108303 1 0.0000
155 585640.378260 4503359.229260 1 0.0000
156 588630.849605 4501118.754818 1 0.0000
157 588753.705305 4503901.404977 1 0.0000
158 593252.524848 4498825.165892 1 0.0000
159 589204.994935 4506795.369971 1 0.0000
160 588947.861936 4507165.128366 1 0.0000
161 590604.404182 4502983.275922 1 0.0000
162 585920.022106 4503394.405872 1 0.0000
163 588618.544771 4503138.961268 1 0.0000
164 587349.206512 4504357.452256 1 0.0000
165 591988.754562 4502235.971218 1 0.0000
166 591049.798486 4501492.728001 1 0.0000
167 590053.288211 4492777.177881 1 0.0000
168 584475.050113 4499693.537920 1 0.0000
169 585295.631308 4505109.007245 1 0.0000
170 593766.570695 4498586.611392 1 0.0000
171 585694.598964 4505289.374579 1 0.0000
172 584389.314642 4499971.081432 1 0.0000
173 589393.798301 4501501.939074 1 0.0000
174 588519.746366 4493006.600170 1 0.0000
175 585062.623818 4504322.904417 1 0.0000
176 594958.474727 4502333.108303 1 0.0000
177 591409.424397 4505026.503475 1 0.0000
178 588834.863192 4502231.197977 1 0.0000
179 595619.216909 4505087.175843 1 0.0000
180 595619.216909 4505087.175843 1 0.0000
181 587545.337466 4499195.170437 1 0.0000
182 587973.315794 4505158.673715 1 0.0000
183 584713.995800 4504779.987241 1 0.0000
184 588440.580819 4500700.335097 1 0.0000
185 585427.306249 4505213.197775 1 0.0000
186 589309.040848 4506060.631996 1 0.0000
187 585434.273987 4491865.431146 1 0.0000
188 584141.129588 4500680.096166 1 0.0000
189 591538.071905 4505772.119012 1 0.0000
190 587216.975667 4492368.956837 1 0.0000
191 586447.985773 4504718.052169 1 0.0000
192 583815.735328 4500407.628185 1 0.0000
193 593401.198617 4502529.331072 1 0.0000
194 587026.843010 4492662.989592 1 0.0000
195 587588.857076 4507612.543219 1 0.0000
196 591197.458110 4501799.440919 1 0.0000
197 589001.371083 4503667.142252 1 0.0000
198 588448.514607 4501101.446410 1 0.0000
199 587825.683746 4504314.116087 1 0.0000
200 589094.841051 4493080.167296 1 0.0000
201 589074.651041 4501430.051965 1 0.0000
202 586925.418982 4505367.373045 1 0.0000
203 585551.566982 4502701.533753 1 0.0000
204 588330.237860 4492628.115361 1 0.0000
205 583337.115704 4499192.737368 1 0.0000
206 586957.046066 4499156.487793 1 0.0000
207 589239.985737 4503880.423472 1 0.0000
208 594696.352193 4502659.544417 1 0.0000
209 589379.980350 4503467.585349 1 0.0000
210 591649.462129 4505355.905080 1 0.0000
211 585339.791894 4505807.333272 1 0.0000
212 591930.634011 4502523.585640 1 0.0000
213 595846.852248 4502084.485059 1 0.0000
214 588369.460684 4495346.705211 1 0.0000
215 587712.095476 4503584.219863 1 0.0000
216 590577.952816 4505443.058833 1 0.0000
217 586935.904558 4500346.202009 1 0.0000
218 590621.692524 4501248.040841 1 0.0000
219 592224.039536 4503519.732577 1 0.0000
220 585670.347349 4505385.392079 1 0.0000
221 591882.057718 4503043.816640 1 0.0000
222 590608.143686 4506083.945329 1 0.0000
223 588310.678204 4508931.401124 1 0.0000
224 585577.923078 4501509.441572 1 0.0000
225 592364.152324 4501621.940918 1 0.0000
226 590095.667431 4505032.281775 1 0.0000
227 587672.431273 4497208.583422 1 0.0000
228 583463.163331 4496038.764552 1 0.0000
229 591086.591380 4499783.616532 1 0.0000
230 586271.449398 4502583.870333 1 0.0000
231 592572.073023 4501586.821979 1 0.0000
232 591948.676534 4496697.672624 1 0.0000
233 586775.309233 4498443.192706 1 0.0000
234 586364.662886 4500228.483423 1 0.0000
235 587836.961663 4502572.419986 1 0.0000
236 586486.000634 4496415.922844 1 0.0000
237 588951.848551 4495985.624751 1 0.0000
238 584979.335865 4495379.506099 1 0.0000
239 586714.191446 4494381.128876 1 0.0000
240 586440.890515 4496685.091452 1 0.0000
241 585647.089918 4497274.551050 1 0.0000
242 584930.486856 4499463.468862 1 0.0000
243 595217.333954 4504921.097761 1 0.0000
244 593662.321476 4499850.362073 1 0.0000
245 588798.754763 4506262.956071 1 0.0000
246 591247.652805 4506817.698715 1 0.0000
247 585694.598964 4505289.374579 1 0.0000
248 592574.435431 4502585.450800 1 0.0000
249 591821.643701 4505730.245037 1 0.0000
250 585044.425901 4496114.323736 1 0.0000
251 585974.849426 4506101.309974 1 0.0000
252 594734.580447 4501387.113944 1 0.0000
253 594065.825707 4503574.192586 1 0.0000
254 584303.933400 4496303.370410 1 0.0000
255 591608.181486 4498612.680758 1 0.0000
256 587141.781828 4507214.354534 1 0.0000
257 586448.112299 4499347.860634 1 0.0000
258 588923.547973 4499281.529469 1 0.0000
259 589398.590642 4501428.858510 1 0.0000
260 591007.664923 4506430.398146 1 0.0000
261 593268.382309 4503168.670707 1 0.0000
262 594312.268660 4503125.990392 1 0.0000
263 585874.477902 4502844.162444 1 0.0000
264 585757.696850 4503359.344871 1 0.0000
265 582585.489749 4496179.322921 1 0.0000
266 591288.706662 4501385.436243 1 0.0000
267 589918.394182 4505239.614798 1 0.0000
268 584954.417655 4492019.352321 1 0.0000
269 585444.571144 4501874.205436 1 0.0000
270 593827.012711 4503592.503182 1 0.0000
271 584098.941293 4501013.594583 1 0.0000
272 588451.197197 4506250.773166 1 0.0000
273 588301.006601 4507050.501485 1 0.0000
274 588325.964545 4502660.257466 1 0.0000
275 589620.853958 4504607.573660 1 0.0000
276 582949.150749 4499492.136066 1 0.0000
277 589602.542888 4501930.322642 1 0.0000
278 590502.318379 4496386.272779 1 0.0000
279 586396.192630 4502788.541199 1 0.0000
280 585427.306249 4505213.197775 1 0.0000
281 589779.061617 4505406.545356 1 0.0000
282 587410.769120 4503312.022595 1 0.0000
283 582618.164113 4499845.507225 1 0.0000
284 595125.805814 4501337.926135 1 0.0000
285 589230.542921 4507094.296206 1 0.0000
286 592379.249558 4501151.609212 1 0.0000
287 589515.826512 4509097.182026 1 0.0000
288 588796.373422 4508185.771937 1 0.0000
289 593881.494595 4501506.930826 1 0.0000
290 590638.566472 4494477.487857 1 0.0000
291 582585.489749 4496179.322921 1 0.0000
292 586936.274731 4505725.551377 1 0.0000
293 590760.043226 4502186.045817 1 0.0000
294 584620.852185 4492305.356200 1 0.0000
295 584516.606930 4497029.504584 1 0.0000
296 588967.100561 4504322.528312 1 0.0000
297 589398.590642 4501428.858510 1 0.0000
298 588547.369526 4498570.288269 1 0.0000
299 584954.417655 4492019.352321 1 0.0000
300 590498.507781 4495433.653417 1 0.0000
301 585964.191848 4501171.931728 1 0.0000
302 595544.782144 4503378.604692 1 0.0000
303 589946.885051 4504744.143552 1 0.0000
304 589450.029512 4504998.121533 1 0.0000
305 585295.347292 4505107.175469 1 0.0000
306 586167.467596 4493660.953704 1 0.0000
307 589922.551765 4503989.966493 1 0.0000
308 588412.269415 4500697.880076 1 0.0000
309 589506.219568 4504505.403659 1 0.0000
310 588770.567524 4497270.728874 1 0.0000
311 583962.888996 4500597.621900 1 0.0000
312 584480.366838 4501262.625947 1 0.0000
313 588381.401318 4496978.341815 1 0.0000
314 585263.018760 4504225.843543 1 0.0000
315 589933.950818 4501969.133439 1 0.0000
316 586263.537539 4498106.750270 1 0.0000
317 593806.588648 4501662.711809 1 0.0000
318 592244.836545 4504692.268544 1 0.0000
319 584620.852185 4492305.356200 1 0.0000
320 585748.960330 4499009.286486 1 0.0000
321 586688.249289 4492103.331068 1 0.0000
322 587491.427101 4497261.986957 1 0.0000
323 590530.476452 4501391.140683 1 0.0000
324 585323.024785 4492001.902204 1 0.0000
325 586155.744753 4503781.348400 1 0.0000
326 583508.886192 4496895.554569 1 0.0000
327 593329.854972 4499743.586700 1 0.0000
328 586021.515328 4506097.574163 1 0.0000
329 584283.151162 4504187.573488 1 0.0000
330 592714.916658 4499769.815750 1 0.0000
331 592344.504315 4500347.641905 1 0.0000
332 589652.769889 4502765.849199 1 0.0000
333 581191.707225 4497893.690826 1 0.0000
334 592210.088996 4505282.441938 1 0.0000
335 586155.744753 4503781.348400 1 0.0000
336 588118.908249 4507681.655947 1 0.0000
337 585295.631308 4505109.007245 1 0.0000
338 583426.269546 4498614.472007 1 0.0000
339 586170.375660 4504129.208049 1 0.0000
340 587397.589518 4504041.999899 1 0.0000
341 593678.495830 4500197.024475 1 0.0000
342 585233.756562 4505056.804073 1 0.0000
343 591990.979943 4505711.754582 1 0.0000
344 585819.889551 4494214.649797 1 0.0000
345 586126.712044 4498723.787339 1 0.0000
346 586178.508049 4499850.335662 1 0.0000
347 593252.524848 4498825.165892 1 0.0000
348 588400.288503 4508421.084855 1 0.0000
349 590219.749083 4504705.803839 1 0.0000
350 594895.510417 4500311.411007 1 0.0000
351 591836.107171 4505342.791615 1 0.0000
352 586946.178357 4504721.282406 1 0.0000
353 582887.775831 4499208.349327 1 0.0000
354 588979.680046 4509482.961063 1 0.0000
355 588890.878819 4506013.516704 1 0.0000
356 586533.283005 4505550.623244 1 0.0000
357 586447.985773 4504718.052169 1 0.0000
358 594895.510417 4500311.411007 1 0.0000
359 588354.790376 4497148.076197 1 0.0000
360 586170.375660 4504129.208049 1 0.0000
361 594950.687108 4503983.450239 1 0.0000
362 588547.369526 4498570.288269 1 0.0000
363 586126.712044 4498723.787339 1 0.0000
364 584364.858934 4497779.838465 1 0.0000
365 588224.696276 4506633.373208 1 0.0000
366 589683.283016 4500725.126256 1 0.0000
367 585896.723334 4495686.422680 1 0.0000
368 584822.768179 4496178.843993 1 0.0000
369 588920.612898 4505328.519315 1 0.0000
370 585964.191848 4501171.931728 1 0.0000
371 585569.820389 4505221.828945 1 0.0000
372 584250.776889 4498487.023606 1 0.0000
373 589907.502712 4501829.571657 1 0.0000
374 594362.731485 4503512.050003 1 0.0000
375 595151.393023 4502813.730062 1 0.0000
376 589922.551765 4503989.966493 1 0.0000
377 589602.232916 4504021.062656 1 0.0000
378 586275.994489 4499718.583646 1 0.0000
379 588362.431144 4504357.094051 1 0.0000
380 588618.544771 4503138.961268 1 0.0000
381 587735.849997 4502594.125739 1 0.0000
382 584620.852185 4492305.356200 1 0.0000
383 588137.336451 4493971.283933 1 0.0000
384 586111.188588 4502447.662906 1 0.0000
385 596077.653463 4503468.463460 1 0.0000
386 586110.400992 4501873.854789 1 0.0000
387 588365.641742 4495360.983740 1 0.0000
388 585717.085725 4496209.726229 1 0.0000
389 587836.961663 4502572.419986 1 0.0000
390 588285.009916 4507652.768878 1 0.0000
391 588703.415785 4493818.948917 1 0.0000
392 585244.039100 4505090.440416 1 0.0000
393 583296.173715 4497781.708858 1 0.0000
394 583962.888996 4500597.621900 1 0.0000
395 584250.776889 4498487.023606 1 0.0000
396 590560.111181 4505457.787082 1 0.0000
397 587416.617290 4500385.796078 1 0.0000
398 588951.848551 4495985.624751 1 0.0000
399 590239.572712 4494540.607539 1 0.0000
400 584506.687365 4498572.513323 1 0.0000
401 581191.707225 4497893.690826 1 0.0000
402 587729.115487 4506641.445401 1 0.0000
403 592281.800693 4502405.989637 1 0.0000
404 591632.001722 4503246.971382 1 0.0000
405 589519.962594 4500965.223175 1 0.0000
406 593099.218423 4500007.909776 1 0.0000
407 594761.388854 4504631.902628 1 0.0000
408 582585.489749 4496179.322921 1 0.0000
409 584194.208298 4497914.414788 1 0.0000
410 583473.756303 4499690.991147 1 0.0000
411 589695.122453 4494908.020965 1 0.0000
412 594168.800191 4498936.742710 1 0.0000
413 588009.558017 4495053.434476 1 0.0000
414 589204.994935 4506795.369971 1 0.0000
415 587873.865804 4503132.320187 1 0.0000
416 590943.784058 4502294.180081 1 0.0000
417 586609.329163 4500284.591311 1 0.0000
418 593452.994174 4501859.816389 1 0.0000
419 586688.249289 4492103.331068 1 0.0000
420 590145.580053 4492512.200487 1 0.0000
421 589762.893236 4496373.305069 1 0.0000
422 589673.087676 4503096.101343 1 0.0000
423 585707.659412 4505078.956263 1 0.0000
424 591821.643701 4505730.245037 1 0.0000
425 585257.278295 4504917.811901 1 0.0000
426 589887.112431 4506408.811717 1 0.0000
427 588947.861936 4507165.128366 1 0.0000
428 591127.499828 4500313.395629 1 0.0000
429 595516.711722 4504534.443386 1 0.0000
430 587823.093746 4507273.304053 1 0.0000
431 584042.229972 4500855.711755 1 0.0000
432 585259.894538 4505410.888715 1 0.0000
433 585579.705019 4505638.502528 1 0.0000
434 589018.330626 4499334.104967 1 0.0000
435 594253.268810 4503008.301980 1 0.0000
436 587842.623916 4493411.510811 1 0.0000
437 588349.006391 4504438.912893 1 0.0000
438 587757.409668 4502681.217947 1 0.0000
439 585739.818524 4505653.732713 1 0.0000
440 588770.567524 4497270.728874 1 0.0000
441 587135.259706 4504092.037967 1 0.0000
442 584508.073385 4491851.868671 1 0.0000
443 591442.671901 4502531.445600 1 0.0000
444 585779.503643 4495007.081169 1 0.0000
445 594992.565815 4503650.244354 1 0.0000
446 587823.093746 4507273.304053 1 0.0000
447 588396.487173 4498493.611473 1 0.0000
448 585043.747327 4506356.433101 1 0.0000
449 585216.641245 4505516.441591 1 0.0000
450 585427.707601 4505231.486425 1 0.0000
451 585487.818168 4504555.067706 1 0.0000
452 586640.490533 4492471.808828 1 0.0000
453 586598.171094 4505739.683419 1 0.0000
454 586549.740147 4501237.401910 1 0.0000
455 587482.767594 4504617.380650 1 0.0000
456 584074.088612 4503439.531667 1 0.0000
457 584950.420535 4503766.111216 1 0.0000
458 583990.399829 4495630.637207 1 0.0000
459 590808.483128 4500283.563448 1 0.0000
460 588630.849605 4501118.754818 1 0.0000
461 585813.375067 4493473.489495 1 0.0000
462 593252.524848 4498825.165892 1 0.0000
463 586714.191446 4494381.128876 1 0.0000
464 586925.418982 4505367.373045 1 0.0000
465 590046.395366 4502558.843179 1 0.0000
466 591179.783715 4504774.317054 1 0.0000
467 586935.904558 4500346.202009 1 0.0000
468 587677.107336 4496716.504222 1 0.0000
469 588325.964545 4502660.257466 1 0.0000
470 592107.748849 4498870.671482 1 0.0000
471 587398.504486 4492832.978276 1 0.0000
472 587588.857076 4507612.543219 1 0.0000
473 585321.806420 4494524.381181 1 0.0000
474 588997.521020 4498456.864804 1 0.0000
475 586725.646649 4495814.071370 1 0.0000
476 591988.754562 4502235.971218 1 0.0000
477 590423.266870 4506236.340290 1 0.0000
478 584475.050113 4499693.537920 1 0.0000
479 589122.630721 4497502.967963 1 0.0000
480 587721.547123 4492937.205084 1 0.0000
481 588440.580819 4500700.335097 1 0.0000
482 584389.314642 4499971.081432 1 0.0000
483 584391.148897 4503721.352532 1 0.0000
484 582544.848932 4498950.311893 1 0.0000
485 593170.738599 4502241.787485 1 0.0000
486 588330.237860 4492628.115361 1 0.0000
487 584663.367844 4504489.312149 1 0.0000
488 586038.904778 4506202.902919 1 0.0000
489 588026.546188 4497152.879780 1 0.0000
490 583855.778753 4499673.089470 1 0.0000
491 585456.865750 4504918.558838 1 0.0000
492 595619.216909 4505087.175843 1 0.0000
493 594600.862656 4500201.712985 1 0.0000
494 587509.090057 4508168.374926 1 0.0000
495 594392.681384 4501654.440085 1 0.0000
496 586688.249289 4492103.331068 1 0.0000
497 589887.932959 4494244.079350 1 0.0000
498 584427.955923 4497939.011750 1 0.0000
499 592067.958567 4501862.967441 1 0.0000
500 589128.145460 4504443.509739 1 0.0000
501 590190.460088 4506182.191482 1 0.0000
502 591291.441295 4505540.156852 1 0.0000
503 584029.195803 4496399.893773 1 0.0000
504 588000.238340 4500647.791568 1 0.0000
505 595567.963490 4505252.296552 1 0.0000
506 590165.470607 4507976.464478 1 0.0000
507 596137.668387 4502853.279270 1 0.0000
508 585430.899749 4504843.910473 1 0.0000
509 586440.574201 4493976.396429 1 0.0000
510 590667.659825 4498087.616284 1 0.0000
511 588278.416887 4504054.457258 1 0.0000
512 587026.843010 4492662.989592 1 0.0000
513 587933.701200 4497680.829513 1 0.0000
514 589558.599565 4507347.297755 1 0.0000
515 591228.767589 4500117.081918 1 0.0000
516 592972.376087 4499799.862024 1 0.0000
517 590366.546638 4498654.645942 1 0.0000
518 592152.617266 4504816.159378 1 0.0000
519 583842.554876 4502952.383972 1 0.0000
520 588050.266694 4500401.835943 1 0.0000
521 586800.780524 4500143.242032 1 0.0000
522 589094.767801 4503787.962710 1 0.0000
523 591808.227101 4501603.737677 1 0.0000
524 585707.659412 4505078.956263 1 0.0000
525 586678.288724 4502340.144964 1 0.0000
526 586122.671675 4497121.802631 1 0.0000
527 591882.732274 4506440.963447 1 0.0000
528 594499.555812 4503619.347041 1 0.0000
529 588518.859177 4492440.412414 1 0.0000
530 590399.800356 4504709.680189 1 0.0000
531 588199.518859 4494989.465823 1 0.0000
532 585578.878582 4505604.058718 1 0.0000
533 583519.618929 4499623.863211 1 0.0000
534 592078.564650 4504736.087491 1 0.0000
535 591127.499828 4500313.395629 1 0.0000
536 585568.118000 4505157.207346 1 0.0000
537 589082.490198 4500231.038091 1 0.0000
538 587001.850909 4499799.054428 1 0.0000
539 590505.490177 4498280.189814 1 0.0000
540 594221.468896 4501623.544611 1 0.0000
541 583787.750980 4498419.901411 1 0.0000
542 586846.029694 4493612.283947 1 0.0000
543 594129.157068 4501165.703678 1 0.0000
544 585670.347349 4505385.392079 1 0.0000
545 585062.623818 4504322.904417 1 0.0000
546 583918.137681 4495580.755620 1 0.0000
547 592538.293805 4504960.112295 1 0.0000
548 588536.205778 4500276.632392 1 0.0000
549 588128.890549 4500267.431578 1 0.0000
550 593268.382309 4503168.670707 1 0.0000
551 592572.073023 4501586.821979 1 0.0000
552 588401.431479 4498568.020930 1 0.0000
553 592574.435431 4502585.450800 1 0.0000
554 589154.627890 4503106.356868 1 0.0000
555 584620.533277 4501611.605990 1 0.0000
556 591247.652805 4506817.698715 1 0.0000
557 586073.045950 4498378.228300 1 0.0000
558 590190.460088 4506182.191482 1 0.0000
559 586589.905697 4496550.572017 1 0.0000
560 587749.709354 4504885.226334 1 0.0000
561 590260.645884 4505128.929314 1 0.0000
562 584515.707066 4499360.632680 1 0.0000
563 585783.773898 4505379.368998 1 0.0000
564 585107.841567 4499409.415737 1 0.0000
565 587869.443752 4502770.862964 1 0.0000
566 582585.489749 4496179.322921 1 0.0000
567 585751.698132 4505654.173029 1 0.0000
568 585680.928755 4504937.564511 1 0.0000
569 585886.002760 4504536.439252 1 0.0000
570 587491.427101 4497261.986957 1 0.0000
571 587537.742984 4505088.505170 1 0.0000
572 585062.623818 4504322.904417 1 0.0000
573 585698.979590 4505252.552849 1 0.0000
574 588411.682502 4496941.509516 1 0.0000
575 584627.926547 4498978.259744 1 0.0000
576 585757.696850 4503359.344871 1 0.0000
577 588464.346410 4505175.535284 1 0.0000
578 588890.878819 4506013.516704 1 0.0000
579 591930.634011 4502523.585640 1 0.0000
580 587162.148530 4493816.381998 1 0.0000
581 584220.741005 4502816.513225 1 0.0000
582 583990.399829 4495630.637207 1 0.0000
583 590604.404182 4502983.275922 1 0.0000
584 582207.826535 4497020.329501 1 0.0000
585 585430.866748 4505355.546454 1 0.0000
586 588701.555170 4508885.875338 1 0.0000
587 589515.826512 4509097.182026 1 0.0000
588 590038.222041 4497244.598793 1 0.0000
589 594221.468896 4501623.544611 1 0.0000
590 590608.143686 4506083.945329 1 0.0000
591 588615.525232 4500215.064510 1 0.0000
592 590616.943327 4503193.682477 1 0.0000
593 588796.373422 4508185.771937 1 0.0000
594 589947.864158 4503345.142433 1 0.0000
595 589230.542921 4507094.296206 1 0.0000
596 588820.240096 4501989.687464 1 0.0000
597 582949.150749 4499492.136066 1 0.0000
598 586936.274731 4505725.551377 1 0.0000
599 590760.043226 4502186.045817 1 0.0000
600 585579.705019 4505638.502528 1 0.0000
601 589539.511377 4506962.816963 1 0.0000
602 591447.520842 4502238.961044 1 0.0000
603 586122.671675 4497121.802631 1 0.0000
604 591948.676534 4496697.672624 1 0.0000
605 586364.662886 4500228.483423 1 0.0000
606 588894.598092 4505740.217345 1 0.0000
607 586271.449398 4502583.870333 1 0.0000
608 586447.985773 4504718.052169 1 0.0000
609 587216.975667 4492368.956837 1 0.0000
610 584979.335865 4495379.506099 1 0.0000
611 595217.333954 4504921.097761 1 0.0000
612 589797.600628 4497744.360787 1 0.0000
613 587001.850909 4499799.054428 1 0.0000
614 588440.580819 4500700.335097 1 0.0000
615 587065.191295 4492344.989710 1 0.0000
616 586129.104670 4505720.937634 1 0.0000
617 584867.626823 4494376.003130 1 0.0000
618 587903.998115 4505465.965121 1 0.0000
619 591197.458110 4501799.440919 1 0.0000
620 581182.853360 4497251.846595 1 0.0000
621 587662.633099 4499867.510501 1 0.0000
622 589125.113737 4496935.594969 1 0.0000
623 585779.503643 4495007.081169 1 0.0000
624 590854.522825 4504060.901789 1 0.0000
625 586167.467596 4493660.953704 1 0.0000
626 589001.371083 4503667.142252 1 0.0000
627 592622.619651 4503145.178951 1 0.0000
628 591193.928990 4505272.102591 1 0.0000
629 592055.463880 4501299.989237 1 0.0000
630 591608.181486 4498612.680758 1 0.0000
631 593509.185120 4502010.077682 1 0.0000
632 588050.266694 4500401.835943 1 0.0000
633 589539.511377 4506962.816963 1 0.0000
634 593420.013596 4502428.983393 1 0.0000
635 587065.191295 4492344.989710 1 0.0000
636 593157.999314 4502504.626126 1 0.0000
637 584391.148897 4503721.352532 1 0.0000
638 582887.775831 4499208.349327 1 0.0000
639 595747.304538 4502612.065073 1 0.0000
640 587026.843010 4492662.989592 1 0.0000
641 590621.692524 4501248.040841 1 0.0000
642 587721.547123 4492937.205084 1 0.0000
643 585427.306249 4505213.197775 1 0.0000
644 586170.375660 4504129.208049 1 0.0000
645 585263.018760 4504225.843543 1 0.0000
646 592279.746807 4497302.966192 1 0.0000
647 587985.745409 4506931.726079 1 0.0000
648 594992.565815 4503650.244354 1 0.0000
649 593678.495830 4500197.024475 1 0.0000
650 591990.979943 4505711.754582 1 0.0000
651 584852.572051 4497712.551739 1 0.0000
652 587735.849997 4502594.125739 1 0.0000
653 583623.883657 4496429.416033 1 0.0000
654 591836.107171 4505342.791615 1 0.0000
655 588448.514607 4501101.446410 1 0.0000
656 588167.359299 4503905.705477 1 0.0000
657 590046.395366 4502558.843179 1 0.0000
658 589746.008706 4495632.933176 1 0.0000
659 589506.219568 4504505.403659 1 0.0000
660 594142.553086 4501756.730385 1 0.0000
661 588171.214079 4500270.350261 1 0.0000
662 584303.933400 4496303.370410 1 0.0000
663 584227.887998 4503259.665166 1 0.0000
664 586688.249289 4492103.331068 1 0.0000
665 588406.923974 4497387.268736 1 0.0000
666 585095.795478 4505478.193971 1 0.0000
667 583696.089009 4503585.764818 1 0.0000
668 586912.632289 4504937.866611 1 0.0000
669 584098.941293 4501013.594583 1 0.0000
670 585002.023838 4497271.486686 1 0.0000
671 590577.952816 4505443.058833 1 0.0000
672 584485.432741 4495187.099709 1 0.0000
673 588571.474617 4498406.619425 1 0.0000
674 588435.974638 4506383.462163 1 0.0000
675 591442.671901 4502531.445600 1 0.0000
676 586905.408746 4492918.188233 1 0.0000
677 585310.647960 4492421.058661 1 0.0000
678 590841.601392 4497287.852923 1 0.0000
679 585793.055619 4496067.368454 1 0.0000
680 582585.489749 4496179.322921 1 0.0000
681 590220.600253 4503720.013641 1 0.0000
682 586203.662888 4493666.848938 1 0.0000
683 586775.309233 4498443.192706 1 0.0000
684 589398.590642 4501428.858510 1 0.0000
685 588412.269415 4500697.880076 1 0.0000
686 587548.134984 4502165.677637 1 0.0000
687 592023.277795 4496461.137050 1 0.0000
688 587887.321333 4503396.062285 1 0.0000
689 582974.159842 4498150.114757 1 0.0000
690 585295.347292 4505107.175469 1 0.0000
691 590789.726057 4504881.717255 1 0.0000
692 589887.112431 4506408.811717 1 0.0000
693 588400.288503 4508421.084855 1 0.0000
694 590219.749083 4504705.803839 1 0.0000
695 589607.484746 4501763.691549 1 0.0000
696 589933.950818 4501969.133439 1 0.0000
697 594065.825707 4503574.192586 1 0.0000
698 591452.937817 4506103.611746 1 0.0000
699 585458.310307 4504657.729809 1 0.0000
700 585106.332589 4503347.058601 1 0.0000
701 586447.985773 4504718.052169 1 0.0000
702 593552.384525 4502499.052803 1 0.0000
703 592415.236284 4502972.171883 1 0.0000
704 585551.566982 4502701.533753 1 0.0000
705 584620.852185 4492305.356200 1 0.0000
706 589656.269297 4493552.464781 1 0.0000
707 587271.336102 4494076.332521 1 0.0000
708 595846.852248 4502084.485059 1 0.0000
709 583507.738500 4500266.695200 1 0.0000
710 588440.580819 4500700.335097 1 0.0000
711 582031.948776 4497132.296963 1 0.0000
712 592170.450673 4505311.245534 1 0.0000
713 585844.401545 4492190.044848 1 0.0000
714 590502.318379 4496386.272779 1 0.0000
715 582994.894357 4497505.556594 1 0.0000
716 591170.345067 4498231.976603 1 0.0000
717 585427.308476 4505293.341567 1 0.0000
718 595125.805814 4501337.926135 1 0.0000
719 592210.088996 4505282.441938 1 0.0000
720 582618.164113 4499845.507225 1 0.0000
721 589685.742428 4493935.839427 1 0.0000
722 588118.908249 4507681.655947 1 0.0000
723 585577.923078 4501509.441572 1 0.0000
724 585323.024785 4492001.902204 1 0.0000
725 590616.943327 4503193.682477 1 0.0000
726 585717.085725 4496209.726229 1 0.0000
727 594519.308495 4501640.033015 1 0.0000
728 588285.009916 4507652.768878 1 0.0000
729 588026.546188 4497152.879780 1 0.0000
730 582031.948776 4497132.296963 1 0.0000
731 585427.308476 4505293.341567 1 0.0000
732 588931.707021 4494592.799969 1 0.0000
733 592078.564650 4504736.087491 1 0.0000
734 587842.623916 4493411.510811 1 0.0000
735 587757.409668 4502681.217947 1 0.0000
736 591076.394746 4503844.019183 1 0.0000
737 588118.908249 4507681.655947 1 0.0000
738 592535.353391 4501975.545677 1 0.0000
739 585259.894538 4505410.888715 1 0.0000
740 588511.759334 4503418.401292 1 0.0000
741 591442.671901 4502531.445600 1 0.0000
742 588050.266694 4500401.835943 1 0.0000
743 591197.458110 4501799.440919 1 0.0000
744 582110.220989 4498583.359506 1 0.0000
745 584074.088612 4503439.531667 1 0.0000
746 593452.994174 4501859.816389 1 0.0000
747 583473.756303 4499690.991147 1 0.0000
748 590740.694921 4504182.413609 1 0.0000
749 595099.093528 4502213.727823 1 0.0000
750 587472.018785 4497951.055429 1 0.0000
751 592288.891603 4500977.800523 1 0.0000
752 587873.865804 4503132.320187 1 0.0000
753 588451.197197 4506250.773166 1 0.0000
754 586946.178357 4504721.282406 1 0.0000
755 585280.195441 4502341.003927 1 0.0000
756 585707.659412 4505078.956263 1 0.0000
757 587398.504486 4492832.978276 1 0.0000
758 591821.643701 4505730.245037 1 0.0000
759 589860.768474 4498997.202724 1 0.0000
760 591312.105747 4503026.366560 1 0.0000
761 590179.167349 4498947.188152 1 0.0000
762 593268.382309 4503168.670707 1 0.0000
763 587015.862106 4503310.272727 1 0.0000
764 587724.536218 4496323.642664 1 0.0000
765 591990.979943 4505711.754582 1 0.0000
766 586974.232372 4504049.981616 1 0.0000
767 591200.507126 4498608.049424 1 0.0000
768 595125.805814 4501337.926135 1 0.0000
769 584250.776889 4498487.023606 1 0.0000
770 591183.719704 4505794.599624 1 0.0000
771 585255.059076 4504684.366404 1 0.0000
772 582544.848932 4498950.311893 1 0.0000
773 586533.283005 4505550.623244 1 0.0000
774 583120.912932 4503064.234793 1 0.0000
775 583519.618929 4499623.863211 1 0.0000
776 590309.317692 4498783.504510 1 0.0000
777 594392.681384 4501654.440085 1 0.0000
778 589887.932959 4494244.079350 1 0.0000
779 591046.644229 4504423.582166 1 0.0000
780 585097.044129 4504484.800459 1 0.0000
781 588073.528719 4507786.575009 1 0.0000
782 583918.137681 4495580.755620 1 0.0000
783 592538.293805 4504960.112295 1 0.0000
784 592278.465155 4502806.672383 1 0.0000
785 594761.388854 4504631.902628 1 0.0000
786 582585.489749 4496179.322921 1 0.0000
787 587135.259706 4504092.037967 1 0.0000
788 590220.600253 4503720.013641 1 0.0000
789 586129.104670 4505720.937634 1 0.0000
790 588171.214079 4500270.350261 1 0.0000
791 587833.883956 4507182.008309 1 0.0000
792 588547.369526 4498570.288269 1 0.0000
793 586447.985773 4504718.052169 1 0.0000
794 592289.360311 4499649.184264 1 0.0000
795 594168.800191 4498936.742710 1 0.0000
796 586448.112299 4499347.860634 1 0.0000
797 587735.849997 4502594.125739 1 0.0000
798 586688.249289 4492103.331068 1 0.0000
799 589362.069073 4503193.734593 1 0.0000
800 584424.408590 4496910.529411 1 0.0000
801 591622.703604 4503555.557696 1 0.0000
802 589602.232916 4504021.062656 1 0.0000
803 595544.782144 4503378.604692 1 0.0000
804 586122.671675 4497121.802631 1 0.0000
805 591127.499828 4500313.395629 1 0.0000
806 596077.653463 4503468.463460 1 0.0000
807 587023.282650 4503247.279631 1 0.0000
808 591808.227101 4501603.737677 1 0.0000
809 585698.979590 4505252.552849 1 0.0000
810 585578.878582 4505604.058718 1 0.0000
811 586203.662888 4493666.848938 1 0.0000
812 589389.372033 4492609.053483 1 0.0000
813 585075.910029 4495381.516874 1 0.0000
814 590560.111181 4505457.787082 1 0.0000
815 587001.850909 4499799.054428 1 0.0000
816 588519.746366 4493006.600170 1 0.0000
817 592344.504315 4500347.641905 1 0.0000
818 588566.715965 4492680.773913 1 0.0000
819 585739.818524 4505653.732713 1 0.0000
820 588951.848551 4495985.624751 1 0.0000
821 585779.503643 4495007.081169 1 0.0000
822 582145.755453 4496851.417338 1 0.0000
823 591649.462129 4505355.905080 1 0.0000
824 589622.102493 4494334.307207 1 0.0000
825 583787.750980 4498419.901411 1 0.0000
826 588661.114055 4496283.087318 1 0.0000
827 592601.646986 4503247.635369 1 0.0000
828 585670.347349 4505385.392079 1 0.0000
829 587470.909550 4499523.428935 1 0.0000
830 587086.933660 4505446.916777 1 0.0000
831 584776.691667 4501251.064160 1 0.0000
832 589324.119962 4508644.912135 1 0.0000
833 593268.382309 4503168.670707 1 0.0000
834 586494.524018 4503627.354048 1 0.0000
835 596137.668387 4502853.279270 1 0.0000
836 585896.723334 4495686.422680 1 0.0000
837 588267.399899 4502531.301579 1 0.0000
838 581721.309411 4497465.177752 1 0.0000
839 588753.705305 4503901.404977 1 0.0000
840 586714.191446 4494381.128876 1 0.0000
841 588703.415785 4493818.948917 1 0.0000
842 593452.994174 4501859.816389 1 0.0000
843 588920.612898 4505328.519315 1 0.0000
844 592972.376087 4499799.862024 1 0.0000
845 586725.646649 4495814.071370 1 0.0000
846 585707.659412 4505078.956263 1 0.0000
847 587721.547123 4492937.205084 1 0.0000
848 581191.707225 4497893.690826 1 0.0000
849 586800.780524 4500143.242032 1 0.0000
850 591608.181486 4498612.680758 1 0.0000
851 585107.841567 4499409.415737 1 0.0000
852 591228.767589 4500117.081918 1 0.0000
853 587086.933660 4505446.916777 1 0.0000
854 585886.002760 4504536.439252 1 0.0000
855 585993.094459 4504739.081916 1 0.0000
856 593170.738599 4502241.787485 1 0.0000
857 585920.022106 4503394.405872 1 0.0000
858 585107.919557 4506287.076793 1 0.0000
859 592045.596987 4504553.483512 1 0.0000
860 587376.399105 4507082.639605 1 0.0000
861 591127.499828 4500313.395629 1 0.0000
862 583534.158510 4503409.010210 1 0.0000
863 583855.778753 4499673.089470 1 0.0000
864 593420.013596 4502428.983393 1 0.0000
865 588167.359299 4503905.705477 1 0.0000
866 595619.216909 4505087.175843 1 0.0000
867 594734.580447 4501387.113944 1 0.0000
868 586688.249289 4492103.331068 1 0.0000
869 585198.631238 4501796.141275 1 0.0000
870 585107.708928 4506278.846614 1 0.0000
871 585321.806420 4494524.381181 1 0.0000
872 589128.145460 4504443.509739 1 0.0000
873 587825.683746 4504314.116087 1 0.0000
874 589558.599565 4507347.297755 1 0.0000
875 585890.937741 4504959.760550 1 0.0000
876 589519.962594 4500965.223175 1 0.0000
877 585520.962907 4501614.533885 1 0.0000
878 588337.534959 4507053.963882 1 0.0000
879 591056.485520 4502110.795170 1 0.0000
880 590808.483128 4500283.563448 1 0.0000
881 590913.398231 4502902.988751 1 0.0000
882 584347.024146 4503260.714973 1 0.0000
883 591130.909850 4502024.183835 1 0.0000
884 590423.266870 4506236.340290 1 0.0000
885 582600.269325 4498524.938665 1 0.0000
886 591657.818671 4505505.318255 1 0.0000
887 587393.807675 4498639.151613 1 0.0000
888 591511.102935 4504070.806119 1 0.0000
889 586447.985773 4504718.052169 1 0.0000
890 589762.893236 4496373.305069 1 0.0000
891 592107.748849 4498870.671482 1 0.0000
892 592380.814582 4503935.948429 1 0.0000
893 585321.806420 4494524.381181 1 0.0000
894 589558.599565 4507347.297755 1 0.0000
895 592791.317839 4502164.035357 1 0.0000
896 589887.112431 4506408.811717 1 0.0000
897 587735.849997 4502594.125739 1 0.0000
898 586271.449398 4502583.870333 1 0.0000
899 590848.498758 4504724.535814 1 0.0000
900 588050.266694 4500401.835943 1 0.0000
901 591844.922794 4503147.307363 1 0.0000
902 588330.237860 4492628.115361 1 0.0000
903 584391.148897 4503721.352532 1 0.0000
904 583962.888996 4500597.621900 1 0.0000
905 587989.299417 4502092.378349 1 0.0000
906 584627.926547 4498978.259744 1 0.0000
907 585002.023838 4497271.486686 1 0.0000
908 589847.928441 4502968.579754 1 0.0000
909 588701.555170 4508885.875338 1 0.0000
910 588651.381891 4502341.556131 1 0.0000
911 584867.626823 4494376.003130 1 0.0000
912 586905.408746 4492918.188233 1 0.0000
913 594625.688972 4503407.164068 1 0.0000
914 592055.554580 4502310.779824 1 0.0000
915 585688.945891 4493831.344848 1 0.0000
916 589690.831155 4506063.757126 1 0.0000
917 581191.707225 4497893.690826 1 0.0000
918 587644.445826 4504870.010922 1 0.0000
919 585448.023380 4497844.866159 1 0.0000
920 593787.770059 4502192.425529 1 0.0000
921 587397.589518 4504041.999899 1 0.0000
922 585187.428463 4503772.159747 1 0.0000
923 586170.375660 4504129.208049 1 0.0000
924 590095.667431 4505032.281775 1 0.0000
925 585535.852329 4505957.357974 1 0.0000
926 586271.449398 4502583.870333 1 0.0000
927 591447.520842 4502238.961044 1 0.0000
928 586122.671675 4497121.802631 1 0.0000
929 594992.565815 4503650.244354 1 0.0000
930 583296.322224 4503475.781120 1 0.0000
931 591948.676534 4496697.672624 1 0.0000
932 583867.809724 4495933.661805 1 0.0000
933 590190.460088 4506182.191482 1 0.0000
934 591179.783715 4504774.317054 1 0.0000
935 586383.242729 4504301.971860 1 0.0000
936 587749.709354 4504885.226334 1 0.0000
937 586589.905697 4496550.572017 1 0.0000
938 585150.818510 4499596.091115 1 0.0000
939 594142.553086 4501756.730385 1 0.0000
940 581191.707225 4497893.690826 1 0.0000
941 592055.463880 4501299.989237 1 0.0000
942 586447.985773 4504718.052169 1 0.0000
943 586170.375660 4504129.208049 1 0.0000
944 589594.534994 4506572.779401 1 0.0000
945 585874.477902 4502844.162444 1 0.0000
946 591459.762892 4505503.674798 1 0.0000
947 591186.380413 4499744.221919 1 0.0000
948 584098.941293 4501013.594583 1 0.0000
949 593157.999314 4502504.626126 1 0.0000
950 591262.935763 4505768.989738 1 0.0000
951 586425.069093 4503330.673533 1 0.0000
952 591046.644229 4504423.582166 1 0.0000
953 589389.372033 4492609.053483 1 0.0000
954 583231.324686 4497723.073679 1 0.0000
955 585310.647960 4492421.058661 1 0.0000
956 595761.507851 4503989.924784 1 0.0000
957 589773.210981 4493907.883136 1 0.0000
958 593485.594076 4502932.840569 1 0.0000
959 588796.373422 4508185.771937 1 0.0000
960 589115.855510 4503943.310343 1 0.0000
961 588820.240096 4501989.687464 1 0.0000
962 588828.532984 4501313.895631 1 0.0000
963 586899.340312 4503320.527073 1 0.0000
964 586219.069421 4504456.124022 1 0.0000
965 586271.449398 4502583.870333 1 0.0000
966 589398.590642 4501428.858510 1 0.0000
967 582585.489749 4496179.322921 1 0.0000
968 585813.375067 4493473.489495 1 0.0000
969 592279.746807 4497302.966192 1 0.0000
970 589933.950818 4501969.133439 1 0.0000
971 582795.128136 4499611.359322 1 0.0000
972 587844.431421 4492607.973743 1 0.0000
973 589082.490198 4500231.038091 1 0.0000
974 589375.671819 4506257.331392 1 0.0000
975 589607.484746 4501763.691549 1 0.0000
976 586167.467596 4493660.953704 1 0.0000
977 583859.276785 4500464.192833 1 0.0000
978 594958.003282 4501677.319034 1 0.0000
979 588398.807065 4508069.409603 1 0.0000
980 588050.266694 4500401.835943 1 0.0000
981 585168.067879 4494323.651631 1 0.0000
982 585942.069373 4502500.894362 1 0.0000
983 582110.220989 4498583.359506 1 0.0000
984 592415.236284 4502972.171883 1 0.0000
985 583507.738500 4500266.695200 1 0.0000
986 584424.408590 4496910.529411 1 0.0000
987 588771.515907 4498796.504902 1 0.0000
988 594950.687108 4503983.450239 1 0.0000
989 592170.450673 4505311.245534 1 0.0000
990 592649.398542 4503014.449580 1 0.0000
991 590841.601392 4497287.852923 1 0.0000
992 585430.899749 4504843.910473 1 0.0000
993 591632.001722 4503246.971382 1 0.0000
994 590195.575468 4500855.277671 1 0.0000
995 587428.560042 4498208.969170 1 0.0000
996 590179.167349 4498947.188152 1 0.0000
997 585406.865574 4498570.556429 1 0.0000
998 586203.662888 4493666.848938 1 0.0000
999 589947.864158 4503345.142433 1 0.0000
1000 583463.163331 4496038.764552 1 0.0000
1001 585577.923078 4501509.441572 1 0.0000
1002 587507.021501 4505083.585559 1 0.0000
1003 589226.615575 4506475.344940 1 0.0000
1004 588128.890549 4500267.431578 1 0.0000
1005 593509.185120 4502010.077682 1 0.0000
1006 589015.868569 4507615.682753 1 0.0000
1007 583921.077886 4498432.387244 1 0.0000
1008 590350.168985 4504143.538197 1 0.0000
1009 591990.979943 4505711.754582 1 0.0000
1010 590789.726057 4504881.717255 1 0.0000
1011 590377.188749 4499568.646069 1 0.0000
1012 584782.852068 4501486.382359 1 0.0000
1013 588741.199250 4494678.093076 1 0.0000
1014 591988.754562 4502235.971218 1 0.0000
1015 588618.544771 4503138.961268 1 0.0000
1016 584515.707066 4499360.632680 1 0.0000
1017 595151.393023 4502813.730062 1 0.0000
1018 585458.310307 4504657.729809 1 0.0000
1019 589421.579073 4502864.390724 1 0.0000
1020 592580.107177 4499458.374648 1 0.0000
1021 588846.639345 4499238.297978 1 0.0000
1022 586556.919284 4495001.284215 1 0.0000
1023 582110.220989 4498583.359506 1 0.0000
1024 595747.304538 4502612.065073 1 0.0000
1025 586360.195055 4492440.592663 1 0.0000
1026 594253.268810 4503008.301980 1 0.0000
1027 586328.491681 4505471.500827 1 0.0000
1028 587416.617290 4500385.796078 1 0.0000
1029 588410.141839 4496943.015530 1 0.0000
1030 586688.249289 4492103.331068 1 0.0000
1031 587162.148530 4493816.381998 1 0.0000
1032 585787.535280 4494943.790587 1 0.0000
1033 588440.580819 4500700.335097 1 0.0000
1034 590351.215426 4502684.810370 1 0.0000
1035 588278.472970 4510207.547159 1 0.0000
1036 590211.398373 4493130.016283 1 0.0000
1037 582994.894357 4497505.556594 1 0.0000
1038 584162.539148 4501209.036153 1 0.0000
1039 585427.707601 4505231.486425 1 0.0000
1040 582585.489749 4496179.322921 1 0.0000
1041 587869.630558 4501950.539288 1 0.0000
1042 585826.187925 4492318.126168 1 0.0000
1043 584430.033612 4491854.639209 1 0.0000
1044 589887.112431 4506408.811717 1 0.0000
1045 586609.329163 4500284.591311 1 0.0000
1046 590260.645884 4505128.929314 1 0.0000
1047 587553.452775 4495852.423238 1 0.0000
1048 586803.928877 4502546.349797 1 0.0000
1049 589079.345286 4506777.484641 1 0.0000
1050 588545.615617 4493465.809891 1 0.0000
1051 587026.843010 4492662.989592 1 0.0000
1052 595072.754838 4503968.078344 1 0.0000
1053 590046.395366 4502558.843179 1 0.0000
1054 589875.219176 4501747.537731 1 0.0000
1055 589681.870563 4503288.485758 1 0.0000
1056 584900.234403 4505471.702658 1 0.0000
1057 585751.698132 4505654.173029 1 0.0000
1058 585263.018760 4504225.843543 1 0.0000
1059 585694.598964 4505289.374579 1 0.0000
1060 588944.824814 4499071.813803 1 0.0000
1061 588967.100561 4504322.528312 1 0.0000
1062 584516.606930 4497029.504584 1 0.0000
1063 586447.985773 4504718.052169 1 0.0000
1064 596137.668387 4502853.279270 1 0.0000
1065 586494.524018 4503627.354048 1 0.0000
1066 590789.726057 4504881.717255 1 0.0000
1067 584303.933400 4496303.370410 1 0.0000
1068 588070.722998 4492161.989140 1 0.0000
1069 587026.843010 4492662.989592 1 0.0000
1070 591622.703604 4503555.557696 1 0.0000
1071 586688.249289 4492103.331068 1 0.0000
1072 590145.580053 4492512.200487 1 0.0000
1073 586447.985773 4504718.052169 1 0.0000
1074 587903.998115 4505465.965121 1 0.0000
1075 592002.059748 4502566.755085 1 0.0000
1076 592364.152324 4501621.940918 1 0.0000
1077 587421.970395 4503559.588889 1 0.0000
1078 589860.768474 4498997.202724 1 0.0000
1079 595544.782144 4503378.604692 1 0.0000
1080 584738.858515 4498092.469661 1 0.0000
1081 588050.266694 4500401.835943 1 0.0000
1082 587989.299417 4502092.378349 1 0.0000
1083 592320.190846 4497337.250757 1 0.0000
1084 582974.159842 4498150.114757 1 0.0000
1085 591990.979943 4505711.754582 1 0.0000
1086 590959.550140 4498520.293081 1 0.0000
1087 585236.504479 4502270.724147 1 0.0000
1088 588931.707021 4494592.799969 1 0.0000
1089 584096.134304 4500912.088692 1 0.0000
1090 587032.390642 4503411.021604 1 0.0000
1091 587757.409668 4502681.217947 1 0.0000
1092 591076.394746 4503844.019183 1 0.0000
1093 590740.694921 4504182.413609 1 0.0000
1094 587086.933660 4505446.916777 1 0.0000
1095 585097.044129 4504484.800459 1 0.0000
1096 588073.528719 4507786.575009 1 0.0000
1097 589890.826745 4494177.072153 1 0.0000
1098 585198.631238 4501796.141275 1 0.0000
1099 589247.226193 4505628.127166 1 0.0000
1100 588416.887767 4506293.349954 1 0.0000
1101 585450.901528 4504130.469150 1 0.0000
1102 591086.685354 4503769.782174 1 0.0000
1103 592278.465155 4502806.672383 1 0.0000
1104 591442.671901 4502531.445600 1 0.0000
1105 591657.818671 4505505.318255 1 0.0000
1106 586155.744753 4503781.348400 1 0.0000
1107 592260.632344 4499307.865912 1 0.0000
1108 591951.866692 4503041.562826 1 0.0000
1109 589115.855510 4503943.310343 1 0.0000
1110 592289.360311 4499649.184264 1 0.0000
1111 593159.677234 4499541.140568 1 0.0000
1112 585321.806420 4494524.381181 1 0.0000
1113 589248.642803 4506976.571062 1 0.0000
1114 587393.807675 4498639.151613 1 0.0000
1115 592352.130433 4498710.721257 1 0.0000
1116 593951.258642 4501160.025814 1 0.0000
1117 587735.849997 4502594.125739 1 0.0000
1118 587721.547123 4492937.205084 1 0.0000
1119 589375.671819 4506257.331392 1 0.0000
1120 591312.105747 4503026.366560 1 0.0000
1121 585263.018760 4504225.843543 1 0.0000
1122 585993.094459 4504739.081916 1 0.0000
1123 584391.148897 4503721.352532 1 0.0000
1124 590702.551271 4501962.634895 1 0.0000
1125 587887.321333 4503396.062285 1 0.0000
1126 588064.511729 4507829.134986 1 0.0000
1127 588026.546188 4497152.879780 1 0.0000
1128 596077.653463 4503468.463460 1 0.0000
1129 586360.195055 4492440.592663 1 0.0000
1130 593579.557030 4502682.200209 1 0.0000
1131 593806.588648 4501662.711809 1 0.0000
1132 588285.009916 4507652.768878 1 0.0000
1133 594827.774660 4500131.155379 1 0.0000
1134 582544.848932 4498950.311893 1 0.0000
1135 590479.146837 4505395.920334 1 0.0000
1136 587780.436918 4508343.636127 1 0.0000
1137 589746.008706 4495632.933176 1 0.0000
1138 585191.125072 4501786.304326 1 0.0000
1139 589362.069073 4503193.734593 1 0.0000
1140 583827.352949 4501020.560987 1 0.0000
1141 591197.458110 4501799.440919 1 0.0000
1142 588184.326000 4506164.240742 1 0.0000
1143 585075.910029 4495381.516874 1 0.0000
1144 585511.252449 4495551.927107 1 0.0000
1145 591204.985946 4506014.552948 1 0.0000
1146 588435.974638 4506383.462163 1 0.0000
1147 585245.877473 4502223.599196 1 0.0000
1148 588661.114055 4496283.087318 1 0.0000
1149 585890.937741 4504959.760550 1 0.0000
1150 585669.847104 4501625.673037 1 0.0000
1151 588753.705305 4503901.404977 1 0.0000
1152 590530.476452 4501391.140683 1 0.0000
1153 584128.185910 4497556.832882 1 0.0000
1154 589204.994935 4506795.369971 1 0.0000
1155 581721.309411 4497465.177752 1 0.0000
1156 591130.909850 4502024.183835 1 0.0000
1157 593643.807780 4498985.327143 1 0.0000
1158 590709.830414 4503868.495733 1 0.0000
1159 590943.784058 4502294.180081 1 0.0000
1160 586447.985773 4504718.052169 1 0.0000
1161 585707.659412 4505078.956263 1 0.0000
1162 585280.195441 4502341.003927 1 0.0000
1163 585044.425901 4496114.323736 1 0.0000
1164 587349.206512 4504357.452256 1 0.0000
1165 590053.288211 4492777.177881 1 0.0000
1166 581874.852350 4496235.238353 1 0.0000
1167 591409.424397 4505026.503475 1 0.0000
1168 585295.347292 4505107.175469 1 0.0000
1169 585733.398703 4495658.970495 1 0.0000
1170 585233.756562 4505056.804073 1 0.0000
1171 591193.928990 4505272.102591 1 0.0000
1172 583930.778702 4500741.695686 1 0.0000
1173 593420.013596 4502428.983393 1 0.0000
1174 585676.439387 4496542.022418 1 0.0000
1175 586495.161724 4503624.923452 1 0.0000
1176 592045.596987 4504553.483512 1 0.0000
1177 585482.210628 4504646.116813 1 0.0000
1178 586382.919945 4504303.492425 1 0.0000
1179 588167.359299 4503905.705477 1 0.0000
1180 587757.409668 4502681.217947 1 0.0000
1181 590336.021837 4504476.446613 1 0.0000
1182 587782.614724 4507643.698170 1 0.0000
1183 585324.481644 4504046.449544 1 0.0000
1184 587494.676321 4504963.382302 1 0.0000
1185 585688.945891 4493831.344848 1 0.0000
1186 587135.259706 4504092.037967 1 0.0000
1187 587143.622049 4504026.616666 1 0.0000
1188 585670.347349 4505385.392079 1 0.0000
1189 589122.630721 4497502.967963 1 0.0000
1190 589324.119962 4508644.912135 1 0.0000
1191 585779.503643 4495007.081169 1 0.0000
1192 589237.548643 4506103.699275 1 0.0000
1193 593268.382309 4503168.670707 1 0.0000
1194 587143.057763 4495095.091969 1 0.0000
1195 590958.573854 4504825.738737 1 0.0000
1196 585249.022449 4505455.864968 1 0.0000
1197 591511.102935 4504070.806119 1 0.0000
1198 586219.069421 4504456.124022 1 0.0000
1199 587912.839002 4504019.216739 1 0.0000
1200 594911.911600 4501630.476463 1 0.0000
1201 594142.553086 4501756.730385 1 0.0000
1202 594362.731485 4503512.050003 1 0.0000
1203 585430.866748 4505355.546454 1 0.0000
1204 584389.314642 4499971.081432 1 0.0000
1205 591844.922794 4503147.307363 1 0.0000
1206 585107.919557 4506287.076793 1 0.0000
1207 585456.865750 4504918.558838 1 0.0000
1208 583296.173715 4497781.708858 1 0.0000
1209 593060.679590 4500449.636184 1 0.0000
1210 585413.137051 4504851.630779 1 0.0000
1211 590848.498758 4504724.535814 1 0.0000
1212 585448.023380 4497844.866159 1 0.0000
1213 587973.315794 4505158.673715 1 0.0000
1214 592152.617266 4504816.159378 1 0.0000
1215 593429.637257 4500938.654221 1 0.0000
1216 586905.408746 4492918.188233 1 0.0000
1217 588951.848551 4495985.624751 1 0.0000
1218 585143.276933 4505135.003191 1 0.0000
1219 591813.411365 4500584.475603 1 0.0000
1220 589519.962594 4500965.223175 1 0.0000
1221 588434.979321 4509201.587718 1 0.0000
1222 591649.462129 4505355.905080 1 0.0000
1223 591260.246275 4505094.589649 1 0.0000
1224 587744.056927 4495731.784224 1 0.0000
1225 589126.918623 4505863.837963 1 0.0000
1226 586271.449398 4502583.870333 1 0.0000
1227 593860.630289 4501492.676103 1 0.0000
1228 591086.591380 4499783.616532 1 0.0000
1229 587836.961663 4502572.419986 1 0.0000
1230 589607.484746 4501763.691549 1 0.0000
1231 586383.242729 4504301.971860 1 0.0000
1232 585647.089918 4497274.551050 1 0.0000
1233 588798.754763 4506262.956071 1 0.0000
1234 589681.870563 4503288.485758 1 0.0000
1235 591608.181486 4498612.680758 1 0.0000
1236 585974.849426 4506101.309974 1 0.0000
1237 587558.909020 4495211.039178 1 0.0000
1238 587842.623916 4493411.510811 1 0.0000
1239 585150.818510 4499596.091115 1 0.0000
1240 589933.950818 4501969.133439 1 0.0000
1241 586957.046066 4499156.487793 1 0.0000
1242 589379.980350 4503467.585349 1 0.0000
1243 589594.534994 4506572.779401 1 0.0000
1244 594958.474727 4502333.108303 1 0.0000
1245 584620.852185 4492305.356200 1 0.0000
1246 585748.960330 4499009.286486 1 0.0000
1247 590195.575468 4500855.277671 1 0.0000
1248 588118.908249 4507681.655947 1 0.0000
1249 589496.451937 4505337.203211 1 0.0000
1250 589607.484746 4501763.691549 1 0.0000
1251 594312.268660 4503125.990392 1 0.0000
1252 593827.012711 4503592.503182 1 0.0000
1253 587712.095476 4503584.219863 1 0.0000
1254 592401.317802 4501114.332155 1 0.0000
1255 587397.589518 4504041.999899 1 0.0000
1256 585577.923078 4501509.441572 1 0.0000
1257 588951.848551 4495985.624751 1 0.0000
1258 595761.507851 4503989.924784 1 0.0000
1259 587421.970395 4503559.588889 1 0.0000
1260 584620.852185 4492305.356200 1 0.0000
1261 592058.586209 4503839.951128 1 0.0000
1262 587470.909550 4499523.428935 1 0.0000
1263 588159.033532 4500269.601878 1 0.0000
1264 587700.647742 4504028.077710 1 0.0000
1265 583815.735328 4500407.628185 1 0.0000
1266 594992.565815 4503650.244354 1 0.0000
1267 591179.783715 4504774.317054 1 0.0000
1268 587844.431421 4492607.973743 1 0.0000
1269 589487.431193 4498706.212365 1 0.0000
1270 582795.128136 4499611.359322 1 0.0000
1271 585044.425901 4496114.323736 1 0.0000
1272 585751.698132 4505654.173029 1 0.0000
1273 591049.798486 4501492.728001 1 0.0000
1274 586170.375660 4504129.208049 1 0.0000
1275 589073.454636 4507428.929737 1 0.0000
1276 589450.029512 4504998.121533 1 0.0000
1277 588825.062299 4504727.421140 1 0.0000
1278 586361.645308 4492339.745389 1 0.0000
1279 588519.746366 4493006.600170 1 0.0000
1280 595619.216909 4505087.175843 1 0.0000
1281 584385.978133 4500746.871906 1 0.0000
1282 587416.617290 4500385.796078 1 0.0000
1283 595619.216909 4505087.175843 1 0.0000
1284 591973.089816 4496721.414314 1 0.0000
1285 584627.926547 4498978.259744 1 0.0000
1286 588651.381891 4502341.556131 1 0.0000
1287 589847.928441 4502968.579754 1 0.0000
1288 594625.688972 4503407.164068 1 0.0000
1289 586935.904558 4500346.202009 1 0.0000
1290 585358.518301 4506277.130844 1 0.0000
1291 591262.935763 4505768.989738 1 0.0000
1292 593485.594076 4502932.840569 1 0.0000
1293 583296.322224 4503475.781120 1 0.0000
1294 588310.678204 4508931.401124 1 0.0000
1295 585187.428463 4503772.159747 1 0.0000
1296 584713.995800 4504779.987241 1 0.0000
1297 581931.425074 4496807.538827 1 0.0000
1298 594904.881605 4504233.115622 1 0.0000
1299 592055.554580 4502310.779824 1 0.0000
1300 582145.755453 4496851.417338 1 0.0000
1301 590760.043226 4502186.045817 1 0.0000
1302 585168.067879 4494323.651631 1 0.0000
1303 585819.889551 4494214.649797 1 0.0000
1304 588464.346410 4505175.535284 1 0.0000
1305 583927.992958 4500906.215133 1 0.0000
1306 591882.732274 4506440.963447 1 0.0000
1307 593579.557030 4502682.200209 1 0.0000
1308 593189.868687 4500558.368457 1 0.0000
1309 586803.928877 4502546.349797 1 0.0000
1310 589946.885051 4504744.143552 1 0.0000
1311 586946.178357 4504721.282406 1 0.0000
1312 587026.843010 4492662.989592 1 0.0000
1313 588009.558017 4495053.434476 1 0.0000
1314 591821.643701 4505730.245037 1 0.0000
1315 591127.499828 4500313.395629 1 0.0000
1316 594950.687108 4503983.450239 1 0.0000
1317 589247.226193 4505628.127166 1 0.0000
1318 588050.266694 4500401.835943 1 0.0000
1319 586447.985773 4504718.052169 1 0.0000
1320 591377.801100 4506333.134549 1 0.0000
1321 590530.476452 4501391.140683 1 0.0000
1322 585339.791894 4505807.333272 1 0.0000
1323 585819.889551 4494214.649797 1 0.0000
1324 589398.590642 4501428.858510 1 0.0000
1325 586263.537539 4498106.750270 1 0.0000
1326 585874.477902 4502844.162444 1 0.0000
1327 585942.069373 4502500.894362 1 0.0000
1328 588301.006601 4507050.501485 1 0.0000
1329 586328.491681 4505471.500827 1 0.0000
1330 588834.863192 4502231.197977 1 0.0000
1331 586370.471283 4497438.484991 1 0.0000
1332 591951.533782 4497277.908572 1 0.0000
1333 583714.227695 4500276.661917 1 0.0000
1334 588440.580819 4500700.335097 1 0.0000
1335 585427.306249 4505213.197775 1 0.0000
1336 587553.452775 4495852.423238 1 0.0000
1337 592344.504315 4500347.641905 1 0.0000
1338 588323.761641 4497357.984378 1 0.0000
1339 589693.506595 4501809.465534 1 0.0000
1340 586447.985773 4504718.052169 1 0.0000
1341 593214.658039 4503417.939909 1 0.0000
1342 583463.163331 4496038.764552 1 0.0000
1343 586170.375660 4504129.208049 1 0.0000
1344 592379.249558 4501151.609212 1 0.0000
1345 589018.330626 4499334.104967 1 0.0000
1346 591990.979943 4505711.754582 1 0.0000
1347 584954.417655 4492019.352321 1 0.0000
1348 582585.489749 4496179.322921 1 0.0000
1349 585826.187925 4492318.126168 1 0.0000
1350 590350.168985 4504143.538197 1 0.0000
1351 588547.369526 4498570.288269 1 0.0000
1352 585964.191848 4501171.931728 1 0.0000
1353 594119.910963 4500477.515551 1 0.0000
1354 592224.039536 4503519.732577 1 0.0000
1355 590377.188749 4499568.646069 1 0.0000
1356 589079.345286 4506777.484641 1 0.0000
1357 589238.055764 4503728.647352 1 0.0000
1358 588325.964545 4502660.257466 1 0.0000
1359 591265.740868 4501475.679872 1 0.0000
1360 587219.988182 4498113.962493 1 0.0000
1361 589875.219176 4501747.537731 1 0.0000
1362 583859.276785 4500464.192833 1 0.0000
1363 583962.888996 4500597.621900 1 0.0000
1364 588224.696276 4506633.373208 1 0.0000
1365 587729.115487 4506641.445401 1 0.0000
1366 585694.598964 4505289.374579 1 0.0000
1367 592699.807115 4502145.320461 1 0.0000
1368 587398.504486 4492832.978276 1 0.0000
1369 585775.785336 4505251.292732 1 0.0000
1370 584480.366838 4501262.625947 1 0.0000
1371 586556.919284 4495001.284215 1 0.0000
1372 584303.933400 4496303.370410 1 0.0000
1373 588362.421403 4509498.786774 1 0.0000
1374 591007.664923 4506430.398146 1 0.0000
1375 587797.695711 4507550.318164 1 0.0000
1376 593268.382309 4503168.670707 1 0.0000
1377 586275.994489 4499718.583646 1 0.0000
1378 583428.665200 4499904.698799 1 0.0000
1379 582585.489749 4496179.322921 1 0.0000
1380 589918.394182 4505239.614798 1 0.0000
1381 588369.460684 4495346.705211 1 0.0000
1382 583508.886192 4496895.554569 1 0.0000
1383 582540.977568 4498540.414928 1 0.0000
1384 587162.148530 4493816.381998 1 0.0000
1385 591288.706662 4501385.436243 1 0.0000
1386 586688.249289 4492103.331068 1 0.0000
1387 584228.304907 4499606.019230 1 0.0000
1388 589779.061617 4505406.545356 1 0.0000
1389 586396.192630 4502788.541199 1 0.0000
1390 589690.831155 4506063.757126 1 0.0000
1391 581191.707225 4497893.690826 1 0.0000
1392 585520.962907 4501614.533885 1 0.0000
1393 588089.431693 4498859.451210 1 0.0000
1394 590423.266870 4506236.340290 1 0.0000
1395 588682.305715 4504954.343786 1 0.0000
1396 586117.789811 4501438.484555 1 0.0000
1397 588923.547973 4499281.529469 1 0.0000
1398 590095.667431 4505032.281775 1 0.0000
1399 588796.373422 4508185.771937 1 0.0000
1400 584621.905145 4503853.946758 0 0.0002835
1401 584559.166452 4503675.682187 0 0.0002603
1402 584505.351866 4503250.369999 0 0.0002236
1403 584494.955055 4503462.694084 0 0.0004919
1404 584526.588114 4503584.792593 0 0.0002535
1405 584590.903228 4503766.949237 0 0.0002719
1406 582138.837923 4498450.788151 0 0.0006061
1407 583778.211408 4496660.938221 0 0.0003214
1408 583606.105480 4496439.007022 0 0.0003070
1409 586139.864081 4502150.018592 0 0.0003382
1410 586056.614701 4502016.068257 0 0.0004212
1411 585855.781525 4502140.194511 0 0.0004052
1412 585938.980760 4502274.303043 0 0.0002639
1413 586306.894991 4502420.330694 0 0.0002687
1414 586223.259039 4502284.782300 0 0.0003354
1415 586022.584180 4502409.042055 0 0.0003078
1416 586106.189016 4502544.581965 0 0.0003022
1417 586393.963767 4502785.262548 0 0.0002603
1418 585136.943098 4498804.241695 0 0.0005110
1419 584776.017410 4498903.834156 0 0.0004923
1420 584899.825518 4498986.784020 0 0.0005358
1421 588389.930149 4503500.044808 0 0.0006508
1422 588351.216608 4503279.718507 0 0.0004883
1423 588361.012292 4503135.483146 0 0.0003018
1424 585306.683092 4499024.272711 0 0.0006001
1425 585075.728244 4499002.240657 0 0.0005178
1426 585088.557643 4499189.876232 0 0.0007558
1427 585428.170069 4499180.901486 0 0.0005761
1428 585525.100671 4499306.587140 0 0.0004727
1429 585358.912730 4499480.569067 0 0.0006260
1430 585224.980698 4499336.613810 0 0.0005154
1431 585788.630181 4499450.331119 0 0.0005039
1432 585521.093870 4499653.125143 0 0.0005007
1433 587893.194944 4503877.150779 0 0.0003022
1434 588194.569724 4503812.657474 0 0.0003402
1435 588049.494974 4504018.337877 0 0.0003761
1436 588330.927380 4504002.043066 0 0.0003605
1437 586046.859340 4499203.732429 0 0.0002659
1438 586156.104195 4499413.599744 0 0.0005530
1439 586198.902366 4499042.209118 0 0.0005011
1440 588077.147804 4504232.858364 0 0.0004867
1441 588249.660621 4504469.278408 0 0.0002340
1442 588282.964673 4504266.409755 0 0.0003733
1443 586064.742808 4498838.642799 0 0.0006963
1444 585901.205064 4499015.459795 0 0.0004224
1445 585707.180708 4499282.493887 0 0.0006839
1446 587802.790808 4504187.912609 0 0.0002695
1447 587832.705559 4504380.412795 0 0.0005003
1448 587769.502423 4504641.216492 0 0.0004380
1449 585919.325838 4498650.519722 0 0.0004715
1450 585636.006672 4498802.692691 0 0.0005358
1451 585803.859140 4498889.970987 0 0.0004396
1452 585071.856587 4503774.069044 0 0.0003250
1453 583395.353042 4499766.446914 0 0.0006348
1454 583192.066999 4499760.469088 0 0.0007043
1455 583340.015132 4499594.457833 0 0.0004224
1456 585095.014495 4503449.189676 0 0.0003517
1457 584759.138010 4503214.773110 0 0.0004835
1458 585185.358827 4503562.127386 0 0.0003689
1459 584809.548194 4503640.571354 0 0.0003533
1460 583581.388741 4500059.503261 0 0.0005562
1461 583410.340442 4500040.949640 0 0.0004651
1462 583582.825382 4499907.850108 0 0.0005466
1463 583433.584901 4499872.903901 0 0.0004555
1464 583786.191923 4500265.855097 0 0.0006887
1465 583728.528519 4500096.252085 0 0.0006109
1466 583583.495107 4500257.413298 0 0.0003649
1467 584019.874353 4500472.462585 0 0.0005921
1468 583828.699260 4500570.777909 0 0.0004344
1469 583869.318195 4500374.545048 0 0.0006268
1470 584099.538302 4500642.062261 0 0.0004983
1471 584311.332956 4500848.637423 0 0.0004356
1472 584097.361259 4500922.676046 0 0.0003833
1473 583784.015193 4503342.338903 0 0.0010400
1474 584402.279322 4500469.375200 0 0.0008029
1475 584684.524747 4500157.376251 0 0.0006296
1476 584607.048944 4499867.279604 0 0.0008201
1477 584655.456292 4499930.223129 0 0.0006775
1478 584558.862384 4499804.355517 0 0.0006536
1479 584555.475078 4499606.382373 0 0.0007518
1480 584349.220229 4499598.779511 0 0.0009322
1481 584391.783942 4499783.322100 0 0.0006336
1482 583918.997968 4499949.002204 0 0.0005210
1483 584015.618092 4500074.219208 0 0.0006328
1484 584106.816200 4499803.403566 0 0.0006935
1485 586092.557771 4503154.662987 0 0.0003230
1486 586030.539860 4503103.390893 0 0.0003234
1487 583035.524997 4498096.121850 0 0.0005158
1488 582566.083363 4498197.218749 0 0.0005282
1489 586071.632200 4502938.280516 0 0.0004076
1490 585885.137817 4502867.382129 0 0.0005226
1491 585867.872846 4503064.172557 0 0.0005054
1492 582658.175360 4497678.444772 0 0.0003933
1493 582832.581090 4497750.346275 0 0.0003937
1494 582503.665054 4497996.266081 0 0.0004272
1495 582454.852257 4497833.509399 0 0.0003537
1496 585718.260569 4502597.532226 0 0.0005310
1497 585781.370745 4502698.881823 0 0.0003613
1498 585822.181525 4502766.709991 0 0.0003282
1499 582306.402385 4497348.091414 0 0.0003042
1500 582358.124328 4497509.320377 0 0.0003697
1501 582507.498077 4497593.672926 0 0.0005909
1502 585492.884609 4502457.885316 0 0.0003322
1503 585696.591965 4502331.874925 0 0.0003210
1504 585530.638665 4502294.805998 0 0.0004444
1505 585655.513533 4502496.329904 0 0.0002923
1506 582846.269761 4497028.931924 0 0.0003681
1507 583016.564070 4497251.361945 0 0.0003609
1508 585346.839664 4502222.207214 0 0.0003713
1509 585550.397995 4502096.329529 0 0.0004911
1510 585371.518027 4502002.458436 0 0.0003422
1511 582769.152629 4497328.662640 0 0.0004272
1512 582492.393986 4497207.183349 0 0.0003829
1513 582560.769031 4497352.970428 0 0.0004767
1514 585163.880253 4502005.245074 0 0.0005194
1515 585183.159045 4501854.445705 0 0.0004204
1516 585076.416256 4501811.128513 0 0.0004523
1517 584893.822611 4501601.640230 0 0.0004871
1518 584945.616047 4501776.966318 0 0.0003561
1519 585132.647513 4501517.355759 0 0.0004699
1520 585059.969170 4498042.638348 0 0.0006823
1521 588382.195986 4505199.808868 0 0.0005270
1522 588428.612039 4504915.210170 0 0.0003629
1523 585302.105109 4497599.791738 0 0.0005214
1524 585042.024903 4497852.446347 0 0.0006699
1525 588455.345471 4504753.098206 0 0.0004907
1526 588481.637281 4504590.767062 0 0.0005278
1527 588508.191142 4504428.295375 0 0.0004931
1528 585937.734596 4497077.114636 0 0.0003477
1529 585586.987322 4497398.420671 0 0.0004747
1530 585775.343449 4497253.413314 0 0.0004703
1531 588534.885692 4504265.832845 0 0.0003845
1532 588561.090329 4504103.348993 0 0.0006176
1533 588581.412411 4503981.600438 0 0.0002627
1534 588614.427649 4503881.537196 0 0.0003106
1535 586052.031775 4496834.661151 0 0.0004412
1536 586150.077773 4496963.073760 0 0.0004500
1537 586337.679615 4496816.282439 0 0.0004088
1538 589001.177531 4503693.234639 0 0.0005246
1539 585325.629727 4497315.459407 0 0.0005613
1540 585567.381228 4497083.365300 0 0.0005158
1541 588827.490650 4504313.521627 0 0.0003909
1542 588853.987880 4504151.284553 0 0.0004967
1543 588880.462437 4503989.116889 0 0.0004420
1544 588915.876037 4503855.722900 0 0.0001968
1545 584972.853070 4497539.293616 0 0.0003298
1546 584846.654258 4497310.537509 0 0.0003577
1547 588747.932677 4504800.785325 0 0.0004460
1548 588774.138423 4504638.503079 0 0.0005969
1549 588800.664890 4504476.017059 0 0.0004807
1550 585505.311056 4496899.499153 0 0.0003034
1551 585238.363982 4497159.599933 0 0.0005502
1552 585259.247861 4496970.507062 0 0.0005801
1553 585054.107182 4497124.640196 0 0.0004771
1554 588681.393651 4505206.841599 0 0.0004364
1555 585487.244733 4494932.522975 0 0.0003889
1556 590615.740339 4503601.670640 0 0.0004196
1557 590945.046990 4503565.801589 0 0.0006101
1558 585370.675067 4494716.622149 0 0.0007366
1559 591352.654039 4503552.738181 0 0.0003657
1560 591694.572714 4503528.376689 0 0.0002731
1561 591928.469147 4503514.376680 0 0.0004591
1562 585434.681778 4494345.460057 0 0.0006077
1563 585217.807784 4494517.031945 0 0.0005450
1564 591443.522974 4503257.569949 0 0.0007446
1565 591677.917980 4503240.490437 0 0.0006915
1566 585068.416086 4493900.873405 0 0.0005917
1567 585063.767957 4494300.066883 0 0.0006272
1568 585792.950471 4493867.882603 0 0.0008005
1569 590983.212805 4503286.063082 0 0.0004691
1570 590696.347296 4503301.539222 0 0.0007123
1571 586359.245144 4493362.357253 0 0.0007781
1572 590193.184338 4503256.208479 0 0.0002831
1573 590162.150868 4503418.902443 0 0.0004172
1574 589806.711168 4503396.001136 0 0.0003521
1575 589574.071462 4503460.721618 0 0.0003378
1576 589565.071587 4503277.307060 0 0.0004412
1577 589107.372876 4503490.781825 0 0.0003737
1578 589096.328871 4503305.621400 0 0.0006588
1579 589341.436182 4503476.401860 0 0.0004272
1580 589330.693126 4503291.473739 0 0.0003961
1581 585503.792554 4493705.140655 0 0.0003733
1582 588625.950512 4503521.681738 0 0.0005166
1583 588626.528269 4503333.920012 0 0.0004983
1584 588873.157982 4503504.845502 0 0.0005066
1585 588861.897330 4503319.351702 0 0.0005446
1586 584624.235733 4495751.511514 0 0.0006907
1587 589600.167414 4504981.680265 0 0.0003689
1588 589614.039355 4504900.641843 0 0.0003469
1589 589627.289254 4504819.519210 0 0.0004232
1590 589640.175344 4504738.290399 0 0.0003278
1591 583984.682590 4494881.966473 0 0.0002695
1592 589673.427428 4505285.333762 0 0.0007083
1593 589443.830349 4505164.539845 0 0.0004424
1594 589699.918485 4505122.967340 0 0.0005234
1595 584146.400708 4494757.199072 0 0.0005278
1596 589506.944369 4505550.348079 0 0.0005641
1597 589534.133323 4505387.704543 0 0.0005306
1598 589521.299634 4505468.983512 0 0.0005410
1599 584730.969394 4495518.361845 0 0.0005298
1600 584854.000535 4495677.143571 0 0.0004735
1601 584567.255843 4495308.457199 0 0.0005949
1602 589375.627873 4505930.645499 0 0.0001709
1603 590707.634653 4502461.603232 0 0.0010005
1604 590962.325225 4502428.225649 0 0.0003450
1605 590944.014839 4502607.614632 0 0.0008544
1606 590966.378452 4503001.681626 0 0.0005761
1607 590954.494949 4502803.562543 0 0.0004943
1608 587541.379639 4492169.843175 0 0.0003621
1609 587992.592713 4492265.565879 0 0.0007578
1610 587843.253098 4492234.491230 0 0.0008113
1611 591182.109053 4502693.785596 0 0.0003921
1612 591252.623364 4502554.352530 0 0.0004076
1613 591475.758685 4502725.347518 0 0.0002415
1614 587675.026848 4492440.737344 0 0.0005290
1615 587916.331201 4492515.282933 0 0.0007254
1616 587442.046455 4492366.517037 0 0.0004240
1617 591913.520717 4502956.692611 0 0.0002116
1618 591658.184490 4502911.588299 0 0.0006364
1619 587754.628127 4494289.888535 0 0.0006204
1620 590503.463075 4505385.048383 0 0.0005031
1621 590478.163180 4505602.654414 0 0.0004168
1622 587616.197123 4494770.960952 0 0.0002703
1623 587802.372511 4494802.676642 0 0.0003102
1624 587433.982767 4494622.118054 0 0.0003941
1625 590858.759858 4505131.830421 0 0.0005977
1626 590976.351498 4505249.794958 0 0.0004048
1627 590729.291192 4505362.166735 0 0.0003469
1628 587098.966135 4494550.833414 0 0.0004675
1629 587258.565195 4494594.561579 0 0.0003813
1630 591363.886100 4504765.231009 0 0.0003477
1631 591556.603213 4504625.217879 0 0.0004755
1632 591136.014064 4504930.832977 0 0.0005298
1633 586794.857653 4494363.289288 0 0.0006192
1634 586413.995561 4494333.975242 0 0.0004364
1635 591214.975442 4505097.021675 0 0.0004324
1636 591674.695741 4504788.211022 0 0.0005689
1637 591451.352171 4504947.219647 0 0.0005250
1638 584407.665932 4492637.001675 0 0.0002232
1639 584495.857756 4492458.961047 0 0.0009275
1640 589129.902425 4502063.847594 0 0.0003709
1641 589484.284361 4501987.836804 0 0.0007470
1642 589718.688260 4501991.911946 0 0.0006867
1643 589111.200504 4502234.146944 0 0.0005589
1644 589620.579885 4502236.960575 0 0.0004923
1645 589498.166896 4502144.866163 0 0.0005797
1646 589159.917690 4502410.950266 0 0.0003737
1647 589511.853123 4502389.307164 0 0.0004631
1648 589745.913509 4502374.511406 0 0.0004164
1649 583819.095449 4492123.030250 0 0.0003318
1650 584162.387185 4492274.417927 0 0.0003593
1651 590980.010147 4498717.922103 0 0.0003925
1652 590498.148977 4498149.313777 0 0.0003781
1653 590912.279282 4498204.122248 0 0.0008967
1654 590361.691547 4497640.397864 0 0.0003454
1655 590593.371915 4497914.183544 0 0.0004448
1656 590205.416680 4497872.131294 0 0.0004136
1657 589873.311145 4497856.168242 0 0.0004352
1658 589851.381052 4498088.833513 0 0.0003190
1659 590084.167996 4497427.549712 0 0.0003585
1660 589869.591628 4497600.036670 0 0.0004084
1661 590091.488396 4497661.614147 0 0.0005777
1662 589709.180431 4497343.350178 0 0.0003769
1663 589829.432644 4497244.237063 0 0.0003929
1664 589666.206095 4497534.089050 0 0.0005178
1665 589530.293273 4498059.184915 0 0.0007302
1666 589554.509661 4497803.017423 0 0.0006795
1667 589281.610144 4497923.226266 0 0.0007646
1668 589142.200755 4497829.595864 0 0.0005498
1669 589372.245997 4497501.513516 0 0.0005554
1670 589412.893217 4497237.345442 0 0.0004396
1671 589291.896738 4496918.805355 0 0.0003414
1672 589638.453365 4497012.716249 0 0.0004583
1673 588988.288942 4497305.782026 0 0.0003465
1674 589150.745500 4497331.287949 0 0.0004567
1675 588928.804854 4497703.504408 0 0.0005829
1676 588887.278194 4497968.301793 0 0.0006264
1677 588589.028871 4497785.923254 0 0.0004512
1678 588729.744268 4497400.933337 0 0.0003062
1679 588771.128688 4497136.071703 0 0.0002879
1680 588914.429388 4496736.886471 0 0.0003825
1681 589066.544321 4496782.840329 0 0.0004132
1682 592702.767971 4500686.446690 0 0.0003142
1683 594273.532565 4501391.009669 0 0.0008185
1684 594515.645202 4501758.861855 0 0.0007039
1685 595000.706244 4502680.885171 0 0.0005673
1686 595001.644019 4502506.129957 0 0.0006516
1687 594657.574966 4502306.016722 0 0.0008532
1688 594547.476655 4502461.530335 0 0.0004064
1689 593962.489007 4501916.240068 0 0.0004643
1690 594243.454866 4502064.489701 0 0.0008815
1691 593874.544810 4502213.622181 0 0.0005713
1692 594056.380793 4502270.372678 0 0.0004404
1693 594270.968887 4502353.866082 0 0.0003521
1694 593403.924532 4502116.124429 0 0.0004416
1695 593721.174078 4502181.677695 0 0.0005669
1696 593563.505490 4502149.000700 0 0.0005019
1697 593513.957472 4501749.977169 0 0.0005582
1698 593667.793116 4501804.201273 0 0.0005605
1699 593817.164657 4501860.950032 0 0.0004072
1700 593190.644691 4502159.734796 0 0.0002867
1701 589871.835225 4500913.182758 0 0.0003593
1702 589930.061041 4500722.444206 0 0.0005490
1703 589722.909004 4501738.355827 0 0.0005378
1704 589749.125221 4501446.583968 0 0.0007167
1705 589955.000331 4501759.568822 0 0.0003350
1706 589982.086709 4501469.525398 0 0.0003605
1707 590226.199207 4501492.138490 0 0.0002547
1708 590430.770154 4501511.103227 0 0.0003330
1709 590492.079608 4501294.297053 0 0.0006124
1710 590195.548957 4501824.506424 0 0.0003973
1711 590210.291086 4501660.348600 0 0.0002388
1712 590492.410158 4501693.788954 0 0.0005070
1713 590887.228184 4501511.718318 0 0.0005118
1714 590731.239611 4501691.009112 0 0.0005777
1715 586057.341514 4495057.749313 0 0.0004715
1716 586058.990631 4494790.476690 0 0.0003378
1717 586215.494185 4494814.961905 0 0.0004619
1718 592849.292824 4504294.259969 0 0.0000056
1719 586280.074636 4495001.849007 0 0.0006256
1720 586393.876936 4494974.768507 0 0.0004040
1721 586478.324922 4494988.374718 0 0.0003941
1722 592638.979427 4505045.234309 0 0.0005677
1723 592484.071825 4504956.816292 0 0.0004312
1724 592420.479962 4505136.757005 0 0.0004991
1725 586578.840547 4495048.832698 0 0.0003889
1726 586766.635347 4494906.425664 0 0.0003190
1727 592307.646366 4504579.866249 0 0.0004444
1728 592437.657379 4504736.300740 0 0.0004859
1729 592239.528413 4504755.837735 0 0.0003881
1730 586860.126737 4495329.280628 0 0.0005566
1731 586706.712814 4495315.651332 0 0.0006128
1732 592143.602964 4504826.073454 0 0.0004456
1733 591920.500250 4504946.233203 0 0.0005657
1734 592046.009966 4504938.829029 0 0.0005146
1735 587050.698733 4495205.452856 0 0.0002559
1736 587057.387258 4494941.465430 0 0.0002835
1737 587258.555079 4495112.778735 0 0.0003066
1738 587390.546029 4495164.180732 0 0.0003370
1739 591698.566694 4505023.462084 0 0.0006831
1740 591850.986417 4505165.082326 0 0.0006176
1741 591638.314624 4505232.873888 0 0.0003218
1742 587757.447305 4495198.065502 0 0.0005222
1743 587575.996776 4495027.986902 0 0.0004056
1744 591326.074450 4505387.377219 0 0.0004100
1745 591394.301743 4505346.554994 0 0.0004843
1746 591434.293400 4505201.302131 0 0.0002938
1747 591562.686746 4505375.382331 0 0.0002527
1748 587621.520720 4495584.169777 0 0.0004899
1749 586631.169128 4499722.583984 0 0.0002911
1750 586655.320892 4499519.080665 0 0.0006887
1751 589123.459014 4507353.232994 0 0.0003382
1752 589265.486914 4507372.444277 0 0.0003765
1753 589396.821356 4507370.918396 0 0.0003246
1754 586123.085812 4499712.490691 0 0.0005977
1755 586448.106898 4499797.513678 0 0.0006624
1756 585992.271971 4499578.199954 0 0.0005418
1757 589074.376778 4507711.145015 0 0.0004252
1758 589227.304002 4507718.036858 0 0.0003314
1759 589106.681604 4507997.109623 0 0.0002994
1760 586244.782669 4499996.857414 0 0.0005937
1761 585984.146302 4499882.002935 0 0.0006867
1762 585740.518827 4499774.898263 0 0.0004092
1763 588936.966093 4508446.157618 0 0.0003118
1764 588944.571885 4508236.861955 0 0.0003881
1765 586536.330513 4500031.273749 0 0.0006176
1766 586285.514299 4500258.725844 0 0.0003457
1767 586492.801593 4500321.134478 0 0.0004236
1768 588670.787632 4507720.309407 0 0.0003593
1769 588847.708281 4507628.245474 0 0.0004056
1770 588917.787180 4507828.921589 0 0.0003473
1771 586153.679878 4495465.916416 0 0.0004531
1772 586259.184669 4495521.812510 0 0.0005957
1773 586381.645697 4495457.042477 0 0.0006021
1774 590628.298983 4506449.710132 0 0.0005302
1775 590690.296487 4506399.551387 0 0.0006464
1776 590754.075851 4506352.605421 0 0.0005410
1777 590496.785214 4506458.715421 0 0.0003082
1778 585777.097406 4495578.864272 0 0.0005330
1779 585976.687270 4495395.793060 0 0.0005122
1780 586075.571690 4495453.668989 0 0.0004947
1781 590946.306100 4506212.827836 0 0.0006124
1782 588216.645309 4495758.964904 0 0.0003941
1783 588314.776720 4495844.513465 0 0.0005039
1784 588419.017841 4495820.322460 0 0.0004987
1785 587899.799331 4507906.816213 0 0.0002743
1786 588035.716302 4507852.086282 0 0.0003585
1787 587803.597875 4507659.302497 0 0.0004036
1788 587912.806291 4495871.510907 0 0.0004052
1789 588077.594276 4495725.638076 0 0.0007202
1790 587919.359000 4495603.373393 0 0.0005578
1791 587562.385199 4507980.025155 0 0.0007821
1792 588011.333732 4495246.914925 0 0.0005306
1793 587918.910336 4495180.112638 0 0.0003901
1794 588140.584560 4495248.207076 0 0.0005613
1795 587917.403482 4508449.629716 0 0.0004587
1796 587736.857407 4508253.426972 0 0.0002020
1797 588318.572418 4495303.251177 0 0.0005130
1798 588478.861203 4495256.635923 0 0.0004412
1799 588792.663220 4495282.228391 0 0.0005015
1800 588589.972181 4495318.373336 0 0.0005182
1801 588702.535710 4495471.634280 0 0.0003749
1802 588964.429283 4495376.773396 0 0.0003174
1803 589123.792259 4495402.140588 0 0.0003430
1804 588122.663780 4509628.986319 0 0.0005230
1805 588091.122959 4509988.215380 0 0.0004140
1806 588101.188285 4509786.075342 0 0.0004575
1807 589541.734186 4495587.027742 0 0.0003869
1808 589337.101932 4495825.846073 0 0.0002531
1809 589303.453806 4495565.865669 0 0.0003386
1810 587901.482764 4509292.451252 0 0.0003905
1811 588144.378880 4509471.879531 0 0.0004587
1812 589542.913118 4495335.823184 0 0.0005342
1813 589583.032802 4495078.402894 0 0.0004316
1814 589944.927472 4495121.169301 0 0.0003090
1815 587814.408106 4506502.734316 0 0.0003601
1816 587717.408106 4506628.757362 0 0.0002899
1817 587894.952102 4506691.081532 0 0.0005621
1818 587650.693106 4506754.787493 0 0.0005238
1819 587863.398006 4505941.193268 0 0.0009682
1820 587868.639998 4506167.838170 0 0.0004591
1821 588318.150312 4496793.896882 0 0.0006496
1822 588146.192386 4496857.840703 0 0.0005797
1823 588277.089182 4497058.640958 0 0.0005566
1824 587594.905769 4506178.962561 0 0.0001417
1825 587808.745307 4496234.858699 0 0.0006224
1826 587874.217334 4496437.706352 0 0.0004316
1827 587995.918706 4496262.601239 0 0.0007226
1828 586870.777575 4506110.739513 0 0.0000028
1829 588151.332143 4496480.958346 0 0.0003857
1830 588333.691849 4496364.006024 0 0.0004380
1831 588196.515027 4496192.064648 0 0.0005362
1832 587680.170585 4506339.754807 0 0.0009586
1833 587365.646940 4506383.450802 0 0.0002635
1834 587232.391637 4506602.809622 0 0.0004472
1835 587347.604248 4506673.890746 0 0.0008117
1836 587300.724110 4506838.587509 0 0.0004755
1837 587498.149160 4506890.350481 0 0.0005813
1838 589021.376036 4495793.095899 0 0.0003825
1839 588862.012144 4496130.111955 0 0.0004116
1840 587385.274229 4507089.689686 0 0.0008049
1841 588663.339282 4495993.962995 0 0.0003897
1842 588700.699951 4495742.807721 0 0.0003633
1843 589463.853818 4493486.225866 0 0.0004939
1844 595272.305907 4503756.741468 0 0.0004172
1845 588792.157551 4493464.539892 0 0.0004444
1846 588397.919806 4501622.211810 0 0.0004080
1847 588493.994231 4501523.243134 0 0.0005150
1848 588512.718000 4501388.744495 0 0.0006608
1849 588522.111040 4501181.515845 0 0.0004871
1850 588348.778208 4501275.896990 0 0.0005705
1851 588821.782390 4501693.740379 0 0.0005074
1852 588840.732583 4501490.964403 0 0.0004468
1853 588865.181020 4501230.244134 0 0.0003434
1854 589191.306745 4501765.993383 0 0.0007478
1855 589375.616705 4501701.335901 0 0.0006041
1856 589291.316831 4501572.520128 0 0.0004891
1857 589187.462296 4501394.433512 0 0.0004292
1858 589510.919426 4500842.564058 0 0.0005086
1859 589671.810899 4500856.922174 0 0.0005434
1860 589240.140226 4500933.718441 0 0.0004336
1861 589287.163517 4500667.325715 0 0.0006807
1862 588896.945205 4500893.926851 0 0.0009111
1863 589038.647130 4500685.077385 0 0.0004456
1864 588898.349134 4500660.530697 0 0.0004603
1865 588640.042273 4501002.276540 0 0.0007546
1866 588370.052629 4501048.597196 0 0.0004919
1867 588918.788155 4500210.080345 0 0.0004803
1868 589002.679614 4500356.601965 0 0.0005777
1869 588755.610074 4500446.872484 0 0.0003426
1870 588710.892608 4500243.747415 0 0.0004879
1871 588998.641252 4499803.032911 0 0.0004583
1872 588979.361263 4500003.257738 0 0.0005570
1873 588734.690057 4499984.009747 0 0.0004927
1874 588754.505845 4499780.385888 0 0.0006931
1875 588788.342595 4499277.885720 0 0.0004312
1876 588928.487500 4499479.969307 0 0.0004240
1877 588776.307112 4499548.244110 0 0.0006675
1878 589066.584719 4499521.354248 0 0.0004607
1879 589245.278809 4499521.734010 0 0.0004995
1880 588235.542843 4497323.787196 0 0.0004655
1881 588390.421543 4497212.104969 0 0.0003985
1882 588512.338051 4497231.677107 0 0.0002443
1883 588236.184233 4497866.554401 0 0.0006827
1884 588368.243908 4497703.050152 0 0.0004052
1885 588166.118651 4497666.770832 0 0.0006029
1886 588026.297572 4498687.091164 0 0.0005031
1887 588069.895710 4498383.497176 0 0.0004368
1888 588111.291608 4498118.033705 0 0.0004523
1889 588216.252737 4498562.282677 0 0.0008229
1890 592189.960086 4502927.546583 0 0.0006464
1891 592663.363946 4502683.036616 0 0.0005019
1892 592541.543211 4502990.422313 0 0.0008221
1893 592607.861734 4502217.186177 0 0.0006276
1894 592298.279867 4502328.970577 0 0.0007023
1895 592202.961728 4501599.694081 0 0.0002986
1896 592336.622591 4501353.840080 0 0.0003992
1897 592128.162820 4501761.711319 0 0.0004364
1898 592737.003770 4501799.384337 0 0.0003446
1899 592436.437479 4501749.688961 0 0.0007749
1900 592850.854447 4501459.798804 0 0.0003765
1901 592273.303220 4500971.393954 0 0.0007514
1902 592626.948042 4501148.590636 0 0.0003230
1903 592074.106193 4500718.526897 0 0.0005745
1904 591718.781738 4500365.604842 0 0.0006184
1905 591664.831855 4500613.245611 0 0.0003985
1906 591387.538540 4500189.359299 0 0.0004895
1907 591401.327283 4500536.475098 0 0.0004691
1908 591197.499023 4500186.019049 0 0.0002719
1909 591142.140814 4500574.763818 0 0.0003781
1910 590898.982258 4500628.943802 0 0.0004935
1911 590944.725129 4500407.004286 0 0.0004543
1912 590584.351300 4501916.423416 0 0.0008728
1913 590753.607533 4502038.465372 0 0.0006759
1914 591043.341543 4501647.898225 0 0.0007666
1915 590887.265159 4501827.015766 0 0.0006480
1916 591174.089798 4501472.585575 0 0.0005102
1917 591365.071636 4501346.744316 0 0.0005633
1918 591196.723227 4501151.405565 0 0.0006939
1919 591347.056693 4500880.539745 0 0.0005346
1920 591500.845395 4501057.990235 0 0.0004967
1921 591582.884966 4500834.814284 0 0.0005350
1922 591766.782193 4501022.540466 0 0.0002407
1923 591978.310340 4501053.045579 0 0.0002511
1924 591604.244301 4501190.608316 0 0.0006604
1925 591384.610403 4501612.158589 0 0.0005170
1926 591522.529564 4501434.077748 0 0.0005941
1927 591711.442879 4501283.097135 0 0.0002595
1928 590901.211324 4502144.480722 0 0.0002188
1929 591219.186049 4501764.855687 0 0.0005039
1930 591693.039677 4501671.305291 0 0.0003629
1931 591540.105406 4501756.951969 0 0.0003569
1932 591503.122451 4501986.911941 0 0.0003298
1933 591853.486871 4501300.957322 0 0.0004951
1934 592020.443755 4501287.134849 0 0.0006200
1935 591926.792240 4501542.258246 0 0.0003006
1936 591848.330724 4501805.071397 0 0.0004496
1937 591780.466550 4502044.538254 0 0.0003845
1938 591435.361830 4502313.892844 0 0.0002527
1939 591511.520878 4502344.659155 0 0.0002024
1940 591362.712043 4502279.167090 0 0.0003529
1941 591282.718648 4502264.558181 0 0.0004272
1942 591205.487317 4502224.033458 0 0.0004156
1943 591026.798201 4502228.087782 0 0.0002008
1944 591129.080021 4502195.677270 0 0.0003473
1945 591675.618678 4502651.055126 0 0.0004715
1946 595534.762589 4504322.728823 0 0.0007147
1947 595537.336721 4503991.644532 0 0.0006132
1948 595814.632628 4504037.427178 0 0.0005721
1949 595660.307749 4503720.214503 0 0.0006771
1950 595813.536011 4503749.389151 0 0.0005434
1951 595996.483836 4503768.061013 0 0.0006364
1952 594905.962131 4503624.398695 0 0.0004200
1953 594716.124091 4503567.647523 0 0.0002731
1954 594846.903505 4503310.933573 0 0.0005098
1955 594936.980852 4502876.586290 0 0.0005961
1956 594875.212310 4503170.458113 0 0.0004428
1957 594903.889955 4503030.780699 0 0.0005238
1958 595137.008150 4503621.227679 0 0.0005007
1959 595288.701018 4503254.426449 0 0.0007123
1960 595260.301860 4503394.886818 0 0.0003921
1961 595317.557193 4503114.116415 0 0.0005522
1962 595647.079364 4503364.207079 0 0.0004144
1963 595809.571490 4503209.855727 0 0.0004432
1964 581485.719941 4497799.564783 0 0.0004787
1965 595654.034233 4502760.302800 0 0.0007346
1966 595606.279167 4503011.684875 0 0.0007047
1967 595288.780941 4502858.839150 0 0.0008608
1968 595902.428204 4502547.909102 0 0.0009638
1969 596321.038452 4502022.270533 0 0.0009897
1970 595888.610129 4502082.522352 0 0.0012041
1971 588702.395528 4496269.546199 0 0.0004619
1972 588445.427195 4496527.127996 0 0.0005146
1973 588490.807318 4496237.783997 0 0.0007586
1974 595821.391605 4503513.449588 0 0.0003817
1975 586122.101294 4492789.748385 0 0.0005534
1976 587198.210375 4492748.015434 0 0.0011626
1977 587687.370328 4492202.255002 0 0.0004883
1978 587751.959747 4492909.571258 0 0.0006276
1979 587431.782791 4493652.385039 0 0.0006476
1980 586930.429864 4493547.506161 0 0.0005585
1981 586929.515206 4493161.003188 0 0.0005566
1982 587154.026289 4493209.139273 0 0.0003485
1983 591551.264778 4505898.651692 0 0.0004408
1984 591711.644182 4505781.949594 0 0.0007522
1985 587077.581035 4496918.929369 0 0.0005262
1986 589700.364277 4507806.753293 0 0.0001741
1987 589652.429406 4508008.724410 0 0.0007306
1988 589633.175504 4508348.820338 0 0.0002591
1989 587727.469599 4498569.294214 0 0.0002575
1990 587763.792621 4500529.330910 0 0.0005653
1991 587918.662287 4500580.305753 0 0.0010636
1992 587595.312048 4500828.690607 0 0.0006324
1993 587616.843302 4500739.340535 0 0.0008233
1994 587651.632123 4500644.824279 0 0.0010396
1995 587861.302692 4499979.079399 0 0.0007502
1996 588002.550895 4500004.737402 0 0.0008173
1997 587966.183686 4500293.054759 0 0.0007590
1998 588094.984730 4499100.518112 0 0.0006951
1999 588172.168248 4499149.868812 0 0.0006831
2000 588302.837996 4499205.506086 0 0.0009103
2001 588034.678811 4499487.844184 0 0.0008005
2002 587241.623185 4506953.667534 0 0.0010372
2003 587356.252861 4507245.389602 0 0.0004416
2004 587617.158762 4507505.919806 0 0.0004615
2005 587613.746563 4507329.249072 0 0.0005378
2006 588199.483096 4509091.783622 0 0.0003362
2007 582571.193992 4496593.026848 0 0.0002855
2008 582659.784686 4496792.046912 0 0.0003809
2009 586609.166442 4505475.878414 0 0.0004827
2010 586629.619768 4505370.216475 0 0.0004168
2011 586652.518369 4505269.886325 0 0.0003521
2012 587182.044444 4504336.592971 0 0.0004543
2013 587479.207082 4502941.658711 0 0.0008736
2014 587954.067789 4502856.237961 0 0.0008041
2015 588621.131187 4505573.548816 0 0.0008827
2016 588952.278094 4505919.595799 0 0.0002399
2017 584284.794158 4494557.749398 0 0.0003805
2018 584337.370467 4494717.219928 0 0.0003733
2019 585235.266704 4494094.091933 0 0.0004903
2020 590741.599195 4503300.621066 0 0.0006328
2021 585160.394349 4493233.505694 0 0.0004228
2022 585372.955324 4493595.540335 0 0.0003877
2023 585714.978513 4493466.656363 0 0.0006304
2024 588039.016464 4502152.511606 0 0.0014660
2025 584933.364356 4492509.239289 0 0.0006807
2026 591705.674012 4501503.767470 0 0.0003198
2027 592207.898087 4502764.065064 0 0.0003905
2028 592551.245590 4502573.177265 0 0.0002691
2029 592572.950387 4502386.360417 0 0.0007266
2030 592644.108134 4502046.812711 0 0.0005669
2031 592333.636668 4502160.117179 0 0.0008416
2032 592454.542324 4501377.699614 0 0.0002843
2033 592572.768571 4501402.690342 0 0.0005985
2034 591954.667357 4502610.808701 0 0.0004132
2035 591885.854907 4500801.011866 0 0.0004859
2036 591190.387002 4499280.871848 0 0.0003302
2037 591306.130985 4499170.943426 0 0.0002775
2038 591796.236559 4499227.559991 0 0.0007518
2039 591947.474977 4499053.010173 0 0.0005222
2040 592282.222788 4499040.397299 0 0.0009087
2041 593537.660078 4500736.904799 0 0.0007833
2042 592446.036431 4498553.355308 0 0.0008029
2043 592684.828718 4498030.321476 0 0.0007390
2044 593942.379446 4498491.459136 0 0.0002172
2045 594363.001914 4500796.110881 0 0.0007003
2046 594564.761524 4500542.447813 0 0.0013463
2047 594859.490852 4500111.366936 0 0.0007194
2048 594285.981501 4499965.061616 0 0.0001725
2049 594073.873105 4500610.315790 0 0.0003442
2050 594268.073893 4500370.606232 0 0.0010744
2051 594665.202799 4499890.232713 0 0.0009746
2052 594640.919181 4501188.530585 0 0.0003701
2053 585786.667521 4504775.105617 0 0.0001557
2054 581535.449399 4498624.349998 0 0.0005981
2055 586164.638585 4504393.814429 0 0.0004639
2056 586179.401690 4504169.211678 0 0.0001833
2057 585634.981393 4504439.801564 0 0.0004599
2058 585815.486314 4504570.065049 0 0.0006236
2059 585368.374938 4504745.398190 0 0.0000032
2060 585233.256303 4504638.839427 0 0.0005138
2061 585450.447284 4504532.005418 0 0.0003665
2062 585506.386896 4504734.044191 0 0.0003174
2063 584950.250016 4504783.180224 0 0.0004595
2064 584870.354125 4504652.117552 0 0.0002958
2065 584946.854352 4504519.680364 0 0.0002934
2066 584807.018886 4504465.873797 0 0.0002787
2067 584315.162551 4504655.873123 0 0.0005769
2068 588129.607951 4493355.057974 0 0.0003601
2069 586310.477288 4502650.782533 0 0.0004028
2070 586268.872338 4502583.575092 0 0.0002751
2071 586352.222761 4502717.833847 0 0.0003681
2072 586570.979307 4503090.536095 0 0.0003577
2073 586535.236646 4503019.678913 0 0.0003645
2074 586500.067431 4502927.952525 0 0.0005390
2075 586435.372937 4502852.854043 0 0.0003897
2076 586517.675221 4503249.826294 0 0.0003705
2077 586730.542438 4503143.845005 0 0.0003845
2078 586997.249842 4503108.665403 0 0.0005370
2079 586799.589013 4503289.467863 0 0.0003789
2080 586591.145883 4503396.074871 0 0.0003398
2081 582457.226741 4496834.842290 0 0.0004611
2082 582272.528134 4496880.543083 0 0.0004344
2083 582134.715670 4496669.150025 0 0.0004468
2084 582271.091220 4497116.240449 0 0.0003414
2085 586703.539268 4503543.529366 0 0.0004875
2086 586824.874948 4503917.587144 0 0.0003897
2087 586790.438029 4503697.224902 0 0.0003505
2088 582121.544630 4496498.524606 0 0.0003633
2089 581834.044524 4496140.075194 0 0.0004679
2090 587091.101146 4503848.010320 0 0.0001381
2091 587033.377176 4503620.662371 0 0.0004332
2092 586987.850613 4503426.949556 0 0.0006228
2093 582261.859693 4495705.395141 0 0.0003050
2094 586873.350107 4502896.329931 0 0.0004983
2095 586778.375053 4502727.886252 0 0.0006220
2096 586654.456755 4502531.214486 0 0.0005318
2097 586549.883117 4502363.023809 0 0.0004004
2098 586466.816261 4502228.221322 0 0.0004084
2099 586383.386555 4502093.555241 0 0.0004096
2100 586300.012196 4501958.399150 0 0.0004783
2101 585567.383520 4498972.766686 0 0.0004691
2102 585664.536394 4499098.041112 0 0.0003593
2103 588208.479637 4504747.408983 0 0.0005837
2104 585537.188108 4498544.676225 0 0.0007071
2105 585585.215107 4498608.016521 0 0.0006691
2106 585634.007030 4498670.651793 0 0.0006436
2107 588073.069150 4505059.189814 0 0.0008564
2108 585628.047310 4498274.117768 0 0.0005286
2109 585345.630505 4498492.318044 0 0.0005713
2110 585394.336098 4498554.844873 0 0.0004136
2111 585297.307428 4498429.515538 0 0.0007222
2112 585482.025649 4498085.904257 0 0.0005701
2113 585105.919508 4498376.870406 0 0.0005186
2114 585294.071407 4498231.402196 0 0.0007438
2115 585360.488691 4497928.895771 0 0.0004927
2116 585128.393909 4498124.092542 0 0.0006987
2117 583571.289107 4495150.159789 0 0.0003917
2118 585367.906998 4500633.046286 0 0.0000020
2119 583841.124703 4495200.296894 0 0.0005422
2120 583858.457912 4495010.618585 0 0.0003741
2121 584291.939602 4495755.259838 0 0.0005350
2122 584132.256073 4495494.913172 0 0.0006220
2123 587044.372754 4504125.241491 0 0.0005793
2124 586984.135801 4504348.059488 0 0.0002934
2125 586826.856865 4504199.669262 0 0.0005741
2126 584063.241228 4495873.965466 0 0.0005861
2127 583916.706979 4495616.878628 0 0.0006887
2128 586963.839778 4504617.675046 0 0.0003989
2129 584445.047780 4496372.487961 0 0.0003953
2130 586195.212631 4501791.500306 0 0.0005554
2131 583266.204999 4495284.850681 0 0.0006029
2132 586088.589552 4501621.526367 0 0.0004639
2133 586008.249494 4501291.009756 0 0.0002891
2134 586056.427037 4501352.140068 0 0.0004252
2135 586127.226903 4501428.575974 0 0.0002950
2136 586292.547560 4501494.831311 0 0.0003222
2137 583725.467678 4496161.914810 0 0.0003350
2138 583517.377445 4496001.529877 0 0.0005043
2139 583382.188630 4495730.740176 0 0.0004599
2140 586504.883844 4501104.567349 0 0.0003338
2141 586553.903504 4501193.136021 0 0.0003070
2142 586557.952619 4501326.235932 0 0.0005410
2143 586343.997326 4501078.871942 0 0.0003150
2144 583840.086087 4495942.566346 0 0.0006296
2145 583567.850353 4495641.982533 0 0.0005406
2146 587312.970273 4504032.259040 0 0.0002068
2147 587349.199877 4504363.598700 0 0.0002260
2148 587346.884141 4504179.530096 0 0.0002823
2149 583935.359187 4497252.162656 0 0.0004883
2150 583761.690622 4497028.157008 0 0.0004160
2151 587629.616534 4503947.103590 0 0.0003426
2152 587517.120601 4504391.370220 0 0.0003617
2153 587664.595661 4504282.764685 0 0.0002643
2154 587560.094600 4504166.439477 0 0.0003973
2155 583747.320166 4497397.769044 0 0.0003757
2156 583573.738982 4497173.633975 0 0.0003725
2157 587604.355510 4503713.590563 0 0.0003529
2158 587349.302308 4503781.074618 0 0.0003246
2159 583559.327789 4497543.212905 0 0.0003338
2160 583385.731905 4497319.054183 0 0.0003481
2161 587434.589651 4503567.796005 0 0.0002252
2162 587383.397285 4503371.921038 0 0.0003873
2163 584311.487237 4496110.374448 0 0.0008676
2164 586797.796069 4505126.688171 0 0.0002683
2165 586986.696867 4505004.149176 0 0.0004376
2166 586830.936851 4504923.701819 0 0.0002923
2167 584082.148872 4496278.956398 0 0.0004096
2168 583893.105708 4496421.373941 0 0.0003897
2169 586797.550943 4505368.975557 0 0.0002763
2170 584062.892498 4496640.622678 0 0.0004136
2171 584250.800386 4496495.274207 0 0.0004344
2172 586971.361397 4505362.876572 0 0.0005633
2173 584308.655170 4496709.995780 0 0.0005857
2174 584401.668319 4496838.104562 0 0.0004683
2175 584648.481941 4497372.597558 0 0.0006863
2176 584566.063043 4497173.187056 0 0.0006180
2177 584466.285570 4497024.144806 0 0.0006049
2178 587672.997185 4505501.889967 0 0.0002934
2179 587221.349127 4505367.512880 0 0.0004152
2180 587428.065122 4505386.956555 0 0.0002224
2181 584633.360681 4497929.355828 0 0.0004907
2182 584718.461050 4498120.232997 0 0.0006160
2183 587813.637737 4505150.654918 0 0.0005809
2184 587541.287436 4505179.620716 0 0.0006244
2185 587658.095855 4504789.865479 0 0.0007015
2186 587623.546185 4504986.170358 0 0.0003402
2187 584490.571880 4497581.185772 0 0.0003805
2188 584353.065417 4497792.042244 0 0.0003521
2189 584642.818236 4497667.603917 0 0.0005869
2190 587116.343060 4505000.656853 0 0.0002783
2191 587281.629500 4505019.185493 0 0.0003174
2192 587362.966876 4505033.597900 0 0.0002567
2193 587200.273625 4505006.655637 0 0.0004915
2194 584152.051682 4497338.627242 0 0.0005518
2195 584179.597579 4497567.927384 0 0.0005538
2196 584367.556191 4497422.277974 0 0.0006324
2197 584203.972204 4499928.638683 0 0.0005985
2198 583939.756770 4499782.117739 0 0.0008444
2199 583891.270907 4499719.083921 0 0.0007071
2200 583724.384049 4499697.906739 0 0.0006392
2201 583912.233234 4499552.168546 0 0.0006136
2202 583718.213019 4499301.302401 0 0.0007031
2203 583627.216507 4499572.454332 0 0.0006304
2204 583815.210531 4499426.702684 0 0.0006320
2205 583530.389798 4499446.920838 0 0.0007242
2206 584699.564785 4501351.031795 0 0.0005534
2207 584508.135428 4501458.300762 0 0.0004396
2208 584414.848137 4501101.961069 0 0.0006412
2209 583596.884191 4499144.569427 0 0.0009869
2210 583390.360267 4499135.019219 0 0.0005270
2211 583433.097518 4499321.558362 0 0.0007306
2212 583784.769374 4498998.885858 0 0.0008724
2213 583780.503519 4498799.674961 0 0.0006109
2214 583972.735022 4498853.461746 0 0.0008756
2215 584166.809009 4499104.405703 0 0.0007554
2216 583960.425592 4499097.016553 0 0.0009167
2217 584003.266228 4499280.999622 0 0.0006640
2218 584268.114716 4499494.174695 0 0.0005949
2219 584336.794849 4499324.020287 0 0.0006296
2220 584154.453327 4499347.950521 0 0.0008835
2221 585131.287615 4499696.973711 0 0.0005442
2222 585181.402908 4499846.457359 0 0.0004304
2223 585032.331121 4499568.360509 0 0.0008883
2224 584864.860425 4499617.732344 0 0.0007075
2225 584767.561803 4499492.088411 0 0.0005741
2226 584929.776103 4499368.104014 0 0.0003996
2227 584597.662145 4499272.392892 0 0.0004703
2228 584749.748072 4499262.303344 0 0.0005881
2229 584511.058650 4499090.270179 0 0.0005290
2230 584376.414020 4498946.039871 0 0.0006340
2231 584214.113208 4498771.362214 0 0.0008117
2232 584740.079120 4501771.051322 0 0.0003553
2233 585477.415427 4501592.634150 0 0.0002926
2234 585344.766485 4501404.478246 0 0.0005394
2235 583590.098241 4496806.431589 0 0.0002356
2236 583418.292787 4496584.668106 0 0.0002471
2237 585893.863656 4501976.990928 0 0.0003274
2238 585871.769128 4501866.316655 0 0.0005031
2239 585846.484749 4501671.517672 0 0.0003218
2240 585691.126264 4501599.129120 0 0.0003981
2241 585672.038683 4501840.499301 0 0.0004364
2242 584886.057756 4506065.436022 0 0.0002316
2243 590159.684731 4498499.904755 0 0.0008356
2244 588716.159710 4496705.070587 0 0.0003450
2245 588521.447819 4496727.189140 0 0.0003801
2246 585095.444620 4505938.628513 0 0.0005410
2247 584919.357427 4505877.690077 0 0.0003749
2248 583614.270731 4500733.283723 0 0.0005869
2249 584878.249519 4505645.037746 0 0.0005198
2250 584773.571067 4505431.864500 0 0.0003549
2251 584603.120033 4505352.366878 0 0.0002970
2252 584809.335347 4505672.932345 0 0.0003374
2253 584561.407900 4505110.040096 0 0.0004567
2254 585219.084039 4505106.013281 0 0.0009514
2255 585162.461169 4504872.048724 0 0.0007143
2256 585528.932356 4505203.876659 0 0.0000335
2257 585460.631452 4505663.857213 0 0.0006244
2258 588654.418701 4505369.884125 0 0.0004687
2259 588714.499069 4505003.777886 0 0.0001944
2260 585764.139783 4496852.773368 0 0.0005837
2261 586140.466947 4496560.004250 0 0.0003953
2262 585952.306056 4496707.312628 0 0.0004184
2263 588581.143098 4505817.259882 0 0.0011542
2264 585676.017081 4496638.719033 0 0.0006791
2265 585905.622379 4496412.553538 0 0.0005418
2266 588873.185693 4505656.006176 0 0.0004080
2267 589093.058186 4505816.818397 0 0.0002028
2268 585844.625228 4496178.054577 0 0.0005653
2269 585467.712473 4496469.885210 0 0.0006156
2270 585655.536502 4496324.433854 0 0.0006544
2271 589032.035236 4505431.132175 0 0.0008025
2272 589119.683169 4505653.849744 0 0.0013650
2273 585114.584863 4496778.051676 0 0.0006168
2274 585381.570585 4496737.400375 0 0.0004635
2275 585261.379786 4496579.604786 0 0.0003765
2276 588939.042669 4505248.906927 0 0.0003533
2277 588965.697680 4505086.566547 0 0.0004755
2278 589104.791585 4504984.127233 0 0.0004196
2279 589178.163322 4505288.014230 0 0.0004132
2280 589204.757157 4505125.634856 0 0.0003014
2281 584892.902756 4497008.539287 0 0.0005202
2282 584777.451776 4496836.139762 0 0.0004276
2283 589131.854376 4504821.984890 0 0.0007458
2284 584879.142283 4496470.611917 0 0.0003917
2285 584725.561400 4496349.531603 0 0.0006168
2286 584977.269895 4496598.904497 0 0.0003290
2287 584682.368617 4496586.444924 0 0.0004959
2288 589158.407256 4504659.744658 0 0.0004208
2289 589172.038381 4504578.402243 0 0.0004635
2290 589479.896783 4505712.389140 0 0.0011187
2291 584446.738868 4494698.214784 0 0.0003402
2292 588736.473429 4503184.013323 0 0.0005446
2293 588730.656355 4503084.874116 0 0.0004072
2294 588724.872744 4502985.778117 0 0.0004188
2295 588598.552927 4502844.523353 0 0.0004535
2296 588832.680340 4502831.359828 0 0.0004887
2297 588708.505859 4502689.368650 0 0.0004004
2298 588815.115683 4502533.314550 0 0.0005090
2299 588803.531376 4502334.992822 0 0.0004863
2300 588788.109695 4502112.498429 0 0.0004052
2301 588580.916029 4502547.210665 0 0.0005290
2302 588569.461928 4502348.839406 0 0.0003214
2303 588548.804532 4502058.693060 0 0.0005374
2304 588560.309198 4502200.566335 0 0.0006089
2305 588360.291141 4502503.472039 0 0.0005629
2306 588321.545794 4502261.929008 0 0.0004468
2307 588286.612275 4502053.105406 0 0.0004092
2308 588160.268358 4502594.527996 0 0.0005286
2309 588108.849289 4502398.734596 0 0.0005625
2310 585918.255363 4492310.660361 0 0.0003597
2311 585638.109202 4492342.211702 0 0.0004508
2312 585660.594551 4492117.769851 0 0.0007929
2313 585406.103394 4492049.345600 0 0.0007522
2314 585369.149599 4492300.652160 0 0.0004184
2315 587998.699373 4501867.902740 0 0.0004344
2316 588294.809619 4501856.501444 0 0.0003917
2317 587753.337384 4501745.696434 0 0.0003414
2318 585144.964857 4492265.284510 0 0.0003701
2319 584876.818749 4492222.265714 0 0.0002515
2320 584473.709682 4492156.636441 0 0.0003274
2321 584653.012677 4492185.178472 0 0.0003038
2322 589244.621018 4501934.445856 0 0.0005825
2323 589026.946300 4501926.584020 0 0.0005865
2324 588557.882468 4501881.094657 0 0.0005194
2325 588801.238369 4501903.258489 0 0.0005402
2326 589184.684275 4504497.127454 0 0.0003829
2327 589198.160370 4504415.922297 0 0.0002651
2328 587839.995686 4492715.838278 0 0.0005925
2329 587504.312598 4492611.032249 0 0.0003677
2330 592153.401140 4503305.505808 0 0.0002419
2331 592326.197616 4503222.219247 0 0.0005011
2332 587797.530661 4493053.460485 0 0.0005701
2333 587554.634795 4492902.134014 0 0.0007055
2334 592559.397545 4503654.350219 0 0.0001046
2335 592578.668061 4503478.003858 0 0.0004164
2336 592166.758922 4503501.083210 0 0.0004472
2337 592146.198488 4503729.284572 0 0.0005178
2338 592327.244102 4503812.412336 0 0.0004484
2339 592083.748776 4503990.369587 0 0.0005522
2340 587752.416390 4493788.587159 0 0.0004615
2341 587855.714233 4493568.847076 0 0.0003973
2342 587626.517223 4493386.201223 0 0.0004623
2343 591752.280831 4503999.701778 0 0.0003138
2344 591764.757337 4503918.416664 0 0.0003493
2345 591779.211866 4503836.962080 0 0.0003477
2346 591791.274715 4503755.628940 0 0.0003721
2347 591850.753175 4503674.380843 0 0.0002619
2348 591846.376901 4504140.616520 0 0.0003362
2349 591626.944213 4504377.665573 0 0.0003442
2350 591593.058984 4504265.397649 0 0.0004759
2351 591619.718898 4504103.031649 0 0.0003545
2352 591070.532204 4504736.471375 0 0.0004839
2353 591185.378352 4504572.951089 0 0.0003681
2354 591358.850272 4504268.824263 0 0.0003857
2355 591220.268919 4504413.013525 0 0.0002707
2356 591131.274216 4504231.561368 0 0.0004396
2357 591272.181713 4504087.815906 0 0.0003653
2358 591286.096665 4504006.782640 0 0.0004096
2359 589135.020698 4502631.685211 0 0.0006636
2360 589444.771726 4502577.338893 0 0.0005094
2361 589758.179125 4502575.124100 0 0.0004659
2362 589301.654896 4502805.380300 0 0.0004472
2363 589067.205737 4502819.065106 0 0.0003338
2364 589535.558588 4502791.194638 0 0.0004256
2365 589769.722001 4502777.214061 0 0.0005406
2366 584776.045649 4491763.236573 0 0.0006256
2367 589241.762763 4503120.893891 0 0.0003122
2368 589193.097575 4502958.053214 0 0.0004280
2369 589081.917989 4503063.909254 0 0.0003006
2370 585184.797879 4491997.915967 0 0.0009853
2371 584963.216889 4491961.282309 0 0.0003450
2372 584741.542864 4491943.590125 0 0.0008029
2373 584513.314604 4491940.972073 0 0.0004627
2374 589662.412124 4502930.545771 0 0.0002475
2375 589554.276112 4503085.830112 0 0.0005019
2376 589790.406849 4503121.838532 0 0.0013590
2377 590117.162769 4503082.386783 0 0.0005685
2378 590609.825981 4503072.572467 0 0.0002879
2379 590604.548843 4502973.609646 0 0.0004032
2380 590598.498252 4502874.430426 0 0.0005977
2381 590460.670871 4502532.904796 0 0.0004595
2382 590448.323633 4502332.000975 0 0.0007035
2383 590472.647887 4502735.659879 0 0.0006124
2384 590439.932014 4502188.329874 0 0.0003817
2385 586566.424613 4492402.506876 0 0.0007981
2386 590211.262771 4502296.572968 0 0.0007861
2387 590226.354599 4502546.908224 0 0.0005418
2388 590238.399591 4502749.593299 0 0.0005074
2389 587527.887270 4495352.786565 0 0.0004520
2390 591224.564533 4505450.012539 0 0.0007342
2391 591063.715491 4505565.765501 0 0.0003661
2392 591128.281739 4505519.462999 0 0.0004048
2393 587675.340786 4496110.917808 0 0.0002439
2394 587590.269126 4495813.626813 0 0.0005130
2395 590807.485161 4505752.880770 0 0.0004084
2396 590935.650543 4505659.396338 0 0.0003541
2397 590871.912813 4505706.636060 0 0.0004132
2398 590999.874046 4505612.909759 0 0.0003893
2399 587028.370313 4495742.387493 0 0.0003865
2400 587253.228559 4495777.835904 0 0.0003865
2401 587151.216196 4495507.338361 0 0.0006516
2402 590601.037991 4505780.369769 0 0.0007214
2403 586777.143480 4495703.065357 0 0.0004184
2404 586575.539270 4495576.506325 0 0.0006097
2405 586479.214445 4495516.890471 0 0.0004356
2406 590473.083426 4506169.047221 0 0.0005154
2407 590260.242966 4506083.003917 0 0.0002643
2408 590296.899931 4506289.127772 0 0.0004348
2409 591262.815994 4506709.924870 0 0.0006216
2410 591391.091729 4506616.261680 0 0.0005338
2411 586696.575586 4496593.113170 0 0.0003813
2412 586532.944363 4496507.685152 0 0.0003809
2413 591084.962864 4506851.058251 0 0.0006037
2414 590920.779958 4506643.902352 0 0.0003186
2415 586738.565604 4496847.617354 0 0.0002384
2416 586874.957519 4497263.706375 0 0.0002687
2417 587358.658443 4497050.991550 0 0.0005138
2418 587195.481708 4497161.614735 0 0.0005645
2419 590609.885499 4506807.822931 0 0.0005394
2420 590236.431484 4506615.772872 0 0.0002659
2421 590850.493672 4506283.184419 0 0.0005829
2422 586002.995515 4495925.733772 0 0.0003306
2423 586075.362578 4495974.875951 0 0.0004739
2424 585836.721235 4495812.590647 0 0.0005262
2425 591393.515732 4505929.919086 0 0.0004340
2426 591202.811036 4506026.091952 0 0.0005019
2427 591266.609323 4505935.533381 0 0.0004975
2428 591138.632165 4506072.577688 0 0.0006081
2429 586224.798056 4496057.580759 0 0.0007837
2430 586314.539255 4496034.738550 0 0.0004304
2431 586147.447340 4496026.841002 0 0.0004827
2432 591522.629310 4505657.300865 0 0.0004296
2433 586678.323062 4495969.284893 0 0.0005282
2434 586414.850165 4496020.283509 0 0.0003625
2435 586533.772043 4495932.265110 0 0.0004799
2436 592000.184945 4505571.685469 0 0.0005633
2437 591779.511544 4505561.628107 0 0.0005753
2438 591907.455876 4505376.826564 0 0.0006432
2439 586376.777905 4496278.257706 0 0.0004372
2440 586357.657554 4496447.385100 0 0.0005438
2441 586597.161475 4496254.580745 0 0.0006799
2442 592100.126159 4505372.441268 0 0.0004807
2443 592195.693046 4505167.156756 0 0.0006292
2444 592256.446258 4505384.910712 0 0.0004819
2445 592382.190782 4505289.074286 0 0.0005003
2446 587212.519684 4496037.998131 0 0.0004024
2447 586943.372294 4495995.904033 0 0.0005881
2448 591953.432612 4505941.661380 0 0.0003937
2449 592349.346704 4505583.395747 0 0.0005685
2450 592062.525637 4505754.716753 0 0.0005665
2451 587264.337268 4496342.253663 0 0.0003617
2452 586829.478838 4496298.707978 0 0.0004080
2453 587043.316685 4496292.542490 0 0.0003801
2454 589787.069119 4495267.773536 0 0.0002156
2455 588384.159296 4508634.540856 0 0.0003130
2456 588631.595368 4508601.042902 0 0.0003378
2457 590145.442744 4494669.807929 0 0.0002376
2458 590275.674825 4494778.061206 0 0.0003078
2459 589741.342859 4494854.423423 0 0.0005562
2460 590099.865100 4494915.878431 0 0.0002495
2461 588834.494100 4508607.666006 0 0.0004128
2462 589007.476134 4508673.735635 0 0.0004500
2463 588945.072355 4508889.793903 0 0.0004931
2464 588744.695814 4508795.661273 0 0.0004008
2465 589721.624633 4494475.773729 0 0.0010955
2466 589960.675799 4494513.125313 0 0.0010776
2467 588594.590721 4509065.007577 0 0.0003394
2468 588885.398425 4509173.769234 0 0.0003090
2469 588732.664569 4509010.952877 0 0.0003929
2470 589310.856579 4494852.514228 0 0.0004639
2471 589321.639466 4495172.991318 0 0.0005969
2472 588372.834611 4509663.264150 0 0.0004176
2473 588401.177839 4509466.082395 0 0.0003977
2474 588340.299913 4509855.272736 0 0.0004456
2475 588456.038683 4509249.224499 0 0.0004356
2476 589123.030696 4494886.098544 0 0.0005761
2477 588963.372669 4494861.091041 0 0.0005889
2478 588802.377512 4494835.933410 0 0.0006001
2479 588629.068165 4494808.757426 0 0.0006679
2480 588811.754979 4509728.651942 0 0.0001294
2481 588298.632841 4510142.648823 0 0.0003166
2482 588297.405081 4494756.805715 0 0.0005809
2483 588457.099040 4494781.933146 0 0.0007626
2484 588004.434470 4494829.622145 0 0.0004883
2485 588160.784787 4494693.827611 0 0.0004048
2486 587992.726897 4494579.155775 0 0.0002915
2487 589664.429806 4493523.335441 0 0.0003893
2488 588482.902720 4493390.166785 0 0.0006600
2489 589154.015330 4493175.706888 0 0.0004100
2490 588172.219380 4493086.892556 0 0.0005406
2491 588898.569150 4492764.625026 0 0.0004296
2492 590758.047140 4493951.444512 0 0.0005170
2493 590526.841302 4494051.424666 0 0.0005498
2494 591255.463726 4493445.877735 0 0.0003981
2495 590011.471252 4493146.485666 0 0.0005821
2496 590222.948197 4493282.260508 0 0.0007163
2497 590224.084634 4494440.358809 0 0.0003210
2498 590151.881718 4493956.858667 0 0.0007921
2499 591017.619811 4493667.399488 0 0.0006216
2500 590513.849768 4494765.600452 0 0.0002535
2501 590285.911036 4494987.412585 0 0.0003242
2502 589997.844267 4496002.381575 0 0.0004935
2503 589822.310614 4495480.365035 0 0.0003809
2504 589712.153155 4495857.453571 0 0.0002276
2505 589527.870757 4496009.347611 0 0.0002675
2506 589770.309728 4496222.731931 0 0.0003709
2507 589173.458177 4496207.842141 0 0.0005402
2508 589022.463660 4496325.376534 0 0.0004651
2509 589396.070791 4496568.361989 0 0.0005530
2510 589508.763302 4496302.395849 0 0.0004563
2511 584613.784388 4504561.446077 0 0.0002875
2512 584693.277347 4504785.768155 0 0.0003681
2513 584549.921548 4504382.331653 0 0.0003489
2514 581104.566248 4497488.743321 0 0.0002491
2515 581397.798626 4497428.666078 0 0.0003390
2516 584255.773057 4504281.290118 0 0.0002172
2517 584202.559716 4504132.517979 0 0.0003561
2518 584179.701777 4503926.229191 0 0.0002934
2519 581327.066370 4497198.266741 0 0.0007302
2520 581186.766656 4497013.066257 0 0.0004368
2521 581342.654208 4496690.521483 0 0.0005829
2522 581622.050966 4496765.883603 0 0.0002256
2523 581395.917852 4496462.474776 0 0.0004551
2524 581544.095202 4496188.180602 0 0.0006332
2525 581828.362739 4496845.933867 0 0.0006029
2526 582001.661352 4496964.365916 0 0.0004080
2527 581722.663290 4497060.007063 0 0.0002475
2528 583777.501107 4503648.758756 0 0.0002958
2529 584086.722539 4503642.110161 0 0.0002567
2530 581969.242392 4497333.851803 0 0.0004763
2531 581790.719225 4497287.855061 0 0.0002970
2532 581920.523464 4497154.113029 0 0.0003549
2533 581968.522114 4497458.506574 0 0.0004731
2534 582130.273133 4497587.485719 0 0.0004492
2535 581900.893148 4497655.748695 0 0.0002168
2536 584473.320383 4504163.207743 0 0.0003589
2537 584355.915873 4503821.220381 0 0.0003965
2538 582132.933288 4497872.910632 0 0.0005154
2539 582172.156234 4498141.771469 0 0.0004488
2540 582089.060378 4498004.258817 0 0.0004244
2541 584649.472730 4503932.894154 0 0.0002879
2542 587409.321220 4503469.808688 0 0.0003733
2543 583391.967769 4497714.262854 0 0.0004635
2544 583173.525405 4497478.352306 0 0.0004228
2545 587201.390463 4503284.361482 0 0.0004384
2546 587230.161923 4503101.159273 0 0.0005218
2547 587481.777656 4503183.724464 0 0.0007606
2548 583634.722670 4497857.034723 0 0.0004667
2549 583736.609668 4497643.714787 0 0.0004120
2550 583918.763958 4497619.196017 0 0.0003382
2551 583692.913890 4498037.705525 0 0.0005007
2552 583852.076577 4497921.365703 0 0.0005665
2553 584039.932211 4497776.056133 0 0.0005170
2554 584108.460522 4498201.825832 0 0.0007965
2555 583929.623716 4498118.169542 0 0.0004995
2556 584189.459977 4497968.627116 0 0.0005578
2557 587871.567769 4502673.997679 0 0.0003877
2558 587863.815771 4502468.386344 0 0.0008272
2559 587852.931068 4502187.718377 0 0.0004639
2560 584203.821398 4498412.869107 0 0.0003929
2561 584413.037426 4498258.151359 0 0.0004663
2562 587476.602046 4503041.591630 0 0.0006057
2563 587746.235507 4503126.325671 0 0.0002555
2564 587737.744206 4502922.166368 0 0.0003841
2565 584585.004340 4498479.655909 0 0.0004855
2566 584397.021825 4498620.456603 0 0.0006200
2567 584772.729603 4498334.149064 0 0.0004975
2568 588005.514685 4503051.792231 0 0.0006320
2569 584918.264500 4498522.556814 0 0.0005178
2570 584730.572764 4498668.027324 0 0.0004979
2571 584559.466358 4498795.044959 0 0.0004859
2572 588256.753331 4502769.342887 0 0.0005470
2573 588324.171285 4503024.838436 0 0.0004332
2574 588336.026127 4502891.930465 0 0.0004551
2575 584969.216088 4498716.902644 0 0.0004328
2576 587157.560118 4504713.134409 0 0.0003717
2577 587370.569256 4504741.700521 0 0.0001561
2578 587231.258203 4504552.867458 0 0.0004607
2579 587524.245884 4504600.833345 0 0.0003342
2580 583949.712379 4496882.699473 0 0.0003973
2581 584123.316698 4497106.461450 0 0.0002823
2582 582208.359701 4498262.518167 0 0.0003869
2583 582367.955870 4498382.177712 0 0.0004695
2584 584794.389756 4504091.503509 0 0.0002296
2585 584676.010240 4504007.405798 0 0.0002547
2586 584693.253666 4504327.323886 0 0.0002675
2587 584631.266529 4504149.713510 0 0.0003062
2588 584854.859669 4504264.589450 0 0.0002599
2589 582431.299174 4498608.651150 0 0.0006376
2590 582493.596880 4498797.674998 0 0.0005406
2591 582245.277230 4498820.539173 0 0.0005126
2592 582199.077750 4498638.951193 0 0.0002535
2593 585077.244285 4504276.977947 0 0.0003501
2594 585154.273646 4504459.770070 0 0.0003461
2595 585361.385688 4504354.940322 0 0.0003122
2596 585273.284554 4504177.002665 0 0.0004036
2597 582381.025166 4498968.459831 0 0.0004372
2598 582577.494494 4499098.098585 0 0.0004987
2599 585657.602433 4504014.285998 0 0.0002771
2600 585439.995245 4504050.334007 0 0.0006675
2601 585656.425645 4504251.961879 0 0.0002475
2602 582828.587964 4499294.957820 0 0.0007769
2603 582967.031339 4499484.027750 0 0.0003545
2604 583243.043183 4499468.887921 0 0.0005625
2605 583144.898865 4499342.201769 0 0.0006759
2606 583068.464991 4499605.776736 0 0.0005833
2607 584922.981442 4503917.286664 0 0.0002571
2608 585241.280289 4504015.807113 0 0.0003553
2609 585212.772098 4503941.205427 0 0.0003917
2610 585287.238474 4503744.130448 0 0.0004208
2611 584076.380212 4498623.233539 0 0.0004771
2612 585007.047439 4502340.496081 0 0.0003226
2613 585149.697219 4502577.206517 0 0.0002919
2614 585106.169582 4502433.402609 0 0.0003294
2615 583445.032112 4498783.003192 0 0.0004835
2616 583818.412410 4498628.690319 0 0.0004160
2617 583575.625343 4498463.764996 0 0.0005062
2618 585316.656834 4502846.433376 0 0.0003406
2619 585232.854906 4502711.731535 0 0.0003058
2620 583164.287070 4499172.843951 0 0.0007881
2621 583021.971566 4498981.224260 0 0.0006364
2622 583114.858179 4499109.100400 0 0.0007071
2623 586042.163330 4504029.321894 0 0.0004599
2624 585930.196062 4503835.265820 0 0.0003881
2625 585871.159825 4504013.300082 0 0.0005522
2626 583444.639048 4498242.607209 0 0.0008452
2627 586301.936438 4503887.439102 0 0.0003529
2628 586387.883488 4504071.190066 0 0.0003026
2629 586230.455911 4503747.753424 0 0.0002064
2630 586452.291073 4503649.160818 0 0.0003006
2631 586594.518067 4503975.326647 0 0.0001110
2632 586523.727298 4503786.639156 0 0.0003725
2633 582799.554056 4498571.298634 0 0.0004132
2634 582653.372331 4498495.259616 0 0.0005310
2635 582865.267682 4498370.803063 0 0.0005334
2636 582717.811063 4498295.532069 0 0.0004356
2637 586257.301589 4503515.259339 0 0.0003885
2638 586305.252599 4503355.264642 0 0.0003194
2639 586089.059142 4503462.668863 0 0.0004336
2640 586286.186765 4503593.041753 0 0.0003869
2641 583358.160915 4498104.238664 0 0.0003705
2642 583221.543025 4497883.659706 0 0.0005234
2643 586141.730928 4503303.647632 0 0.0003713
2644 586106.765853 4503232.480932 0 0.0004715
2645 587503.079567 4496937.886354 0 0.0003613
2646 587584.363473 4496950.437684 0 0.0003781
2647 587349.067379 4497795.759422 0 0.0005713
2648 587460.209519 4497745.238746 0 0.0003697
2649 587116.763170 4497962.607737 0 0.0003046
2650 587234.168823 4497608.888167 0 0.0002903
2651 586762.037032 4497858.327177 0 0.0004260
2652 586875.512969 4498012.766007 0 0.0006248
2653 586918.311713 4497660.820497 0 0.0003469
2654 586634.290927 4497524.005652 0 0.0003729
2655 586304.032028 4497549.924376 0 0.0005965
2656 586455.393465 4497603.103396 0 0.0005366
2657 586208.773689 4497240.788953 0 0.0008201
2658 585814.984687 4497615.951355 0 0.0006396
2659 585559.307347 4497775.330066 0 0.0005126
2660 585754.221776 4497958.602716 0 0.0004140
2661 586069.735098 4497831.623432 0 0.0003761
2662 586036.948558 4497722.443096 0 0.0004639
2663 585899.384001 4498155.653451 0 0.0004939
2664 586197.487829 4497940.920281 0 0.0006915
2665 586224.606106 4498221.406943 0 0.0004232
2666 586415.277714 4498075.534968 0 0.0004008
2667 586044.995411 4498401.651372 0 0.0006316
2668 589289.378244 4508190.698551 0 0.0005062
2669 589409.572328 4507826.091443 0 0.0008185
2670 586484.594849 4498499.137616 0 0.0005462
2671 586268.443679 4498457.137292 0 0.0006616
2672 586291.262224 4498694.661393 0 0.0007278
2673 586787.735183 4498317.500786 0 0.0006751
2674 586672.831307 4498133.732994 0 0.0008296
2675 591791.386524 4506090.295894 0 0.0007430
2676 591792.415529 4506335.116104 0 0.0007186
2677 591635.646717 4506167.833277 0 0.0007913
2678 587416.925107 4496163.098563 0 0.0004971
2679 587582.498646 4496321.884879 0 0.0005641
2680 591517.040523 4506521.585664 0 0.0004172
2681 591667.256079 4506435.077866 0 0.0006124
2682 591508.145920 4506262.326457 0 0.0005961
2683 591359.443432 4506309.213923 0 0.0005929
2684 587123.633810 4496607.054444 0 0.0004815
2685 587363.033258 4496644.438783 0 0.0004088
2686 586944.200721 4496579.053043 0 0.0004416
2687 591169.405002 4506454.409718 0 0.0006196
2688 586598.258944 4500748.260366 0 0.0004244
2689 586672.444943 4500877.578126 0 0.0004543
2690 588832.418184 4507397.112839 0 0.0003202
2691 588971.591900 4507415.756848 0 0.0003202
2692 588911.062094 4507176.005789 0 0.0003905
2693 586717.478099 4500539.648728 0 0.0004288
2694 586791.210404 4500311.305342 0 0.0005665
2695 586819.522830 4500041.731080 0 0.0008121
2696 589159.653344 4506685.854422 0 0.0005969
2697 589119.814089 4506868.106400 0 0.0004516
2698 589093.318683 4507066.013452 0 0.0006136
2699 587095.247056 4500173.016847 0 0.0006931
2700 587275.449281 4500267.076836 0 0.0007218
2701 587462.327863 4500366.441263 0 0.0003641
2702 587641.611597 4500456.167881 0 0.0006228
2703 588956.724265 4506145.361415 0 0.0009135
2704 588568.143534 4506280.946022 0 0.0008185
2705 588738.022907 4506415.755154 0 0.0006564
2706 588815.862021 4506826.084519 0 0.0003310
2707 588838.350540 4506667.343925 0 0.0006923
2708 588061.754209 4494188.949882 0 0.0008991
2709 588225.424323 4494284.836660 0 0.0005462
2710 588444.514703 4494408.533857 0 0.0004775
2711 588465.860609 4494158.985430 0 0.0005282
2712 588094.920888 4493759.172863 0 0.0006041
2713 588228.407364 4493625.417499 0 0.0006915
2714 589108.267090 4509042.047061 0 0.0003709
2715 589477.999360 4509242.497190 0 0.0003893
2716 588455.389228 4493769.343702 0 0.0007582
2717 589187.908442 4508667.334272 0 0.0003793
2718 589239.160610 4508425.306235 0 0.0004424
2719 589362.572296 4508648.038360 0 0.0003414
2720 589438.946808 4508686.497418 0 0.0004020
2721 588687.690269 4494433.894617 0 0.0004460
2722 588724.486445 4494041.569624 0 0.0006212
2723 588759.470376 4493708.158149 0 0.0004779
2724 589502.082800 4508822.729592 0 0.0003749
2725 589703.893870 4508901.821832 0 0.0005146
2726 589224.419252 4493876.859174 0 0.0005214
2727 589062.728466 4494492.661842 0 0.0003949
2728 589062.661077 4494236.800810 0 0.0005242
2729 589038.181971 4493871.865716 0 0.0005589
2730 588861.084757 4494379.222144 0 0.0005510
2731 588916.079432 4493852.863891 0 0.0004951
2732 589415.473585 4494051.483278 0 0.0004743
2733 589339.745294 4494536.023389 0 0.0004967
2734 589378.865950 4494286.146838 0 0.0004639
2735 589606.703791 4494276.267871 0 0.0003821
2736 589577.358080 4493836.079464 0 0.0003126
2737 589857.360320 4493880.115957 0 0.0003801
2738 589821.003783 4494115.736655 0 0.0002280
2739 590111.278549 4493464.443418 0 0.0005278
2740 589778.085788 4496705.530202 0 0.0003693
2741 589634.429448 4496623.080697 0 0.0005047
2742 589882.788374 4496952.441739 0 0.0004759
2743 590039.722396 4496771.929979 0 0.0003006
2744 590244.220044 4497209.260686 0 0.0003577
2745 590505.342144 4496544.275514 0 0.0004919
2746 590446.991976 4496181.320576 0 0.0003446
2747 590273.740949 4496503.161644 0 0.0002970
2748 590013.944204 4496434.662731 0 0.0003294
2749 590170.132846 4496255.589017 0 0.0003525
2750 590343.248633 4495933.705355 0 0.0003605
2751 590494.651743 4495669.378547 0 0.0003430
2752 590603.165306 4496001.937047 0 0.0003521
2753 590759.436820 4495822.415063 0 0.0003557
2754 590994.770898 4495944.275707 0 0.0005633
2755 590962.739455 4496387.445069 0 0.0003282
2756 590691.586978 4496989.171597 0 0.0005677
2757 590418.164308 4497196.793318 0 0.0003709
2758 590544.411813 4497017.385216 0 0.0004132
2759 590630.801498 4497634.992119 0 0.0002863
2760 590871.123030 4497747.263708 0 0.0003753
2761 591095.953093 4497942.055577 0 0.0005721
2762 591117.694152 4497688.026584 0 0.0004899
2763 590896.985098 4497417.301649 0 0.0003230
2764 590920.642017 4497161.697727 0 0.0003992
2765 590926.435595 4496848.732910 0 0.0005015
2766 591091.570333 4496662.046355 0 0.0004695
2767 591693.090008 4496678.858612 0 0.0002671
2768 591489.180808 4496458.700115 0 0.0003450
2769 591432.222722 4496943.903287 0 0.0003525
2770 591427.133128 4496691.754516 0 0.0002919
2771 589558.020945 4499490.780225 0 0.0004819
2772 589407.082029 4499519.981498 0 0.0004320
2773 589746.271766 4499639.175540 0 0.0003278
2774 589770.274327 4499381.868615 0 0.0003513
2775 589967.401190 4499011.544033 0 0.0004651
2776 590169.107129 4499030.705223 0 0.0003050
2777 590028.452793 4499665.687614 0 0.0004795
2778 590052.580888 4499408.552184 0 0.0003945
2779 590353.320825 4499695.841233 0 0.0004603
2780 590377.135066 4499438.871923 0 0.0005027
2781 590696.327258 4499472.375111 0 0.0003589
2782 590682.907248 4499726.175343 0 0.0004248
2783 590659.024409 4499958.600958 0 0.0003422
2784 590639.628045 4500166.361419 0 0.0003565
2785 590273.231668 4499981.098880 0 0.0005486
2786 589770.744312 4500115.238436 0 0.0000116
2787 589479.014402 4499799.698023 0 0.0004428
2788 589286.063906 4499945.341965 0 0.0003765
2789 589254.552200 4500244.076075 0 0.0004955
2790 589144.941221 4500188.828706 0 0.0005657
2791 589264.793917 4500459.214853 0 0.0003793
2792 589837.801772 4500458.734696 0 0.0004308
2793 589546.067993 4500482.683536 0 0.0005410
2794 590204.953763 4500451.378323 0 0.0004795
2795 590365.501053 4500444.438229 0 0.0004224
2796 590034.862208 4500465.078181 0 0.0004659
2797 590579.006159 4500372.438280 0 0.0004364
2798 590732.390859 4500500.429204 0 0.0003010
2799 590563.895492 4500582.957948 0 0.0004587
2800 590946.095403 4501071.495965 0 0.0004320
2801 591001.693917 4500862.305166 0 0.0004587
2802 590729.962743 4501373.295521 0 0.0004879
2803 590930.690251 4499030.956816 0 0.0003473
2804 590928.115508 4499418.016661 0 0.0003234
2805 591263.449859 4498809.979323 0 0.0011522
2806 591587.226317 4498830.628799 0 0.0005901
2807 591626.014491 4499421.276672 0 0.0005653
2808 591920.023521 4498716.889201 0 0.0007051
2809 592114.445713 4499349.893632 0 0.0008524
2810 591880.989961 4499626.783033 0 0.0005274
2811 592118.099956 4499923.964482 0 0.0006855
2812 592325.483767 4499668.093344 0 0.0004779
2813 592466.885349 4499504.581125 0 0.0004647
2814 592582.784162 4499301.624483 0 0.0004955
2815 592610.302845 4499772.016160 0 0.0002835
2816 592740.295091 4499885.004045 0 0.0003038
2817 592312.395364 4500114.468130 0 0.0004599
2818 592442.165522 4500227.460865 0 0.0003805
2819 592989.085372 4500245.598978 0 0.0006009
2820 593070.431582 4500028.759693 0 0.0004867
2821 593380.134025 4500404.003845 0 0.0009354
2822 593699.116056 4500116.250740 0 0.0007897
2823 593409.752215 4500021.064011 0 0.0006632
2824 593566.541701 4499840.549000 0 0.0004795
2825 593315.978948 4499622.734635 0 0.0005681
2826 593159.015684 4499802.985384 0 0.0006512
2827 593136.204632 4499309.062258 0 0.0005677
2828 592909.040085 4499087.761914 0 0.0007318
2829 592647.981862 4498902.006186 0 0.0007897
2830 592286.285700 4498726.431995 0 0.0006468
2831 591627.268726 4502297.218276 0 0.0003226
2832 591784.000462 4502222.782046 0 0.0001106
2833 591862.935087 4502239.398657 0 0.0002112
2834 592251.855508 4502553.638741 0 0.0007921
2835 593380.479387 4501579.810275 0 0.0004036
2836 593261.613203 4501819.195534 0 0.0005262
2837 593008.039627 4501919.354963 0 0.0003214
2838 593164.557649 4501515.105995 0 0.0004520
2839 592938.731765 4502344.217116 0 0.0002867
2840 593006.306127 4502560.546931 0 0.0003837
2841 593116.151515 4502322.216116 0 0.0004627
2842 593074.184338 4503739.258857 0 0.0002811
2843 593420.953096 4504139.114024 0 0.0003489
2844 593683.548532 4504142.502725 0 0.0006440
2845 593714.781121 4504011.977497 0 0.0004603
2846 593749.454916 4503798.798296 0 0.0006671
2847 593473.226528 4503680.536057 0 0.0005298
2848 594076.877632 4503297.732183 0 0.0003713
2849 594134.787946 4503018.389375 0 0.0003689
2850 593705.313645 4503220.428831 0 0.0002579
2851 593763.070100 4502941.307744 0 0.0004579
2852 593734.200534 4503081.642224 0 0.0005194
2853 593235.469511 4502524.615805 0 0.0004899
2854 593311.831384 4502362.916161 0 0.0004647
2855 593439.613560 4502550.837282 0 0.0003689
2856 593277.177348 4502646.353568 0 0.0003992
2857 593633.017378 4502607.277484 0 0.0003793
2858 593601.088405 4502761.894975 0 0.0003869
2859 593901.495428 4502663.056634 0 0.0003505
2860 593974.545378 4502500.734494 0 0.0003521
2861 593941.169565 4502794.676966 0 0.0003126
2862 594234.179329 4502732.218393 0 0.0002591
2863 588407.277574 4492141.205386 0 0.0003238
2864 588245.143700 4492306.683820 0 0.0014760
2865 587699.906264 4506910.098313 0 0.0005306
2866 596068.043153 4503411.250443 0 0.0003769
2867 589700.710694 4492392.298392 0 0.0006612
2868 590213.564632 4505582.681776 0 0.0004971
2869 585175.558119 4505802.100796 0 0.0005845
2870 584671.198376 4505656.812789 0 0.0001912
2871 584990.665828 4505634.062987 0 0.0009650
2872 584925.125399 4505449.711632 0 0.0004136
2873 584870.008149 4505291.827934 0 0.0003170
2874 585141.071893 4505499.347240 0 0.0005526
2875 585031.956906 4505288.674676 0 0.0004504
2876 584769.621724 4505113.754571 0 0.0003901
2877 584942.016317 4505025.604843 0 0.0004943
2878 585858.335506 4505566.143190 0 0.0003593
2879 586072.386686 4505432.586573 0 0.0005965
2880 586526.723873 4505006.677010 0 0.0000331
2881 586633.294582 4504352.460147 0 0.0003609
2882 585995.002140 4504261.321910 0 0.0002427
2883 585819.520543 4504348.489108 0 0.0003529
2884 581402.988737 4498246.946823 0 0.0005078
2885 581804.353410 4498161.735067 0 0.0004340
2886 581612.581719 4497520.818221 0 0.0003206
2887 583482.518939 4503456.735303 0 0.0003070
2888 583278.838953 4503238.946706 0 0.0002104
2889 583656.976200 4503035.093818 0 0.0001278
2890 588459.322248 4508957.008124 0 0.0003238
2891 588223.926391 4508775.725692 0 0.0003557
2892 588168.348729 4509314.014715 0 0.0004504
2893 588203.339870 4492644.246734 0 0.0004036
2894 588375.277037 4492732.091711 0 0.0005582
2895 588324.480007 4492523.597833 0 0.0004943
2896 588882.875464 4492492.318063 0 0.0003857
2897 591204.948976 4496296.051234 0 0.0007418
2898 592056.459732 4497006.852083 0 0.0003705
2899 591971.100807 4495571.472195 0 0.0008268
2900 590173.209039 4498119.223254 0 0.0004232
2901 587980.665952 4497129.962616 0 0.0003442
2902 587714.161067 4496871.067062 0 0.0004140
2903 587919.326658 4496723.967633 0 0.0006021
2904 588077.372489 4501069.125815 0 0.0009338
2905 588051.878302 4501248.859539 0 0.0008280
2906 588111.587595 4500861.628881 0 0.0009099
2907 588131.285025 4500615.995543 0 0.0010121
2908 588029.264365 4501454.283822 0 0.0005330
2909 591010.949116 4501304.429819 0 0.0007286
2910 591319.315341 4501906.888343 0 0.0002687
2911 591738.841706 4502447.925224 0 0.0002619
2912 592807.479034 4502256.759357 0 0.0003186
2913 592369.311775 4501989.841604 0 0.0011766
2914 592178.414784 4501320.757590 0 0.0005925
2915 592058.655243 4502152.982522 0 0.0003517
2916 592053.013539 4501923.883060 0 0.0002954
2917 590521.442940 4499076.888742 0 0.0004559
2918 590909.413389 4500137.523745 0 0.0002515
2919 591028.762484 4499990.488271 0 0.0002527
2920 591096.951288 4499713.205398 0 0.0002264
2921 592866.152027 4499548.785919 0 0.0003685
2922 584064.654639 4492574.768398 0 0.0005550
2923 586101.480214 4492335.177023 0 0.0004595
2924 586361.201642 4492351.490663 0 0.0005178
2925 586787.798823 4492169.341723 0 0.0009546
2926 587146.895954 4492468.194452 0 0.0009179
2927 587276.199511 4492413.007577 0 0.0007901
2928 587385.763307 4492167.653905 0 0.0004340
2929 591254.922984 4502908.914940 0 0.0005601
2930 591426.805229 4502974.212836 0 0.0002320
2931 587882.697208 4493322.718581 0 0.0003098
2932 587254.894813 4493593.219238 0 0.0005294
2933 587117.463822 4493531.417881 0 0.0003621
2934 586057.840641 4494021.047726 0 0.0009586
2935 586309.258083 4493920.764112 0 0.0009754
2936 590578.783066 4506012.867907 0 0.0005853
2937 590793.516956 4505935.791884 0 0.0003769
2938 591010.733112 4506166.706176 0 0.0004791
2939 591074.714297 4506119.590257 0 0.0005733
2940 590348.049355 4507953.248371 0 0.0000068
2941 587138.288728 4498196.718513 0 0.0005502
2942 587337.502624 4498271.990083 0 0.0006811
2943 589555.325136 4506424.225113 0 0.0004843
2944 589605.042393 4506233.031122 0 0.0007845
2945 594364.818658 4501036.169329 0 0.0003621
2946 593810.763835 4501033.174247 0 0.0003306
2947 594338.371181 4501812.251888 0 0.0004575
2948 594364.588063 4501235.029649 0 0.0009027
2949 594613.793568 4501588.895409 0 0.0005801
2950 593306.367990 4502992.268598 0 0.0002527
2951 593335.193829 4502852.312235 0 0.0002627
2952 594105.722692 4503158.780749 0 0.0002958
2953 595504.522418 4503722.028873 0 0.0004320
2954 595933.077537 4502998.772976 0 0.0009438
2955 595983.359072 4502750.483466 0 0.0006073
2956 595365.920122 4502566.450461 0 0.0007502
2957 595938.658423 4502370.863006 0 0.0007733
2958 586840.220517 4504609.782502 0 0.0003505
2959 586757.978293 4504604.431681 0 0.0003541
2960 586677.560767 4504587.720342 0 0.0004679
2961 588043.790906 4504435.879398 0 0.0002615
2962 588010.583280 4504638.652087 0 0.0003446
2963 587988.613249 4504844.172035 0 0.0010923
2964 588552.517552 4503716.107619 0 0.0004000
2965 590127.923802 4502902.936542 0 0.0004883
2966 591206.950917 4504494.132629 0 0.0003098
2967 583291.478543 4500912.890377 0 0.0008404
2968 583103.301152 4500029.320627 0 0.0003785
2969 583274.959580 4500247.851831 0 0.0002891
2970 585484.106790 4506253.666478 0 0.0006105
2971 585178.371429 4506283.505890 0 0.0005114
2972 585889.907234 4506302.902544 0 0.0003170
2973 582551.048906 4499348.081236 0 0.0007937
2974 582821.546846 4499930.645384 0 0.0005338
2975 582831.712982 4499688.824516 0 0.0005142
2976 585794.776108 4506006.486840 0 0.0006208
2977 586421.284983 4505384.661054 0 0.0004080
2978 586255.125887 4505400.578132 0 0.0008768
2979 582147.846696 4499210.772325 0 0.0003270
2980 582054.821992 4498998.786631 0 0.0003637
2981 586189.727239 4505152.750925 0 0.0007186
2982 586157.248094 4504949.054190 0 0.0002352
2983 586266.375593 4504686.482784 0 0.0005985
2984 586536.614265 4504674.048737 0 0.0003306
2985 581702.805909 4498954.457425 0 0.0005242
2986 581650.659454 4498801.737910 0 0.0003809
2987 581729.341352 4499276.375529 0 0.0003114
2988 586478.711702 4504324.372299 0 0.0002595
2989 581996.318968 4498810.002736 0 0.0004787
2990 581899.994019 4498481.157388 0 0.0003497
2991 581945.631462 4498633.623631 0 0.0006903
2992 589873.009336 4505615.529136 0 0.0004288
2993 589987.263890 4505461.118121 0 0.0002196
2994 590034.977476 4505385.659820 0 0.0005458
2995 585017.822683 4495500.343356 0 0.0004244
2996 584894.492195 4495341.744875 0 0.0004104
2997 584770.611267 4495181.288203 0 0.0005458
2998 590409.688792 4505253.574928 0 0.0002687
2999 590049.472796 4505304.997175 0 0.0005058
3000 590063.231321 4505224.046309 0 0.0002603
3001 590076.593196 4505143.104879 0 0.0003777
3002 585133.796657 4495259.987680 0 0.0004823
3003 585231.115231 4495385.439366 0 0.0004687
3004 584985.370452 4495068.584075 0 0.0006140
3005 590096.511640 4505021.388329 0 0.0004392
3006 590116.460704 4504899.485126 0 0.0004384
3007 590129.880260 4504818.199738 0 0.0003605
3008 584816.385229 4494847.789663 0 0.0005154
3009 590156.399871 4504655.885802 0 0.0003481
3010 590143.262819 4504737.050924 0 0.0002687
3011 590169.918418 4504574.907403 0 0.0002942
3012 590182.793728 4504493.626505 0 0.0003290
3013 584746.795874 4494321.883958 0 0.0009267
3014 590079.669736 4504351.612622 0 0.0003270
3015 590326.093548 4504391.901488 0 0.0003162
3016 590106.157843 4504189.295560 0 0.0003426
3017 590352.891678 4504229.746808 0 0.0003817
3018 585210.790552 4495010.128960 0 0.0006077
3019 585396.952770 4495206.618968 0 0.0005677
3020 585141.248634 4494786.977326 0 0.0005578
3021 584970.530053 4494720.529061 0 0.0004811
3022 590317.322459 4503804.310103 0 0.0005893
3023 590139.459526 4503986.391694 0 0.0003841
3024 590386.144280 4504026.461371 0 0.0003617
3025 585703.630819 4494744.524969 0 0.0004851
3026 585661.579355 4495120.937605 0 0.0006101
3027 585652.912321 4496059.671189 0 0.0004863
3028 585141.374072 4496422.308406 0 0.0004284
3029 585417.076421 4496275.260159 0 0.0005757
3030 589212.006975 4504334.776703 0 0.0004288
3031 589224.780463 4504253.545338 0 0.0003697
3032 589238.271396 4504172.529685 0 0.0004200
3033 589251.409194 4504091.358287 0 0.0003465
3034 585624.743037 4495893.187831 0 0.0004368
3035 585435.683672 4496040.184385 0 0.0003817
3036 585221.415519 4496151.675054 0 0.0005130
3037 585452.988696 4495868.185613 0 0.0003406
3038 589162.814538 4503908.233145 0 0.0004344
3039 589391.056081 4503989.248094 0 0.0003438
3040 589423.328391 4503839.982304 0 0.0003278
3041 585543.624074 4495395.138656 0 0.0004743
3042 585376.121296 4495573.191296 0 0.0005035
3043 585235.850447 4495782.552474 0 0.0005637
3044 585067.663170 4495695.421409 0 0.0004703
3045 585404.260189 4495801.950432 0 0.0003553
3046 589824.717658 4503818.715198 0 0.0006256
3047 589760.337281 4504007.770149 0 0.0002950
3048 589773.456611 4503926.496320 0 0.0002024
3049 584945.740894 4496165.956589 0 0.0007334
3050 585048.063171 4495927.811261 0 0.0004755
3051 589707.440313 4504332.367408 0 0.0003996
3052 589733.316326 4504170.243627 0 0.0003709
3053 589720.172230 4504251.412254 0 0.0004923
3054 589746.091883 4504088.757531 0 0.0004060
3055 584581.730458 4495948.271091 0 0.0005023
3056 584696.550413 4496050.092733 0 0.0004492
3057 584681.414693 4496211.431155 0 0.0005234
3058 589537.134522 4504596.587256 0 0.0005170
3059 589779.933130 4504636.275820 0 0.0004875
3060 589563.571398 4504433.987617 0 0.0001944
3061 589806.377999 4504473.691329 0 0.0003761
3062 584401.014088 4495480.453075 0 0.0005949
3063 591304.771964 4503884.845957 0 0.0005801
3064 591358.987426 4503731.804285 0 0.0004899
3065 590639.486354 4504026.203392 0 0.0003398
3066 590673.379625 4503817.123498 0 0.0002579
3067 590943.782240 4503833.303627 0 0.0009043
3068 590900.924880 4504068.849383 0 0.0003996
3069 586092.776444 4493772.159298 0 0.0004388
3070 590717.738198 4504414.325084 0 0.0004124
3071 590731.113366 4504333.198762 0 0.0004839
3072 590743.986780 4504251.729449 0 0.0003334
3073 590758.069769 4504170.712737 0 0.0003398
3074 590664.369138 4504739.018016 0 0.0004488
3075 590677.148578 4504657.921332 0 0.0002004
3076 590690.916573 4504576.745589 0 0.0004336
3077 590704.708485 4504495.417432 0 0.0002835
3078 586856.370987 4493982.107635 0 0.0008105
3079 586557.974865 4494048.612424 0 0.0005777
3080 590466.386158 4505081.608328 0 0.0004492
3081 590493.178673 4504919.453161 0 0.0004364
3082 590651.268831 4504820.159087 0 0.0003721
3083 590719.743988 4504999.846479 0 0.0003434
3084 587265.527078 4494127.405803 0 0.0005074
3085 587374.885724 4494108.429677 0 0.0003797
3086 587082.511022 4494179.885740 0 0.0002946
3087 587160.560526 4493939.190737 0 0.0003517
3088 589672.597612 4506052.678767 0 0.0005290
3089 589993.074656 4505762.743368 0 0.0002679
3090 589787.984702 4505892.458477 0 0.0003102
3091 587763.763504 4494030.611037 0 0.0004935
3092 587500.731433 4494146.362999 0 0.0004176
3093 590222.180231 4505831.699755 0 0.0004575
3094 589994.011279 4506083.460672 0 0.0004619
3095 587726.644940 4494541.022244 0 0.0004799
3096 586326.334527 4491894.683318 0 0.0004975
3097 589992.293179 4502560.711850 0 0.0005917
3098 589977.424175 4502310.348962 0 0.0007486
3099 590004.307669 4502763.389358 0 0.0007202
3100 587081.958858 4492901.934938 0 0.0007654
3101 586802.222168 4492442.466255 0 0.0007837
3102 589958.104864 4502045.480387 0 0.0007482
3103 590317.147487 4502096.675172 0 0.0007550
3104 590241.318619 4502002.383321 0 0.0005941
3105 586832.079326 4494647.669521 0 0.0004480
3106 586376.193486 4494576.329364 0 0.0005098
3107 586577.682516 4494608.093945 0 0.0002675
3108 591998.876671 4504470.376016 0 0.0003330
3109 591822.446132 4504619.646107 0 0.0006005
3110 591812.618387 4504438.793782 0 0.0004711
3111 585997.486754 4494396.250886 0 0.0005645
3112 586195.910123 4494428.516398 0 0.0005294
3113 592392.169774 4504311.618445 0 0.0004971
3114 592187.430880 4504414.745680 0 0.0004807
3115 592101.355749 4504228.876649 0 0.0004348
3116 585895.510153 4495066.878578 0 0.0004939
3117 585794.453074 4495113.132952 0 0.0005246
3118 592563.551176 4503971.473267 0 0.0003418
3119 592357.396600 4504042.153370 0 0.0002491
3120 589562.786117 4507534.227496 0 0.0005721
3121 589700.137277 4507438.284525 0 0.0002663
3122 589760.000182 4507624.269168 0 0.0002707
3123 587093.814526 4498359.962372 0 0.0005126
3124 587279.475521 4498541.015282 0 0.0003477
3125 587194.372553 4498776.018064 0 0.0005070
3126 587034.540917 4498509.461411 0 0.0007610
3127 586935.161647 4498735.854687 0 0.0009426
3128 586729.338106 4498652.108193 0 0.0006671
3129 586618.836980 4498562.088577 0 0.0005785
3130 586484.703170 4498951.194705 0 0.0004867
3131 586383.522641 4499351.428560 0 0.0004899
3132 586312.135239 4499193.198407 0 0.0004480
3133 586696.828510 4499253.665209 0 0.0006979
3134 586488.582405 4499532.470453 0 0.0005402
3135 586533.826905 4499228.451975 0 0.0005166
3136 589713.300688 4506326.997669 0 0.0003438
3137 586928.837194 4499213.975402 0 0.0010101
3138 586847.909133 4499006.310014 0 0.0009434
3139 586653.553130 4498975.705927 0 0.0004016
3140 589413.772771 4506295.223295 0 0.0002635
3141 589262.807726 4506355.626868 0 0.0008085
3142 589109.393536 4506442.097465 0 0.0007234
3143 586999.129428 4499740.664036 0 0.0004212
3144 587090.781837 4499388.383084 0 0.0005446
3145 587145.026800 4499050.494640 0 0.0004296
3146 589363.676218 4506657.913287 0 0.0005637
3147 589524.359406 4506650.254421 0 0.0006779
3148 589374.517409 4507104.569339 0 0.0008624
3149 589375.792013 4506916.996460 0 0.0005717
3150 589533.783485 4506843.554259 0 0.0003685
3151 586826.661714 4499791.443103 0 0.0004687
3152 586855.874369 4499550.016154 0 0.0006707
3153 588795.203944 4506985.341854 0 0.0005470
3154 587643.032423 4500194.002162 0 0.0007374
3155 588307.679214 4507271.098263 0 0.0003941
3156 588483.776745 4507300.891633 0 0.0005074
3157 588667.392790 4507380.301012 0 0.0003949
3158 588702.349603 4507134.030757 0 0.0004332
3159 587722.859599 4499686.769356 0 0.0003637
3160 587729.952028 4499430.628243 0 0.0008173
3161 588636.614526 4508109.793233 0 0.0005478
3162 588218.178856 4508296.619999 0 0.0005027
3163 588363.621490 4508255.926417 0 0.0001900
3164 587753.703248 4499013.804298 0 0.0004512
3165 587866.356536 4499085.439723 0 0.0005035
3166 587988.439832 4499164.472462 0 0.0004088
3167 588370.431351 4507894.568622 0 0.0005805
3168 588092.335452 4507507.259399 0 0.0004192
3169 588211.673219 4507674.345462 0 0.0004232
3170 587534.606276 4499241.209759 0 0.0006556
3171 587643.201945 4498942.478031 0 0.0005054
3172 587552.622541 4498752.943524 0 0.0005270
3173 588110.188523 4507249.925046 0 0.0006348
3174 587802.768541 4507234.325227 0 0.0004847
3175 587939.054092 4507199.991623 0 0.0005011
3176 587891.030269 4507421.835013 0 0.0002619
3177 588019.378263 4507361.013234 0 0.0003010
3178 587888.847899 4506977.171043 0 0.0008664
3179 587322.614972 4499128.437134 0 0.0008456
3180 587461.206311 4498825.312373 0 0.0004699
3181 588510.553502 4495841.127042 0 0.0006648
3182 587344.243686 4507573.908119 0 0.0003585
3183 587744.886403 4507442.924893 0 0.0004775
3184 589934.151106 4493643.571171 0 0.0008404
3185 588920.056101 4493351.194547 0 0.0003378
3186 589187.732775 4493444.547603 0 0.0007570
3187 587380.714117 4498752.588017 0 0.0004240
3188 588193.307371 4507015.885760 0 0.0003465
3189 588209.992174 4506877.200360 0 0.0003613
3190 588362.218881 4507072.993620 0 0.0003957
3191 588546.944988 4506745.454529 0 0.0003210
3192 588359.321442 4506939.634395 0 0.0005298
3193 588487.123566 4506881.878393 0 0.0002827
3194 588568.324778 4506946.947665 0 0.0004096
3195 587536.486459 4498301.052107 0 0.0003693
3196 587852.482146 4498294.187633 0 0.0003565
3197 588372.985383 4506620.511623 0 0.0006452
3198 588455.945211 4506493.994274 0 0.0003937
3199 588153.129018 4506756.457776 0 0.0005498
3200 587562.850035 4497896.977667 0 0.0004931
3201 587683.249513 4497916.295360 0 0.0004579
3202 587761.640468 4497927.940256 0 0.0004324
3203 588167.085012 4506093.530911 0 0.0002659
3204 588339.156167 4506092.533037 0 0.0009945
3205 588422.286205 4505980.976854 0 0.0013247
3206 587859.986519 4497989.751742 0 0.0005158
3207 587982.183571 4497664.975799 0 0.0005138
3208 587990.218277 4506551.783564 0 0.0005222
3209 587986.199589 4506320.205186 0 0.0005669
3210 588094.568469 4506195.417093 0 0.0003737
3211 588138.339203 4506452.012425 0 0.0006232
3212 588246.072265 4506327.951611 0 0.0005354
3213 587687.838521 4497373.911533 0 0.0003553
3214 587606.562169 4497360.999124 0 0.0003334
3215 587766.144038 4497385.895103 0 0.0005290
3216 587844.471435 4497398.074868 0 0.0005322
3217 593835.897996 4501353.954820 0 0.0005757
3218 594059.938798 4501594.106035 0 0.0003761
3219 594938.127980 4502223.146424 0 0.0008867
3220 593277.466578 4503131.129510 0 0.0002998
3221 593668.372677 4502437.146189 0 0.0004248
3222 593155.514225 4503379.498083 0 0.0003422
3223 593467.489530 4503405.031258 0 0.0005202
3224 593773.357838 4503469.385312 0 0.0005054
3225 596246.401758 4502930.555278 0 0.0005781
3226 587907.452035 4505574.852014 0 0.0005058
3227 588077.185515 4505606.289258 0 0.0010452
3228 586326.532125 4500551.295916 0 0.0003917
3229 586276.288497 4500767.007755 0 0.0002998
3230 587194.624482 4499830.343199 0 0.0005110
3231 587290.436618 4499459.755459 0 0.0004180
3232 587457.057960 4499808.739429 0 0.0003953
3233 589560.381008 4503645.855697 0 0.0006735
3234 584558.070393 4494525.817847 0 0.0004983
3235 588008.534807 4503606.062953 0 0.0003350
3236 587037.954341 4492331.191789 0 0.0003965
3237 591911.987932 4503228.274081 0 0.0008057
3238 587348.466701 4493257.424272 0 0.0005402
3239 589824.965257 4507040.789865 0 0.0004016
3240 589906.326649 4506471.298286 0 0.0006005
3241 590141.879661 4497021.281288 0 0.0001968
3242 595078.965151 4501977.079341 0 0.0005043
3243 593225.909178 4501989.586118 0 0.0003370
3244 592890.264873 4503048.851698 0 0.0001441
3245 588926.639040 4506500.495693 0 0.0007670
3246 587869.356506 4500859.181332 0 0.0009838
3247 587769.862767 4500331.813031 0 0.0006312
3248 587828.229720 4500188.959558 0 0.0004963
3249 587770.655923 4499964.767887 0 0.0006540
3250 587690.350507 4499951.686510 0 0.0005985
3251 587569.820059 4499933.547258 0 0.0005645
3252 587890.355775 4499530.237696 0 0.0009562
3253 587961.483819 4499776.083121 0 0.0008037
3254 588142.552941 4499503.363164 0 0.0008077
3255 588327.051945 4506234.795876 0 0.0002204
3256 587313.961871 4505624.781650 0 0.0001278
3257 587454.427337 4506675.591683 0 0.0002288
3258 587515.191034 4506565.023059 0 0.0007538
3259 587504.842405 4506453.818440 0 0.0006923
3260 587968.081191 4508946.547721 0 0.0002998
3261 587840.719711 4509848.065560 0 0.0003461
3262 588562.942119 4493084.041120 0 0.0004763
3263 588122.386755 4492714.259855 0 0.0003473
3264 588130.476026 4492898.205930 0 0.0004448
3265 588511.692499 4492693.472027 0 0.0006484
3266 588453.657621 4492461.188081 0 0.0004695
3267 589443.873518 4492603.422503 0 0.0003529
3268 591692.786574 4497685.308239 0 0.0006029
3269 591407.396850 4497206.901818 0 0.0003118
3270 591176.842630 4497054.631945 0 0.0004032
3271 588378.992515 4498949.942264 0 0.0005805
3272 588692.387586 4498746.783097 0 0.0005062
3273 588568.523550 4498276.812237 0 0.0006903
3274 588439.540906 4498644.334222 0 0.0006648
3275 588876.006154 4498539.023645 0 0.0003493
3276 589016.647705 4498223.020343 0 0.0008009
3277 589368.994478 4498262.882453 0 0.0005941
3278 589421.818604 4498399.093675 0 0.0004851
3279 589722.879917 4498600.072701 0 0.0004555
3280 589698.735560 4498855.696649 0 0.0003797
3281 589312.216172 4499077.250242 0 0.0009909
3282 589633.802495 4499107.468175 0 0.0005518
3283 589376.970236 4498825.525603 0 0.0004152
3284 589400.934799 4498569.998482 0 0.0005222
3285 589013.143876 4498683.702765 0 0.0003106
3286 588873.660031 4498798.715616 0 0.0004220
3287 588678.563457 4499042.071145 0 0.0003254
3288 589068.748233 4499054.603600 0 0.0005829
3289 588866.379685 4499035.867661 0 0.0004579
3290 588490.316415 4499284.374907 0 0.0006755
3291 588625.252082 4499404.807317 0 0.0004987
3292 588491.920576 4499521.672419 0 0.0004176
3293 588307.839706 4499521.713171 0 0.0004420
3294 588481.659643 4499935.994454 0 0.0007278
3295 588513.270933 4499723.730001 0 0.0003981
3296 588237.879193 4499831.557970 0 0.0006196
3297 588299.716380 4500308.578325 0 0.0004124
3298 588446.191976 4500134.463436 0 0.0003318
3299 588428.717287 4501738.121455 0 0.0004691
3300 590688.213351 4500968.838545 0 0.0004168
3301 590768.569582 4500976.203989 0 0.0003525
3302 590491.119264 4500778.690370 0 0.0005382
3303 590466.052262 4501126.007490 0 0.0003473
3304 590480.283751 4500970.155072 0 0.0003745
3305 590080.772661 4501045.223150 0 0.0003973
3306 590164.594788 4500828.111063 0 0.0004851
3307 590279.356017 4500908.085507 0 0.0003969
3308 589856.937117 4501068.267603 0 0.0002368
3309 591413.608000 4497593.214348 0 0.0006021
3310 591182.054583 4497443.864281 0 0.0003529
3311 591781.988483 4496953.175236 0 0.0002463
3312 592573.028116 4497226.624726 0 0.0002795
3313 592386.959433 4497095.822528 0 0.0004004
3314 592299.728983 4496456.798143 0 0.0003002
3315 592136.867984 4495925.656769 0 0.0007558
3316 592557.626517 4496106.439750 0 0.0003517
3317 592602.450079 4495723.579686 0 0.0003897
3318 591533.393153 4499167.268947 0 0.0005701
3319 592780.936571 4496707.865940 0 0.0006304
3320 591333.874558 4498118.632062 0 0.0008652
3321 590678.125654 4498427.904577 0 0.0004456
3322 591166.906447 4498489.823787 0 0.0006144
3323 590612.867181 4498683.398794 0 0.0003082
3324 592045.483270 4498390.479759 0 0.0007717
3325 592705.478929 4498335.578890 0 0.0010249
3326 593027.340980 4498426.636201 0 0.0005202
3327 592871.688248 4498606.078434 0 0.0004735
3328 593116.472404 4498819.129654 0 0.0004372
3329 593262.243503 4498627.277237 0 0.0004108
3330 593370.420802 4499040.403316 0 0.0004516
3331 593512.535559 4498851.853548 0 0.0004739
3332 593627.727413 4499264.307569 0 0.0003106
3333 593471.769332 4499443.531555 0 0.0004607
3334 593722.602250 4499661.353320 0 0.0005490
3335 593878.267960 4499482.094318 0 0.0003134
3336 594012.203927 4499756.676705 0 0.0005845
3337 594191.616194 4499712.728140 0 0.0007390
3338 594113.741623 4499211.206004 0 0.0007674
3339 593863.482367 4498992.948157 0 0.0008284
3340 593592.475767 4498599.548289 0 0.0008476
3341 593156.731380 4498225.126688 0 0.0011063
3342 593638.500005 4497928.700872 0 0.0004132
3343 594476.923118 4498760.887463 0 0.0015643
3344 595543.966806 4500428.266218 0 0.0001286
3345 595248.536842 4501542.750907 0 0.0003845
3346 595086.812968 4501653.965347 0 0.0004200
3347 593197.174658 4500992.486878 0 0.0004512
3348 594269.374649 4502561.946199 0 0.0003078
3349 594201.804801 4502886.693884 0 0.0002942
3350 594559.047527 4502799.677302 0 0.0003625
3351 594593.903833 4502629.339280 0 0.0003897
3352 594527.346647 4502954.476125 0 0.0004140
3353 594469.740337 4503234.359044 0 0.0003685
3354 594498.472123 4503094.047427 0 0.0004392
3355 594441.518310 4503373.261372 0 0.0003529
3356 594355.771285 4503730.056277 0 0.0004316
3357 594502.501948 4503719.811078 0 0.0003897
3358 594113.443114 4503514.046566 0 0.0003877
3359 594165.220255 4503680.144421 0 0.0003629
3360 593992.823699 4504000.632492 0 0.0006416
3361 594039.631612 4503810.326281 0 0.0004416
3362 594330.381035 4504054.068607 0 0.0008879
3363 594321.591379 4504251.305083 0 0.0006719
3364 594652.176962 4504328.905756 0 0.0008795
3365 594673.302829 4503982.369967 0 0.0008488
3366 594855.449712 4504498.956895 0 0.0004743
3367 594960.742486 4504233.854239 0 0.0006236
3368 595054.194804 4504637.892115 0 0.0006396
3369 595181.655097 4504403.138070 0 0.0006831
3370 595129.036308 4504028.741830 0 0.0006855
3371 594808.072517 4504885.272440 0 0.0000024
3372 595274.409235 4504674.950183 0 0.0006364
3373 595376.440424 4504783.692439 0 0.0005621
3374 595590.828614 4504896.012712 0 0.0006280
3375 595540.791338 4504728.491954 0 0.0006029
3376 595385.096396 4504274.887554 0 0.0007809
3377 595687.383101 4504384.142140 0 0.0006683
3378 581854.956332 4496648.569351 0 0.0004448
3379 581740.729959 4496528.632719 0 0.0005450
3380 584870.169504 4500011.450110 0 0.0005657
3381 585223.467294 4503032.719559 0 0.0001533
3382 585713.405596 4503631.994033 0 0.0002491
3383 585797.403662 4503409.117465 0 0.0002084
3384 582764.378374 4498828.822825 0 0.0004671
3385 582966.755843 4498685.939455 0 0.0003493
3386 582799.432540 4498016.210083 0 0.0005158
3387 582457.923083 4496246.808006 0 0.0002555
3388 583115.381359 4496969.709198 0 0.0004116
3389 583303.248007 4496824.128120 0 0.0004104
3390 583725.655260 4495410.074394 0 0.0003242
3391 586295.669831 4505648.743960 0 0.0002088
3392 586760.616860 4505630.199272 0 0.0002743
3393 590131.944143 4503629.820377 0 0.0003130
3394 584177.490014 4495192.286865 0 0.0004336
3395 584341.808927 4495081.496977 0 0.0004348
3396 584440.388688 4495014.395297 0 0.0002124
3397 584511.523023 4494846.717625 0 0.0003593
3398 584632.029215 4495000.368123 0 0.0004687
3399 585689.118268 4494457.050378 0 0.0009083
3400 585622.481746 4494200.012752 0 0.0005298
3401 587963.947077 4503428.871987 0 0.0004360
3402 587937.498846 4503331.006052 0 0.0007821
3403 587912.624297 4503232.967591 0 0.0006624
3404 584199.631078 4491954.124388 0 0.0003917
3405 583716.737575 4492351.216053 0 0.0002623
3406 585227.285840 4491774.827236 0 0.0002719
3407 588308.789211 4505647.290895 0 0.0008476
3408 585950.520066 4501171.798916 0 0.0003226
3409 588039.722896 4505262.528248 0 0.0007119
3410 591217.420883 4503272.535855 0 0.0003438
3411 585533.350671 4505934.064003 0 0.0002839
3412 585876.705692 4505101.949254 0 0.0004500
3413 586027.960527 4506011.327577 0 0.0006184
3414 585891.349285 4505827.810525 0 0.0004563
3415 581318.684156 4496888.774440 0 0.0005538
3416 583657.543928 4503081.235144 0 0.0001086
3417 585510.226542 4504191.979121 0 0.0006025
3418 584154.012960 4503241.449903 0 0.0007698
3419 584102.461320 4503105.813942 0 0.0009674
3420 584477.208812 4500280.489088 0 0.0004775
3421 583146.229545 4498496.810941 0 0.0002423
3422 591791.729057 4498078.301111 0 0.0009063
3423 591910.724161 4497340.393993 0 0.0009522
3424 592465.889319 4497544.207534 0 0.0010708
3425 591713.780778 4496248.822656 0 0.0002635
3426 593743.905873 4494200.620048 0 0.0000148
3427 593262.284592 4496462.473681 0 0.0004476
3428 589724.012024 4498316.768629 0 0.0004404
3429 589145.586929 4498672.851776 0 0.0009666
3430 588012.730200 4501657.598016 0 0.0006795
3431 587738.115493 4501329.028771 0 0.0008005
3432 587810.225164 4501487.325509 0 0.0008276
3433 587839.020695 4501172.955679 0 0.0005482
3434 589652.257251 4501257.224032 0 0.0004779
3435 588658.851025 4500802.570693 0 0.0007917
3436 588675.957996 4500618.033101 0 0.0005621
3437 588380.930646 4500932.207980 0 0.0008153
3438 588395.528178 4500779.929642 0 0.0008560
3439 588412.579571 4500598.355637 0 0.0007434
3440 589293.075845 4499283.616914 0 0.0007538
3441 589049.505540 4499260.675444 0 0.0006803
3442 591058.725892 4501969.632201 0 0.0004663
;