/* CONJUNTOS */
param N_total:= 4432 ;

/* PARAMETROS */
param P:= 1085.0 ;
param R:= 100.0 ;
param c1:= 1.0 ;
param c2:= 0.2 ;
param nombre_instancia := "drp_4432_MANHATTAN.dat" ;

param : coordx coordy flag prob_ohca:=
1 587629.163362 4514855.208525 1 0.0000
2 588489.768052 4515626.541538 1 0.0000
3 585619.224450 4507467.315466 1 0.0000
4 589279.045542 4520968.356130 1 0.0000
5 586616.870612 4512741.034793 1 0.0000
6 586206.169479 4508052.676594 1 0.0000
7 585837.756763 4512359.778045 1 0.0000
8 583417.926918 4506205.065408 1 0.0000
9 586604.486723 4512490.710327 1 0.0000
10 587820.292135 4514314.967358 1 0.0000
11 590755.367059 4524288.825255 1 0.0000
12 584237.091503 4507645.080912 1 0.0000
13 583158.723724 4506489.165888 1 0.0000
14 585453.493146 4512199.378763 1 0.0000
15 586115.214964 4515019.874681 1 0.0000
16 587518.250916 4513544.213647 1 0.0000
17 586515.817002 4515484.583431 1 0.0000
18 585713.821077 4511308.880139 1 0.0000
19 588431.150871 4514085.458134 1 0.0000
20 584659.106934 4511741.157408 1 0.0000
21 584671.924980 4511391.779761 1 0.0000
22 582969.070750 4506632.971266 1 0.0000
23 585474.696490 4511755.934607 1 0.0000
24 588950.590896 4517625.045624 1 0.0000
25 586069.561522 4509960.547901 1 0.0000
26 585796.149103 4512695.115269 1 0.0000
27 589210.411754 4515871.229239 1 0.0000
28 586947.093492 4512937.386760 1 0.0000
29 585796.149103 4512695.115269 1 0.0000
30 586667.168866 4512418.594863 1 0.0000
31 586042.120998 4512342.603670 1 0.0000
32 585441.199084 4514347.576871 1 0.0000
33 586001.244920 4511838.116350 1 0.0000
34 587367.408139 4514186.084964 1 0.0000
35 585872.996141 4511700.746306 1 0.0000
36 589811.183098 4517595.853992 1 0.0000
37 589470.956270 4517207.707337 1 0.0000
38 585650.136277 4513661.879233 1 0.0000
39 584162.160356 4507454.993230 1 0.0000
40 586667.168866 4512418.594863 1 0.0000
41 584877.096547 4511785.083884 1 0.0000
42 586524.663100 4511499.736057 1 0.0000
43 586749.834926 4512571.597111 1 0.0000
44 585937.815757 4511066.429835 1 0.0000
45 589814.414900 4522708.093573 1 0.0000
46 586236.250744 4512528.262669 1 0.0000
47 583424.634627 4507141.564176 1 0.0000
48 584856.916024 4508848.497538 1 0.0000
49 590114.737522 4522533.861871 1 0.0000
50 586543.433363 4512981.544106 1 0.0000
51 587454.952267 4518080.627780 1 0.0000
52 586104.478756 4514999.335980 1 0.0000
53 585644.180206 4512633.656357 1 0.0000
54 589225.947443 4520787.958010 1 0.0000
55 585791.186433 4513665.315263 1 0.0000
56 589589.276163 4523396.964507 1 0.0000
57 587770.801651 4513229.562061 1 0.0000
58 585752.289393 4512318.884455 1 0.0000
59 585562.305299 4512839.024988 1 0.0000
60 586081.011303 4512646.861818 1 0.0000
61 586286.259050 4510572.777452 1 0.0000
62 584089.404461 4512210.345486 1 0.0000
63 585910.154614 4512905.762966 1 0.0000
64 583869.021147 4507400.766013 1 0.0000
65 589054.137110 4518806.150407 1 0.0000
66 587887.785151 4515211.034979 1 0.0000
67 586089.534570 4512005.809684 1 0.0000
68 589443.420093 4518500.068352 1 0.0000
69 584056.058036 4508584.015768 1 0.0000
70 588721.517479 4514944.756815 1 0.0000
71 585441.199084 4514347.576871 1 0.0000
72 586333.213948 4514929.417200 1 0.0000
73 586622.562354 4512990.368516 1 0.0000
74 589967.640128 4516488.716004 1 0.0000
75 585758.243764 4512785.796760 1 0.0000
76 585837.756763 4512359.778045 1 0.0000
77 588964.605250 4515273.285306 1 0.0000
78 588963.708057 4515271.751269 1 0.0000
79 585796.149103 4512695.115269 1 0.0000
80 589828.951464 4518389.275720 1 0.0000
81 586012.090255 4508665.407011 1 0.0000
82 583422.580960 4506518.986532 1 0.0000
83 588098.712573 4515072.653828 1 0.0000
84 586019.219130 4514084.784564 1 0.0000
85 586478.782160 4516514.454005 1 0.0000
86 590939.589045 4524755.040338 1 0.0000
87 585452.289750 4513936.013496 1 0.0000
88 588976.834308 4520400.238045 1 0.0000
89 586729.874038 4512692.041739 1 0.0000
90 583332.490303 4506696.834676 1 0.0000
91 583455.218572 4506944.450525 1 0.0000
92 588639.856676 4516922.142836 1 0.0000
93 586752.015181 4511925.594956 1 0.0000
94 585915.544398 4512513.029254 1 0.0000
95 585870.800250 4512829.437141 1 0.0000
96 585791.186433 4513665.315263 1 0.0000
97 587215.236613 4511842.501042 1 0.0000
98 586202.770403 4511561.890121 1 0.0000
99 585562.305299 4512839.024988 1 0.0000
100 583489.984131 4506781.512847 1 0.0000
101 585866.313036 4511591.881505 1 0.0000
102 586615.189791 4516524.236811 1 0.0000
103 586563.915793 4512226.962546 1 0.0000
104 585252.586730 4512260.777144 1 0.0000
105 585265.902405 4511707.236878 1 0.0000
106 583154.954646 4506258.141699 1 0.0000
107 588519.593116 4519103.870699 1 0.0000
108 585987.080288 4514204.176949 1 0.0000
109 584854.616996 4508970.057338 1 0.0000
110 585796.149103 4512695.115269 1 0.0000
111 583417.926918 4506205.065408 1 0.0000
112 585964.144017 4514157.901645 1 0.0000
113 587699.740186 4514571.699924 1 0.0000
114 586081.011303 4512646.861818 1 0.0000
115 583951.256902 4507350.813148 1 0.0000
116 586829.790096 4516143.942726 1 0.0000
117 586720.767534 4514988.381715 1 0.0000
118 586604.486723 4512490.710327 1 0.0000
119 583659.108384 4506326.349964 1 0.0000
120 586627.317407 4511690.446581 1 0.0000
121 585556.174453 4512601.570754 1 0.0000
122 588800.436638 4516281.904357 1 0.0000
123 588078.304558 4512986.235039 1 0.0000
124 584113.188722 4507473.937507 1 0.0000
125 587057.055510 4512486.725477 1 0.0000
126 587162.680061 4511748.044940 1 0.0000
127 586627.317407 4511690.446581 1 0.0000
128 588926.195801 4519790.499734 1 0.0000
129 584162.160356 4507454.993230 1 0.0000
130 586329.649519 4512728.924898 1 0.0000
131 585735.933301 4509581.627684 1 0.0000
132 584678.299482 4507353.910161 1 0.0000
133 585731.067252 4513726.490642 1 0.0000
134 588269.916470 4514917.058902 1 0.0000
135 585594.500099 4512260.102798 1 0.0000
136 585014.952497 4511614.178746 1 0.0000
137 586286.057778 4516178.881753 1 0.0000
138 588104.356522 4518773.375729 1 0.0000
139 585285.472342 4510230.138636 1 0.0000
140 586069.290167 4511642.951085 1 0.0000
141 586811.830215 4515233.509442 1 0.0000
142 586968.097403 4511869.548499 1 0.0000
143 584099.741438 4506808.262562 1 0.0000
144 587410.772818 4514124.413840 1 0.0000
145 587290.848571 4517827.352550 1 0.0000
146 588489.768052 4515626.541538 1 0.0000
147 586988.116713 4512359.172977 1 0.0000
148 583676.860828 4507095.680195 1 0.0000
149 586664.339944 4513067.941536 1 0.0000
150 587045.366906 4512469.527221 1 0.0000
151 585748.779049 4511369.919267 1 0.0000
152 588016.901814 4519120.382084 1 0.0000
153 585959.667267 4514149.622878 1 0.0000
154 586863.626814 4512453.439179 1 0.0000
155 588200.617398 4517894.713234 1 0.0000
156 585562.305299 4512839.024988 1 0.0000
157 586482.441985 4513012.235484 1 0.0000
158 586523.781945 4510560.550854 1 0.0000
159 588743.660235 4519015.921430 1 0.0000
160 586392.840231 4511970.259677 1 0.0000
161 584590.402429 4508034.888323 1 0.0000
162 590353.053320 4523814.027078 1 0.0000
163 586536.128200 4512178.498472 1 0.0000
164 585754.865751 4512948.484272 1 0.0000
165 584677.253415 4511619.472913 1 0.0000
166 584219.721684 4509330.937281 1 0.0000
167 586536.141634 4512631.936129 1 0.0000
168 585494.937536 4511851.546135 1 0.0000
169 583382.720455 4507397.057293 1 0.0000
170 589518.160642 4519374.589064 1 0.0000
171 586234.145346 4511616.489655 1 0.0000
172 585499.693557 4511086.427152 1 0.0000
173 587812.082032 4517921.669605 1 0.0000
174 584928.986931 4513996.785047 1 0.0000
175 585195.649283 4512978.678306 1 0.0000
176 586338.338316 4512554.718500 1 0.0000
177 583796.423860 4508664.859366 1 0.0000
178 585150.737375 4510260.904640 1 0.0000
179 586752.015181 4511925.594956 1 0.0000
180 587748.753017 4518130.602391 1 0.0000
181 586272.105433 4512590.836186 1 0.0000
182 583260.766256 4506278.543426 1 0.0000
183 583823.054316 4510767.778062 1 0.0000
184 586475.241959 4512066.274165 1 0.0000
185 583862.411126 4509265.617944 1 0.0000
186 584312.047369 4509117.460423 1 0.0000
187 589221.628627 4515502.022073 1 0.0000
188 584394.235161 4512094.366180 1 0.0000
189 585579.760723 4512590.869807 1 0.0000
190 588773.162245 4516108.200468 1 0.0000
191 584235.689417 4507340.034176 1 0.0000
192 583603.475490 4509525.952011 1 0.0000
193 588997.289922 4520476.959611 1 0.0000
194 583156.675263 4507525.515278 1 0.0000
195 585376.149369 4511418.696917 1 0.0000
196 585176.247135 4511258.265478 1 0.0000
197 583747.600910 4506583.326783 1 0.0000
198 585796.149103 4512695.115269 1 0.0000
199 584758.573507 4512853.329583 1 0.0000
200 584478.578629 4507873.328405 1 0.0000
201 590108.013653 4522535.613956 1 0.0000
202 583915.984507 4506434.100131 1 0.0000
203 583976.758692 4507573.248662 1 0.0000
204 585644.180206 4512633.656357 1 0.0000
205 585384.495418 4510151.122084 1 0.0000
206 586236.557370 4512688.553921 1 0.0000
207 585674.598493 4512371.021885 1 0.0000
208 583603.432945 4508218.674768 1 0.0000
209 586231.179695 4512919.782413 1 0.0000
210 586329.649519 4512728.924898 1 0.0000
211 585143.642249 4509760.155535 1 0.0000
212 586885.140936 4513480.318884 1 0.0000
213 586550.943033 4512857.299741 1 0.0000
214 586536.128200 4512178.498472 1 0.0000
215 585572.502156 4512184.888666 1 0.0000
216 586622.562354 4512990.368516 1 0.0000
217 586667.168866 4512418.594863 1 0.0000
218 585432.967380 4514401.419937 1 0.0000
219 584359.234355 4508907.432219 1 0.0000
220 586071.732264 4510866.835251 1 0.0000
221 589331.760418 4519473.024500 1 0.0000
222 586019.219130 4514084.784564 1 0.0000
223 584089.404461 4512210.345486 1 0.0000
224 585644.180206 4512633.656357 1 0.0000
225 588294.016405 4519030.295619 1 0.0000
226 584247.798977 4510691.559979 1 0.0000
227 586071.031331 4514057.340214 1 0.0000
228 588700.385469 4514953.962763 1 0.0000
229 585796.149103 4512695.115269 1 0.0000
230 585575.601693 4512287.312480 1 0.0000
231 583603.432945 4508218.674768 1 0.0000
232 585874.297982 4509553.339817 1 0.0000
233 591232.176251 4524938.173989 1 0.0000
234 583139.830322 4507532.941362 1 0.0000
235 585796.149103 4512695.115269 1 0.0000
236 584876.490326 4509992.667404 1 0.0000
237 584652.542594 4511728.893321 1 0.0000
238 586740.494521 4510877.195310 1 0.0000
239 586117.464607 4512710.356362 1 0.0000
240 589415.197946 4518169.111490 1 0.0000
241 586053.094276 4513171.287561 1 0.0000
242 585644.180206 4512633.656357 1 0.0000
243 584768.479213 4509951.212796 1 0.0000
244 585459.534033 4511642.402831 1 0.0000
245 585489.459547 4510567.052902 1 0.0000
246 583424.634627 4507141.564176 1 0.0000
247 586544.850399 4508897.887074 1 0.0000
248 583332.490303 4506696.834676 1 0.0000
249 587294.736932 4517913.940486 1 0.0000
250 586667.168866 4512418.594863 1 0.0000
251 586069.561522 4509960.547901 1 0.0000
252 585522.757751 4513073.824471 1 0.0000
253 585252.586730 4512260.777144 1 0.0000
254 583332.490303 4506696.834676 1 0.0000
255 585700.288392 4513673.116617 1 0.0000
256 586323.805662 4508132.025329 1 0.0000
257 587229.188962 4513131.971220 1 0.0000
258 585796.149103 4512695.115269 1 0.0000
259 589982.475621 4516978.286176 1 0.0000
260 586571.279930 4516152.575093 1 0.0000
261 589582.468012 4518064.667861 1 0.0000
262 586667.168866 4512418.594863 1 0.0000
263 588418.832761 4516208.684095 1 0.0000
264 583494.890962 4507528.147390 1 0.0000
265 585935.977337 4511067.323337 1 0.0000
266 583542.464161 4506882.670270 1 0.0000
267 586572.687819 4515922.214910 1 0.0000
268 586510.809286 4512127.319980 1 0.0000
269 586481.221681 4511942.621573 1 0.0000
270 586221.284373 4512905.651709 1 0.0000
271 586089.534570 4512005.809684 1 0.0000
272 585796.149103 4512695.115269 1 0.0000
273 587929.611331 4513974.304895 1 0.0000
274 587479.662677 4517089.619535 1 0.0000
275 586863.626814 4512453.439179 1 0.0000
276 586582.368735 4512265.568723 1 0.0000
277 586184.880071 4512837.891668 1 0.0000
278 586019.219130 4514084.784564 1 0.0000
279 585688.299180 4510606.800231 1 0.0000
280 584653.311204 4511153.271287 1 0.0000
281 589613.694824 4521150.748524 1 0.0000
282 585014.447477 4511818.950598 1 0.0000
283 585819.298151 4512161.189498 1 0.0000
284 583609.807821 4506989.786424 1 0.0000
285 586597.826398 4514759.652356 1 0.0000
286 589276.531075 4515925.310693 1 0.0000
287 590918.963035 4524372.972163 1 0.0000
288 585644.180206 4512633.656357 1 0.0000
289 585474.696490 4511755.934607 1 0.0000
290 583139.830322 4507532.941362 1 0.0000
291 585014.447477 4511818.950598 1 0.0000
292 585602.077688 4508625.390130 1 0.0000
293 586701.050195 4513135.704360 1 0.0000
294 585960.378519 4511386.347711 1 0.0000
295 586563.915793 4512226.962546 1 0.0000
296 583429.605418 4506892.354812 1 0.0000
297 585915.544398 4512513.029254 1 0.0000
298 587166.686241 4513348.837060 1 0.0000
299 585796.149103 4512695.115269 1 0.0000
300 588961.829998 4516746.327624 1 0.0000
301 586042.217065 4512574.808207 1 0.0000
302 586863.626814 4512453.439179 1 0.0000
303 585796.149103 4512695.115269 1 0.0000
304 584695.663889 4507782.554027 1 0.0000
305 586851.983312 4512432.280480 1 0.0000
306 583218.651373 4507488.435559 1 0.0000
307 587004.485862 4512393.489205 1 0.0000
308 583424.634627 4507141.564176 1 0.0000
309 583985.740476 4509005.566458 1 0.0000
310 583801.725844 4509804.597158 1 0.0000
311 585675.046390 4514203.362390 1 0.0000
312 584062.046756 4510332.302963 1 0.0000
313 590427.993442 4523309.023810 1 0.0000
314 586775.673672 4515090.482723 1 0.0000
315 584514.887916 4511882.127039 1 0.0000
316 583949.830163 4507529.671330 1 0.0000
317 586167.564437 4512405.284134 1 0.0000
318 586079.865136 4512640.449161 1 0.0000
319 587465.615567 4517519.738677 1 0.0000
320 585300.157613 4510305.268394 1 0.0000
321 586138.912456 4512753.567057 1 0.0000
322 585632.084693 4514122.729208 1 0.0000
323 586715.014390 4511856.609733 1 0.0000
324 586621.464117 4512337.929619 1 0.0000
325 585805.705753 4513327.232303 1 0.0000
326 584635.974052 4509465.186998 1 0.0000
327 585249.806887 4509294.826880 1 0.0000
328 585636.077878 4512649.409993 1 0.0000
329 585449.136970 4514880.943247 1 0.0000
330 585805.705753 4513327.232303 1 0.0000
331 589088.953196 4518692.577417 1 0.0000
332 589455.268104 4517915.421457 1 0.0000
333 586229.627510 4508374.431629 1 0.0000
334 583609.807821 4506989.786424 1 0.0000
335 585843.735254 4514268.364177 1 0.0000
336 585639.927342 4509770.379693 1 0.0000
337 585206.745380 4510614.113346 1 0.0000
338 588977.745061 4517835.926009 1 0.0000
339 585644.180206 4512633.656357 1 0.0000
340 583976.758692 4507573.248662 1 0.0000
341 587114.304190 4513854.091720 1 0.0000
342 588157.487892 4517267.693643 1 0.0000
343 584042.905447 4508936.130687 1 0.0000
344 589974.302629 4523063.714631 1 0.0000
345 583278.416798 4507886.478491 1 0.0000
346 585885.290164 4512279.871151 1 0.0000
347 586997.086196 4513283.520563 1 0.0000
348 585796.149103 4512695.115269 1 0.0000
349 587887.785151 4515211.034979 1 0.0000
350 584112.799651 4507374.287524 1 0.0000
351 586849.905269 4512106.500988 1 0.0000
352 589480.887952 4521332.682405 1 0.0000
353 587500.510306 4512186.133662 1 0.0000
354 583888.590182 4506939.937486 1 0.0000
355 585799.226044 4512291.383752 1 0.0000
356 586042.217065 4512574.808207 1 0.0000
357 586664.707333 4512741.579975 1 0.0000
358 584303.184938 4507647.966665 1 0.0000
359 586396.035345 4512679.401326 1 0.0000
360 586846.104513 4513081.897085 1 0.0000
361 587600.732417 4512777.537988 1 0.0000
362 586450.141628 4512343.596427 1 0.0000
363 586667.168866 4512418.594863 1 0.0000
364 586148.856178 4513191.271512 1 0.0000
365 586502.837455 4511462.920403 1 0.0000
366 583915.236648 4511583.364964 1 0.0000
367 585607.834013 4512346.797607 1 0.0000
368 585849.526602 4513813.774761 1 0.0000
369 589049.288227 4515864.211133 1 0.0000
370 584768.479213 4509951.212796 1 0.0000
371 587030.945557 4512718.937151 1 0.0000
372 586513.149204 4512135.879392 1 0.0000
373 583382.720455 4507397.057293 1 0.0000
374 586536.141634 4512631.936129 1 0.0000
375 585713.821077 4511308.880139 1 0.0000
376 584062.046756 4510332.302963 1 0.0000
377 586667.168866 4512418.594863 1 0.0000
378 585591.130842 4513037.122159 1 0.0000
379 588256.339211 4514637.771033 1 0.0000
380 586329.649519 4512728.924898 1 0.0000
381 583500.710553 4506428.153568 1 0.0000
382 586778.737259 4512629.214550 1 0.0000
383 584925.787872 4510239.449002 1 0.0000
384 585535.971909 4512154.913758 1 0.0000
385 585338.957948 4510029.017769 1 0.0000
386 586108.658730 4512306.489677 1 0.0000
387 584109.653166 4507784.413702 1 0.0000
388 591593.435214 4525058.707841 1 0.0000
389 588709.866057 4514951.023234 1 0.0000
390 588709.866057 4514951.023234 1 0.0000
391 586473.311976 4511406.513865 1 0.0000
392 586622.562354 4512990.368516 1 0.0000
393 585959.667267 4514149.622878 1 0.0000
394 588732.999365 4517786.510082 1 0.0000
395 586002.641065 4510725.872112 1 0.0000
396 587057.055510 4512486.725477 1 0.0000
397 586672.976649 4511775.072422 1 0.0000
398 586749.834926 4512571.597111 1 0.0000
399 583155.473500 4507523.978607 1 0.0000
400 586100.181674 4514039.693500 1 0.0000
401 584112.799651 4507374.287524 1 0.0000
402 587519.750456 4518197.164857 1 0.0000
403 586825.684105 4515755.670208 1 0.0000
404 583617.923085 4506678.448839 1 0.0000
405 586101.636062 4515569.452452 1 0.0000
406 585190.378467 4513521.339851 1 0.0000
407 584984.274739 4513183.180419 1 0.0000
408 586721.467082 4516022.949022 1 0.0000
409 586007.759590 4511079.111821 1 0.0000
410 588622.394046 4519388.444319 1 0.0000
411 585562.305299 4512839.024988 1 0.0000
412 583799.004674 4506323.980436 1 0.0000
413 586042.217065 4512574.808207 1 0.0000
414 588489.768052 4515626.541538 1 0.0000
415 584061.458699 4507708.293311 1 0.0000
416 584089.404461 4512210.345486 1 0.0000
417 586372.508963 4512203.450741 1 0.0000
418 583431.492625 4506699.790094 1 0.0000
419 586221.284373 4512905.651709 1 0.0000
420 585984.188189 4515206.399567 1 0.0000
421 591687.726150 4525020.778712 1 0.0000
422 583358.734406 4506399.112095 1 0.0000
423 585567.368485 4510602.679647 1 0.0000
424 585706.848243 4509352.749751 1 0.0000
425 589837.680301 4518959.835549 1 0.0000
426 589637.743435 4519817.511325 1 0.0000
427 587193.649120 4512533.686188 1 0.0000
428 586329.649519 4512728.924898 1 0.0000
429 587640.610505 4512486.974879 1 0.0000
430 586089.534570 4512005.809684 1 0.0000
431 584266.911330 4511394.478759 1 0.0000
432 585034.458312 4513592.697878 1 0.0000
433 585644.180206 4512633.656357 1 0.0000
434 591651.513610 4525683.469217 1 0.0000
435 584756.780108 4510951.500924 1 0.0000
436 584652.542594 4511728.893321 1 0.0000
437 583424.634627 4507141.564176 1 0.0000
438 586142.371997 4514107.823813 1 0.0000
439 585632.084693 4514122.729208 1 0.0000
440 591808.458281 4525469.508655 1 0.0000
441 585644.180206 4512633.656357 1 0.0000
442 585907.540777 4513322.297933 1 0.0000
443 583139.830322 4507532.941362 1 0.0000
444 589414.356211 4519712.267687 1 0.0000
445 588489.768052 4515626.541538 1 0.0000
446 586487.562818 4511760.466588 1 0.0000
447 585885.290164 4512279.871151 1 0.0000
448 583379.749228 4506480.407425 1 0.0000
449 586510.809286 4512127.319980 1 0.0000
450 583744.286205 4509256.043927 1 0.0000
451 585639.927342 4509770.379693 1 0.0000
452 587080.013009 4512531.172458 1 0.0000
453 586202.770403 4511561.890121 1 0.0000
454 584458.903670 4511366.498005 1 0.0000
455 586386.637639 4512594.883439 1 0.0000
456 585532.645872 4512206.069899 1 0.0000
457 585943.322649 4512963.429851 1 0.0000
458 585796.149103 4512695.115269 1 0.0000
459 586019.449423 4511871.844232 1 0.0000
460 585014.952497 4511614.178746 1 0.0000
461 586676.570992 4511539.862131 1 0.0000
462 584503.693743 4509467.642648 1 0.0000
463 586582.368735 4512265.568723 1 0.0000
464 584405.530777 4507838.977382 1 0.0000
465 583993.739904 4509079.097107 1 0.0000
466 583966.611719 4507045.956542 1 0.0000
467 588732.999365 4517786.510082 1 0.0000
468 586682.714739 4509207.842380 1 0.0000
469 586329.649519 4512728.924898 1 0.0000
470 587427.106433 4512691.149903 1 0.0000
471 588120.008618 4514995.494948 1 0.0000
472 587887.785151 4515211.034979 1 0.0000
473 585236.947267 4508443.880968 1 0.0000
474 585109.073989 4510761.708006 1 0.0000
475 585967.018739 4512434.994901 1 0.0000
476 585819.298151 4512161.189498 1 0.0000
477 583385.488561 4506190.374819 1 0.0000
478 587554.311559 4514390.860863 1 0.0000
479 585907.539057 4511503.980180 1 0.0000
480 584488.204498 4510559.913074 1 0.0000
481 587024.117060 4512622.868756 1 0.0000
482 586667.168866 4512418.594863 1 0.0000
483 583835.938942 4509369.227551 1 0.0000
484 586221.284373 4512905.651709 1 0.0000
485 585491.747384 4512131.554864 1 0.0000
486 588418.832761 4516208.684095 1 0.0000
487 585328.214927 4511828.010181 1 0.0000
488 585562.305299 4512839.024988 1 0.0000
489 583559.153889 4507879.009909 1 0.0000
490 583476.640072 4507391.422292 1 0.0000
491 584740.747286 4512492.327578 1 0.0000
492 585772.021170 4513395.107554 1 0.0000
493 586851.983312 4512432.280480 1 0.0000
494 586265.658344 4515054.804864 1 0.0000
495 585973.561070 4515122.782446 1 0.0000
496 585197.142975 4507416.800905 1 0.0000
497 586396.035345 4512679.401326 1 0.0000
498 585796.149103 4512695.115269 1 0.0000
499 586359.376296 4512633.883064 1 0.0000
500 585796.149103 4512695.115269 1 0.0000
501 586019.219130 4514084.784564 1 0.0000
502 583429.605418 4506892.354812 1 0.0000
503 589582.468012 4518064.667861 1 0.0000
504 586863.626814 4512453.439179 1 0.0000
505 591688.623207 4525022.313153 1 0.0000
506 587770.801651 4513229.562061 1 0.0000
507 585146.532443 4510549.739250 1 0.0000
508 584652.542594 4511728.893321 1 0.0000
509 586042.217065 4512574.808207 1 0.0000
510 586117.464607 4512710.356362 1 0.0000
511 585452.268240 4512387.077578 1 0.0000
512 587671.330583 4514283.710481 1 0.0000
513 587949.065308 4519216.817535 1 0.0000
514 585915.544398 4512513.029254 1 0.0000
515 586051.682024 4513883.423581 1 0.0000
516 585252.586730 4512260.777144 1 0.0000
517 583543.922526 4509162.954058 1 0.0000
518 586504.437073 4512633.097876 1 0.0000
519 583916.006910 4507797.140578 1 0.0000
520 585918.374865 4512344.850972 1 0.0000
521 583548.983151 4507059.484905 1 0.0000
522 586396.035345 4512679.401326 1 0.0000
523 583534.881238 4506745.762219 1 0.0000
524 583796.423860 4508664.859366 1 0.0000
525 584749.795936 4512767.905414 1 0.0000
526 587069.533877 4512835.783795 1 0.0000
527 587929.611331 4513974.304895 1 0.0000
528 586667.168866 4512418.594863 1 0.0000
529 584848.356718 4509814.081436 1 0.0000
530 586621.464117 4512337.929619 1 0.0000
531 583382.720455 4507397.057293 1 0.0000
532 583573.326731 4506928.730493 1 0.0000
533 586536.128200 4512178.498472 1 0.0000
534 586536.128200 4512178.498472 1 0.0000
535 585060.946664 4513969.034574 1 0.0000
536 583842.532146 4509084.687630 1 0.0000
537 589197.401643 4520832.732827 1 0.0000
538 586726.735259 4512860.522007 1 0.0000
539 588053.997825 4518245.920757 1 0.0000
540 585379.551739 4514729.917746 1 0.0000
541 585805.705753 4513327.232303 1 0.0000
542 584544.679309 4510069.640797 1 0.0000
543 588340.754251 4513755.013913 1 0.0000
544 584112.799651 4507374.287524 1 0.0000
545 585796.149103 4512695.115269 1 0.0000
546 586703.867614 4512487.272235 1 0.0000
547 586273.310320 4510933.733151 1 0.0000
548 586071.732264 4510866.835251 1 0.0000
549 587763.391326 4518957.811171 1 0.0000
550 585665.768831 4510364.284369 1 0.0000
551 587215.872241 4514006.395618 1 0.0000
552 587548.405673 4517688.589937 1 0.0000
553 583776.620239 4506844.807866 1 0.0000
554 585796.149103 4512695.115269 1 0.0000
555 587934.034756 4513051.326638 1 0.0000
556 586367.605230 4516510.138617 1 0.0000
557 585911.242565 4511767.307909 1 0.0000
558 587114.304190 4513854.091720 1 0.0000
559 585575.601693 4512287.312480 1 0.0000
560 583500.777559 4507037.910519 1 0.0000
561 586743.191936 4512887.220323 1 0.0000
562 585730.148900 4512149.202638 1 0.0000
563 586329.649519 4512728.924898 1 0.0000
564 586089.534570 4512005.809684 1 0.0000
565 586537.993164 4511854.287762 1 0.0000
566 585474.696490 4511755.934607 1 0.0000
567 586317.697716 4514472.755381 1 0.0000
568 585791.186433 4513665.315263 1 0.0000
569 586036.763200 4511582.549087 1 0.0000
570 589269.599097 4521716.063290 1 0.0000
571 585796.149103 4512695.115269 1 0.0000
572 588634.305378 4516393.369917 1 0.0000
573 586932.295255 4512257.061686 1 0.0000
574 586053.094276 4513171.287561 1 0.0000
575 587501.600095 4514390.259786 1 0.0000
576 586081.011303 4512646.861818 1 0.0000
577 585918.128698 4509236.617183 1 0.0000
578 586102.163835 4511699.700200 1 0.0000
579 585394.160975 4512779.820133 1 0.0000
580 585050.453257 4509995.868171 1 0.0000
581 585400.665661 4510871.684594 1 0.0000
582 587057.055510 4512486.725477 1 0.0000
583 589624.799167 4516757.542868 1 0.0000
584 584089.404461 4512210.345486 1 0.0000
585 586473.311976 4511406.513865 1 0.0000
586 583825.020345 4508909.880365 1 0.0000
587 586621.464117 4512337.929619 1 0.0000
588 585644.180206 4512633.656357 1 0.0000
589 584728.421719 4509481.781499 1 0.0000
590 585668.702589 4508233.659406 1 0.0000
591 583535.090472 4506968.213988 1 0.0000
592 586293.658905 4515138.011088 1 0.0000
593 584677.253415 4511619.472913 1 0.0000
594 584586.020611 4511843.931397 1 0.0000
595 585479.529926 4509887.091892 1 0.0000
596 586100.181674 4514039.693500 1 0.0000
597 586563.915793 4512226.962546 1 0.0000
598 583417.926918 4506205.065408 1 0.0000
599 583603.432945 4508218.674768 1 0.0000
600 585182.373444 4513715.665552 1 0.0000
601 585644.180206 4512633.656357 1 0.0000
602 586885.140936 4513480.318884 1 0.0000
603 586443.590272 4512009.233297 1 0.0000
604 586482.441985 4513012.235484 1 0.0000
605 585499.693557 4511086.427152 1 0.0000
606 588194.195585 4513833.792044 1 0.0000
607 585796.149103 4512695.115269 1 0.0000
608 583868.283941 4506582.262857 1 0.0000
609 584877.096547 4511785.083884 1 0.0000
610 585866.313036 4511591.881505 1 0.0000
611 588393.072636 4518708.105006 1 0.0000
612 583661.631815 4506854.163992 1 0.0000
613 585796.149103 4512695.115269 1 0.0000
614 585431.414780 4513949.488293 1 0.0000
615 584583.441815 4511134.191474 1 0.0000
616 586463.133926 4511711.431473 1 0.0000
617 586202.770403 4511561.890121 1 0.0000
618 585891.055791 4514073.572007 1 0.0000
619 588255.766379 4518322.880567 1 0.0000
620 586487.562818 4511760.466588 1 0.0000
621 584089.404461 4512210.345486 1 0.0000
622 585499.493303 4511879.632905 1 0.0000
623 585567.368485 4510602.679647 1 0.0000
624 586396.035345 4512679.401326 1 0.0000
625 588395.039019 4516932.454796 1 0.0000
626 589814.161201 4517762.272135 1 0.0000
627 584265.037512 4507759.976285 1 0.0000
628 588797.629507 4513079.145496 1 0.0000
629 585860.473094 4512238.145472 1 0.0000
630 585917.788446 4510229.721870 1 0.0000
631 584879.880309 4511781.458718 1 0.0000
632 585149.774396 4511495.651285 1 0.0000
633 583351.498188 4506552.916038 1 0.0000
634 589155.519163 4521779.059945 1 0.0000
635 585885.290164 4512279.871151 1 0.0000
636 586959.767490 4513215.749016 1 0.0000
637 587699.740186 4514571.699924 1 0.0000
638 587501.600095 4514390.259786 1 0.0000
639 583669.860549 4509235.693966 1 0.0000
640 583918.077513 4509194.030846 1 0.0000
641 586831.653126 4515312.355357 1 0.0000
642 583544.723041 4506657.502999 1 0.0000
643 586329.649519 4512728.924898 1 0.0000
644 586536.128200 4512178.498472 1 0.0000
645 585269.918398 4512397.798052 1 0.0000
646 584025.423346 4507982.745897 1 0.0000
647 586081.011303 4512646.861818 1 0.0000
648 587177.091835 4512542.639577 1 0.0000
649 585914.375327 4512909.772101 1 0.0000
650 587490.680460 4517085.478774 1 0.0000
651 585008.067291 4511228.923935 1 0.0000
652 585796.149103 4512695.115269 1 0.0000
653 586494.539867 4508070.890716 1 0.0000
654 585342.382090 4513258.872716 1 0.0000
655 586524.663100 4511499.736057 1 0.0000
656 586019.219130 4514084.784564 1 0.0000
657 585044.919178 4507779.217047 1 0.0000
658 585838.698075 4507568.241147 1 0.0000
659 585796.149103 4512695.115269 1 0.0000
660 586007.759590 4511079.111821 1 0.0000
661 586117.464607 4512710.356362 1 0.0000
662 583551.851697 4506673.734510 1 0.0000
663 586250.777754 4512216.081110 1 0.0000
664 584089.404461 4512210.345486 1 0.0000
665 588307.938453 4518798.248595 1 0.0000
666 586622.562354 4512990.368516 1 0.0000
667 585014.952497 4511614.178746 1 0.0000
668 587191.208023 4513630.381666 1 0.0000
669 583877.676665 4506479.981467 1 0.0000
670 584481.956996 4510011.638083 1 0.0000
671 587748.446842 4514335.479609 1 0.0000
672 587899.008885 4519063.575730 1 0.0000
673 586071.031331 4514057.340214 1 0.0000
674 583385.488561 4506190.374819 1 0.0000
675 583564.339206 4506700.997412 1 0.0000
676 586595.510304 4511861.037234 1 0.0000
677 586667.168866 4512418.594863 1 0.0000
678 584252.626078 4507538.604047 1 0.0000
679 585441.199084 4514347.576871 1 0.0000
680 586329.649519 4512728.924898 1 0.0000
681 585978.704690 4511141.859658 1 0.0000
682 589688.454078 4521462.429687 1 0.0000
683 586089.534570 4512005.809684 1 0.0000
684 583424.634627 4507141.564176 1 0.0000
685 585791.186433 4513665.315263 1 0.0000
686 586293.658905 4515138.011088 1 0.0000
687 583417.926918 4506205.065408 1 0.0000
688 589847.232328 4523036.666515 1 0.0000
689 586667.168866 4512418.594863 1 0.0000
690 589496.277484 4517285.397942 1 0.0000
691 585866.313036 4511591.881505 1 0.0000
692 586832.703774 4514889.432464 1 0.0000
693 585796.149103 4512695.115269 1 0.0000
694 586035.500002 4512255.071085 1 0.0000
695 591232.176251 4524938.173989 1 0.0000
696 590114.737522 4522533.861871 1 0.0000
697 586221.284373 4512905.651709 1 0.0000
698 586042.217065 4512574.808207 1 0.0000
699 585918.374865 4512344.850972 1 0.0000
700 583551.845270 4506486.938196 1 0.0000
701 587949.065308 4519216.817535 1 0.0000
702 586536.128200 4512178.498472 1 0.0000
703 586329.649519 4512728.924898 1 0.0000
704 584825.353705 4511004.086053 1 0.0000
705 588078.304558 4512986.235039 1 0.0000
706 587364.041263 4518303.263040 1 0.0000
707 585050.453257 4509995.868171 1 0.0000
708 583868.283941 4506582.262857 1 0.0000
709 589977.979729 4523061.928631 1 0.0000
710 587860.494129 4514103.027596 1 0.0000
711 586499.546255 4511778.582147 1 0.0000
712 586720.767534 4514988.381715 1 0.0000
713 584601.946451 4508466.208182 1 0.0000
714 583345.314257 4506560.767880 1 0.0000
715 583573.326731 4506928.730493 1 0.0000
716 588839.561648 4517367.195467 1 0.0000
717 587421.413435 4513057.065827 1 0.0000
718 590391.555949 4522950.545899 1 0.0000
719 585785.620749 4513832.853762 1 0.0000
720 585496.126183 4512816.939984 1 0.0000
721 585562.305299 4512839.024988 1 0.0000
722 588456.808565 4513598.790386 1 0.0000
723 591230.675874 4524776.038495 1 0.0000
724 583417.926918 4506205.065408 1 0.0000
725 585758.243764 4512785.796760 1 0.0000
726 589700.117179 4522496.523322 1 0.0000
727 585458.184601 4508791.351963 1 0.0000
728 588489.768052 4515626.541538 1 0.0000
729 586811.830215 4515233.509442 1 0.0000
730 587634.480254 4518290.807123 1 0.0000
731 586646.736375 4512660.621769 1 0.0000
732 584034.340053 4508510.938798 1 0.0000
733 586530.371014 4512496.569843 1 0.0000
734 585915.544398 4512513.029254 1 0.0000
735 585665.768831 4510364.284369 1 0.0000
736 586721.467082 4516022.949022 1 0.0000
737 585479.529926 4509887.091892 1 0.0000
738 588974.230480 4518010.497699 1 0.0000
739 585984.710009 4512914.840549 1 0.0000
740 588784.442628 4518406.008557 1 0.0000
741 583843.781731 4509081.959542 1 0.0000
742 586001.122530 4508156.691646 1 0.0000
743 586239.371136 4511826.507131 1 0.0000
744 588157.487892 4517267.693643 1 0.0000
745 587156.628784 4516797.355088 1 0.0000
746 590122.816522 4523854.976278 1 0.0000
747 586536.141634 4512631.936129 1 0.0000
748 586053.094276 4513171.287561 1 0.0000
749 588965.106910 4518756.986866 1 0.0000
750 586664.339944 4513067.941536 1 0.0000
751 584984.274739 4513183.180419 1 0.0000
752 588157.896540 4514532.126816 1 0.0000
753 586089.534570 4512005.809684 1 0.0000
754 589299.037653 4521699.944129 1 0.0000
755 588752.480109 4515757.219183 1 0.0000
756 583417.926918 4506205.065408 1 0.0000
757 586537.993164 4511854.287762 1 0.0000
758 586239.371136 4511826.507131 1 0.0000
759 585562.305299 4512839.024988 1 0.0000
760 585341.242646 4511272.943725 1 0.0000
761 588015.447607 4513555.059778 1 0.0000
762 583731.412669 4506827.532376 1 0.0000
763 588626.724950 4515401.077652 1 0.0000
764 585562.305299 4512839.024988 1 0.0000
765 586198.519719 4511881.502924 1 0.0000
766 587113.121818 4517192.094648 1 0.0000
767 585474.696490 4511755.934607 1 0.0000
768 583143.916287 4507200.837535 1 0.0000
769 586231.599682 4510154.676948 1 0.0000
770 587807.938936 4513767.834955 1 0.0000
771 585014.952497 4511614.178746 1 0.0000
772 584804.943651 4508221.081532 1 0.0000
773 585639.927342 4509770.379693 1 0.0000
774 585376.149369 4511418.696917 1 0.0000
775 583143.916287 4507200.837535 1 0.0000
776 584265.037512 4507759.976285 1 0.0000
777 586851.983312 4512432.280480 1 0.0000
778 589494.006215 4515907.677190 1 0.0000
779 584545.105357 4511048.735858 1 0.0000
780 586206.656065 4512477.950256 1 0.0000
781 586081.011303 4512646.861818 1 0.0000
782 585449.040985 4513472.484058 1 0.0000
783 587057.055510 4512486.725477 1 0.0000
784 587543.466880 4514700.647827 1 0.0000
785 586563.915793 4512226.962546 1 0.0000
786 590366.723517 4523684.366999 1 0.0000
787 585200.657813 4512164.805060 1 0.0000
788 586036.763200 4511582.549087 1 0.0000
789 586392.840231 4511970.259677 1 0.0000
790 586321.476126 4516226.214112 1 0.0000
791 585535.971909 4512154.913758 1 0.0000
792 585959.667267 4514149.622878 1 0.0000
793 584744.913679 4512768.459057 1 0.0000
794 585339.155246 4507870.938164 1 0.0000
795 583417.926918 4506205.065408 1 0.0000
796 585947.237840 4511416.365555 1 0.0000
797 584089.404461 4512210.345486 1 0.0000
798 584130.771874 4507080.431811 1 0.0000
799 585976.866297 4511142.752039 1 0.0000
800 585586.708466 4512409.025689 1 0.0000
801 588157.487892 4517267.693643 1 0.0000
802 583719.077601 4509382.524062 1 0.0000
803 585572.502156 4512184.888666 1 0.0000
804 586863.626814 4512453.439179 1 0.0000
805 585575.964050 4510142.333442 1 0.0000
806 585639.927342 4509770.379693 1 0.0000
807 586536.128200 4512178.498472 1 0.0000
808 586536.141634 4512631.936129 1 0.0000
809 584219.721684 4509330.937281 1 0.0000
810 586234.145346 4511616.489655 1 0.0000
811 587990.645241 4519071.325296 1 0.0000
812 585488.312894 4512459.709004 1 0.0000
813 588449.364938 4519409.935386 1 0.0000
814 584089.404461 4512210.345486 1 0.0000
815 584433.037068 4511898.258853 1 0.0000
816 588773.162245 4516108.200468 1 0.0000
817 583455.218572 4506944.450525 1 0.0000
818 583260.766256 4506278.543426 1 0.0000
819 589221.628627 4515502.022073 1 0.0000
820 586333.213948 4514929.417200 1 0.0000
821 583332.490303 4506696.834676 1 0.0000
822 583976.758692 4507573.248662 1 0.0000
823 585713.821077 4511308.880139 1 0.0000
824 584925.787872 4510239.449002 1 0.0000
825 585014.952497 4511614.178746 1 0.0000
826 587200.042000 4517693.454392 1 0.0000
827 585915.544398 4512513.029254 1 0.0000
828 586206.656065 4512477.950256 1 0.0000
829 585796.149103 4512695.115269 1 0.0000
830 583603.432945 4508218.674768 1 0.0000
831 586473.311976 4511406.513865 1 0.0000
832 585674.598493 4512371.021885 1 0.0000
833 584854.616996 4508970.057338 1 0.0000
834 586775.673672 4515090.482723 1 0.0000
835 586451.889879 4512350.624576 1 0.0000
836 584723.242346 4511327.457540 1 0.0000
837 588646.969370 4512849.185865 1 0.0000
838 585252.586730 4512260.777144 1 0.0000
839 586885.140936 4513480.318884 1 0.0000
840 586622.562354 4512990.368516 1 0.0000
841 585572.502156 4512184.888666 1 0.0000
842 588221.425852 4517326.016576 1 0.0000
843 583417.926918 4506205.065408 1 0.0000
844 586231.179695 4512919.782413 1 0.0000
845 586265.044419 4510081.008812 1 0.0000
846 587186.882458 4513983.210022 1 0.0000
847 585805.705753 4513327.232303 1 0.0000
848 586604.486723 4512490.710327 1 0.0000
849 585562.305299 4512839.024988 1 0.0000
850 586720.767534 4514988.381715 1 0.0000
851 586604.486723 4512490.710327 1 0.0000
852 584425.801728 4508761.616392 1 0.0000
853 586863.626814 4512453.439179 1 0.0000
854 588513.583686 4513750.888525 1 0.0000
855 586627.317407 4511690.446581 1 0.0000
856 584089.404461 4512210.345486 1 0.0000
857 585474.696490 4511755.934607 1 0.0000
858 585054.733618 4511893.763286 1 0.0000
859 586071.031331 4514057.340214 1 0.0000
860 587335.418370 4512367.091204 1 0.0000
861 589088.953196 4518692.577417 1 0.0000
862 586947.093492 4512937.386760 1 0.0000
863 585796.149103 4512695.115269 1 0.0000
864 583609.807821 4506989.786424 1 0.0000
865 585872.325348 4514433.548868 1 0.0000
866 586988.116713 4512359.172977 1 0.0000
867 585644.180206 4512633.656357 1 0.0000
868 590427.993442 4523309.023810 1 0.0000
869 583278.416798 4507886.478491 1 0.0000
870 587629.163362 4514855.208525 1 0.0000
871 585459.534033 4511642.402831 1 0.0000
872 585114.293700 4511426.988391 1 0.0000
873 583928.851640 4511752.338390 1 0.0000
874 583500.710553 4506428.153568 1 0.0000
875 583676.860828 4507095.680195 1 0.0000
876 584162.160356 4507454.993230 1 0.0000
877 588683.943825 4515327.071738 1 0.0000
878 584849.203143 4510007.288512 1 0.0000
879 584268.057463 4506905.862038 1 0.0000
880 587185.101104 4514032.555500 1 0.0000
881 586667.168866 4512418.594863 1 0.0000
882 584460.189565 4511200.132383 1 0.0000
883 585644.180206 4512633.656357 1 0.0000
884 587252.832406 4517393.286883 1 0.0000
885 583542.464161 4506882.670270 1 0.0000
886 588717.868879 4516547.908160 1 0.0000
887 585905.760181 4511339.101589 1 0.0000
888 586752.015181 4511925.594956 1 0.0000
889 586959.767490 4513215.749016 1 0.0000
890 585506.400494 4512450.163378 1 0.0000
891 589407.037793 4521261.751038 1 0.0000
892 587094.835290 4512781.524632 1 0.0000
893 585600.316419 4511936.851188 1 0.0000
894 586537.993164 4511854.287762 1 0.0000
895 586492.888450 4516506.691863 1 0.0000
896 586042.217065 4512574.808207 1 0.0000
897 585988.614148 4514203.279938 1 0.0000
898 588784.442628 4518406.008557 1 0.0000
899 586042.217065 4512574.808207 1 0.0000
900 586221.284373 4512905.651709 1 0.0000
901 588062.592246 4514284.817470 1 0.0000
902 588976.834308 4520400.238045 1 0.0000
903 585910.154614 4512905.762966 1 0.0000
904 584962.106505 4511143.990271 1 0.0000
905 589099.411311 4516118.623959 1 0.0000
906 585749.840144 4511678.012457 1 0.0000
907 585758.243764 4512785.796760 1 0.0000
908 584056.058036 4508584.015768 1 0.0000
909 584833.717644 4508584.338968 1 0.0000
910 588811.247392 4517926.055855 1 0.0000
911 586259.172715 4514875.245094 1 0.0000
912 586749.834926 4512571.597111 1 0.0000
913 587930.180877 4514539.282663 1 0.0000
914 587057.055510 4512486.725477 1 0.0000
915 588960.516577 4519693.681619 1 0.0000
916 585848.289203 4514724.291815 1 0.0000
917 585986.205892 4509921.506650 1 0.0000
918 584529.361298 4507722.153455 1 0.0000
919 586851.983312 4512432.280480 1 0.0000
920 585918.374865 4512344.850972 1 0.0000
921 583747.600910 4506583.326783 1 0.0000
922 585474.696490 4511755.934607 1 0.0000
923 583143.916287 4507200.837535 1 0.0000
924 585796.149103 4512695.115269 1 0.0000
925 586544.850399 4508897.887074 1 0.0000
926 585441.199084 4514347.576871 1 0.0000
927 586100.181674 4514039.693500 1 0.0000
928 586591.473355 4511626.960103 1 0.0000
929 585915.544398 4512513.029254 1 0.0000
930 589688.454078 4521462.429687 1 0.0000
931 585959.667267 4514149.622878 1 0.0000
932 588733.220345 4518141.221681 1 0.0000
933 586537.993164 4511854.287762 1 0.0000
934 586615.189791 4516524.236811 1 0.0000
935 586999.538013 4513282.329226 1 0.0000
936 585796.149103 4512695.115269 1 0.0000
937 588519.593116 4519103.870699 1 0.0000
938 589434.574300 4521625.917032 1 0.0000
939 586322.900600 4512732.809739 1 0.0000
940 589125.857092 4520319.356047 1 0.0000
941 584112.799651 4507374.287524 1 0.0000
942 586925.390728 4513504.851082 1 0.0000
943 586329.649519 4512728.924898 1 0.0000
944 589823.409332 4522720.995396 1 0.0000
945 591259.559163 4524648.379556 1 0.0000
946 589047.430916 4517897.971672 1 0.0000
947 586515.817002 4515484.583431 1 0.0000
948 584089.404461 4512210.345486 1 0.0000
949 585644.180206 4512633.656357 1 0.0000
950 585918.374865 4512344.850972 1 0.0000
951 585200.657813 4512164.805060 1 0.0000
952 585513.183050 4511079.266969 1 0.0000
953 590755.367059 4524288.825255 1 0.0000
954 586202.770403 4511561.890121 1 0.0000
955 587290.848571 4517827.352550 1 0.0000
956 583417.926918 4506205.065408 1 0.0000
957 584073.902662 4507418.334849 1 0.0000
958 587182.632704 4513045.812007 1 0.0000
959 585874.297982 4509553.339817 1 0.0000
960 590183.938894 4516734.663103 1 0.0000
961 586667.168866 4512418.594863 1 0.0000
962 584194.679948 4509282.199916 1 0.0000
963 586377.506353 4513262.441651 1 0.0000
964 588800.436638 4516281.904357 1 0.0000
965 585458.184601 4508791.351963 1 0.0000
966 583949.830163 4507529.671330 1 0.0000
967 585713.821077 4511308.880139 1 0.0000
968 587665.968349 4518175.063622 1 0.0000
969 586481.221681 4511942.621573 1 0.0000
970 589415.197946 4518169.111490 1 0.0000
971 584659.106934 4511741.157408 1 0.0000
972 583500.777559 4507037.910519 1 0.0000
973 589470.956270 4517207.707337 1 0.0000
974 589338.264320 4521680.583851 1 0.0000
975 585885.290164 4512279.871151 1 0.0000
976 584112.799651 4507374.287524 1 0.0000
977 589727.624572 4516799.550005 1 0.0000
978 586811.830215 4515233.509442 1 0.0000
979 587367.408139 4514186.084964 1 0.0000
980 583424.634627 4507141.564176 1 0.0000
981 586664.339944 4513067.941536 1 0.0000
982 587828.592958 4519012.187063 1 0.0000
983 585873.355475 4513995.664137 1 0.0000
984 586751.967701 4512250.740907 1 0.0000
985 585496.674061 4513544.333604 1 0.0000
986 588157.487892 4517267.693643 1 0.0000
987 586539.604893 4512836.143984 1 0.0000
988 585562.305299 4512839.024988 1 0.0000
989 583800.206154 4507289.062121 1 0.0000
990 589054.137110 4518806.150407 1 0.0000
991 588489.768052 4515626.541538 1 0.0000
992 586019.219130 4514084.784564 1 0.0000
993 585900.983669 4514726.415323 1 0.0000
994 586286.259050 4510572.777452 1 0.0000
995 586392.840231 4511970.259677 1 0.0000
996 585347.288130 4512534.283832 1 0.0000
997 586510.809286 4512127.319980 1 0.0000
998 586846.104513 4513081.897085 1 0.0000
999 584753.382090 4507129.267262 1 0.0000
1000 586618.127848 4516827.782606 1 0.0000
1001 589232.374695 4516323.700943 1 0.0000
1002 583417.926918 4506205.065408 1 0.0000
1003 586110.525388 4514682.790151 1 0.0000
1004 587600.732417 4512777.537988 1 0.0000
1005 585967.018739 4512434.994901 1 0.0000
1006 590939.589045 4524755.040338 1 0.0000
1007 583869.021147 4507400.766013 1 0.0000
1008 583993.739904 4509079.097107 1 0.0000
1009 584601.946451 4508466.208182 1 0.0000
1010 584031.504466 4510579.088858 1 0.0000
1011 586502.837455 4511462.920403 1 0.0000
1012 590391.555949 4522950.545899 1 0.0000
1013 586053.094276 4513171.287561 1 0.0000
1014 587887.785151 4515211.034979 1 0.0000
1015 585639.927342 4509770.379693 1 0.0000
1016 586329.649519 4512728.924898 1 0.0000
1017 586338.338316 4512554.718500 1 0.0000
1018 586863.626814 4512453.439179 1 0.0000
1019 585441.199084 4514347.576871 1 0.0000
1020 588721.517479 4514944.756815 1 0.0000
1021 586616.409202 4515428.441154 1 0.0000
1022 586536.141634 4512631.936129 1 0.0000
1023 585182.373444 4513715.665552 1 0.0000
1024 584178.659502 4509538.293657 1 0.0000
1025 586582.368735 4512265.568723 1 0.0000
1026 585796.149103 4512695.115269 1 0.0000
1027 584394.235161 4512094.366180 1 0.0000
1028 586217.267914 4511787.249918 1 0.0000
1029 585337.984292 4511986.885352 1 0.0000
1030 583417.926918 4506205.065408 1 0.0000
1031 585591.130842 4513037.122159 1 0.0000
1032 586662.868384 4512742.473284 1 0.0000
1033 587822.504281 4517916.303244 1 0.0000
1034 585231.292537 4507709.423248 1 0.0000
1035 586232.245048 4511943.747111 1 0.0000
1036 589455.268104 4517915.421457 1 0.0000
1037 585839.167689 4512957.976357 1 0.0000
1038 583351.498188 4506552.916038 1 0.0000
1039 589455.155491 4519047.501334 1 0.0000
1040 585796.149103 4512695.115269 1 0.0000
1041 584022.537191 4507165.741478 1 0.0000
1042 583489.984131 4506781.512847 1 0.0000
1043 588288.842144 4514620.162821 1 0.0000
1044 586364.321213 4513269.605368 1 0.0000
1045 586752.015181 4511925.594956 1 0.0000
1046 586563.915793 4512226.962546 1 0.0000
1047 590122.816522 4523854.976278 1 0.0000
1048 588393.072636 4518708.105006 1 0.0000
1049 583976.758692 4507573.248662 1 0.0000
1050 589279.045542 4520968.356130 1 0.0000
1051 589737.876861 4520576.220462 1 0.0000
1052 586464.902211 4511395.752017 1 0.0000
1053 585937.815757 4511066.429835 1 0.0000
1054 585870.800250 4512829.437141 1 0.0000
1055 583218.651373 4507488.435559 1 0.0000
1056 586035.500002 4512255.071085 1 0.0000
1057 586966.487862 4516449.013330 1 0.0000
1058 585562.305299 4512839.024988 1 0.0000
1059 586622.562354 4512990.368516 1 0.0000
1060 587905.853599 4518917.687842 1 0.0000
1061 584651.402100 4508645.646510 1 0.0000
1062 586100.181674 4514039.693500 1 0.0000
1063 586829.790096 4516143.942726 1 0.0000
1064 586359.376296 4512633.883064 1 0.0000
1065 584062.046756 4510332.302963 1 0.0000
1066 585987.080288 4514204.176949 1 0.0000
1067 586390.278637 4511579.872635 1 0.0000
1068 586329.649519 4512728.924898 1 0.0000
1069 584110.304299 4510723.817539 1 0.0000
1070 585799.226044 4512291.383752 1 0.0000
1071 584984.274739 4513183.180419 1 0.0000
1072 585386.428724 4508402.616326 1 0.0000
1073 585664.136753 4512085.676981 1 0.0000
1074 583603.432945 4508218.674768 1 0.0000
1075 585644.180206 4512633.656357 1 0.0000
1076 585317.173618 4511807.468287 1 0.0000
1077 583379.749228 4506480.407425 1 0.0000
1078 584514.887916 4511882.127039 1 0.0000
1079 585796.149103 4512695.115269 1 0.0000
1080 586627.317407 4511690.446581 1 0.0000
1081 585441.199084 4514347.576871 1 0.0000
1082 584652.542594 4511728.893321 1 0.0000
1083 586740.494521 4510877.195310 1 0.0000
1084 586217.267914 4511787.249918 1 0.0000
1085 587193.649120 4512533.686188 1 0.0000
1086 585822.398180 4513092.475541 1 0.0000
1087 585809.779684 4513878.838400 1 0.0000
1088 585791.186433 4513665.315263 1 0.0000
1089 585796.149103 4512695.115269 1 0.0000
1090 586138.912456 4512753.567057 1 0.0000
1091 588977.745061 4517835.926009 1 0.0000
1092 585247.824135 4513988.838866 1 0.0000
1093 588200.617398 4517894.713234 1 0.0000
1094 585252.586730 4512260.777144 1 0.0000
1095 586117.464607 4512710.356362 1 0.0000
1096 585606.846361 4512486.960665 1 0.0000
1097 586667.168866 4512418.594863 1 0.0000
1098 586221.284373 4512905.651709 1 0.0000
1099 587156.628784 4516797.355088 1 0.0000
1100 586286.259050 4510572.777452 1 0.0000
1101 586878.928307 4513089.584072 1 0.0000
1102 583278.416798 4507886.478491 1 0.0000
1103 585791.186433 4513665.315263 1 0.0000
1104 586465.735130 4512044.834653 1 0.0000
1105 586221.284373 4512905.651709 1 0.0000
1106 588634.305378 4516393.369917 1 0.0000
1107 587887.785151 4515211.034979 1 0.0000
1108 585866.313036 4511591.881505 1 0.0000
1109 586705.151138 4515101.868704 1 0.0000
1110 584623.495940 4512646.707430 1 0.0000
1111 587770.801651 4513229.562061 1 0.0000
1112 588965.106910 4518756.986866 1 0.0000
1113 586301.524554 4511693.744221 1 0.0000
1114 583994.468010 4507463.140070 1 0.0000
1115 587816.803235 4514781.470189 1 0.0000
1116 585562.305299 4512839.024988 1 0.0000
1117 586081.011303 4512646.861818 1 0.0000
1118 585494.937536 4511851.546135 1 0.0000
1119 586550.943033 4512857.299741 1 0.0000
1120 589316.843917 4522142.315128 1 0.0000
1121 584879.880309 4511781.458718 1 0.0000
1122 585195.649283 4512978.678306 1 0.0000
1123 586089.534570 4512005.809684 1 0.0000
1124 586667.168866 4512418.594863 1 0.0000
1125 585315.193102 4513532.209413 1 0.0000
1126 585881.367306 4512517.210342 1 0.0000
1127 586019.449423 4511871.844232 1 0.0000
1128 588098.712573 4515072.653828 1 0.0000
1129 583382.720455 4507397.057293 1 0.0000
1130 585643.199148 4513922.953492 1 0.0000
1131 585150.737375 4510260.904640 1 0.0000
1132 587930.481221 4515368.458647 1 0.0000
1133 586156.776584 4511800.883610 1 0.0000
1134 586329.649519 4512728.924898 1 0.0000
1135 585819.298151 4512161.189498 1 0.0000
1136 585659.189735 4510273.095991 1 0.0000
1137 589203.630602 4516011.633274 1 0.0000
1138 587410.133905 4514073.516551 1 0.0000
1139 585796.149103 4512695.115269 1 0.0000
1140 589532.959937 4516527.032659 1 0.0000
1141 584768.479213 4509951.212796 1 0.0000
1142 586184.880071 4512837.891668 1 0.0000
1143 583275.312922 4506232.085919 1 0.0000
1144 586272.105433 4512590.836186 1 0.0000
1145 588963.708057 4515271.751269 1 0.0000
1146 586726.735259 4512860.522007 1 0.0000
1147 586952.713958 4513219.630817 1 0.0000
1148 590191.154800 4516823.423372 1 0.0000
1149 585644.180206 4512633.656357 1 0.0000
1150 583603.475490 4509525.952011 1 0.0000
1151 585535.971909 4512154.913758 1 0.0000
1152 585644.180206 4512633.656357 1 0.0000
1153 583139.830322 4507532.941362 1 0.0000
1154 583163.558490 4507188.566785 1 0.0000
1155 586053.094276 4513171.287561 1 0.0000
1156 586007.759590 4511079.111821 1 0.0000
1157 585915.544398 4512513.029254 1 0.0000
1158 585866.313036 4511591.881505 1 0.0000
1159 583143.916287 4507200.837535 1 0.0000
1160 586236.557370 4512688.553921 1 0.0000
1161 585796.149103 4512695.115269 1 0.0000
1162 585634.550343 4512007.939105 1 0.0000
1163 585831.439895 4512940.823749 1 0.0000
1164 583429.605418 4506892.354812 1 0.0000
1165 583617.923085 4506678.448839 1 0.0000
1166 585957.071029 4511756.860502 1 0.0000
1167 586485.950948 4512410.130631 1 0.0000
1168 586504.437073 4512633.097876 1 0.0000
1169 587006.436017 4512917.646613 1 0.0000
1170 588964.605250 4515273.285306 1 0.0000
1171 586650.490733 4512625.316059 1 0.0000
1172 585562.305299 4512839.024988 1 0.0000
1173 587177.091835 4512542.639577 1 0.0000
1174 588974.260321 4521079.763004 1 0.0000
1175 585796.149103 4512695.115269 1 0.0000
1176 586667.168866 4512418.594863 1 0.0000
1177 585449.136970 4514880.943247 1 0.0000
1178 585572.502156 4512184.888666 1 0.0000
1179 586775.673672 4515090.482723 1 0.0000
1180 586851.983312 4512432.280480 1 0.0000
1181 586536.128200 4512178.498472 1 0.0000
1182 586042.217065 4512574.808207 1 0.0000
1183 586081.011303 4512646.861818 1 0.0000
1184 586676.570992 4511539.862131 1 0.0000
1185 588053.997825 4518245.920757 1 0.0000
1186 591687.726150 4525020.778712 1 0.0000
1187 591149.563344 4524353.663930 1 0.0000
1188 588489.768052 4515626.541538 1 0.0000
1189 588078.304558 4512986.235039 1 0.0000
1190 587465.615567 4517519.738677 1 0.0000
1191 589401.487450 4517981.848861 1 0.0000
1192 584359.234355 4508907.432219 1 0.0000
1193 589401.487450 4517981.848861 1 0.0000
1194 587919.629437 4513112.108512 1 0.0000
1195 586487.562818 4511760.466588 1 0.0000
1196 586715.014390 4511856.609733 1 0.0000
1197 586079.865136 4512640.449161 1 0.0000
1198 584038.813189 4508519.522554 1 0.0000
1199 586174.058349 4515204.297062 1 0.0000
1200 589191.900588 4517361.157821 1 0.0000
1201 584247.798977 4510691.559979 1 0.0000
1202 583529.776520 4507702.543750 1 0.0000
1203 584671.924980 4511391.779761 1 0.0000
1204 586536.128200 4512178.498472 1 0.0000
1205 585453.493146 4512199.378763 1 0.0000
1206 586117.464607 4512710.356362 1 0.0000
1207 586537.993164 4511854.287762 1 0.0000
1208 586104.581332 4513118.851678 1 0.0000
1209 585805.705753 4513327.232303 1 0.0000
1210 585873.355475 4513995.664137 1 0.0000
1211 585285.472342 4510230.138636 1 0.0000
1212 586667.168866 4512418.594863 1 0.0000
1213 583139.830322 4507532.941362 1 0.0000
1214 587541.033023 4517880.791783 1 0.0000
1215 586877.652511 4512479.500852 1 0.0000
1216 586268.138072 4512671.544452 1 0.0000
1217 585796.149103 4512695.115269 1 0.0000
1218 583476.640072 4507391.422292 1 0.0000
1219 587501.600095 4514390.259786 1 0.0000
1220 586329.649519 4512728.924898 1 0.0000
1221 585665.768831 4510364.284369 1 0.0000
1222 585522.757751 4513073.824471 1 0.0000
1223 585791.186433 4513665.315263 1 0.0000
1224 586932.295255 4512257.061686 1 0.0000
1225 586329.649519 4512728.924898 1 0.0000
1226 585644.180206 4512633.656357 1 0.0000
1227 585885.290164 4512279.871151 1 0.0000
1228 586667.168866 4512418.594863 1 0.0000
1229 586464.902211 4511395.752017 1 0.0000
1230 584061.458699 4507708.293311 1 0.0000
1231 584385.386888 4511132.543969 1 0.0000
1232 586664.707333 4512741.579975 1 0.0000
1233 584089.404461 4512210.345486 1 0.0000
1234 585479.092142 4512466.612527 1 0.0000
1235 583494.890962 4507528.147390 1 0.0000
1236 586154.829715 4514191.157044 1 0.0000
1237 589331.760418 4519473.024500 1 0.0000
1238 586257.619986 4512765.585738 1 0.0000
1239 583538.915371 4506873.183585 1 0.0000
1240 585666.809577 4513910.119253 1 0.0000
1241 585014.952497 4511614.178746 1 0.0000
1242 585918.128698 4509236.617183 1 0.0000
1243 587479.662677 4517089.619535 1 0.0000
1244 586622.562354 4512990.368516 1 0.0000
1245 590918.963035 4524372.972163 1 0.0000
1246 585728.171236 4511600.669010 1 0.0000
1247 583143.916287 4507200.837535 1 0.0000
1248 583754.530288 4509560.583583 1 0.0000
1249 586198.519719 4511881.502924 1 0.0000
1250 585799.226044 4512291.383752 1 0.0000
1251 584089.404461 4512210.345486 1 0.0000
1252 583874.095892 4510433.464464 1 0.0000
1253 585207.775924 4512181.951024 1 0.0000
1254 584405.530777 4507838.977382 1 0.0000
1255 586198.519719 4511881.502924 1 0.0000
1256 585900.640817 4511761.702696 1 0.0000
1257 587080.013009 4512531.172458 1 0.0000
1258 585441.199084 4514347.576871 1 0.0000
1259 586071.031331 4514057.340214 1 0.0000
1260 586019.219130 4514084.784564 1 0.0000
1261 585200.657813 4512164.805060 1 0.0000
1262 583385.488561 4506190.374819 1 0.0000
1263 585796.149103 4512695.115269 1 0.0000
1264 588039.362807 4513542.228891 1 0.0000
1265 585791.186433 4513665.315263 1 0.0000
1266 589391.205438 4515863.537935 1 0.0000
1267 585149.774396 4511495.651285 1 0.0000
1268 583494.890962 4507528.147390 1 0.0000
1269 585772.021170 4513395.107554 1 0.0000
1270 584740.747286 4512492.327578 1 0.0000
1271 587057.055510 4512486.725477 1 0.0000
1272 585392.568342 4509522.561354 1 0.0000
1273 585182.373444 4513715.665552 1 0.0000
1274 585675.046390 4514203.362390 1 0.0000
1275 583417.926918 4506205.065408 1 0.0000
1276 586863.626814 4512453.439179 1 0.0000
1277 587215.236613 4511842.501042 1 0.0000
1278 585252.586730 4512260.777144 1 0.0000
1279 584252.626078 4507538.604047 1 0.0000
1280 589399.178561 4521603.267848 1 0.0000
1281 583868.283941 4506582.262857 1 0.0000
1282 583476.640072 4507391.422292 1 0.0000
1283 585943.322649 4512963.429851 1 0.0000
1284 585431.414780 4513949.488293 1 0.0000
1285 584341.684065 4507719.102394 1 0.0000
1286 585114.293890 4511426.988465 1 0.0000
1287 584652.542594 4511728.893321 1 0.0000
1288 585796.149103 4512695.115269 1 0.0000
1289 586100.181674 4514039.693500 1 0.0000
1290 583500.710553 4506428.153568 1 0.0000
1291 586473.311976 4511406.513865 1 0.0000
1292 584652.542594 4511728.893321 1 0.0000
1293 584551.104186 4511431.542438 1 0.0000
1294 586662.868384 4512742.473284 1 0.0000
1295 586499.546255 4511778.582147 1 0.0000
1296 591687.726150 4525020.778712 1 0.0000
1297 584749.795936 4512767.905414 1 0.0000
1298 584514.887916 4511882.127039 1 0.0000
1299 584353.881690 4507745.142268 1 0.0000
1300 585499.493303 4511879.632905 1 0.0000
1301 589362.553906 4517414.298202 1 0.0000
1302 583603.432945 4508218.674768 1 0.0000
1303 587089.339796 4512782.377057 1 0.0000
1304 586482.441985 4513012.235484 1 0.0000
1305 587640.610505 4512486.974879 1 0.0000
1306 585231.292537 4507709.423248 1 0.0000
1307 589197.401643 4520832.732827 1 0.0000
1308 586465.735130 4512044.834653 1 0.0000
1309 587076.713870 4511590.435377 1 0.0000
1310 587069.533877 4512835.783795 1 0.0000
1311 585644.180206 4512633.656357 1 0.0000
1312 589637.743435 4519817.511325 1 0.0000
1313 586617.136748 4510096.293617 1 0.0000
1314 583640.753495 4507322.899243 1 0.0000
1315 585796.149103 4512695.115269 1 0.0000
1316 583984.809603 4508980.263870 1 0.0000
1317 583424.634627 4507141.564176 1 0.0000
1318 586273.310320 4510933.733151 1 0.0000
1319 587215.872241 4514006.395618 1 0.0000
1320 587528.459361 4517246.502953 1 0.0000
1321 588773.162245 4516108.200468 1 0.0000
1322 586329.649519 4512728.924898 1 0.0000
1323 585269.918398 4512397.798052 1 0.0000
1324 585228.162668 4514056.265091 1 0.0000
1325 583752.347836 4507210.202226 1 0.0000
1326 584768.479213 4509951.212796 1 0.0000
1327 586966.487862 4516449.013330 1 0.0000
1328 589737.876861 4520576.220462 1 0.0000
1329 589304.576384 4521508.330149 1 0.0000
1330 587191.208023 4513630.381666 1 0.0000
1331 585735.933301 4509581.627684 1 0.0000
1332 584395.995924 4507204.427807 1 0.0000
1333 586053.094276 4513171.287561 1 0.0000
1334 585622.687770 4512567.590516 1 0.0000
1335 583945.484585 4509757.478759 1 0.0000
1336 585730.148900 4512149.202638 1 0.0000
1337 585935.977337 4511067.323337 1 0.0000
1338 586616.870612 4512741.034793 1 0.0000
1339 585252.586730 4512260.777144 1 0.0000
1340 585532.645872 4512206.069899 1 0.0000
1341 585044.919178 4507779.217047 1 0.0000
1342 585076.690760 4510126.894992 1 0.0000
1343 585937.815757 4511066.429835 1 0.0000
1344 586929.847385 4512150.987356 1 0.0000
1345 587887.785151 4515211.034979 1 0.0000
1346 587024.117060 4512622.868756 1 0.0000
1347 589194.727361 4520559.661775 1 0.0000
1348 589077.634247 4515783.475746 1 0.0000
1349 586081.011303 4512646.861818 1 0.0000
1350 584089.404461 4512210.345486 1 0.0000
1351 586089.534570 4512005.809684 1 0.0000
1352 586007.759590 4511079.111821 1 0.0000
1353 585644.180206 4512633.656357 1 0.0000
1354 587427.106433 4512691.149903 1 0.0000
1355 587283.213311 4517000.530138 1 0.0000
1356 588078.304558 4512986.235039 1 0.0000
1357 585819.298151 4512161.189498 1 0.0000
1358 587647.347780 4514035.081575 1 0.0000
1359 587032.593834 4512814.945805 1 0.0000
1360 585007.411304 4509922.243426 1 0.0000
1361 584488.204498 4510559.913074 1 0.0000
1362 585671.204270 4512722.336006 1 0.0000
1363 587541.033023 4517880.791783 1 0.0000
1364 584162.160356 4507454.993230 1 0.0000
1365 585609.257180 4510456.582277 1 0.0000
1366 583617.923085 4506678.448839 1 0.0000
1367 586595.510304 4511861.037234 1 0.0000
1368 588293.464482 4514615.643780 1 0.0000
1369 588463.102092 4517751.435530 1 0.0000
1370 585796.149103 4512695.115269 1 0.0000
1371 583429.605418 4506892.354812 1 0.0000
1372 584709.713451 4511257.825485 1 0.0000
1373 583646.978964 4507498.797152 1 0.0000
1374 586265.658344 4515054.804864 1 0.0000
1375 586851.983312 4512432.280480 1 0.0000
1376 586117.464607 4512710.356362 1 0.0000
1377 583915.984507 4506434.100131 1 0.0000
1378 586714.829707 4512701.926463 1 0.0000
1379 584910.848469 4511764.747313 1 0.0000
1380 585796.149103 4512695.115269 1 0.0000
1381 585775.388334 4511093.833288 1 0.0000
1382 586443.590272 4512009.233297 1 0.0000
1383 586444.115484 4512845.721386 1 0.0000
1384 585572.502156 4512184.888666 1 0.0000
1385 583543.922526 4509162.954058 1 0.0000
1386 586042.217065 4512574.808207 1 0.0000
1387 586042.217065 4512574.808207 1 0.0000
1388 588078.304558 4512986.235039 1 0.0000
1389 586167.564437 4512405.284134 1 0.0000
1390 584056.058036 4508584.015768 1 0.0000
1391 583799.004674 4506323.980436 1 0.0000
1392 586536.128200 4512178.498472 1 0.0000
1393 585984.188189 4515206.399567 1 0.0000
1394 589203.630602 4516011.633274 1 0.0000
1395 588489.768052 4515626.541538 1 0.0000
1396 587364.041263 4518303.263040 1 0.0000
1397 583431.492625 4506699.790094 1 0.0000
1398 586667.168866 4512418.594863 1 0.0000
1399 585300.157613 4510305.268394 1 0.0000
1400 586829.856818 4512395.155958 1 0.0000
1401 583275.312922 4506232.085919 1 0.0000
1402 584247.798977 4510691.559979 1 0.0000
1403 583529.374343 4506158.796671 1 0.0000
1404 584756.780108 4510951.500924 1 0.0000
1405 585805.705753 4513327.232303 1 0.0000
1406 586396.035345 4512679.401326 1 0.0000
1407 583139.830322 4507532.941362 1 0.0000
1408 591651.513610 4525683.469217 1 0.0000
1409 584055.757844 4511419.193957 1 0.0000
1410 588345.642251 4514315.469746 1 0.0000
1411 586329.649519 4512728.924898 1 0.0000
1412 586772.947885 4511960.572439 1 0.0000
1413 586040.032388 4511910.778980 1 0.0000
1414 584879.880309 4511781.458718 1 0.0000
1415 586667.168866 4512418.594863 1 0.0000
1416 586367.605230 4516510.138617 1 0.0000
1417 588804.876721 4520007.304658 1 0.0000
1418 585594.500099 4512260.102798 1 0.0000
1419 586477.589804 4512288.143525 1 0.0000
1420 591808.458281 4525469.508655 1 0.0000
1421 585796.149103 4512695.115269 1 0.0000
1422 586104.581332 4513118.851678 1 0.0000
1423 583776.620239 4506844.807866 1 0.0000
1424 586646.736375 4512660.621769 1 0.0000
1425 586475.241959 4512066.274165 1 0.0000
1426 587114.304190 4513854.091720 1 0.0000
1427 585885.290164 4512279.871151 1 0.0000
1428 589162.856639 4521777.011291 1 0.0000
1429 585392.745547 4510416.634680 1 0.0000
1430 585866.313036 4511591.881505 1 0.0000
1431 586101.636062 4515569.452452 1 0.0000
1432 585480.647389 4512463.887117 1 0.0000
1433 585791.186433 4513665.315263 1 0.0000
1434 585236.947267 4508443.880968 1 0.0000
1435 584652.542594 4511728.893321 1 0.0000
1436 588307.938453 4518798.248595 1 0.0000
1437 583332.490303 4506696.834676 1 0.0000
1438 586202.770403 4511561.890121 1 0.0000
1439 585639.927342 4509770.379693 1 0.0000
1440 587501.600095 4514390.259786 1 0.0000
1441 584061.458699 4507708.293311 1 0.0000
1442 586329.649519 4512728.924898 1 0.0000
1443 585644.180206 4512633.656357 1 0.0000
1444 587156.628784 4516797.355088 1 0.0000
1445 586720.767534 4514988.381715 1 0.0000
1446 586036.763200 4511582.549087 1 0.0000
1447 588335.764330 4517587.561262 1 0.0000
1448 586019.219130 4514084.784564 1 0.0000
1449 585317.173618 4511807.468287 1 0.0000
1450 585639.927342 4509770.379693 1 0.0000
1451 585796.149103 4512695.115269 1 0.0000
1452 585595.551683 4514761.329518 1 0.0000
1453 583417.926918 4506205.065408 1 0.0000
1454 586250.777754 4512216.081110 1 0.0000
1455 586473.311976 4511406.513865 1 0.0000
1456 586036.835526 4512164.582257 1 0.0000
1457 587554.311559 4514390.860863 1 0.0000
1458 583877.676665 4506479.981467 1 0.0000
1459 589552.695687 4517254.958437 1 0.0000
1460 586621.464117 4512337.929619 1 0.0000
1461 587770.801651 4513229.562061 1 0.0000
1462 585014.952497 4511614.178746 1 0.0000
1463 585376.149369 4511418.696917 1 0.0000
1464 586089.534570 4512005.809684 1 0.0000
1465 586244.864685 4512547.864074 1 0.0000
1466 589871.584723 4519033.053586 1 0.0000
1467 588670.036475 4516787.491250 1 0.0000
1468 584623.304478 4511674.013210 1 0.0000
1469 585885.290164 4512279.871151 1 0.0000
1470 583260.766256 4506278.543426 1 0.0000
1471 586810.851936 4512030.482293 1 0.0000
1472 583918.077513 4509194.030846 1 0.0000
1473 587748.446842 4514335.479609 1 0.0000
1474 587543.466880 4514700.647827 1 0.0000
1475 585432.704667 4510787.639498 1 0.0000
1476 588845.973752 4517366.050118 1 0.0000
1477 586563.915793 4512226.962546 1 0.0000
1478 585639.927342 4509770.379693 1 0.0000
1479 585713.821077 4511308.880139 1 0.0000
1480 585644.180206 4512633.656357 1 0.0000
1481 585805.705753 4513327.232303 1 0.0000
1482 587057.055510 4512486.725477 1 0.0000
1483 589613.694824 4521150.748524 1 0.0000
1484 585914.244869 4512332.919234 1 0.0000
1485 584130.771874 4507080.431811 1 0.0000
1486 583278.416798 4507886.478491 1 0.0000
1487 583424.634627 4507141.564176 1 0.0000
1488 585339.155246 4507870.938164 1 0.0000
1489 585449.040985 4513472.484058 1 0.0000
1490 586206.656065 4512477.950256 1 0.0000
1491 586234.145346 4511616.489655 1 0.0000
1492 585674.598493 4512371.021885 1 0.0000
1493 585098.379853 4511566.677694 1 0.0000
1494 585252.586730 4512260.777144 1 0.0000
1495 585575.964050 4510142.333442 1 0.0000
1496 585562.305299 4512839.024988 1 0.0000
1497 590427.993442 4523309.023810 1 0.0000
1498 586098.676774 4514492.503500 1 0.0000
1499 589312.593118 4516824.985467 1 0.0000
1500 584521.652662 4509897.512107 1 0.0000
1501 586206.656065 4512477.950256 1 0.0000
1502 586042.217065 4512574.808207 1 0.0000
1503 586396.035345 4512679.401326 1 0.0000
1504 585639.927342 4509770.379693 1 0.0000
1505 583868.283941 4506582.262857 1 0.0000
1506 585567.368485 4510602.679647 1 0.0000
1507 584089.404461 4512210.345486 1 0.0000
1508 586490.361793 4512745.078593 1 0.0000
1509 585008.067291 4511228.923935 1 0.0000
1510 584601.946451 4508466.208182 1 0.0000
1511 586221.284373 4512905.651709 1 0.0000
1512 584237.091503 4507645.080912 1 0.0000
1513 586720.767534 4514988.381715 1 0.0000
1514 589814.161201 4517762.272135 1 0.0000
1515 583534.881238 4506745.762219 1 0.0000
1516 585796.149103 4512695.115269 1 0.0000
1517 585379.551739 4514729.917746 1 0.0000
1518 582969.070750 4506632.971266 1 0.0000
1519 585805.705753 4513327.232303 1 0.0000
1520 589837.680301 4518959.835549 1 0.0000
1521 588062.592246 4514284.817470 1 0.0000
1522 584659.106934 4511741.157408 1 0.0000
1523 585562.305299 4512839.024988 1 0.0000
1524 585614.636433 4512391.670375 1 0.0000
1525 586956.898630 4512959.438898 1 0.0000
1526 583544.723041 4506657.502999 1 0.0000
1527 590391.555949 4522950.545899 1 0.0000
1528 586202.770403 4511561.890121 1 0.0000
1529 585581.072186 4512047.858620 1 0.0000
1530 590427.993442 4523309.023810 1 0.0000
1531 584870.382514 4509993.816487 1 0.0000
1532 585441.199084 4514347.576871 1 0.0000
1533 585758.243764 4512785.796760 1 0.0000
1534 584460.056719 4511372.302035 1 0.0000
1535 589480.489651 4521687.996873 1 0.0000
1536 586053.094276 4513171.287561 1 0.0000
1537 585796.149103 4512695.115269 1 0.0000
1538 586386.637639 4512594.883439 1 0.0000
1539 584404.971525 4510857.903298 1 0.0000
1540 586536.141634 4512631.936129 1 0.0000
1541 583835.938942 4509369.227551 1 0.0000
1542 584947.260620 4511698.121963 1 0.0000
1543 586988.116713 4512359.172977 1 0.0000
1544 585915.544398 4512513.029254 1 0.0000
1545 584243.552597 4510609.539066 1 0.0000
1546 586329.649519 4512728.924898 1 0.0000
1547 589016.982490 4519285.070416 1 0.0000
1548 585900.983669 4514726.415323 1 0.0000
1549 587229.605131 4515929.400016 1 0.0000
1550 585000.529613 4508011.218842 1 0.0000
1551 585799.226044 4512291.383752 1 0.0000
1552 587742.101329 4514410.980292 1 0.0000
1553 590122.816522 4523854.976278 1 0.0000
1554 585988.614148 4514203.279938 1 0.0000
1555 586664.339944 4513067.941536 1 0.0000
1556 588974.230480 4518010.497699 1 0.0000
1557 588371.166789 4515043.762974 1 0.0000
1558 583676.860828 4507095.680195 1 0.0000
1559 585867.603993 4511264.618627 1 0.0000
1560 586537.993164 4511854.287762 1 0.0000
1561 586221.284373 4512905.651709 1 0.0000
1562 585796.149103 4512695.115269 1 0.0000
1563 586481.221681 4511942.621573 1 0.0000
1564 586117.464607 4512710.356362 1 0.0000
1565 586561.241972 4508742.966241 1 0.0000
1566 587454.952267 4518080.627780 1 0.0000
1567 586468.626732 4508419.814486 1 0.0000
1568 588626.724950 4515401.077652 1 0.0000
1569 587784.825112 4517773.259765 1 0.0000
1570 583835.938942 4509369.227551 1 0.0000
1571 584744.913679 4512768.459057 1 0.0000
1572 586192.974868 4512849.563306 1 0.0000
1573 588120.008618 4514995.494948 1 0.0000
1574 585644.180206 4512633.656357 1 0.0000
1575 589054.137110 4518806.150407 1 0.0000
1576 585907.540777 4513322.297933 1 0.0000
1577 587766.659199 4519045.306045 1 0.0000
1578 586627.317407 4511690.446581 1 0.0000
1579 583915.236648 4511583.364964 1 0.0000
1580 587057.055510 4512486.725477 1 0.0000
1581 586667.168866 4512418.594863 1 0.0000
1582 586019.219130 4514084.784564 1 0.0000
1583 588803.427346 4514629.379644 1 0.0000
1584 585796.149103 4512695.115269 1 0.0000
1585 585866.313036 4511591.881505 1 0.0000
1586 585644.180206 4512633.656357 1 0.0000
1587 583564.339206 4506700.997412 1 0.0000
1588 586392.840231 4511970.259677 1 0.0000
1589 587252.832406 4517393.286883 1 0.0000
1590 588277.660774 4518460.564660 1 0.0000
1591 586667.168866 4512418.594863 1 0.0000
1592 583842.532146 4509084.687630 1 0.0000
1593 586081.011303 4512646.861818 1 0.0000
1594 587322.291699 4514027.110244 1 0.0000
1595 585768.648512 4513396.897027 1 0.0000
1596 583424.634627 4507141.564176 1 0.0000
1597 589823.409332 4522720.995396 1 0.0000
1598 585586.708466 4512409.025689 1 0.0000
1599 584089.404461 4512210.345486 1 0.0000
1600 583659.108384 4506326.349964 1 0.0000
1601 585918.374865 4512344.850972 1 0.0000
1602 585562.305299 4512839.024988 1 0.0000
1603 588519.593116 4519103.870699 1 0.0000
1604 586751.967701 4512250.740907 1 0.0000
1605 585873.355475 4513995.664137 1 0.0000
1606 583967.793881 4509190.026303 1 0.0000
1607 586524.663100 4511499.736057 1 0.0000
1608 586221.284373 4512905.651709 1 0.0000
1609 585050.453257 4509995.868171 1 0.0000
1610 587501.600095 4514390.259786 1 0.0000
1611 588255.766379 4518322.880567 1 0.0000
1612 586368.238497 4511535.131215 1 0.0000
1613 587543.466880 4514700.647827 1 0.0000
1614 585964.144017 4514157.901645 1 0.0000
1615 585107.819772 4510310.086142 1 0.0000
1616 587162.680061 4511748.044940 1 0.0000
1617 584089.404461 4512210.345486 1 0.0000
1618 584578.641986 4512170.516477 1 0.0000
1619 587114.304190 4513854.091720 1 0.0000
1620 585138.172415 4511470.836680 1 0.0000
1621 584356.928034 4511758.130697 1 0.0000
1622 586591.473355 4511626.960103 1 0.0000
1623 583417.926918 4506205.065408 1 0.0000
1624 586726.735259 4512860.522007 1 0.0000
1625 585914.712250 4513201.097909 1 0.0000
1626 586536.128200 4512178.498472 1 0.0000
1627 586480.403347 4515410.130352 1 0.0000
1628 586621.464117 4512337.929619 1 0.0000
1629 589269.599097 4521716.063290 1 0.0000
1630 585479.529926 4509887.091892 1 0.0000
1631 586329.649519 4512728.924898 1 0.0000
1632 590680.542426 4524516.826500 1 0.0000
1633 586703.867614 4512487.272235 1 0.0000
1634 585632.084693 4514122.729208 1 0.0000
1635 587602.844280 4517778.192662 1 0.0000
1636 584394.235161 4512094.366180 1 0.0000
1637 586475.241959 4512066.274165 1 0.0000
1638 585247.973144 4510686.498493 1 0.0000
1639 584112.799651 4507374.287524 1 0.0000
1640 587290.848571 4517827.352550 1 0.0000
1641 586438.100695 4512758.500617 1 0.0000
1642 586627.317407 4511690.446581 1 0.0000
1643 585796.149103 4512695.115269 1 0.0000
1644 587177.091835 4512542.639577 1 0.0000
1645 585050.453257 4509995.868171 1 0.0000
1646 589967.640128 4516488.716004 1 0.0000
1647 583163.558490 4507188.566785 1 0.0000
1648 584659.106934 4511741.157408 1 0.0000
1649 583444.471272 4507700.963063 1 0.0000
1650 588489.768052 4515626.541538 1 0.0000
1651 589759.114497 4522266.818571 1 0.0000
1652 586057.006954 4511945.406396 1 0.0000
1653 586510.809286 4512127.319980 1 0.0000
1654 586329.649519 4512728.924898 1 0.0000
1655 586329.649519 4512728.924898 1 0.0000
1656 589308.378106 4515457.300998 1 0.0000
1657 586863.626814 4512453.439179 1 0.0000
1658 589935.883568 4522718.623108 1 0.0000
1659 585442.680700 4507209.030723 1 0.0000
1660 585918.374865 4512344.850972 1 0.0000
1661 585967.661064 4511923.972012 1 0.0000
1662 585008.067291 4511228.923935 1 0.0000
1663 588078.304558 4512986.235039 1 0.0000
1664 586536.128200 4512178.498472 1 0.0000
1665 584073.902662 4507418.334849 1 0.0000
1666 583504.643763 4506082.639339 1 0.0000
1667 587415.010181 4518002.465286 1 0.0000
1668 587934.034756 4513051.326638 1 0.0000
1669 586035.500002 4512255.071085 1 0.0000
1670 586047.819782 4513741.070932 1 0.0000
1671 584388.459221 4508669.163462 1 0.0000
1672 585449.136970 4514880.943247 1 0.0000
1673 585661.788170 4513735.756968 1 0.0000
1674 589387.209863 4516240.750798 1 0.0000
1675 583609.807821 4506989.786424 1 0.0000
1676 587465.615567 4517519.738677 1 0.0000
1677 585805.705753 4513327.232303 1 0.0000
1678 589244.220973 4518892.424333 1 0.0000
1679 585791.186433 4513665.315263 1 0.0000
1680 586481.221681 4511942.621573 1 0.0000
1681 586988.116713 4512359.172977 1 0.0000
1682 584970.363366 4512318.202290 1 0.0000
1683 583976.758692 4507573.248662 1 0.0000
1684 588489.768052 4515626.541538 1 0.0000
1685 584112.799651 4507374.287524 1 0.0000
1686 585644.180206 4512633.656357 1 0.0000
1687 584042.905447 4508936.130687 1 0.0000
1688 583278.416798 4507886.478491 1 0.0000
1689 587114.304190 4513854.091720 1 0.0000
1690 586019.219130 4514084.784564 1 0.0000
1691 586811.830215 4515233.509442 1 0.0000
1692 583835.938942 4509369.227551 1 0.0000
1693 587887.785151 4515211.034979 1 0.0000
1694 583529.776520 4507702.543750 1 0.0000
1695 585843.735254 4514268.364177 1 0.0000
1696 587664.630527 4514497.250236 1 0.0000
1697 589623.033011 4517126.249014 1 0.0000
1698 588157.487892 4517267.693643 1 0.0000
1699 585600.316419 4511936.851188 1 0.0000
1700 586392.840231 4511970.259677 1 0.0000
1701 586846.104513 4513081.897085 1 0.0000
1702 584753.382090 4507129.267262 1 0.0000
1703 585644.180206 4512633.656357 1 0.0000
1704 587501.600095 4514390.259786 1 0.0000
1705 584089.404461 4512210.345486 1 0.0000
1706 587600.732417 4512777.537988 1 0.0000
1707 586537.993164 4511854.287762 1 0.0000
1708 585680.620327 4514623.343378 1 0.0000
1709 585918.128698 4509236.617183 1 0.0000
1710 586053.094276 4513171.287561 1 0.0000
1711 589847.232328 4523036.666515 1 0.0000
1712 586667.168866 4512418.594863 1 0.0000
1713 584089.404461 4512210.345486 1 0.0000
1714 585150.737375 4510260.904640 1 0.0000
1715 585918.374865 4512344.850972 1 0.0000
1716 586329.649519 4512728.924898 1 0.0000
1717 588839.561648 4517367.195467 1 0.0000
1718 588803.427346 4514629.379644 1 0.0000
1719 586749.834926 4512571.597111 1 0.0000
1720 587057.055510 4512486.725477 1 0.0000
1721 586329.649519 4512728.924898 1 0.0000
1722 587990.645241 4519071.325296 1 0.0000
1723 589221.628627 4515502.022073 1 0.0000
1724 586530.371014 4512496.569843 1 0.0000
1725 584925.787872 4510239.449002 1 0.0000
1726 584394.235161 4512094.366180 1 0.0000
1727 583535.090472 4506968.213988 1 0.0000
1728 586160.577597 4507721.222344 1 0.0000
1729 585014.952497 4511614.178746 1 0.0000
1730 587252.587095 4513057.579433 1 0.0000
1731 585764.969896 4510216.097115 1 0.0000
1732 586206.656065 4512477.950256 1 0.0000
1733 586392.840231 4511970.259677 1 0.0000
1734 585619.224450 4507467.315466 1 0.0000
1735 586413.551731 4511623.409485 1 0.0000
1736 586111.620056 4512046.589550 1 0.0000
1737 585796.149103 4512695.115269 1 0.0000
1738 586236.557370 4512688.553921 1 0.0000
1739 588874.954761 4516187.372729 1 0.0000
1740 586485.950948 4512410.130631 1 0.0000
1741 585959.667267 4514149.622878 1 0.0000
1742 585466.654434 4512381.451534 1 0.0000
1743 587822.983217 4518862.804903 1 0.0000
1744 586109.064824 4512698.681270 1 0.0000
1745 586054.196607 4514063.852499 1 0.0000
1746 591808.458281 4525469.508655 1 0.0000
1747 586745.333094 4515827.279272 1 0.0000
1748 589631.617091 4521422.775297 1 0.0000
1749 585252.586730 4512260.777144 1 0.0000
1750 585562.305299 4512839.024988 1 0.0000
1751 585479.529926 4509887.091892 1 0.0000
1752 584112.799651 4507374.287524 1 0.0000
1753 587057.055510 4512486.725477 1 0.0000
1754 586100.181674 4514039.693500 1 0.0000
1755 589232.374695 4516323.700943 1 0.0000
1756 586036.763200 4511582.549087 1 0.0000
1757 586784.738179 4512851.431470 1 0.0000
1758 584353.881690 4507745.142268 1 0.0000
1759 585984.188189 4515206.399567 1 0.0000
1760 587919.629437 4513112.108512 1 0.0000
1761 583417.926918 4506205.065408 1 0.0000
1762 584089.404461 4512210.345486 1 0.0000
1763 589152.348161 4522056.940486 1 0.0000
1764 586117.464607 4512710.356362 1 0.0000
1765 587123.817149 4512029.782260 1 0.0000
1766 585539.049172 4512045.246070 1 0.0000
1767 585572.502156 4512184.888666 1 0.0000
1768 585644.180206 4512633.656357 1 0.0000
1769 588513.995344 4516067.459166 1 0.0000
1770 588218.677339 4513637.519836 1 0.0000
1771 583139.830322 4507532.941362 1 0.0000
1772 586071.031331 4514057.340214 1 0.0000
1773 586667.168866 4512418.594863 1 0.0000
1774 584879.880309 4511781.458718 1 0.0000
1775 586329.649519 4512728.924898 1 0.0000
1776 583424.634627 4507141.564176 1 0.0000
1777 585796.149103 4512695.115269 1 0.0000
1778 586667.168866 4512418.594863 1 0.0000
1779 585149.774396 4511495.651285 1 0.0000
1780 585796.149103 4512695.115269 1 0.0000
1781 585850.054671 4514355.589161 1 0.0000
1782 583564.339206 4506700.997412 1 0.0000
1783 586053.094276 4513171.287561 1 0.0000
1784 587754.117953 4517767.118695 1 0.0000
1785 585796.149103 4512695.115269 1 0.0000
1786 583800.206154 4507289.062121 1 0.0000
1787 583944.214892 4506524.010754 1 0.0000
1788 584162.160356 4507454.993230 1 0.0000
1789 583544.087364 4506740.077260 1 0.0000
1790 587501.600095 4514390.259786 1 0.0000
1791 585459.534033 4511642.402831 1 0.0000
1792 586667.168866 4512418.594863 1 0.0000
1793 586386.637639 4512594.883439 1 0.0000
1794 585885.290164 4512279.871151 1 0.0000
1795 586810.851936 4512030.482293 1 0.0000
1796 586667.168866 4512418.594863 1 0.0000
1797 585889.010218 4513531.130652 1 0.0000
1798 589552.497955 4519997.549919 1 0.0000
1799 587767.881636 4513592.767979 1 0.0000
1800 589316.944471 4517752.945461 1 0.0000
1801 586494.539867 4508070.890716 1 0.0000
1802 589407.037793 4521261.751038 1 0.0000
1803 588126.237037 4515705.589692 1 0.0000
1804 584403.021909 4511109.281529 1 0.0000
1805 586286.259050 4510572.777452 1 0.0000
1806 588441.092716 4515057.967771 1 0.0000
1807 586668.321700 4512424.398185 1 0.0000
1808 587094.835290 4512781.524632 1 0.0000
1809 586481.221681 4511942.621573 1 0.0000
1810 586202.770403 4511561.890121 1 0.0000
1811 585988.614148 4514203.279938 1 0.0000
1812 586042.217065 4512574.808207 1 0.0000
1813 586081.011303 4512646.861818 1 0.0000
1814 586510.809286 4512127.319980 1 0.0000
1815 586641.316642 4510140.449986 1 0.0000
1816 586312.037964 4512990.790736 1 0.0000
1817 585910.154614 4512905.762966 1 0.0000
1818 588648.834781 4518299.328674 1 0.0000
1819 587114.304190 4513854.091720 1 0.0000
1820 585639.927342 4509770.379693 1 0.0000
1821 585639.927342 4509770.379693 1 0.0000
1822 583816.576829 4508848.533578 1 0.0000
1823 586089.534570 4512005.809684 1 0.0000
1824 589362.553906 4517414.298202 1 0.0000
1825 587930.180877 4514539.282663 1 0.0000
1826 584698.672931 4511237.283499 1 0.0000
1827 589099.411311 4516118.623959 1 0.0000
1828 586863.626814 4512453.439179 1 0.0000
1829 588963.708057 4515271.751269 1 0.0000
1830 586366.048807 4510737.630072 1 0.0000
1831 585644.180206 4512633.656357 1 0.0000
1832 585659.189735 4510273.095991 1 0.0000
1833 583877.676665 4506479.981467 1 0.0000
1834 586582.368735 4512265.568723 1 0.0000
1835 585110.293923 4508139.540268 1 0.0000
1836 585758.243764 4512785.796760 1 0.0000
1837 585452.289750 4513936.013496 1 0.0000
1838 585228.162668 4514056.265091 1 0.0000
1839 585898.682023 4512308.058470 1 0.0000
1840 585632.084693 4514122.729208 1 0.0000
1841 586030.739463 4511897.265205 1 0.0000
1842 585796.149103 4512695.115269 1 0.0000
1843 587200.042000 4517693.454392 1 0.0000
1844 585915.544398 4512513.029254 1 0.0000
1845 585796.149103 4512695.115269 1 0.0000
1846 588939.385514 4518233.468943 1 0.0000
1847 586451.889879 4512350.624576 1 0.0000
1848 585567.368485 4510602.679647 1 0.0000
1849 583543.922526 4509162.954058 1 0.0000
1850 588811.247392 4517926.055855 1 0.0000
1851 586775.673672 4515090.482723 1 0.0000
1852 589823.409332 4522720.995396 1 0.0000
1853 585935.977337 4511067.323337 1 0.0000
1854 586340.573703 4512144.578459 1 0.0000
1855 586851.983312 4512432.280480 1 0.0000
1856 585252.586730 4512260.777144 1 0.0000
1857 584658.547909 4508660.355126 1 0.0000
1858 583417.926918 4506205.065408 1 0.0000
1859 587186.261711 4513903.973248 1 0.0000
1860 585785.614525 4512095.288425 1 0.0000
1861 588641.012450 4517969.824011 1 0.0000
1862 584521.652662 4509897.512107 1 0.0000
1863 588078.304558 4512986.235039 1 0.0000
1864 586627.317407 4511690.446581 1 0.0000
1865 584303.184938 4507647.966665 1 0.0000
1866 586329.649519 4512728.924898 1 0.0000
1867 587945.174414 4518409.234487 1 0.0000
1868 591669.302377 4525033.062511 1 0.0000
1869 586720.767534 4514988.381715 1 0.0000
1870 591093.192694 4524006.232698 1 0.0000
1871 585772.332905 4507990.752941 1 0.0000
1872 589294.160889 4519403.116180 1 0.0000
1873 590779.900786 4523661.353338 1 0.0000
1874 588800.436638 4516281.904357 1 0.0000
1875 589211.498979 4516337.176231 1 0.0000
1876 586182.622678 4511805.748366 1 0.0000
1877 586627.317407 4511690.446581 1 0.0000
1878 584505.039499 4508412.996689 1 0.0000
1879 586537.993164 4511854.287762 1 0.0000
1880 585285.472342 4510230.138636 1 0.0000
1881 584982.011271 4514050.106908 1 0.0000
1882 586283.407987 4508227.554679 1 0.0000
1883 585014.952497 4511614.178746 1 0.0000
1884 585696.865668 4510951.544857 1 0.0000
1885 585805.705753 4513327.232303 1 0.0000
1886 583500.710553 4506428.153568 1 0.0000
1887 586221.284373 4512905.651709 1 0.0000
1888 588683.943825 4515327.071738 1 0.0000
1889 587249.893430 4512598.625263 1 0.0000
1890 583676.860828 4507095.680195 1 0.0000
1891 589727.624572 4516799.550005 1 0.0000
1892 585776.238414 4507326.491153 1 0.0000
1893 585193.646394 4511710.375777 1 0.0000
1894 586539.604893 4512836.143984 1 0.0000
1895 584006.409364 4507458.095055 1 0.0000
1896 585758.243764 4512785.796760 1 0.0000
1897 585461.467979 4512382.001203 1 0.0000
1898 586179.402194 4512168.644257 1 0.0000
1899 585885.290164 4512279.871151 1 0.0000
1900 588784.442628 4518406.008557 1 0.0000
1901 584744.913679 4512768.459057 1 0.0000
1902 586752.015181 4511925.594956 1 0.0000
1903 584395.995924 4507204.427807 1 0.0000
1904 586705.151138 4515101.868704 1 0.0000
1905 589752.769437 4523516.762567 1 0.0000
1906 585743.047998 4512862.414995 1 0.0000
1907 583417.926918 4506205.065408 1 0.0000
1908 588335.764330 4517587.561262 1 0.0000
1909 585666.359596 4513174.193188 1 0.0000
1910 585367.949731 4512245.331454 1 0.0000
1911 586042.217065 4512574.808207 1 0.0000
1912 586988.116713 4512359.172977 1 0.0000
1913 583476.640072 4507391.422292 1 0.0000
1914 588489.768052 4515626.541538 1 0.0000
1915 585066.127688 4512685.576513 1 0.0000
1916 586851.983312 4512432.280480 1 0.0000
1917 586107.758160 4511957.564663 1 0.0000
1918 586502.837455 4511462.920403 1 0.0000
1919 586950.259401 4513221.126340 1 0.0000
1920 587490.680460 4517085.478774 1 0.0000
1921 587283.213311 4517000.530138 1 0.0000
1922 589316.843917 4522142.315128 1 0.0000
1923 589077.634247 4515783.475746 1 0.0000
1924 585582.787953 4508339.031683 1 0.0000
1925 588622.394046 4519388.444319 1 0.0000
1926 584031.504466 4510579.088858 1 0.0000
1927 586541.617762 4512793.200609 1 0.0000
1928 585182.373444 4513715.665552 1 0.0000
1929 589221.628627 4515502.022073 1 0.0000
1930 586475.241959 4512066.274165 1 0.0000
1931 583154.954646 4506258.141699 1 0.0000
1932 583382.720455 4507397.057293 1 0.0000
1933 586338.338316 4512554.718500 1 0.0000
1934 587624.980989 4514847.848109 1 0.0000
1935 583417.926918 4506205.065408 1 0.0000
1936 586329.649519 4512728.924898 1 0.0000
1937 589850.072164 4516537.047252 1 0.0000
1938 583429.605418 4506892.354812 1 0.0000
1939 590191.154800 4516823.423372 1 0.0000
1940 585376.149369 4511418.696917 1 0.0000
1941 585644.180206 4512633.656357 1 0.0000
1942 589845.061688 4517190.336289 1 0.0000
1943 588489.768052 4515626.541538 1 0.0000
1944 591651.513610 4525683.469217 1 0.0000
1945 583833.293223 4508986.156446 1 0.0000
1946 588340.754251 4513755.013913 1 0.0000
1947 583351.498188 4506552.916038 1 0.0000
1948 586925.390728 4513504.851082 1 0.0000
1949 586007.759590 4511079.111821 1 0.0000
1950 586528.622877 4512489.541671 1 0.0000
1951 586226.131198 4512159.424737 1 0.0000
1952 586622.562354 4512990.368516 1 0.0000
1953 585658.656541 4512727.068082 1 0.0000
1954 584661.245679 4511901.164208 1 0.0000
1955 583143.916287 4507200.837535 1 0.0000
1956 587486.835792 4514215.175747 1 0.0000
1957 583976.758692 4507573.248662 1 0.0000
1958 585937.815757 4511066.429835 1 0.0000
1959 586464.902211 4511395.752017 1 0.0000
1960 587006.436017 4512917.646613 1 0.0000
1961 586234.145346 4511616.489655 1 0.0000
1962 590253.036544 4523766.261102 1 0.0000
1963 588307.938453 4518798.248595 1 0.0000
1964 583163.558490 4507188.566785 1 0.0000
1965 585145.184996 4508126.224045 1 0.0000
1966 585674.598493 4512371.021885 1 0.0000
1967 587177.091835 4512542.639577 1 0.0000
1968 586206.656065 4512477.950256 1 0.0000
1969 584130.771874 4507080.431811 1 0.0000
1970 586536.128200 4512178.498472 1 0.0000
1971 587057.055510 4512486.725477 1 0.0000
1972 586322.900600 4512732.809739 1 0.0000
1973 586329.649519 4512728.924898 1 0.0000
1974 583617.923085 4506678.448839 1 0.0000
1975 583504.643763 4506082.639339 1 0.0000
1976 586667.168866 4512418.594863 1 0.0000
1977 588585.286389 4515320.461000 1 0.0000
1978 591259.559163 4524648.379556 1 0.0000
1979 585459.534033 4511642.402831 1 0.0000
1980 585837.756763 4512359.778045 1 0.0000
1981 590755.367059 4524288.825255 1 0.0000
1982 585984.188189 4515206.399567 1 0.0000
1983 586487.562818 4511760.466588 1 0.0000
1984 585713.821077 4511308.880139 1 0.0000
1985 585038.191631 4510055.760201 1 0.0000
1986 585845.972665 4508669.001035 1 0.0000
1987 586396.035345 4512679.401326 1 0.0000
1988 583603.432945 4508218.674768 1 0.0000
1989 585200.657813 4512164.805060 1 0.0000
1990 586071.031331 4514057.340214 1 0.0000
1991 585530.917742 4512010.110259 1 0.0000
1992 586268.138072 4512671.544452 1 0.0000
1993 584756.780108 4510951.500924 1 0.0000
1994 586217.267914 4511787.249918 1 0.0000
1995 585496.223493 4512273.609427 1 0.0000
1996 585474.696490 4511755.934607 1 0.0000
1997 584652.542594 4511728.893321 1 0.0000
1998 587193.649120 4512533.686188 1 0.0000
1999 585907.540777 4513322.297933 1 0.0000
2000 583538.915371 4506873.183585 1 0.0000
2001 587629.163362 4514855.208525 1 0.0000
2002 586667.168866 4512418.594863 1 0.0000
2003 585522.757751 4513073.824471 1 0.0000
2004 585252.586730 4512260.777144 1 0.0000
2005 585935.977337 4511067.323337 1 0.0000
2006 585114.293890 4511426.988465 1 0.0000
2007 588172.167786 4514028.569232 1 0.0000
2008 585918.374865 4512344.850972 1 0.0000
2009 584268.057463 4506905.862038 1 0.0000
2010 589555.726635 4522224.881568 1 0.0000
2011 586329.649519 4512728.924898 1 0.0000
2012 588449.364938 4519409.935386 1 0.0000
2013 585562.305299 4512839.024988 1 0.0000
2014 585342.382090 4513258.872716 1 0.0000
2015 586202.770403 4511561.890121 1 0.0000
2016 585640.824235 4509771.913274 1 0.0000
2017 583928.851640 4511752.338390 1 0.0000
2018 586604.486723 4512490.710327 1 0.0000
2019 588529.590870 4519215.821141 1 0.0000
2020 585988.614148 4514203.279938 1 0.0000
2021 587770.801651 4513229.562061 1 0.0000
2022 586329.649519 4512728.924898 1 0.0000
2023 585556.627141 4511144.363868 1 0.0000
2024 585532.645872 4512206.069899 1 0.0000
2025 586849.210289 4512755.871621 1 0.0000
2026 585044.919178 4507779.217047 1 0.0000
2027 588489.768052 4515626.541538 1 0.0000
2028 584659.106934 4511741.157408 1 0.0000
2029 589759.114497 4522266.818571 1 0.0000
2030 583994.468010 4507463.140070 1 0.0000
2031 583317.502452 4507772.346463 1 0.0000
2032 585760.544417 4512048.989409 1 0.0000
2033 585639.927342 4509770.379693 1 0.0000
2034 583417.926918 4506205.065408 1 0.0000
2035 583869.021147 4507400.766013 1 0.0000
2036 589060.809763 4517793.600879 1 0.0000
2037 585796.149103 4512695.115269 1 0.0000
2038 590366.723517 4523684.366999 1 0.0000
2039 589627.606879 4519797.892341 1 0.0000
2040 585819.298151 4512161.189498 1 0.0000
2041 583417.926918 4506205.065408 1 0.0000
2042 586465.735130 4512044.834653 1 0.0000
2043 585376.149369 4511418.696917 1 0.0000
2044 587946.758604 4513405.568965 1 0.0000
2045 586616.409202 4515428.441154 1 0.0000
2046 586128.978276 4511753.333692 1 0.0000
2047 589625.558481 4518561.568289 1 0.0000
2048 585441.199084 4514347.576871 1 0.0000
2049 583332.490303 4506696.834676 1 0.0000
2050 586217.267914 4511787.249918 1 0.0000
2051 584031.504466 4510579.088858 1 0.0000
2052 586089.534570 4512005.809684 1 0.0000
2053 588960.516577 4519693.681619 1 0.0000
2054 585796.149103 4512695.115269 1 0.0000
2055 586662.868384 4512742.473284 1 0.0000
2056 584433.037068 4511898.258853 1 0.0000
2057 585474.696490 4511755.934607 1 0.0000
2058 588601.983667 4516849.489963 1 0.0000
2059 584740.747286 4512492.327578 1 0.0000
2060 588221.425852 4517326.016576 1 0.0000
2061 585915.544398 4512513.029254 1 0.0000
2062 585441.199084 4514347.576871 1 0.0000
2063 583752.347836 4507210.202226 1 0.0000
2064 588009.697105 4513658.603096 1 0.0000
2065 586624.190459 4511938.155744 1 0.0000
2066 586752.015181 4511925.594956 1 0.0000
2067 586273.310320 4510933.733151 1 0.0000
2068 585957.071029 4511756.860502 1 0.0000
2069 586013.038507 4511712.398389 1 0.0000
2070 585870.800250 4512829.437141 1 0.0000
2071 583573.326731 4506928.730493 1 0.0000
2072 585562.305299 4512839.024988 1 0.0000
2073 585449.136970 4514880.943247 1 0.0000
2074 585014.952497 4511614.178746 1 0.0000
2075 586035.500002 4512255.071085 1 0.0000
2076 585866.313036 4511591.881505 1 0.0000
2077 588974.260321 4521079.763004 1 0.0000
2078 585675.046390 4514203.362390 1 0.0000
2079 586042.217065 4512574.808207 1 0.0000
2080 585831.439895 4512940.823749 1 0.0000
2081 584062.046756 4510332.302963 1 0.0000
2082 587506.749722 4513189.681673 1 0.0000
2083 585453.777797 4512388.312907 1 0.0000
2084 585987.080288 4514204.176949 1 0.0000
2085 585796.149103 4512695.115269 1 0.0000
2086 586081.011303 4512646.861818 1 0.0000
2087 586359.376296 4512633.883064 1 0.0000
2088 586829.790096 4516143.942726 1 0.0000
2089 585602.077688 4508625.390130 1 0.0000
2090 585393.770335 4511503.611984 1 0.0000
2091 583941.699705 4510410.771035 1 0.0000
2092 588965.106910 4518756.986866 1 0.0000
2093 588078.304558 4512986.235039 1 0.0000
2094 587069.533877 4512835.783795 1 0.0000
2095 584984.274739 4513183.180419 1 0.0000
2096 586138.912456 4512753.567057 1 0.0000
2097 586905.605870 4512861.036755 1 0.0000
2098 586196.378604 4513165.911845 1 0.0000
2099 588139.521181 4515716.406213 1 0.0000
2100 588062.592246 4514284.817470 1 0.0000
2101 588269.916470 4514917.058902 1 0.0000
2102 585651.011724 4511846.925210 1 0.0000
2103 586473.311976 4511406.513865 1 0.0000
2104 589835.470132 4517283.170905 1 0.0000
2105 586260.610176 4509052.195098 1 0.0000
2106 586720.767534 4514988.381715 1 0.0000
2107 584247.798977 4510691.559979 1 0.0000
2108 587729.267148 4514387.370024 1 0.0000
2109 586617.136748 4510096.293617 1 0.0000
2110 585379.551739 4514729.917746 1 0.0000
2111 585719.522594 4514151.151519 1 0.0000
2112 585796.149103 4512695.115269 1 0.0000
2113 586604.486723 4512490.710327 1 0.0000
2114 585805.705753 4513327.232303 1 0.0000
2115 585562.305299 4512839.024988 1 0.0000
2116 587541.033023 4517880.791783 1 0.0000
2117 588189.913486 4515332.409988 1 0.0000
2118 588345.642251 4514315.469746 1 0.0000
2119 586621.464117 4512337.929619 1 0.0000
2120 588804.876721 4520007.304658 1 0.0000
2121 590680.542426 4524516.826500 1 0.0000
2122 585639.927342 4509770.379693 1 0.0000
2123 584460.056719 4511372.302035 1 0.0000
2124 589383.861203 4521530.261966 1 0.0000
2125 586042.217065 4512574.808207 1 0.0000
2126 586053.094276 4513171.287561 1 0.0000
2127 585796.149103 4512695.115269 1 0.0000
2128 584300.028451 4507871.600147 1 0.0000
2129 587421.413435 4513057.065827 1 0.0000
2130 586851.983312 4512432.280480 1 0.0000
2131 585665.768831 4510364.284369 1 0.0000
2132 586475.241959 4512066.274165 1 0.0000
2133 585885.290164 4512279.871151 1 0.0000
2134 585479.529926 4509887.091892 1 0.0000
2135 588743.660235 4519015.921430 1 0.0000
2136 586622.562354 4512990.368516 1 0.0000
2137 585791.186433 4513665.315263 1 0.0000
2138 586932.295255 4512257.061686 1 0.0000
2139 587804.030379 4515180.216490 1 0.0000
2140 585228.062809 4511230.516298 1 0.0000
2141 586720.767534 4514988.381715 1 0.0000
2142 589016.982490 4519285.070416 1 0.0000
2143 586329.649519 4512728.924898 1 0.0000
2144 588078.304558 4512986.235039 1 0.0000
2145 586234.145346 4511616.489655 1 0.0000
2146 585562.305299 4512839.024988 1 0.0000
2147 586198.519719 4511881.502924 1 0.0000
2148 586081.011303 4512646.861818 1 0.0000
2149 585917.788446 4510229.721870 1 0.0000
2150 585753.969305 4512946.949554 1 0.0000
2151 585967.661064 4511923.972012 1 0.0000
2152 585644.180206 4512633.656357 1 0.0000
2153 585639.927342 4509770.379693 1 0.0000
2154 589602.588272 4516273.375104 1 0.0000
2155 587322.291699 4514027.110244 1 0.0000
2156 585535.971909 4512154.913758 1 0.0000
2157 583915.236648 4511583.364964 1 0.0000
2158 583603.475490 4509525.952011 1 0.0000
2159 583260.766256 4506278.543426 1 0.0000
2160 585200.657813 4512164.805060 1 0.0000
2161 587114.793828 4512393.830935 1 0.0000
2162 586392.840231 4511970.259677 1 0.0000
2163 586192.974868 4512849.563306 1 0.0000
2164 590412.681823 4524169.724030 1 0.0000
2165 585668.702589 4508233.659406 1 0.0000
2166 586536.141634 4512631.936129 1 0.0000
2167 585713.821077 4511308.880139 1 0.0000
2168 586539.604893 4512836.143984 1 0.0000
2169 586622.562354 4512990.368516 1 0.0000
2170 587923.789135 4514752.520820 1 0.0000
2171 584458.903670 4511366.498005 1 0.0000
2172 584022.537191 4507165.741478 1 0.0000
2173 583494.890962 4507528.147390 1 0.0000
2174 586081.011303 4512646.861818 1 0.0000
2175 584848.651114 4507513.698468 1 0.0000
2176 585182.373444 4513715.665552 1 0.0000
2177 584744.913679 4512768.459057 1 0.0000
2178 583396.230104 4506638.747729 1 0.0000
2179 585449.040985 4513472.484058 1 0.0000
2180 585376.149369 4511418.696917 1 0.0000
2181 583417.926918 4506205.065408 1 0.0000
2182 586608.632285 4512126.910968 1 0.0000
2183 586083.331189 4513806.992670 1 0.0000
2184 585674.598493 4512371.021885 1 0.0000
2185 585873.355475 4513995.664137 1 0.0000
2186 585562.305299 4512839.024988 1 0.0000
2187 589401.487450 4517981.848861 1 0.0000
2188 585339.155246 4507870.938164 1 0.0000
2189 588157.487892 4517267.693643 1 0.0000
2190 585572.502156 4512184.888666 1 0.0000
2191 586885.140936 4513480.318884 1 0.0000
2192 588958.449114 4518672.805484 1 0.0000
2193 585399.557006 4509738.388042 1 0.0000
2194 586536.128200 4512178.498472 1 0.0000
2195 583979.295718 4506493.936974 1 0.0000
2196 585499.493303 4511879.632905 1 0.0000
2197 584955.295819 4513560.103411 1 0.0000
2198 589699.324164 4519468.076079 1 0.0000
2199 583774.338530 4509292.953728 1 0.0000
2200 586604.486723 4512490.710327 1 0.0000
2201 586662.868384 4512742.473284 1 0.0000
2202 590095.742677 4524331.271231 1 0.0000
2203 588093.633484 4517950.173463 1 0.0000
2204 589362.553906 4517414.298202 1 0.0000
2205 588489.768052 4515626.541538 1 0.0000
2206 584652.542594 4511728.893321 1 0.0000
2207 586740.494521 4510877.195310 1 0.0000
2208 584237.091503 4507645.080912 1 0.0000
2209 586464.902211 4511395.752017 1 0.0000
2210 584089.404461 4512210.345486 1 0.0000
2211 583603.432945 4508218.674768 1 0.0000
2212 586101.356464 4511369.365078 1 0.0000
2213 583944.214892 4506524.010754 1 0.0000
2214 585891.464454 4513235.571606 1 0.0000
2215 586465.735130 4512044.834653 1 0.0000
2216 584756.780108 4510951.500924 1 0.0000
2217 586487.389776 4511641.924756 1 0.0000
2218 584031.504466 4510579.088858 1 0.0000
2219 586487.562818 4511760.466588 1 0.0000
2220 583503.853296 4506500.104580 1 0.0000
2221 584219.721684 4509330.937281 1 0.0000
2222 585739.633066 4510701.546130 1 0.0000
2223 586449.758463 4509969.752763 1 0.0000
2224 586667.168866 4512418.594863 1 0.0000
2225 587354.127873 4517061.675472 1 0.0000
2226 589627.606879 4519797.892341 1 0.0000
2227 589735.675324 4522985.416794 1 0.0000
2228 585522.757751 4513073.824471 1 0.0000
2229 585644.180206 4512633.656357 1 0.0000
2230 584561.504854 4508351.475135 1 0.0000
2231 585796.149103 4512695.115269 1 0.0000
2232 584060.913929 4508639.227127 1 0.0000
2233 586329.649519 4512728.924898 1 0.0000
2234 586814.386344 4512041.188551 1 0.0000
2235 584356.928034 4511758.130697 1 0.0000
2236 585721.330762 4511425.372508 1 0.0000
2237 585915.544398 4512513.029254 1 0.0000
2238 583752.347836 4507210.202226 1 0.0000
2239 586323.805662 4508132.025329 1 0.0000
2240 586566.464008 4512885.816366 1 0.0000
2241 589814.161201 4517762.272135 1 0.0000
2242 586451.889879 4512350.624576 1 0.0000
2243 587191.208023 4513630.381666 1 0.0000
2244 588307.938453 4518798.248595 1 0.0000
2245 586101.636062 4515569.452452 1 0.0000
2246 589289.958441 4517126.412635 1 0.0000
2247 585935.977337 4511067.323337 1 0.0000
2248 589967.640128 4516488.716004 1 0.0000
2249 589625.558481 4518561.568289 1 0.0000
2250 586967.124862 4513211.871900 1 0.0000
2251 585252.586730 4512260.777144 1 0.0000
2252 590366.723517 4523684.366999 1 0.0000
2253 583424.634627 4507141.564176 1 0.0000
2254 585714.005336 4508911.585597 1 0.0000
2255 583754.530288 4509560.583583 1 0.0000
2256 586221.284373 4512905.651709 1 0.0000
2257 588937.368935 4520253.516241 1 0.0000
2258 583676.860828 4507095.680195 1 0.0000
2259 586497.168049 4512896.606345 1 0.0000
2260 584089.404461 4512210.345486 1 0.0000
2261 586117.464607 4512710.356362 1 0.0000
2262 586007.759590 4511079.111821 1 0.0000
2263 589146.532259 4522032.495748 1 0.0000
2264 585321.323287 4510426.791079 1 0.0000
2265 585014.952497 4511614.178746 1 0.0000
2266 587486.835792 4514215.175747 1 0.0000
2267 585453.493146 4512199.378763 1 0.0000
2268 586597.826398 4514759.652356 1 0.0000
2269 587006.436017 4512917.646613 1 0.0000
2270 589613.694824 4521150.748524 1 0.0000
2271 585743.493706 4512021.064228 1 0.0000
2272 586019.219130 4514084.784564 1 0.0000
2273 585791.186433 4513665.315263 1 0.0000
2274 585474.696490 4511755.934607 1 0.0000
2275 583385.488561 4506190.374819 1 0.0000
2276 585866.313036 4511591.881505 1 0.0000
2277 583158.723724 4506489.165888 1 0.0000
2278 586380.510400 4508986.215030 1 0.0000
2279 589062.508169 4516041.106524 1 0.0000
2280 586151.275635 4513005.719845 1 0.0000
2281 587289.728780 4513247.849934 1 0.0000
2282 586667.168866 4512418.594863 1 0.0000
2283 588463.102092 4517751.435530 1 0.0000
2284 588277.660774 4518460.564660 1 0.0000
2285 585860.473094 4512238.145472 1 0.0000
2286 583842.532146 4509084.687630 1 0.0000
2287 583431.492625 4506699.790094 1 0.0000
2288 589320.477280 4521690.437602 1 0.0000
2289 585252.586730 4512260.777144 1 0.0000
2290 586396.035345 4512679.401326 1 0.0000
2291 586752.015181 4511925.594956 1 0.0000
2292 583476.640072 4507391.422292 1 0.0000
2293 587229.188962 4513131.971220 1 0.0000
2294 583429.605418 4506892.354812 1 0.0000
2295 585889.151269 4508088.377085 1 0.0000
2296 585918.374865 4512344.850972 1 0.0000
2297 587038.365959 4513351.335552 1 0.0000
2298 585188.808249 4510182.413455 1 0.0000
2299 589589.276163 4523396.964507 1 0.0000
2300 584341.684065 4507719.102394 1 0.0000
2301 585978.704690 4511141.859658 1 0.0000
2302 585889.010218 4513531.130652 1 0.0000
2303 585432.967380 4514401.419937 1 0.0000
2304 586042.217065 4512574.808207 1 0.0000
2305 590427.993442 4523309.023810 1 0.0000
2306 586591.473355 4511626.960103 1 0.0000
2307 583154.954646 4506258.141699 1 0.0000
2308 586499.546255 4511778.582147 1 0.0000
2309 585796.149103 4512695.115269 1 0.0000
2310 585964.144017 4514157.901645 1 0.0000
2311 584678.299482 4507353.910161 1 0.0000
2312 583659.108384 4506326.349964 1 0.0000
2313 584578.641986 4512170.516477 1 0.0000
2314 586541.617762 4512793.200609 1 0.0000
2315 587114.304190 4513854.091720 1 0.0000
2316 586490.361793 4512745.078593 1 0.0000
2317 586536.128200 4512178.498472 1 0.0000
2318 585252.586730 4512260.777144 1 0.0000
2319 587290.848571 4517827.352550 1 0.0000
2320 583529.374343 4506158.796671 1 0.0000
2321 585644.180206 4512633.656357 1 0.0000
2322 586536.128200 4512178.498472 1 0.0000
2323 586329.649519 4512728.924898 1 0.0000
2324 585335.689133 4510904.463571 1 0.0000
2325 589573.382111 4517979.543797 1 0.0000
2326 585805.705753 4513327.232303 1 0.0000
2327 587602.294112 4517773.005763 1 0.0000
2328 583417.926918 4506205.065408 1 0.0000
2329 585594.500099 4512260.102798 1 0.0000
2330 586726.735259 4512860.522007 1 0.0000
2331 586293.658905 4515138.011088 1 0.0000
2332 589430.251740 4518505.707872 1 0.0000
2333 586392.840231 4511970.259677 1 0.0000
2334 586536.141634 4512631.936129 1 0.0000
2335 589269.599097 4521716.063290 1 0.0000
2336 585441.199084 4514347.576871 1 0.0000
2337 589480.489651 4521687.996873 1 0.0000
2338 584034.340053 4508510.938798 1 0.0000
2339 586614.043959 4516517.825116 1 0.0000
2340 585796.149103 4512695.115269 1 0.0000
2341 584112.799651 4507374.287524 1 0.0000
2342 587853.859987 4518239.676177 1 0.0000
2343 584404.971525 4510857.903298 1 0.0000
2344 586548.921296 4514719.174866 1 0.0000
2345 586475.241959 4512066.274165 1 0.0000
2346 584947.260620 4511698.121963 1 0.0000
2347 584514.887916 4511882.127039 1 0.0000
2348 586053.094276 4513171.287561 1 0.0000
2349 585735.933301 4509581.627684 1 0.0000
2350 585575.601693 4512287.312480 1 0.0000
2351 583163.558490 4507188.566785 1 0.0000
2352 586616.870612 4512741.034793 1 0.0000
2353 586745.333094 4515827.279272 1 0.0000
2354 585050.453257 4509995.868171 1 0.0000
2355 584514.887916 4511882.127039 1 0.0000
2356 585076.690760 4510126.894992 1 0.0000
2357 587501.600095 4514390.259786 1 0.0000
2358 585799.226044 4512291.383752 1 0.0000
2359 586036.763200 4511582.549087 1 0.0000
2360 583888.590182 4506939.937486 1 0.0000
2361 583417.926918 4506205.065408 1 0.0000
2362 585811.428862 4509240.581774 1 0.0000
2363 585595.551683 4514761.329518 1 0.0000
2364 586537.993164 4511854.287762 1 0.0000
2365 585796.149103 4512695.115269 1 0.0000
2366 586473.311976 4511406.513865 1 0.0000
2367 585900.391405 4507689.920977 1 0.0000
2368 584089.404461 4512210.345486 1 0.0000
2369 587454.952267 4518080.627780 1 0.0000
2370 589707.634313 4516468.077536 1 0.0000
2371 585915.544398 4512513.029254 1 0.0000
2372 586192.974868 4512849.563306 1 0.0000
2373 583382.720455 4507397.057293 1 0.0000
2374 585713.821077 4511308.880139 1 0.0000
2375 585843.772966 4513168.901360 1 0.0000
2376 583825.020345 4508909.880365 1 0.0000
2377 585150.737375 4510260.904640 1 0.0000
2378 584394.235161 4512094.366180 1 0.0000
2379 587057.055510 4512486.725477 1 0.0000
2380 585039.625354 4509903.107536 1 0.0000
2381 586482.441985 4513012.235484 1 0.0000
2382 589935.883568 4522718.623108 1 0.0000
2383 586749.834926 4512571.597111 1 0.0000
2384 585644.180206 4512633.656357 1 0.0000
2385 588069.942138 4518237.265365 1 0.0000
2386 585644.180206 4512633.656357 1 0.0000
2387 583155.473500 4507523.978607 1 0.0000
2388 585609.257180 4510456.582277 1 0.0000
2389 588475.248040 4517835.375398 1 0.0000
2390 585768.648512 4513396.897027 1 0.0000
2391 588800.436638 4516281.904357 1 0.0000
2392 589041.089209 4516610.101738 1 0.0000
2393 585941.503926 4507986.583840 1 0.0000
2394 587543.466880 4514700.647827 1 0.0000
2395 586234.145346 4511616.489655 1 0.0000
2396 589811.183098 4517595.853992 1 0.0000
2397 585796.149103 4512695.115269 1 0.0000
2398 589752.769437 4523516.762567 1 0.0000
2399 583548.983151 4507059.484905 1 0.0000
2400 589331.760418 4519473.024500 1 0.0000
2401 587501.600095 4514390.259786 1 0.0000
2402 585639.927342 4509770.379693 1 0.0000
2403 587114.304190 4513854.091720 1 0.0000
2404 586042.217065 4512574.808207 1 0.0000
2405 584359.234355 4508907.432219 1 0.0000
2406 584089.404461 4512210.345486 1 0.0000
2407 583603.432945 4508218.674768 1 0.0000
2408 585796.149103 4512695.115269 1 0.0000
2409 584551.104186 4511431.542438 1 0.0000
2410 583918.356465 4511122.347373 1 0.0000
2411 583431.492625 4506699.790094 1 0.0000
2412 585567.368485 4510602.679647 1 0.0000
2413 583417.926918 4506205.065408 1 0.0000
2414 585228.162668 4514056.265091 1 0.0000
2415 585138.172415 4511470.836680 1 0.0000
2416 586667.168866 4512418.594863 1 0.0000
2417 587699.740186 4514571.699924 1 0.0000
2418 585644.180206 4512633.656357 1 0.0000
2419 582969.070750 4506632.971266 1 0.0000
2420 586202.770403 4511561.890121 1 0.0000
2421 591651.513610 4525683.469217 1 0.0000
2422 585814.020732 4510511.328244 1 0.0000
2423 590427.993442 4523309.023810 1 0.0000
2424 586662.868384 4512742.473284 1 0.0000
2425 585891.055791 4514073.572007 1 0.0000
2426 584019.148734 4508159.111355 1 0.0000
2427 583779.459899 4508896.867843 1 0.0000
2428 583918.077513 4509194.030846 1 0.0000
2429 588008.396867 4513799.373173 1 0.0000
2430 587094.835290 4512781.524632 1 0.0000
2431 585541.697973 4510635.907482 1 0.0000
2432 583504.643763 4506082.639339 1 0.0000
2433 583458.409973 4506476.732056 1 0.0000
2434 585885.290164 4512279.871151 1 0.0000
2435 585632.084693 4514122.729208 1 0.0000
2436 584925.539303 4511759.124804 1 0.0000
2437 585773.337462 4512076.255822 1 0.0000
2438 584243.552597 4510609.539066 1 0.0000
2439 585796.149103 4512695.115269 1 0.0000
2440 585433.790408 4511227.374345 1 0.0000
2441 586329.649519 4512728.924898 1 0.0000
2442 589737.876861 4520576.220462 1 0.0000
2443 590606.719947 4524443.457063 1 0.0000
2444 585000.529613 4508011.218842 1 0.0000
2445 586510.809286 4512127.319980 1 0.0000
2446 589338.264320 4521680.583851 1 0.0000
2447 585141.697994 4514102.816603 1 0.0000
2448 584061.458699 4507708.293311 1 0.0000
2449 588717.868879 4516547.908160 1 0.0000
2450 587887.785151 4515211.034979 1 0.0000
2451 585644.180206 4512633.656357 1 0.0000
2452 587193.649120 4512533.686188 1 0.0000
2453 589291.045878 4520904.804852 1 0.0000
2454 587080.013009 4512531.172458 1 0.0000
2455 586595.938532 4510405.657060 1 0.0000
2456 584089.404461 4512210.345486 1 0.0000
2457 586184.880071 4512837.891668 1 0.0000
2458 586019.219130 4514084.784564 1 0.0000
2459 587104.945055 4515904.819582 1 0.0000
2460 586788.119694 4512313.926641 1 0.0000
2461 586622.562354 4512990.368516 1 0.0000
2462 586019.219130 4514084.784564 1 0.0000
2463 586071.031331 4514057.340214 1 0.0000
2464 587770.801651 4513229.562061 1 0.0000
2465 583130.693040 4506462.031566 1 0.0000
2466 586244.864685 4512547.864074 1 0.0000
2467 586089.534570 4512005.809684 1 0.0000
2468 585806.366794 4512466.989431 1 0.0000
2469 585644.180206 4512633.656357 1 0.0000
2470 585349.733457 4512159.190427 1 0.0000
2471 587403.370212 4517981.001083 1 0.0000
2472 585986.205892 4509921.506650 1 0.0000
2473 586329.649519 4512728.924898 1 0.0000
2474 586667.168866 4512418.594863 1 0.0000
2475 585910.154614 4512905.762966 1 0.0000
2476 585935.977337 4511067.323337 1 0.0000
2477 583835.938942 4509369.227551 1 0.0000
2478 585548.882845 4511235.694416 1 0.0000
2479 585796.149103 4512695.115269 1 0.0000
2480 587561.385592 4513342.363793 1 0.0000
2481 583543.922526 4509162.954058 1 0.0000
2482 585915.544398 4512513.029254 1 0.0000
2483 588639.856676 4516922.142836 1 0.0000
2484 588463.102092 4517751.435530 1 0.0000
2485 585432.967380 4514401.419937 1 0.0000
2486 589847.232328 4523036.666515 1 0.0000
2487 585805.705753 4513327.232303 1 0.0000
2488 586563.915793 4512226.962546 1 0.0000
2489 583731.412669 4506827.532376 1 0.0000
2490 584609.322177 4511831.398899 1 0.0000
2491 583424.634627 4507141.564176 1 0.0000
2492 586202.770403 4511561.890121 1 0.0000
2493 586117.464607 4512710.356362 1 0.0000
2494 586851.983312 4512432.280480 1 0.0000
2495 585796.149103 4512695.115269 1 0.0000
2496 586667.168866 4512418.594863 1 0.0000
2497 586221.284373 4512905.651709 1 0.0000
2498 587127.978723 4512386.668499 1 0.0000
2499 585474.696490 4511755.934607 1 0.0000
2500 586206.169479 4508052.676594 1 0.0000
2501 584588.368655 4511129.676956 1 0.0000
2502 588519.593116 4519103.870699 1 0.0000
2503 587045.366906 4512469.527221 1 0.0000
2504 585562.305299 4512839.024988 1 0.0000
2505 588256.339211 4514637.771033 1 0.0000
2506 584402.792663 4512038.698587 1 0.0000
2507 589041.089209 4516610.101738 1 0.0000
2508 589194.727361 4520559.661775 1 0.0000
2509 586444.115484 4512845.721386 1 0.0000
2510 585252.586730 4512260.777144 1 0.0000
2511 585922.376251 4513250.550776 1 0.0000
2512 586089.534570 4512005.809684 1 0.0000
2513 584650.976587 4507264.619495 1 0.0000
2514 586956.898630 4512959.438898 1 0.0000
2515 585493.194591 4512459.154727 1 0.0000
2516 585910.154614 4512905.762966 1 0.0000
2517 584089.404461 4512210.345486 1 0.0000
2518 585562.305299 4512839.024988 1 0.0000
2519 585796.149103 4512695.115269 1 0.0000
2520 585150.737375 4510260.904640 1 0.0000
2521 589847.232328 4523036.666515 1 0.0000
2522 585644.180206 4512633.656357 1 0.0000
2523 586475.241959 4512066.274165 1 0.0000
2524 585758.243764 4512785.796760 1 0.0000
2525 585452.289750 4513936.013496 1 0.0000
2526 586851.983312 4512432.280480 1 0.0000
2527 586872.610968 4511531.125844 1 0.0000
2528 588997.289922 4520476.959611 1 0.0000
2529 586117.464607 4512710.356362 1 0.0000
2530 588648.834781 4518299.328674 1 0.0000
2531 586667.168866 4512418.594863 1 0.0000
2532 583130.693040 4506462.031566 1 0.0000
2533 585782.771988 4512211.052849 1 0.0000
2534 585441.199084 4514347.576871 1 0.0000
2535 585796.149103 4512695.115269 1 0.0000
2536 586002.641065 4510725.872112 1 0.0000
2537 583163.558490 4507188.566785 1 0.0000
2538 586615.189791 4516524.236811 1 0.0000
2539 584031.504466 4510579.088858 1 0.0000
2540 588639.856676 4516922.142836 1 0.0000
2541 586236.557370 4512688.553921 1 0.0000
2542 585796.149103 4512695.115269 1 0.0000
2543 589041.089209 4516610.101738 1 0.0000
2544 585143.642249 4509760.155535 1 0.0000
2545 586013.038507 4511712.398389 1 0.0000
2546 587140.519106 4512970.977566 1 0.0000
2547 586221.284373 4512905.651709 1 0.0000
2548 585449.136970 4514880.943247 1 0.0000
2549 583617.923085 4506678.448839 1 0.0000
2550 586499.546255 4511778.582147 1 0.0000
2551 586051.682024 4513883.423581 1 0.0000
2552 586329.649519 4512728.924898 1 0.0000
2553 584602.204025 4508122.479773 1 0.0000
2554 586400.889879 4514526.116589 1 0.0000
2555 585867.603993 4511264.618627 1 0.0000
2556 585935.977337 4511067.323337 1 0.0000
2557 586042.217065 4512574.808207 1 0.0000
2558 587929.611331 4513974.304895 1 0.0000
2559 586667.168866 4512418.594863 1 0.0000
2560 586851.983312 4512432.280480 1 0.0000
2561 583659.108384 4506326.349964 1 0.0000
2562 584553.459066 4511545.841686 1 0.0000
2563 585984.188189 4515206.399567 1 0.0000
2564 586536.128200 4512178.498472 1 0.0000
2565 585539.049172 4512045.246070 1 0.0000
2566 588489.768052 4515626.541538 1 0.0000
2567 583606.527526 4508241.259066 1 0.0000
2568 583417.926918 4506205.065408 1 0.0000
2569 584247.798977 4510691.559979 1 0.0000
2570 585713.821077 4511308.880139 1 0.0000
2571 587089.339796 4512782.377057 1 0.0000
2572 586167.564437 4512405.284134 1 0.0000
2573 585724.017153 4512152.485658 1 0.0000
2574 588078.304558 4512986.235039 1 0.0000
2575 586117.464607 4512710.356362 1 0.0000
2576 591721.972610 4525037.321102 1 0.0000
2577 588104.356522 4518773.375729 1 0.0000
2578 586487.562818 4511760.466588 1 0.0000
2579 586667.168866 4512418.594863 1 0.0000
2580 583139.830322 4507532.941362 1 0.0000
2581 585644.834452 4512736.662652 1 0.0000
2582 585436.014488 4512208.930442 1 0.0000
2583 584293.896468 4510095.732917 1 0.0000
2584 586069.561522 4509960.547901 1 0.0000
2585 583424.634627 4507141.564176 1 0.0000
2586 588091.123594 4513706.458881 1 0.0000
2587 585285.472342 4510230.138636 1 0.0000
2588 588558.692196 4517332.300266 1 0.0000
2589 587290.848571 4517827.352550 1 0.0000
2590 584671.924980 4511391.779761 1 0.0000
2591 585731.067252 4513726.490642 1 0.0000
2592 586329.649519 4512728.924898 1 0.0000
2593 586329.649519 4512728.924898 1 0.0000
2594 585796.149103 4512695.115269 1 0.0000
2595 587177.091835 4512542.639577 1 0.0000
2596 586019.219130 4514084.784564 1 0.0000
2597 586221.284373 4512905.651709 1 0.0000
2598 585467.773545 4512470.444295 1 0.0000
2599 586530.371014 4512496.569843 1 0.0000
2600 583869.060751 4509323.895918 1 0.0000
2601 586108.087862 4511714.699334 1 0.0000
2602 583332.490303 4506696.834676 1 0.0000
2603 585889.010218 4513531.130652 1 0.0000
2604 585675.515229 4511354.457910 1 0.0000
2605 585158.013749 4510932.912922 1 0.0000
2606 587114.304190 4513854.091720 1 0.0000
2607 586482.441985 4513012.235484 1 0.0000
2608 589700.117179 4522496.523322 1 0.0000
2609 586667.168866 4512418.594863 1 0.0000
2610 586543.433363 4512981.544106 1 0.0000
2611 586202.770403 4511561.890121 1 0.0000
2612 586034.413747 4513714.102056 1 0.0000
2613 583824.294144 4510765.963566 1 0.0000
2614 585342.382090 4513258.872716 1 0.0000
2615 586622.562354 4512990.368516 1 0.0000
2616 583538.915371 4506873.183585 1 0.0000
2617 585590.937026 4511583.259468 1 0.0000
2618 585009.266198 4509010.214343 1 0.0000
2619 585796.149103 4512695.115269 1 0.0000
2620 586849.905269 4512106.500988 1 0.0000
2621 586258.509354 4511992.193195 1 0.0000
2622 583869.021147 4507400.766013 1 0.0000
2623 589753.453943 4517420.584224 1 0.0000
2624 585680.620327 4514623.343378 1 0.0000
2625 585562.305299 4512839.024988 1 0.0000
2626 586053.094276 4513171.287561 1 0.0000
2627 587887.785151 4515211.034979 1 0.0000
2628 585639.927342 4509770.379693 1 0.0000
2629 586622.562354 4512990.368516 1 0.0000
2630 586333.213948 4514929.417200 1 0.0000
2631 584089.404461 4512210.345486 1 0.0000
2632 587600.732417 4512777.537988 1 0.0000
2633 585141.697994 4514102.816603 1 0.0000
2634 586243.061395 4512064.237998 1 0.0000
2635 589011.635150 4514970.308620 1 0.0000
2636 586582.368735 4512265.568723 1 0.0000
2637 587808.700583 4517817.413318 1 0.0000
2638 585182.373444 4513715.665552 1 0.0000
2639 584394.235161 4512094.366180 1 0.0000
2640 583332.490303 4506696.834676 1 0.0000
2641 583609.807821 4506989.786424 1 0.0000
2642 584652.542594 4511728.893321 1 0.0000
2643 586667.168866 4512418.594863 1 0.0000
2644 586160.577597 4507721.222344 1 0.0000
2645 586148.856178 4513191.271512 1 0.0000
2646 588901.075971 4519802.098250 1 0.0000
2647 586617.136748 4510096.293617 1 0.0000
2648 585796.149103 4512695.115269 1 0.0000
2649 586399.067086 4512252.814661 1 0.0000
2650 586563.915793 4512226.962546 1 0.0000
2651 583544.723041 4506657.502999 1 0.0000
2652 586386.637639 4512594.883439 1 0.0000
2653 586752.015181 4511925.594956 1 0.0000
2654 586206.656065 4512477.950256 1 0.0000
2655 586473.311976 4511406.513865 1 0.0000
2656 584428.424302 4511928.678403 1 0.0000
2657 586202.770403 4511561.890121 1 0.0000
2658 583424.634627 4507141.564176 1 0.0000
2659 585937.815757 4511066.429835 1 0.0000
2660 585739.034794 4512866.940434 1 0.0000
2661 588874.954761 4516187.372729 1 0.0000
2662 585252.586730 4512260.777144 1 0.0000
2663 585796.149103 4512695.115269 1 0.0000
2664 585675.046390 4514203.362390 1 0.0000
2665 586829.790096 4516143.942726 1 0.0000
2666 585252.586730 4512260.777144 1 0.0000
2667 591808.458281 4525469.508655 1 0.0000
2668 583417.926918 4506205.065408 1 0.0000
2669 589739.918601 4522747.163631 1 0.0000
2670 585375.409592 4513890.342291 1 0.0000
2671 586784.738179 4512851.431470 1 0.0000
2672 585785.614525 4512095.288425 1 0.0000
2673 583625.749754 4509229.096829 1 0.0000
2674 585943.322649 4512963.429851 1 0.0000
2675 589232.374695 4516323.700943 1 0.0000
2676 586616.870612 4512741.034793 1 0.0000
2677 584652.542594 4511728.893321 1 0.0000
2678 585463.906331 4511686.638935 1 0.0000
2679 583609.807821 4506989.786424 1 0.0000
2680 584089.404461 4512210.345486 1 0.0000
2681 584623.304478 4511674.013210 1 0.0000
2682 588078.304558 4512986.235039 1 0.0000
2683 585796.149103 4512695.115269 1 0.0000
2684 586329.649519 4512728.924898 1 0.0000
2685 585435.128983 4511029.620828 1 0.0000
2686 585499.493303 4511879.632905 1 0.0000
2687 588431.150871 4514085.458134 1 0.0000
2688 582969.070750 4506632.971266 1 0.0000
2689 584609.322177 4511831.398899 1 0.0000
2690 586947.093492 4512937.386760 1 0.0000
2691 585149.774396 4511495.651285 1 0.0000
2692 585791.186433 4513665.315263 1 0.0000
2693 586053.094276 4513171.287561 1 0.0000
2694 585644.180206 4512633.656357 1 0.0000
2695 585837.756763 4512359.778045 1 0.0000
2696 585805.705753 4513327.232303 1 0.0000
2697 585843.735254 4514268.364177 1 0.0000
2698 583278.416798 4507886.478491 1 0.0000
2699 585544.452084 4512881.483508 1 0.0000
2700 586089.534570 4512005.809684 1 0.0000
2701 584268.057463 4506905.862038 1 0.0000
2702 586667.168866 4512418.594863 1 0.0000
2703 585811.647971 4511281.349788 1 0.0000
2704 586988.116713 4512359.172977 1 0.0000
2705 584877.096547 4511785.083884 1 0.0000
2706 589814.414900 4522708.093573 1 0.0000
2707 584162.160356 4507454.993230 1 0.0000
2708 589982.475621 4516978.286176 1 0.0000
2709 589316.944471 4517752.945461 1 0.0000
2710 587629.163362 4514855.208525 1 0.0000
2711 587887.785151 4515211.034979 1 0.0000
2712 586494.539867 4508070.890716 1 0.0000
2713 586616.870612 4512741.034793 1 0.0000
2714 585791.186433 4513665.315263 1 0.0000
2715 585743.047998 4512862.414995 1 0.0000
2716 585988.614148 4514203.279938 1 0.0000
2717 585367.949731 4512245.331454 1 0.0000
2718 586081.011303 4512646.861818 1 0.0000
2719 586286.259050 4510572.777452 1 0.0000
2720 585918.128698 4509236.617183 1 0.0000
2721 585441.205893 4512395.178927 1 0.0000
2722 585562.305299 4512839.024988 1 0.0000
2723 587770.801651 4513229.562061 1 0.0000
2724 586206.656065 4512477.950256 1 0.0000
2725 590353.053320 4523814.027078 1 0.0000
2726 583382.720455 4507397.057293 1 0.0000
2727 586221.284373 4512905.651709 1 0.0000
2728 585176.247135 4511258.265478 1 0.0000
2729 585607.834013 4512346.797607 1 0.0000
2730 586089.534570 4512005.809684 1 0.0000
2731 586851.983312 4512432.280480 1 0.0000
2732 586667.168866 4512418.594863 1 0.0000
2733 586329.649519 4512728.924898 1 0.0000
2734 587427.106433 4512691.149903 1 0.0000
2735 585819.298151 4512161.189498 1 0.0000
2736 586676.570992 4511539.862131 1 0.0000
2737 583862.411126 4509265.617944 1 0.0000
2738 588964.605250 4515273.285306 1 0.0000
2739 585687.332793 4512483.612559 1 0.0000
2740 583864.686529 4507540.586401 1 0.0000
2741 586272.105433 4512590.836186 1 0.0000
2742 585743.493706 4512021.064228 1 0.0000
2743 585236.947267 4508443.880968 1 0.0000
2744 583915.236648 4511583.364964 1 0.0000
2745 584108.768652 4506737.973355 1 0.0000
2746 586392.840231 4511970.259677 1 0.0000
2747 589850.072164 4516537.047252 1 0.0000
2748 585474.696490 4511755.934607 1 0.0000
2749 588627.381823 4518122.948814 1 0.0000
2750 585306.666366 4511552.899305 1 0.0000
2751 586443.590272 4512009.233297 1 0.0000
2752 585066.568466 4509276.589133 1 0.0000
2753 586925.390728 4513504.851082 1 0.0000
2754 588340.754251 4513755.013913 1 0.0000
2755 585562.305299 4512839.024988 1 0.0000
2756 585759.777025 4512784.900800 1 0.0000
2757 583155.473500 4507523.978607 1 0.0000
2758 585874.297982 4509553.339817 1 0.0000
2759 587057.055510 4512486.725477 1 0.0000
2760 586234.145346 4511616.489655 1 0.0000
2761 586749.834926 4512571.597111 1 0.0000
2762 586042.217065 4512574.808207 1 0.0000
2763 588661.089273 4518106.572699 1 0.0000
2764 584112.799651 4507374.287524 1 0.0000
2765 585866.313036 4511591.881505 1 0.0000
2766 585866.313036 4511591.881505 1 0.0000
2767 586536.128200 4512178.498472 1 0.0000
2768 585915.544398 4512513.029254 1 0.0000
2769 586081.011303 4512646.861818 1 0.0000
2770 583417.926918 4506205.065408 1 0.0000
2771 587186.261711 4513903.973248 1 0.0000
2772 586007.759590 4511079.111821 1 0.0000
2773 587699.080436 4518157.461524 1 0.0000
2774 587989.458925 4514792.579165 1 0.0000
2775 586510.809286 4512127.319980 1 0.0000
2776 585048.196581 4509444.894542 1 0.0000
2777 583949.830163 4507529.671330 1 0.0000
2778 586667.168866 4512418.594863 1 0.0000
2779 585571.609053 4512503.929570 1 0.0000
2780 585984.188189 4515206.399567 1 0.0000
2781 584756.780108 4510951.500924 1 0.0000
2782 588926.195801 4519790.499734 1 0.0000
2783 591093.192694 4524006.232698 1 0.0000
2784 585772.332905 4507990.752941 1 0.0000
2785 586396.035345 4512679.401326 1 0.0000
2786 586646.736375 4512660.621769 1 0.0000
2787 585249.806887 4509294.826880 1 0.0000
2788 585805.705753 4513327.232303 1 0.0000
2789 585014.952497 4511614.178746 1 0.0000
2790 585449.136970 4514880.943247 1 0.0000
2791 590779.900786 4523661.353338 1 0.0000
2792 586563.915793 4512226.962546 1 0.0000
2793 585947.497517 4514896.376120 1 0.0000
2794 584982.011271 4514050.106908 1 0.0000
2795 589455.268104 4517915.421457 1 0.0000
2796 583976.758692 4507573.248662 1 0.0000
2797 583382.720455 4507397.057293 1 0.0000
2798 585072.939656 4513772.316529 1 0.0000
2799 588251.303667 4518874.394509 1 0.0000
2800 585639.927342 4509770.379693 1 0.0000
2801 588529.590870 4519215.821141 1 0.0000
2802 585522.757751 4513073.824471 1 0.0000
2803 584042.905447 4508936.130687 1 0.0000
2804 588335.764330 4517587.561262 1 0.0000
2805 589568.810923 4522493.501457 1 0.0000
2806 584661.066490 4511167.985882 1 0.0000
2807 588489.768052 4515626.541538 1 0.0000
2808 589552.497955 4519997.549919 1 0.0000
2809 585885.290164 4512279.871151 1 0.0000
2810 584006.409364 4507458.095055 1 0.0000
2811 583949.830163 4507529.671330 1 0.0000
2812 585562.305299 4512839.024988 1 0.0000
2813 585885.290164 4512279.871151 1 0.0000
2814 586286.259050 4510572.777452 1 0.0000
2815 585421.786836 4512120.397181 1 0.0000
2816 587919.629437 4513112.108512 1 0.0000
2817 585666.359596 4513174.193188 1 0.0000
2818 584112.799651 4507374.287524 1 0.0000
2819 583390.506901 4506632.893700 1 0.0000
2820 586481.221681 4511942.621573 1 0.0000
2821 585452.503696 4507523.925837 1 0.0000
2822 587120.894090 4517712.968722 1 0.0000
2823 584303.184938 4507647.966665 1 0.0000
2824 586846.104513 4513081.897085 1 0.0000
2825 586392.840231 4511970.259677 1 0.0000
2826 587640.610505 4512486.974879 1 0.0000
2827 583317.502452 4507772.346463 1 0.0000
2828 589060.809763 4517793.600879 1 0.0000
2829 587165.898694 4517801.548775 1 0.0000
2830 583417.926918 4506205.065408 1 0.0000
2831 586019.219130 4514084.784564 1 0.0000
2832 585441.199084 4514347.576871 1 0.0000
2833 584089.404461 4512210.345486 1 0.0000
2834 588622.394046 4519388.444319 1 0.0000
2835 585674.598493 4512371.021885 1 0.0000
2836 588721.517479 4514944.756815 1 0.0000
2837 584055.757844 4511419.193957 1 0.0000
2838 585776.238414 4507326.491153 1 0.0000
2839 589050.524472 4521366.472117 1 0.0000
2840 589221.628627 4515502.022073 1 0.0000
2841 586329.649519 4512728.924898 1 0.0000
2842 585713.821077 4511308.880139 1 0.0000
2843 583500.710553 4506428.153568 1 0.0000
2844 585917.788446 4510229.721870 1 0.0000
2845 585014.447477 4511818.950598 1 0.0000
2846 583535.090472 4506968.213988 1 0.0000
2847 587490.680460 4517085.478774 1 0.0000
2848 585796.149103 4512695.115269 1 0.0000
2849 585014.447477 4511818.950598 1 0.0000
2850 591593.613769 4525706.019058 1 0.0000
2851 583455.218572 4506944.450525 1 0.0000
2852 585796.149103 4512695.115269 1 0.0000
2853 585376.149369 4511418.696917 1 0.0000
2854 586226.131198 4512159.424737 1 0.0000
2855 585615.818866 4512662.281959 1 0.0000
2856 586108.658730 4512306.489677 1 0.0000
2857 586392.840231 4511970.259677 1 0.0000
2858 583424.634627 4507141.564176 1 0.0000
2859 586539.604893 4512836.143984 1 0.0000
2860 587486.835792 4514215.175747 1 0.0000
2861 583976.758692 4507573.248662 1 0.0000
2862 588709.866057 4514951.023234 1 0.0000
2863 586622.562354 4512990.368516 1 0.0000
2864 584404.971525 4510857.903298 1 0.0000
2865 588221.425852 4517326.016576 1 0.0000
2866 588961.829998 4516746.327624 1 0.0000
2867 585644.180206 4512633.656357 1 0.0000
2868 587166.686241 4513348.837060 1 0.0000
2869 584130.771874 4507080.431811 1 0.0000
2870 585870.800250 4512829.437141 1 0.0000
2871 586100.181674 4514039.693500 1 0.0000
2872 584158.290513 4512849.270477 1 0.0000
2873 583895.164652 4509546.948288 1 0.0000
2874 587057.055510 4512486.725477 1 0.0000
2875 589631.617091 4521422.775297 1 0.0000
2876 585675.046390 4514203.362390 1 0.0000
2877 585459.534033 4511642.402831 1 0.0000
2878 586145.635858 4512110.055763 1 0.0000
2879 584062.046756 4510332.302963 1 0.0000
2880 586347.782424 4512153.802968 1 0.0000
2881 586775.673672 4515090.482723 1 0.0000
2882 583504.643763 4506082.639339 1 0.0000
2883 588734.810900 4515596.424190 1 0.0000
2884 585796.149103 4512695.115269 1 0.0000
2885 585838.698075 4507568.241147 1 0.0000
2886 585850.054671 4514355.589161 1 0.0000
2887 586863.626814 4512453.439179 1 0.0000
2888 586019.219130 4514084.784564 1 0.0000
2889 586065.240750 4512613.466168 1 0.0000
2890 586720.767534 4514988.381715 1 0.0000
2891 586627.317407 4511690.446581 1 0.0000
2892 589211.498979 4516337.176231 1 0.0000
2893 583877.565712 4507132.094973 1 0.0000
2894 583603.432945 4508218.674768 1 0.0000
2895 585060.946664 4513969.034574 1 0.0000
2896 586229.627510 4508374.431629 1 0.0000
2897 588517.286773 4513800.297261 1 0.0000
2898 586042.120998 4512342.603670 1 0.0000
2899 584465.270058 4511957.743130 1 0.0000
2900 588294.016405 4519030.295619 1 0.0000
2901 585796.149103 4512695.115269 1 0.0000
2902 583551.851697 4506673.734510 1 0.0000
2903 583676.860828 4507095.680195 1 0.0000
2904 583564.339206 4506700.997412 1 0.0000
2905 583424.634627 4507141.564176 1 0.0000
2906 585459.534033 4511642.402831 1 0.0000
2907 585491.747384 4512131.554864 1 0.0000
2908 585935.977337 4511067.323337 1 0.0000
2909 587171.796790 4517257.671613 1 0.0000
2910 585252.586730 4512260.777144 1 0.0000
2911 586667.168866 4512418.594863 1 0.0000
2912 584590.402429 4508034.888323 1 0.0000
2913 586752.015181 4511925.594956 1 0.0000
2914 588899.481013 4517216.732369 1 0.0000
2915 586323.805662 4508132.025329 1 0.0000
2916 589982.475621 4516978.286176 1 0.0000
2917 585193.646394 4511710.375777 1 0.0000
2918 588345.642251 4514315.469746 1 0.0000
2919 589480.887952 4521332.682405 1 0.0000
2920 586863.626814 4512453.439179 1 0.0000
2921 586664.339944 4513067.941536 1 0.0000
2922 586537.993164 4511854.287762 1 0.0000
2923 585321.323287 4510426.791079 1 0.0000
2924 585640.824235 4509771.913274 1 0.0000
2925 585114.293890 4511426.988465 1 0.0000
2926 584395.995924 4507204.427807 1 0.0000
2927 583417.926918 4506205.065408 1 0.0000
2928 586042.217065 4512574.808207 1 0.0000
2929 583542.464161 4506882.670270 1 0.0000
2930 583994.468010 4507463.140070 1 0.0000
2931 585044.919178 4507779.217047 1 0.0000
2932 586725.785644 4511151.893663 1 0.0000
2933 585562.305299 4512839.024988 1 0.0000
2934 586536.128200 4512178.498472 1 0.0000
2935 587454.952267 4518080.627780 1 0.0000
2936 588937.368935 4520253.516241 1 0.0000
2937 586019.449423 4511871.844232 1 0.0000
2938 586667.168866 4512418.594863 1 0.0000
2939 586117.464607 4512710.356362 1 0.0000
2940 585050.453257 4509995.868171 1 0.0000
2941 587057.055510 4512486.725477 1 0.0000
2942 583874.548722 4506701.177805 1 0.0000
2943 587446.123848 4512492.987357 1 0.0000
2944 585474.696490 4511755.934607 1 0.0000
2945 583863.412625 4506903.083804 1 0.0000
2946 583603.475490 4509525.952011 1 0.0000
2947 586257.619986 4512765.585738 1 0.0000
2948 586012.090255 4508665.407011 1 0.0000
2949 588517.286773 4513800.297261 1 0.0000
2950 585644.180206 4512633.656357 1 0.0000
2951 588251.303667 4518874.394509 1 0.0000
2952 586221.284373 4512905.651709 1 0.0000
2953 588043.428718 4519172.488710 1 0.0000
2954 586667.168866 4512418.594863 1 0.0000
2955 585491.747384 4512131.554864 1 0.0000
2956 583603.432945 4508218.674768 1 0.0000
2957 585866.313036 4511591.881505 1 0.0000
2958 589490.869343 4516369.919836 1 0.0000
2959 585866.313036 4511591.881505 1 0.0000
2960 586156.776584 4511800.883610 1 0.0000
2961 586726.735259 4512860.522007 1 0.0000
2962 583429.605418 4506892.354812 1 0.0000
2963 586396.035345 4512679.401326 1 0.0000
2964 585562.305299 4512839.024988 1 0.0000
2965 583842.532146 4509084.687630 1 0.0000
2966 585796.149103 4512695.115269 1 0.0000
2967 584503.632916 4511051.310341 1 0.0000
2968 583551.851697 4506673.734510 1 0.0000
2969 585195.649283 4512978.678306 1 0.0000
2970 587929.075249 4518217.679359 1 0.0000
2971 588157.487892 4517267.693643 1 0.0000
2972 588475.248040 4517835.375398 1 0.0000
2973 585915.544398 4512513.029254 1 0.0000
2974 586079.865136 4512640.449161 1 0.0000
2975 585625.822902 4511142.409795 1 0.0000
2976 585873.355475 4513995.664137 1 0.0000
2977 587543.466880 4514700.647827 1 0.0000
2978 585825.447205 4511086.481498 1 0.0000
2979 591259.559163 4524648.379556 1 0.0000
2980 585050.453257 4509995.868171 1 0.0000
2981 589041.089209 4516610.101738 1 0.0000
2982 586100.181674 4514039.693500 1 0.0000
2983 583676.860828 4507095.680195 1 0.0000
2984 583979.295718 4506493.936974 1 0.0000
2985 583661.631815 4506854.163992 1 0.0000
2986 583703.374199 4510547.010858 1 0.0000
2987 585604.556137 4507230.071212 1 0.0000
2988 584089.404461 4512210.345486 1 0.0000
2989 585796.149103 4512695.115269 1 0.0000
2990 587156.628784 4516797.355088 1 0.0000
2991 587114.304190 4513854.091720 1 0.0000
2992 585918.374865 4512344.850972 1 0.0000
2993 583796.423860 4508664.859366 1 0.0000
2994 585567.368485 4510602.679647 1 0.0000
2995 585719.522594 4514151.151519 1 0.0000
2996 586621.464117 4512337.929619 1 0.0000
2997 583382.720455 4507397.057293 1 0.0000
2998 583573.326731 4506928.730493 1 0.0000
2999 583431.492625 4506699.790094 1 0.0000
3000 587465.615567 4517519.738677 1 0.0000
3001 587482.041243 4516400.040042 1 0.0000
3002 586715.014390 4511856.609733 1 0.0000
3003 587333.829599 4517852.830468 1 0.0000
3004 584756.780108 4510951.500924 1 0.0000
3005 589308.378106 4515457.300998 1 0.0000
3006 584848.356718 4509814.081436 1 0.0000
3007 585632.084693 4514122.729208 1 0.0000
3008 586510.809286 4512127.319980 1 0.0000
3009 584112.799651 4507374.287524 1 0.0000
3010 588656.417849 4512875.804737 1 0.0000
3011 585907.540777 4513322.297933 1 0.0000
3012 587032.593834 4512814.945805 1 0.0000
3013 585885.290164 4512279.871151 1 0.0000
3014 588804.876721 4520007.304658 1 0.0000
3015 585665.768831 4510364.284369 1 0.0000
3016 583500.777559 4507037.910519 1 0.0000
3017 585644.180206 4512633.656357 1 0.0000
3018 587934.034756 4513051.326638 1 0.0000
3019 583842.532146 4509084.687630 1 0.0000
3020 584458.903670 4511366.498005 1 0.0000
3021 586451.889879 4512350.624576 1 0.0000
3022 585743.047998 4512862.414995 1 0.0000
3023 585665.768831 4510364.284369 1 0.0000
3024 586566.464008 4512885.816366 1 0.0000
3025 584753.382090 4507129.267262 1 0.0000
3026 583703.374199 4510547.010858 1 0.0000
3027 584061.458699 4507708.293311 1 0.0000
3028 586329.649519 4512728.924898 1 0.0000
3029 589269.599097 4521716.063290 1 0.0000
3030 585796.149103 4512695.115269 1 0.0000
3031 586301.266551 4508264.934774 1 0.0000
3032 586932.295255 4512257.061686 1 0.0000
3033 588489.768052 4515626.541538 1 0.0000
3034 583382.720455 4507397.057293 1 0.0000
3035 583869.021147 4507400.766013 1 0.0000
3036 586329.649519 4512728.924898 1 0.0000
3037 586788.119694 4512313.926641 1 0.0000
3038 587104.945055 4515904.819582 1 0.0000
3039 585796.149103 4512695.115269 1 0.0000
3040 586234.145346 4511616.489655 1 0.0000
3041 586863.626814 4512453.439179 1 0.0000
3042 585044.919178 4507779.217047 1 0.0000
3043 585639.927342 4509770.379693 1 0.0000
3044 583143.916287 4507200.837535 1 0.0000
3045 585014.952497 4511614.178746 1 0.0000
3046 585935.130967 4509696.949859 1 0.0000
3047 586718.933105 4508997.686928 1 0.0000
3048 585376.149369 4511418.696917 1 0.0000
3049 585376.149369 4511418.696917 1 0.0000
3050 583260.766256 4506278.543426 1 0.0000
3051 584034.340053 4508510.938798 1 0.0000
3052 584062.046756 4510332.302963 1 0.0000
3053 589613.694824 4521150.748524 1 0.0000
3054 586597.826398 4514759.652356 1 0.0000
3055 586536.141634 4512631.936129 1 0.0000
3056 585328.214927 4511828.010181 1 0.0000
3057 585668.702589 4508233.659406 1 0.0000
3058 588069.942138 4518237.265365 1 0.0000
3059 586675.729284 4512710.318389 1 0.0000
3060 586609.065935 4511981.865020 1 0.0000
3061 586622.562354 4512990.368516 1 0.0000
3062 583158.723724 4506489.165888 1 0.0000
3063 586563.915793 4512226.962546 1 0.0000
3064 585811.647971 4511281.349788 1 0.0000
3065 583476.640072 4507391.422292 1 0.0000
3066 586563.915793 4512226.962546 1 0.0000
3067 586359.376296 4512633.883064 1 0.0000
3068 585339.155246 4507870.938164 1 0.0000
3069 589582.468012 4518064.667861 1 0.0000
3070 583417.926918 4506205.065408 1 0.0000
3071 586019.219130 4514084.784564 1 0.0000
3072 583494.890962 4507528.147390 1 0.0000
3073 587770.801651 4513229.562061 1 0.0000
3074 584341.684065 4507719.102394 1 0.0000
3075 584652.542594 4511728.893321 1 0.0000
3076 583522.646630 4506187.669499 1 0.0000
3077 584877.096547 4511785.083884 1 0.0000
3078 585639.927342 4509770.379693 1 0.0000
3079 584109.653166 4507784.413702 1 0.0000
3080 587057.055510 4512486.725477 1 0.0000
3081 585474.696490 4511755.934607 1 0.0000
3082 585674.598493 4512371.021885 1 0.0000
3083 587949.065308 4519216.817535 1 0.0000
3084 590427.993442 4523309.023810 1 0.0000
3085 585562.305299 4512839.024988 1 0.0000
3086 583916.006910 4507797.140578 1 0.0000
3087 583868.283941 4506582.262857 1 0.0000
3088 588189.913486 4515332.409988 1 0.0000
3089 585614.636433 4512391.670375 1 0.0000
3090 586042.217065 4512574.808207 1 0.0000
3091 586604.486723 4512490.710327 1 0.0000
3092 585644.180206 4512633.656357 1 0.0000
3093 586885.140936 4513480.318884 1 0.0000
3094 586720.767534 4514988.381715 1 0.0000
3095 586622.562354 4512990.368516 1 0.0000
3096 584749.795936 4512767.905414 1 0.0000
3097 584237.091503 4507645.080912 1 0.0000
3098 589835.470132 4517283.170905 1 0.0000
3099 586221.284373 4512905.651709 1 0.0000
3100 586138.912456 4512753.567057 1 0.0000
3101 585891.464454 4513235.571606 1 0.0000
3102 585796.149103 4512695.115269 1 0.0000
3103 585379.551739 4514729.917746 1 0.0000
3104 583944.214892 4506524.010754 1 0.0000
3105 585619.224450 4507467.315466 1 0.0000
3106 583351.498188 4506552.916038 1 0.0000
3107 586071.031331 4514057.340214 1 0.0000
3108 587193.649120 4512533.686188 1 0.0000
3109 592021.209615 4525572.196389 1 0.0000
3110 588839.561648 4517367.195467 1 0.0000
3111 585891.055791 4514073.572007 1 0.0000
3112 585917.788446 4510229.721870 1 0.0000
3113 585531.405784 4512020.780681 1 0.0000
3114 585805.705753 4513327.232303 1 0.0000
3115 586851.983312 4512432.280480 1 0.0000
3116 585796.149103 4512695.115269 1 0.0000
3117 587421.413435 4513057.065827 1 0.0000
3118 584461.093425 4508070.897649 1 0.0000
3119 585796.149103 4512695.115269 1 0.0000
3120 586042.217065 4512574.808207 1 0.0000
3121 583424.634627 4507141.564176 1 0.0000
3122 585819.298151 4512161.189498 1 0.0000
3123 586053.094276 4513171.287561 1 0.0000
3124 588489.768052 4515626.541538 1 0.0000
3125 589414.356211 4519712.267687 1 0.0000
3126 586571.279930 4516152.575093 1 0.0000
3127 588449.364938 4519409.935386 1 0.0000
3128 584404.971525 4510857.903298 1 0.0000
3129 585915.544398 4512513.029254 1 0.0000
3130 586089.534570 4512005.809684 1 0.0000
3131 585474.696490 4511755.934607 1 0.0000
3132 585575.601693 4512287.312480 1 0.0000
3133 583895.164652 4509546.948288 1 0.0000
3134 583051.427712 4507482.265090 1 0.0000
3135 586604.486723 4512490.710327 1 0.0000
3136 588890.802487 4518619.009629 1 0.0000
3137 586089.534570 4512005.809684 1 0.0000
3138 585799.226044 4512291.383752 1 0.0000
3139 588977.745061 4517835.926009 1 0.0000
3140 590366.723517 4523684.366999 1 0.0000
3141 587930.180877 4514539.282663 1 0.0000
3142 585910.154614 4512905.762966 1 0.0000
3143 586617.136748 4510096.293617 1 0.0000
3144 587887.785151 4515211.034979 1 0.0000
3145 586619.880895 4512583.828540 1 0.0000
3146 588489.768052 4515626.541538 1 0.0000
3147 586537.993164 4511854.287762 1 0.0000
3148 585150.737375 4510260.904640 1 0.0000
3149 589534.656100 4516992.987029 1 0.0000
3150 590750.807534 4524421.332642 1 0.0000
3151 584089.404461 4512210.345486 1 0.0000
3152 586497.168049 4512896.606345 1 0.0000
3153 587322.291699 4514027.110244 1 0.0000
3154 584756.780108 4510951.500924 1 0.0000
3155 585843.772966 4513168.901360 1 0.0000
3156 586667.168866 4512418.594863 1 0.0000
3157 585806.366794 4512466.989431 1 0.0000
3158 586117.464607 4512710.356362 1 0.0000
3159 587899.008885 4519063.575730 1 0.0000
3160 587193.649120 4512533.686188 1 0.0000
3161 585451.302604 4511589.287089 1 0.0000
3162 583835.938942 4509369.227551 1 0.0000
3163 589455.268104 4517915.421457 1 0.0000
3164 585535.971909 4512154.913758 1 0.0000
3165 586329.649519 4512728.924898 1 0.0000
3166 583747.600910 4506583.326783 1 0.0000
3167 583143.916287 4507200.837535 1 0.0000
3168 583543.922526 4509162.954058 1 0.0000
3169 587289.728780 4513247.849934 1 0.0000
3170 585796.149103 4512695.115269 1 0.0000
3171 588985.724222 4516548.218874 1 0.0000
3172 589847.232328 4523036.666515 1 0.0000
3173 589062.508169 4516041.106524 1 0.0000
3174 585848.289203 4514724.291815 1 0.0000
3175 587260.206923 4516345.706314 1 0.0000
3176 585978.704690 4511141.859658 1 0.0000
3177 587265.987560 4513138.485508 1 0.0000
3178 587561.385592 4513342.363793 1 0.0000
3179 586505.676255 4513192.899928 1 0.0000
3180 585796.149103 4512695.115269 1 0.0000
3181 583731.412669 4506827.532376 1 0.0000
3182 586329.649519 4512728.924898 1 0.0000
3183 583573.326731 4506928.730493 1 0.0000
3184 586851.983312 4512432.280480 1 0.0000
3185 586487.389776 4511641.924756 1 0.0000
3186 586667.168866 4512418.594863 1 0.0000
3187 586202.770403 4511561.890121 1 0.0000
3188 585441.199084 4514347.576871 1 0.0000
3189 585562.305299 4512839.024988 1 0.0000
3190 589154.052279 4515923.305344 1 0.0000
3191 585796.149103 4512695.115269 1 0.0000
3192 585796.149103 4512695.115269 1 0.0000
3193 588519.593116 4519103.870699 1 0.0000
3194 586206.169479 4508052.676594 1 0.0000
3195 585479.529926 4509887.091892 1 0.0000
3196 585572.502156 4512184.888666 1 0.0000
3197 590063.675877 4516618.408087 1 0.0000
3198 585797.872354 4512383.396688 1 0.0000
3199 584879.880309 4511781.458718 1 0.0000
3200 588489.768052 4515626.541538 1 0.0000
3201 587364.041263 4518303.263040 1 0.0000
3202 588255.766379 4518322.880567 1 0.0000
3203 587381.895860 4513743.781668 1 0.0000
3204 585918.374865 4512344.850972 1 0.0000
3205 588958.449114 4518672.805484 1 0.0000
3206 584089.404461 4512210.345486 1 0.0000
3207 586536.128200 4512178.498472 1 0.0000
3208 583431.492625 4506699.790094 1 0.0000
3209 587114.304190 4513854.091720 1 0.0000
3210 583868.283941 4506582.262857 1 0.0000
3211 585773.337462 4512076.255822 1 0.0000
3212 586260.610176 4509052.195098 1 0.0000
3213 588269.916470 4514917.058902 1 0.0000
3214 583924.398036 4510779.293326 1 0.0000
3215 585675.515229 4511354.457910 1 0.0000
3216 584356.928034 4511758.130697 1 0.0000
3217 585741.166759 4510700.649053 1 0.0000
3218 588093.633484 4517950.173463 1 0.0000
3219 586662.868384 4512742.473284 1 0.0000
3220 589688.454078 4521462.429687 1 0.0000
3221 591651.513610 4525683.469217 1 0.0000
3222 588797.629507 4513079.145496 1 0.0000
3223 583417.926918 4506205.065408 1 0.0000
3224 585594.500099 4512260.102798 1 0.0000
3225 588078.304558 4512986.235039 1 0.0000
3226 583417.926918 4506205.065408 1 0.0000
3227 584073.902662 4507418.334849 1 0.0000
3228 583529.374343 4506158.796671 1 0.0000
3229 586811.830215 4515233.509442 1 0.0000
3230 585881.478634 4507423.983150 1 0.0000
3231 586831.653126 4515312.355357 1 0.0000
3232 587501.600095 4514390.259786 1 0.0000
3233 586475.241959 4512066.274165 1 0.0000
3234 587634.480254 4518290.807123 1 0.0000
3235 586536.128200 4512178.498472 1 0.0000
3236 588161.675608 4515189.778765 1 0.0000
3237 586487.562818 4511760.466588 1 0.0000
3238 584050.917391 4507510.100602 1 0.0000
3239 588743.660235 4519015.921430 1 0.0000
3240 586238.145396 4511693.327058 1 0.0000
3241 585479.529926 4509887.091892 1 0.0000
3242 585539.049172 4512045.246070 1 0.0000
3243 585791.186433 4513665.315263 1 0.0000
3244 586944.793898 4512283.410864 1 0.0000
3245 585444.225244 4514349.439231 1 0.0000
3246 586670.946957 4512274.195983 1 0.0000
3247 590887.544030 4523868.582288 1 0.0000
3248 587826.536753 4513847.276300 1 0.0000
3249 589299.037653 4521699.944129 1 0.0000
3250 586329.649519 4512728.924898 1 0.0000
3251 586510.809286 4512127.319980 1 0.0000
3252 585796.149103 4512695.115269 1 0.0000
3253 585918.128698 4509236.617183 1 0.0000
3254 585394.160975 4512779.820133 1 0.0000
3255 583417.926918 4506205.065408 1 0.0000
3256 585014.952497 4511614.178746 1 0.0000
3257 586312.037964 4512990.790736 1 0.0000
3258 586232.611776 4511617.386630 1 0.0000
3259 586988.116713 4512359.172977 1 0.0000
3260 585838.698075 4507568.241147 1 0.0000
3261 585639.927342 4509770.379693 1 0.0000
3262 586622.562354 4512990.368516 1 0.0000
3263 588619.364598 4515271.483322 1 0.0000
3264 584089.404461 4512210.345486 1 0.0000
3265 585898.682023 4512308.058470 1 0.0000
3266 583825.020345 4508909.880365 1 0.0000
3267 591095.339179 4524005.037901 1 0.0000
3268 587776.812603 4514894.678400 1 0.0000
3269 583382.720455 4507397.057293 1 0.0000
3270 586338.338316 4512554.718500 1 0.0000
3271 590606.719947 4524443.457063 1 0.0000
3272 583385.488561 4506190.374819 1 0.0000
3273 583860.376017 4507865.679581 1 0.0000
3274 585935.977337 4511067.323337 1 0.0000
3275 585915.544398 4512513.029254 1 0.0000
3276 589461.090458 4522106.173829 1 0.0000
3277 586293.658905 4515138.011088 1 0.0000
3278 585791.186433 4513665.315263 1 0.0000
3279 586089.534570 4512005.809684 1 0.0000
3280 586359.376296 4512633.883064 1 0.0000
3281 585805.705753 4513327.232303 1 0.0000
3282 586089.534570 4512005.809684 1 0.0000
3283 585182.373444 4513715.665552 1 0.0000
3284 585449.040985 4513472.484058 1 0.0000
3285 586863.626814 4512453.439179 1 0.0000
3286 583417.926918 4506205.065408 1 0.0000
3287 589676.326405 4519480.612038 1 0.0000
3288 586036.763200 4511582.549087 1 0.0000
3289 584251.063157 4509201.175474 1 0.0000
3290 583503.953442 4506518.084343 1 0.0000
3291 586035.500002 4512255.071085 1 0.0000
3292 586885.140936 4513480.318884 1 0.0000
3293 589049.288227 4515864.211133 1 0.0000
3294 586234.145346 4511616.489655 1 0.0000
3295 583548.983151 4507059.484905 1 0.0000
3296 587309.652638 4512756.242714 1 0.0000
3297 585252.586730 4512260.777144 1 0.0000
3298 586202.770403 4511561.890121 1 0.0000
3299 590114.737522 4522533.861871 1 0.0000
3300 586604.486723 4512490.710327 1 0.0000
3301 591687.726150 4525020.778712 1 0.0000
3302 583154.954646 4506258.141699 1 0.0000
3303 584237.091503 4507645.080912 1 0.0000
3304 587640.610505 4512486.974879 1 0.0000
3305 584460.189565 4511200.132383 1 0.0000
3306 587069.533877 4512835.783795 1 0.0000
3307 583534.881238 4506745.762219 1 0.0000
3308 586867.823557 4512994.381581 1 0.0000
3309 589051.182312 4516606.864750 1 0.0000
3310 583532.897828 4506866.410204 1 0.0000
3311 585644.180206 4512633.656357 1 0.0000
3312 584652.542594 4511728.893321 1 0.0000
3313 586236.250744 4512528.262669 1 0.0000
3314 583609.807821 4506989.786424 1 0.0000
3315 585860.473094 4512238.145472 1 0.0000
3316 585562.305299 4512839.024988 1 0.0000
3317 589573.382111 4517979.543797 1 0.0000
3318 585805.705753 4513327.232303 1 0.0000
3319 585796.149103 4512695.115269 1 0.0000
3320 586069.290167 4511642.951085 1 0.0000
3321 584265.037512 4507759.976285 1 0.0000
3322 586617.136748 4510096.293617 1 0.0000
3323 585659.189735 4510273.095991 1 0.0000
3324 588144.800998 4520089.669762 1 0.0000
3325 584060.913929 4508639.227127 1 0.0000
3326 583918.077513 4509194.030846 1 0.0000
3327 586536.141634 4512631.936129 1 0.0000
3328 586329.649519 4512728.924898 1 0.0000
3329 588256.339211 4514637.771033 1 0.0000
3330 584723.242346 4511327.457540 1 0.0000
3331 587455.690482 4514140.467625 1 0.0000
3332 587045.366906 4512469.527221 1 0.0000
3333 585943.322649 4512963.429851 1 0.0000
3334 583379.749228 4506480.407425 1 0.0000
3335 584514.887916 4511882.127039 1 0.0000
3336 583455.218572 4506944.450525 1 0.0000
3337 586386.637639 4512594.883439 1 0.0000
3338 588157.487892 4517267.693643 1 0.0000
3339 585532.645872 4512206.069899 1 0.0000
3340 585228.062809 4511230.516298 1 0.0000
3341 585937.815757 4511066.429835 1 0.0000
3342 586053.094276 4513171.287561 1 0.0000
3343 584243.552597 4510609.539066 1 0.0000
3344 589051.182312 4516606.864750 1 0.0000
3345 585925.867982 4507513.163358 1 0.0000
3346 583888.590182 4506939.937486 1 0.0000
3347 588965.106910 4518756.986866 1 0.0000
3348 586234.303202 4514374.401935 0 0.0005618
3349 589560.870901 4522636.101302 0 0.0014295
3350 587916.011347 4513690.379403 0 0.0022265
3351 587495.007659 4513793.156716 0 0.0007378
3352 587240.384635 4513975.847344 0 0.0005839
3353 585529.850192 4512934.816727 0 0.0004338
3354 588458.573922 4513923.878466 0 0.0010373
3355 587631.416127 4514046.019142 0 0.0007743
3356 585480.175189 4513023.397414 0 0.0009515
3357 585709.829097 4512247.561776 0 0.0002806
3358 585947.036232 4511468.095486 0 0.0006816
3359 585791.285268 4512974.630851 0 0.0011785
3360 587029.498221 4517795.819035 0 0.0012492
3361 585101.341401 4512850.413554 0 0.0012063
3362 589832.983760 4522856.079841 0 0.0011899
3363 584662.264746 4513117.834614 0 0.0016924
3364 588275.086013 4517579.850137 0 0.0011300
3365 585955.795341 4514434.695847 0 0.0007479
3366 585985.573305 4507698.564378 0 0.0005435
3367 588927.758288 4514325.381797 0 0.0006703
3368 584475.908158 4509899.885816 0 0.0003764
3369 587222.684409 4513616.076966 0 0.0005562
3370 585501.660388 4513592.789399 0 0.0008822
3371 587709.177079 4514518.192308 0 0.0006835
3372 584042.727656 4510886.981125 0 0.0011123
3373 584952.053935 4510839.867041 0 0.0015518
3374 587943.351048 4514624.109333 0 0.0007680
3375 583814.053069 4510129.212764 0 0.0007605
3376 588261.894215 4514497.833223 0 0.0005316
3377 588340.059216 4514642.236116 0 0.0007151
3378 588843.588405 4515105.986392 0 0.0007321
3379 588405.957987 4515481.250348 0 0.0007485
3380 588523.622321 4515372.460168 0 0.0009301
3381 588920.522183 4515248.726255 0 0.0006186
3382 585900.446554 4515349.472802 0 0.0008286
3383 589663.707410 4521444.061499 0 0.0006943
3384 585551.173290 4514837.686845 0 0.0009540
3385 585879.619598 4514295.057794 0 0.0008658
3386 588122.523800 4518977.342713 0 0.0017921
3387 589089.454897 4516031.720826 0 0.0006854
3388 586820.573692 4515461.852194 0 0.0007844
3389 589340.125371 4520674.318479 0 0.0006243
3390 588615.071023 4516197.989662 0 0.0010827
3391 586414.995352 4516008.064250 0 0.0008891
3392 586042.781514 4515654.839962 0 0.0011729
3393 586620.439913 4515667.565100 0 0.0009452
3394 585941.007099 4515136.979825 0 0.0005398
3395 589635.115291 4523363.703226 0 0.0010461
3396 586872.946366 4516168.861623 0 0.0008323
3397 586963.811528 4516303.621835 0 0.0009976
3398 586314.323537 4514524.111659 0 0.0010247
3399 588092.507581 4517678.205717 0 0.0006388
3400 587610.464402 4514335.618162 0 0.0004691
3401 586431.269186 4514738.975503 0 0.0006451
3402 588817.247977 4516734.712137 0 0.0013198
3403 586428.544147 4516671.817866 0 0.0010398
3404 587483.125563 4517269.068485 0 0.0014818
3405 591298.731567 4525022.844375 0 0.0006627
3406 588768.535308 4516482.870615 0 0.0010594
3407 586535.810195 4515942.900480 0 0.0010297
3408 585671.702648 4507191.142401 0 0.0013053
3409 589113.057501 4515607.487854 0 0.0012599
3410 586924.564497 4516231.241292 0 0.0007352
3411 589905.366313 4516606.190840 0 0.0009976
3412 587007.422139 4517145.665207 0 0.0007182
3413 586587.783106 4515029.859493 0 0.0008658
3414 588223.942551 4519210.096004 0 0.0008986
3415 587337.797308 4516422.631389 0 0.0007365
3416 589984.424133 4516752.166724 0 0.0007132
3417 587787.953330 4512679.970173 0 0.0014503
3418 588080.016102 4514550.543672 0 0.0009389
3419 587457.773888 4512537.716970 0 0.0008387
3420 587806.159227 4514698.143453 0 0.0003550
3421 584042.280530 4510018.603709 0 0.0007441
3422 587678.730124 4513415.169228 0 0.0008254
3423 587050.331713 4512250.702012 0 0.0005877
3424 585793.911104 4511230.024507 0 0.0007371
3425 584326.802127 4510191.463673 0 0.0007296
3426 585814.135119 4512578.346722 0 0.0006785
3427 586481.143141 4511195.137496 0 0.0006879
3428 587227.822954 4513297.391816 0 0.0004780
3429 586755.205437 4512913.364869 0 0.0002781
3430 588215.207449 4515128.048258 0 0.0008639
3431 587458.516758 4513397.475914 0 0.0005644
3432 585456.223323 4514812.577498 0 0.0010915
3433 590480.405061 4524634.435440 0 0.0011792
3434 585127.246802 4512610.208189 0 0.0008683
3435 590185.791132 4522719.156095 0 0.0009490
3436 587962.893914 4514988.940350 0 0.0008399
3437 589042.096981 4519001.983165 0 0.0006350
3438 585433.981669 4507643.436926 0 0.0009408
3439 588736.086638 4515766.416840 0 0.0010026
3440 588066.829086 4514134.956183 0 0.0005789
3441 588570.227695 4519078.564590 0 0.0000038
3442 586007.349233 4513364.970974 0 0.0007561
3443 588672.437988 4515017.115464 0 0.0021036
3444 588139.633707 4514987.940608 0 0.0009049
3445 586084.093976 4510459.188369 0 0.0009540
3446 587982.987969 4514370.416328 0 0.0012725
3447 588524.231796 4519776.034808 0 0.0008973
3448 588920.942809 4521077.555546 0 0.0010076
3449 590467.882577 4524495.485627 0 0.0008841
3450 586826.037873 4517068.220468 0 0.0011533
3451 583650.711657 4508029.618751 0 0.0010039
3452 586977.211146 4515751.032345 0 0.0007838
3453 586306.111354 4515084.659267 0 0.0009194
3454 586347.107791 4515161.096009 0 0.0010272
3455 589753.074183 4522911.167425 0 0.0008242
3456 589440.215547 4518055.666417 0 0.0010234
3457 589576.499675 4516571.774705 0 0.0020109
3458 586879.421895 4517511.790394 0 0.0009673
3459 588699.105498 4517022.327060 0 0.0011893
3460 587329.083899 4516981.033571 0 0.0011048
3461 587493.970007 4516569.434735 0 0.0013727
3462 589498.626641 4516321.772956 0 0.0010165
3463 588816.531078 4519037.749594 0 0.0005127
3464 588771.749440 4517306.794393 0 0.0019440
3465 587593.163535 4514629.694713 0 0.0003809
3466 585852.338092 4508091.373998 0 0.0007914
3467 588420.348045 4514791.041263 0 0.0009263
3468 587282.858514 4518245.573068 0 0.0016325
3469 586975.072490 4512110.678575 0 0.0006678
3470 587881.465896 4512854.781190 0 0.0009742
3471 584968.683713 4513374.939804 0 0.0018318
3472 591131.598478 4524479.486926 0 0.0012397
3473 588812.366683 4514579.921644 0 0.0005019
3474 590187.971349 4522289.582117 0 0.0000013
3475 587232.315118 4512978.885423 0 0.0008481
3476 585460.825244 4513517.540028 0 0.0006110
3477 588027.137467 4514061.598825 0 0.0007378
3478 585252.055124 4513129.716088 0 0.0008172
3479 588147.979860 4514285.117059 0 0.0006747
3480 588533.851076 4515554.995249 0 0.0014099
3481 590229.274722 4517038.701845 0 0.0002308
3482 588478.219635 4516271.068696 0 0.0008160
3483 585436.738777 4512028.957539 0 0.0000738
3484 588298.437900 4517183.304154 0 0.0006697
3485 587377.107688 4513902.527044 0 0.0008683
3486 589294.684029 4517558.515581 0 0.0012056
3487 585285.270430 4511746.668291 0 0.0001154
3488 585133.323952 4511465.296310 0 0.0007037
3489 586973.027001 4513479.915501 0 0.0003537
3490 588148.071426 4513020.607671 0 0.0008147
3491 585468.961214 4512377.813382 0 0.0004256
3492 587754.131152 4513555.175914 0 0.0008033
3493 588172.644475 4515376.997878 0 0.0007472
3494 585637.808184 4515191.915083 0 0.0009421
3495 588058.933101 4515166.885429 0 0.0012643
3496 589302.666883 4516426.786202 0 0.0010530
3497 587704.837840 4517791.131423 0 0.0010915
3498 587587.499831 4517030.493427 0 0.0008979
3499 586471.286804 4514811.435443 0 0.0006312
3500 589234.094810 4518164.847856 0 0.0011659
3501 589708.674096 4516711.151838 0 0.0010795
3502 589513.233774 4516816.825794 0 0.0010493
3503 586874.556560 4516860.665153 0 0.0005593
3504 589192.401824 4519280.880545 0 0.0016313
3505 589708.514764 4517173.757326 0 0.0005858
3506 589866.903954 4518898.172275 0 0.0006583
3507 589592.443781 4516963.560226 0 0.0010757
3508 584930.992645 4508382.533687 0 0.0006861
3509 588427.593812 4515194.535881 0 0.0008822
3510 589671.074899 4522316.938472 0 0.0009326
3511 588516.380832 4517449.738135 0 0.0008910
3512 589783.901541 4517313.266500 0 0.0013866
3513 587407.783489 4517127.458243 0 0.0008941
3514 589461.115890 4517242.921189 0 0.0008122
3515 585518.317653 4509409.514415 0 0.0009244
3516 589576.665530 4517981.439623 0 0.0008317
3517 588976.460528 4518302.787138 0 0.0009383
3518 587095.564167 4513052.411222 0 0.0006634
3519 583592.616190 4509302.930682 0 0.0017397
3520 584543.389640 4510659.440063 0 0.0006369
3521 585540.629876 4513665.373088 0 0.0007806
3522 587677.775055 4518591.493377 0 0.0011073
3523 588849.622819 4520379.274071 0 0.0017561
3524 589088.892288 4521257.172059 0 0.0009900
3525 589158.934764 4521067.937662 0 0.0017851
3526 586842.215360 4516511.877756 0 0.0006123
3527 589207.803866 4515783.141887 0 0.0007088
3528 585216.467175 4508181.171503 0 0.0006949
3529 583791.272689 4506556.716555 0 0.0051133
3530 588773.263558 4514506.661497 0 0.0007964
3531 583960.734770 4507128.252905 0 0.0013885
3532 584839.816771 4507255.011680 0 0.0012372
3533 585377.444055 4509593.742393 0 0.0025689
3534 586045.311429 4514025.496514 0 0.0006936
3535 588256.021944 4514876.480897 0 0.0010398
3536 585852.428121 4511894.149395 0 0.0000006
3537 586565.922271 4508253.020509 0 0.0015588
3538 586248.650551 4508409.502588 0 0.0012580
3539 586356.486024 4507556.908016 0 0.0009042
3540 584924.338913 4508581.876920 0 0.0010650
3541 584641.602042 4510264.426032 0 0.0005814
3542 584919.624200 4508835.066463 0 0.0009723
3543 585901.835887 4508225.635420 0 0.0008872
3544 586769.228960 4512447.254708 0 0.0003746
3545 584644.983603 4512003.416361 0 0.0006287
3546 588963.730588 4518857.453368 0 0.0006381
3547 584516.214644 4509163.677601 0 0.0007321
3548 584427.004095 4511021.791976 0 0.0008588
3549 583293.706115 4506669.360036 0 0.0015209
3550 585873.264153 4509132.382733 0 0.0010480
3551 585518.454460 4510020.488552 0 0.0004250
3552 584599.531174 4508040.100110 0 0.0007895
3553 586905.957100 4512373.300724 0 0.0008815
3554 586161.641737 4509205.862440 0 0.0010789
3555 583932.366487 4510680.867660 0 0.0014642
3556 585371.049052 4507981.838543 0 0.0004256
3557 584549.581696 4507773.355247 0 0.0007289
3558 587989.061338 4513990.835148 0 0.0005625
3559 585883.136663 4513175.813337 0 0.0008311
3560 589012.487685 4517819.790217 0 0.0009351
3561 587494.710333 4514447.075015 0 0.0003683
3562 586290.953292 4512088.975389 0 0.0000460
3563 587489.960069 4513065.735401 0 0.0009282
3564 587452.107730 4512996.169788 0 0.0005366
3565 584798.797581 4509938.958928 0 0.0012176
3566 586531.548952 4510324.786196 0 0.0014699
3567 584249.964976 4509447.069148 0 0.0009988
3568 584523.547278 4507111.638890 0 0.0018892
3569 584873.222303 4509296.136950 0 0.0012983
3570 584179.139851 4506996.830266 0 0.0014270
3571 585637.550610 4507469.180470 0 0.0006230
3572 584185.507715 4510179.391640 0 0.0007056
3573 584899.149187 4510125.655927 0 0.0007434
3574 584400.882642 4509260.360383 0 0.0006987
3575 585252.738705 4508904.564510 0 0.0008784
3576 585463.570209 4509307.280939 0 0.0009326
3577 584304.094913 4507346.286705 0 0.0009654
3578 586710.370214 4511535.700650 0 0.0004881
3579 584236.501708 4508789.082131 0 0.0009105
3580 586576.989953 4516948.878856 0 0.0010757
3581 589358.770355 4519011.430893 0 0.0008809
3582 585089.227353 4507839.815798 0 0.0008204
3583 590631.580215 4524594.765670 0 0.0012044
3584 585660.771623 4510228.499060 0 0.0007920
3585 588621.062989 4519955.383581 0 0.0015827
3586 591825.532305 4525487.406321 0 0.0007996
3587 589606.800077 4523032.526546 0 0.0007542
3588 585030.583508 4508141.177948 0 0.0006671
3589 586053.895039 4515362.262901 0 0.0010102
3590 589784.511056 4518551.159646 0 0.0013387
3591 588785.475053 4517948.669130 0 0.0007693
3592 588813.275161 4518196.450255 0 0.0005940
3593 588119.083675 4517290.867070 0 0.0008702
3594 589502.033672 4518660.573877 0 0.0000378
3595 585968.978790 4509309.799238 0 0.0010739
3596 589496.865780 4519655.431766 0 0.0013664
3597 588544.039688 4518078.960029 0 0.0008979
3598 588539.077418 4519623.134568 0 0.0006615
3599 586958.680696 4513126.425236 0 0.0005391
3600 588352.574644 4517059.299895 0 0.0012674
3601 589508.954610 4519289.957641 0 0.0014970
3602 589283.282603 4518871.709469 0 0.0011729
3603 589117.049100 4519141.509233 0 0.0009017
3604 588226.476624 4513493.019135 0 0.0010505
3605 586024.371324 4512213.123646 0 0.0000977
3606 584923.146466 4511942.309088 0 0.0010625
3607 589205.270913 4518727.065524 0 0.0008632
3608 586960.741606 4512802.279005 0 0.0003279
3609 589046.148555 4520279.033382 0 0.0005202
3610 588185.885643 4514356.158069 0 0.0009150
3611 588275.733893 4517068.397690 0 0.0006035
3612 588998.065331 4514931.987153 0 0.0009900
3613 591246.925129 4524711.407312 0 0.0009118
3614 589159.055818 4518025.468058 0 0.0008487
3615 589993.392873 4522914.842352 0 0.0010814
3616 587920.516856 4519326.095611 0 0.0021345
3617 589589.184173 4521898.249102 0 0.0011420
3618 588058.727585 4518362.001373 0 0.0014118
3619 586721.611409 4516577.096177 0 0.0011653
3620 589579.569204 4518803.933753 0 0.0012630
3621 587979.299972 4519562.401326 0 0.0014661
3622 588259.342306 4515702.560827 0 0.0010285
3623 588669.137033 4517733.278862 0 0.0004773
3624 584507.744102 4508220.686814 0 0.0007163
3625 588593.713812 4517592.856400 0 0.0007100
3626 590108.429802 4523127.951766 0 0.0012574
3627 589498.618038 4519849.844954 0 0.0014490
3628 586670.385758 4516793.321012 0 0.0012750
3629 583728.041843 4507447.742730 0 0.0020008
3630 588979.294877 4516873.001999 0 0.0010909
3631 585417.194173 4511086.422046 0 0.0003865
3632 584696.490149 4510365.711541 0 0.0010694
3633 589589.996091 4516045.555363 0 0.0010177
3634 591393.688436 4524950.820536 0 0.0004704
3635 585662.080699 4509757.075719 0 0.0004767
3636 586122.074872 4510528.062007 0 0.0007832
3637 584976.718620 4509758.440950 0 0.0013828
3638 584862.600654 4511251.876693 0 0.0011388
3639 586156.191932 4508719.589370 0 0.0015468
3640 584559.819162 4509381.070258 0 0.0010310
3641 584360.172327 4509832.731286 0 0.0008967
3642 589221.586093 4520310.605472 0 0.0007504
3643 586086.954591 4511182.861508 0 0.0006709
3644 583596.409187 4508501.400070 0 0.0012220
3645 583840.323056 4508170.020791 0 0.0011357
3646 584432.395459 4509029.668597 0 0.0007750
3647 587826.415867 4515062.318376 0 0.0008015
3648 584885.680996 4508224.335288 0 0.0007081
3649 583985.066344 4509654.593249 0 0.0004458
3650 585285.685615 4509313.009181 0 0.0006753
3651 585577.717701 4509519.413936 0 0.0012138
3652 589450.895393 4522953.940096 0 0.0014150
3653 583941.226129 4507968.357869 0 0.0004534
3654 585550.272676 4511333.164330 0 0.0010493
3655 585674.106732 4508763.499977 0 0.0010266
3656 584126.902061 4509339.732020 0 0.0005852
3657 585228.959164 4510735.392282 0 0.0022146
3658 584691.862592 4508006.308115 0 0.0009534
3659 588594.746230 4516487.215701 0 0.0013210
3660 585552.840052 4508543.093180 0 0.0007447
3661 585905.726432 4507322.809806 0 0.0010732
3662 585242.691521 4507170.598862 0 0.0016023
3663 584653.729858 4511727.277207 0 0.0012977
3664 585672.891765 4514920.968697 0 0.0009723
3665 586477.135416 4509840.192725 0 0.0009395
3666 584055.461034 4510269.957356 0 0.0009812
3667 589051.596121 4518443.048948 0 0.0004370
3668 587059.461815 4511793.952520 0 0.0007636
3669 587513.428379 4514155.632561 0 0.0006224
3670 586822.012234 4513199.995772 0 0.0003512
3671 584560.455278 4510113.447477 0 0.0005297
3672 584284.099877 4510756.697085 0 0.0008771
3673 587106.367821 4512356.106458 0 0.0005341
3674 586560.400525 4515556.201764 0 0.0011275
3675 589345.193332 4519564.890835 0 0.0016338
3676 587097.382807 4512728.397150 0 0.0005555
3677 586048.105553 4508315.174886 0 0.0013803
3678 588380.812731 4513779.544187 0 0.0007144
3679 586246.268745 4508885.488063 0 0.0013557
3680 585260.616292 4508398.881307 0 0.0006306
3681 584601.420687 4510190.419890 0 0.0008569
3682 588131.783829 4515628.930881 0 0.0005864
3683 585075.046945 4512223.866282 0 0.0007964
3684 591660.229170 4525662.513267 0 0.0011161
3685 590074.177081 4522509.033528 0 0.0004742
3686 589698.883032 4522481.335850 0 0.0014736
3687 587548.059263 4517965.356819 0 0.0011048
3688 586254.434097 4515522.079650 0 0.0010688
3689 588811.744349 4515906.854700 0 0.0007151
3690 586993.629978 4517344.613125 0 0.0007951
3691 589252.983533 4516725.431929 0 0.0008134
3692 586864.144263 4516092.236904 0 0.0005789
3693 586274.151047 4514447.347656 0 0.0011426
3694 587662.774137 4517172.138104 0 0.0006066
3695 584721.223908 4509795.387478 0 0.0008242
3696 587393.289192 4516670.367406 0 0.0013299
3697 587708.004637 4516965.378578 0 0.0009616
3698 587972.136100 4517743.221082 0 0.0006842
3699 588035.851562 4515450.593527 0 0.0004786
3700 588268.684773 4515555.018175 0 0.0005486
3701 583999.612114 4511708.013382 0 0.0012265
3702 587002.974513 4511690.078140 0 0.0012012
3703 585103.756420 4511121.547430 0 0.0007781
3704 584693.453076 4510937.911521 0 0.0005896
3705 589972.531437 4523547.444751 0 0.0008437
3706 587846.232377 4514444.306863 0 0.0008450
3707 587884.525358 4514187.823724 0 0.0006375
3708 584968.950345 4512605.044386 0 0.0005543
3709 584065.121389 4507883.176128 0 0.0016622
3710 591797.813749 4525616.089410 0 0.0014087
3711 589204.519097 4520966.410199 0 0.0010297
3712 589539.266955 4521184.549602 0 0.0009377
3713 589414.250811 4521247.479200 0 0.0005114
3714 590238.397714 4523102.554373 0 0.0010221
3715 589322.602487 4521859.885188 0 0.0013236
3716 589527.559000 4522367.249934 0 0.0008904
3717 589437.578795 4522205.533729 0 0.0011741
3718 585579.057896 4512632.318375 0 0.0010360
3719 588804.964795 4515036.326699 0 0.0010896
3720 585300.300930 4509007.786325 0 0.0005063
3721 585176.425863 4512990.129509 0 0.0010821
3722 584640.520319 4512820.225213 0 0.0021149
3723 587669.864108 4514772.417095 0 0.0005568
3724 590785.742497 4524688.552452 0 0.0011092
3725 590492.877998 4524022.229292 0 0.0014711
3726 590255.135927 4524137.600020 0 0.0009105
3727 590859.732353 4524138.420706 0 0.0010341
3728 590377.856429 4523366.454278 0 0.0009679
3729 585875.091222 4510070.786866 0 0.0009622
3730 584141.886615 4509669.596962 0 0.0008765
3731 584803.014156 4510563.827069 0 0.0014944
3732 585327.362550 4513269.565092 0 0.0007586
3733 587640.604717 4513345.267435 0 0.0005183
3734 585953.860004 4512814.586457 0 0.0005971
3735 583420.160920 4508198.763615 0 0.0009326
3736 585606.909666 4510128.521054 0 0.0007693
3737 586144.243431 4511287.768016 0 0.0007624
3738 585045.014362 4512745.365410 0 0.0005656
3739 586247.618955 4507302.419190 0 0.0012492
3740 585028.793042 4507240.174822 0 0.0010707
3741 586128.322000 4507644.826027 0 0.0005845
3742 584053.549608 4506686.283637 0 0.0023817
3743 585021.767899 4507661.191900 0 0.0010335
3744 586695.107646 4508821.073519 0 0.0012252
3745 586506.982175 4508887.697785 0 0.0014623
3746 584659.828442 4507631.585421 0 0.0014339
3747 585435.831989 4508252.066803 0 0.0008803
3748 585689.242065 4508308.014287 0 0.0005637
3749 585974.873869 4508859.337076 0 0.0005959
3750 586026.193534 4508073.509963 0 0.0008393
3751 586101.270031 4507979.495116 0 0.0015165
3752 584690.347421 4507098.327286 0 0.0003184
3753 584625.225664 4506952.998422 0 0.0008626
3754 586380.048359 4509133.605155 0 0.0005990
3755 586320.673977 4509023.029209 0 0.0010688
3756 585781.807737 4508962.949645 0 0.0010940
3757 585619.406857 4508661.460699 0 0.0004446
3758 585811.515453 4508557.697884 0 0.0004237
3759 585867.094988 4508659.114401 0 0.0011520
3760 585424.629544 4508766.131773 0 0.0006741
3761 585479.127615 4508868.122617 0 0.0010007
3762 585533.036917 4508968.351452 0 0.0005372
3763 585587.024697 4509067.911612 0 0.0010089
3764 583477.591659 4507904.123398 0 0.0005366
3765 585640.979947 4509168.270655 0 0.0005045
3766 585696.306188 4509270.308052 0 0.0009976
3767 586202.760748 4509698.181676 0 0.0014490
3768 586380.865184 4509612.133965 0 0.0008569
3769 586551.060517 4509512.089665 0 0.0015392
3770 586514.920617 4509384.553011 0 0.0007706
3771 586264.901731 4509394.693772 0 0.0008166
3772 586069.913100 4509458.477671 0 0.0019176
3773 586119.501089 4509590.697514 0 0.0010657
3774 585785.811555 4509905.380439 0 0.0007170
3775 585750.581217 4509839.983496 0 0.0005360
3776 585638.571244 4509631.847893 0 0.0009490
3777 585378.825700 4509864.972751 0 0.0007529
3778 588107.911431 4513273.721527 0 0.0006470
3779 588440.333060 4513376.935642 0 0.0006861
3780 588396.573758 4513302.341527 0 0.0004048
3781 588354.149485 4513231.973540 0 0.0003973
3782 587716.231827 4513485.367606 0 0.0008979
3783 587989.232664 4513522.663923 0 0.0009421
3784 588069.948548 4513672.720104 0 0.0008380
3785 587949.499764 4513449.536391 0 0.0007510
3786 587911.387277 4513379.895127 0 0.0008349
3787 585436.839743 4512894.681709 0 0.0004666
3788 587690.314499 4513828.201138 0 0.0007163
3789 588323.586850 4513673.339364 0 0.0013103
3790 588682.689785 4513802.282624 0 0.0010808
3791 588618.695444 4513679.038298 0 0.0010625
3792 588561.295692 4513560.514167 0 0.0005726
3793 588184.485477 4513885.196729 0 0.0007201
3794 587931.415590 4513884.698752 0 0.0008929
3795 588146.361068 4513814.496811 0 0.0008582
3796 588107.981178 4513743.846023 0 0.0010240
3797 588222.774503 4513955.894661 0 0.0006186
3798 588927.382690 4513979.314369 0 0.0010865
3799 588735.339637 4513968.356194 0 0.0009131
3800 588773.487520 4514039.166245 0 0.0008355
3801 586115.579207 4513164.680090 0 0.0006035
3802 586126.852528 4513018.836542 0 0.0007788
3803 588381.724997 4514250.515193 0 0.0007731
3804 588458.151235 4514392.364276 0 0.0009452
3805 588343.329543 4514179.423233 0 0.0007195
3806 588303.512356 4514105.881969 0 0.0011508
3807 588107.967633 4514211.620597 0 0.0011363
3808 585625.205691 4513244.150978 0 0.0009389
3809 588359.657329 4518462.954223 0 0.0008954
3810 588502.915506 4518417.146444 0 0.0002491
3811 588665.257572 4518705.201663 0 0.0016855
3812 588041.661009 4519402.905114 0 0.0010669
3813 588436.405484 4519502.804378 0 0.0014062
3814 588705.214560 4519681.992574 0 0.0009831
3815 588852.902449 4519637.568532 0 0.0007270
3816 588996.509696 4519589.924555 0 0.0013570
3817 588203.642215 4520020.710786 0 0.0010688
3818 588896.159230 4520035.830325 0 0.0013286
3819 589014.308556 4519968.669158 0 0.0011640
3820 588699.118262 4520100.095031 0 0.0014377
3821 589143.841276 4520441.874382 0 0.0011338
3822 590725.968924 4516126.001207 0 0.0010392
3823 590005.314988 4517545.041826 0 0.0004225
3824 588956.142348 4521457.867776 0 0.0007989
3825 588327.703089 4518168.111444 0 0.0006615
3826 589277.727869 4519829.077035 0 0.0012283
3827 589093.138949 4519508.056704 0 0.0009761
3828 589426.043806 4522673.703552 0 0.0006098
3829 590387.185276 4524234.117904 0 0.0011893
3830 591177.911358 4525116.652726 0 0.0010322
3831 584440.812856 4507685.794113 0 0.0009061
3832 583579.349868 4508865.206681 0 0.0005385
3833 586633.231209 4509202.940625 0 0.0020128
3834 584593.041260 4508928.157842 0 0.0006072
3835 586696.217316 4510203.752186 0 0.0013280
3836 588310.454145 4512389.823571 0 0.0061310
3837 589191.766385 4513655.347635 0 0.0012012
3838 588890.325665 4513361.090178 0 0.0000208
3839 589022.799362 4520700.944959 0 0.0007542
3840 589062.145056 4520773.164360 0 0.0010329
3841 589099.524744 4520842.824790 0 0.0009011
3842 589807.322039 4517999.160618 0 0.0008746
3843 589707.720605 4517730.481930 0 0.0008443
3844 589687.683967 4520803.583283 0 0.0016370
3845 589592.088486 4520614.721073 0 0.0014724
3846 589684.240795 4520546.924849 0 0.0015380
3847 589137.191281 4520912.451558 0 0.0011678
3848 588740.090334 4521373.308049 0 0.0006854
3849 588888.755946 4521225.439541 0 0.0009660
3850 588926.659184 4521294.259743 0 0.0010026
3851 589323.229732 4521571.156470 0 0.0007869
3852 588959.904924 4522130.698368 0 0.0011899
3853 589169.922150 4521917.325978 0 0.0006262
3854 589939.302212 4522400.780646 0 0.0009559
3855 589845.273561 4522085.159889 0 0.0006634
3856 585494.542912 4509755.897277 0 0.0004433
3857 585569.903509 4509895.245886 0 0.0007970
3858 584859.286546 4510051.646124 0 0.0010556
3859 585386.945333 4510375.959271 0 0.0005902
3860 584788.511047 4509436.428608 0 0.0002459
3861 585003.942160 4509426.314665 0 0.0004900
3862 585043.425120 4509490.058547 0 0.0005990
3863 586270.777773 4509839.289914 0 0.0010877
3864 586496.320977 4509714.363615 0 0.0008172
3865 585089.666512 4509592.097209 0 0.0009894
3866 585200.191456 4509663.743754 0 0.0009219
3867 584631.641589 4509627.144009 0 0.0005934
3868 586128.426067 4510067.327203 0 0.0010007
3869 586168.062183 4510142.744695 0 0.0006167
3870 586047.569994 4510390.084093 0 0.0007926
3871 586010.133249 4510320.958757 0 0.0007788
3872 586206.038985 4510215.578228 0 0.0006791
3873 586243.402902 4510284.699101 0 0.0009919
3874 586298.614748 4510387.824610 0 0.0008859
3875 586354.567570 4510491.353797 0 0.0007926
3876 585651.256315 4510374.311744 0 0.0004893
3877 585787.929980 4510300.434300 0 0.0013967
3878 585865.766137 4510443.752466 0 0.0004546
3879 585939.976951 4510582.072151 0 0.0009061
3880 586423.052839 4510652.464727 0 0.0004912
3881 586500.640261 4510729.494343 0 0.0006949
3882 586542.648870 4510838.429430 0 0.0009244
3883 584520.453945 4510039.336786 0 0.0008689
3884 586009.315677 4511040.274656 0 0.0006968
3885 586126.116986 4510927.000770 0 0.0011092
3886 586183.608654 4511033.388289 0 0.0004263
3887 586223.532483 4511108.016879 0 0.0005694
3888 585663.127442 4513314.293922 0 0.0008601
3889 585702.159684 4513387.120733 0 0.0007226
3890 585743.447114 4513462.451251 0 0.0009698
3891 588732.341460 4514430.868569 0 0.0009913
3892 588888.076142 4514252.021430 0 0.0007018
3893 588692.433870 4514357.741899 0 0.0007037
3894 589046.140834 4514544.012061 0 0.0006041
3895 589082.741351 4514372.433969 0 0.0013734
3896 588850.317911 4514649.965455 0 0.0009761
3897 585883.578034 4513679.342894 0 0.0009345
3898 588535.901946 4514536.688072 0 0.0005278
3899 588300.490242 4514568.617216 0 0.0005625
3900 588496.217169 4514463.331960 0 0.0008897
3901 588653.691802 4514755.880007 0 0.0006243
3902 588458.175141 4514861.305477 0 0.0007334
3903 588616.412134 4514685.378123 0 0.0006186
3904 588576.638569 4514612.636683 0 0.0010449
3905 588108.486157 4514767.394348 0 0.0008809
3906 588081.388215 4514880.073028 0 0.0005284
3907 586004.715488 4513956.411243 0 0.0007655
3908 585967.224559 4513886.533498 0 0.0007119
3909 585976.026291 4513793.886409 0 0.0007718
3910 587748.065018 4514916.700704 0 0.0007561
3911 585543.903404 4514249.818572 0 0.0004288
3912 585146.627695 4514202.680697 0 0.0027549
3913 585430.771522 4514039.994767 0 0.0012233
3914 589022.454941 4515079.751261 0 0.0008677
3915 588962.954485 4514861.426502 0 0.0007415
3916 588927.257366 4514790.430706 0 0.0006205
3917 588888.143895 4514719.900961 0 0.0007756
3918 585917.698741 4514365.069047 0 0.0012063
3919 586946.556088 4511146.981012 0 0.0008557
3920 587951.500227 4512603.858557 0 0.0006495
3921 588599.908950 4513946.250746 0 0.0017877
3922 588830.826200 4514145.675265 0 0.0015796
3923 585488.305629 4514142.679894 0 0.0008305
3924 586039.517162 4515015.320175 0 0.0007844
3925 589979.609698 4516458.614296 0 0.0007561
3926 588186.261220 4517993.428363 0 0.0007756
3927 588110.592599 4517852.900101 0 0.0010070
3928 591300.145383 4524326.741950 0 0.0006760
3929 586845.359114 4511403.627320 0 0.0006848
3930 589388.084525 4516975.551768 0 0.0008424
3931 589607.928847 4517525.549121 0 0.0005568
3932 589830.843661 4523468.474600 0 0.0013280
3933 586032.385395 4507340.203835 0 0.0008305
3934 585416.824026 4507487.598611 0 0.0007384
3935 585435.278985 4507406.672487 0 0.0010001
3936 585450.901148 4507289.295697 0 0.0011029
3937 585478.426952 4507083.243751 0 0.0012845
3938 584809.328793 4507146.961757 0 0.0010846
3939 583123.652155 4506917.451680 0 0.0002718
3940 582971.209636 4506656.299783 0 0.0018047
3941 589786.169671 4521975.552566 0 0.0011577
3942 589312.683830 4522505.088337 0 0.0011659
3943 589203.818908 4522703.758230 0 0.0005877
3944 589600.931238 4522814.284062 0 0.0008015
3945 590148.481413 4523340.417701 0 0.0011073
3946 590198.961348 4523378.815076 0 0.0006117
3947 590221.733184 4523708.701065 0 0.0009168
3948 590402.833004 4523774.678385 0 0.0013185
3949 590303.382835 4523928.755882 0 0.0011312
3950 590632.082583 4524161.307362 0 0.0010789
3951 590687.122535 4524050.353439 0 0.0012372
3952 590804.975739 4524248.150850 0 0.0008279
3953 590962.903335 4524327.423608 0 0.0011199
3954 590807.795407 4523915.835336 0 0.0017416
3955 583137.515733 4507647.643471 0 0.0022511
3956 583212.812140 4507698.554001 0 0.0026099
3957 583058.740927 4507139.801947 0 0.0006936
3958 582960.380284 4506983.497397 0 0.0008096
3959 586781.231179 4515387.902106 0 0.0007579
3960 588481.022883 4513817.080379 0 0.0008998
3961 587813.396306 4519052.454163 0 0.0007806
3962 590461.496300 4523283.369129 0 0.0012643
3963 589470.060791 4520193.284070 0 0.0011470
3964 588927.609482 4519292.959198 0 0.0008588
3965 589186.791887 4516212.265006 0 0.0009805
3966 587773.701079 4517667.034411 0 0.0004042
3967 586083.915500 4509061.212468 0 0.0009686
3968 585638.344512 4508174.364339 0 0.0006369
3969 585906.493151 4507498.581413 0 0.0003853
3970 585755.493313 4514035.188985 0 0.0007409
3971 584809.027344 4507439.298257 0 0.0009679
3972 584829.892232 4507939.979832 0 0.0006495
3973 585723.226464 4507866.921903 0 0.0009313
3974 586047.305376 4508517.956548 0 0.0011205
3975 589939.513568 4517133.850047 0 0.0016811
3976 589458.125877 4520973.176891 0 0.0010392
3977 587284.557916 4515126.324146 0 0.0000158
3978 583788.337685 4506938.517726 0 0.0023325
3979 586159.151959 4510597.502351 0 0.0007447
3980 586482.219350 4513062.792426 0 0.0006255
3981 590189.036199 4523840.499999 0 0.0008021
3982 585132.277280 4508451.401157 0 0.0009276
3983 587105.239207 4513724.327303 0 0.0007617
3984 586254.424909 4510769.322706 0 0.0008847
3985 586729.451189 4517230.634327 0 0.0009257
3986 584731.219366 4508544.195232 0 0.0009414
3987 585366.707819 4508659.161543 0 0.0008998
3988 584618.606978 4511357.673576 0 0.0014572
3989 584144.497997 4509185.705283 0 0.0009377
3990 584478.920116 4508648.051401 0 0.0013374
3991 588543.746371 4516884.546740 0 0.0012763
3992 583967.946046 4509308.457962 0 0.0009219
3993 583730.045038 4509870.168884 0 0.0010221
3994 586328.964284 4510909.822109 0 0.0015108
3995 584873.115951 4507718.695385 0 0.0015228
3996 583483.748092 4507595.841572 0 0.0018078
3997 584719.784380 4512143.858380 0 0.0005234
3998 587135.400886 4517640.295748 0 0.0009345
3999 586085.857316 4511654.037716 0 0.0006652
4000 585163.091416 4510112.538300 0 0.0015890
4001 585585.544442 4510672.972072 0 0.0008714
4002 588887.454203 4516047.413300 0 0.0004628
4003 585322.085469 4510091.803041 0 0.0005599
4004 585373.905532 4509141.314447 0 0.0012189
4005 584759.839997 4507975.037256 0 0.0009944
4006 583517.231607 4506274.823569 0 0.0004609
4007 589685.458552 4522077.307336 0 0.0016376
4008 588325.122245 4514372.652471 0 0.0010007
4009 584200.613063 4511178.482174 0 0.0006583
4010 586629.663646 4511382.627460 0 0.0008960
4011 586786.248225 4516016.657518 0 0.0006318
4012 586659.925920 4515740.231003 0 0.0005442
4013 587957.171120 4512994.219587 0 0.0007888
4014 586546.503531 4511916.559195 0 0.0011388
4015 587783.681847 4517105.677443 0 0.0008387
4016 588671.839118 4516631.326493 0 0.0009288
4017 586656.182536 4508542.883282 0 0.0022013
4018 585766.113771 4510586.558670 0 0.0007624
4019 585727.725910 4508863.275781 0 0.0004553
4020 584550.207565 4507332.221914 0 0.0007970
4021 585893.969348 4507171.317045 0 0.0010751
4022 586563.650541 4512558.141679 0 0.0001450
4023 585486.979185 4508386.206819 0 0.0007516
4024 584929.717308 4512532.558691 0 0.0016552
4025 585200.577172 4507444.975836 0 0.0014396
4026 586431.049552 4511492.880986 0 0.0005700
4027 584745.840298 4508297.195437 0 0.0008342
4028 585850.126877 4507793.008226 0 0.0010140
4029 584676.893977 4509061.662497 0 0.0011098
4030 585752.134882 4508451.507316 0 0.0012138
4031 584136.469099 4507628.565094 0 0.0016079
4032 585334.542322 4507879.073176 0 0.0007996
4033 586362.118478 4516215.837141 0 0.0008298
4034 586267.469834 4508008.678152 0 0.0011155
4035 584202.306225 4508621.395810 0 0.0005744
4036 585615.404775 4513805.508731 0 0.0013059
4037 585886.101583 4509574.202525 0 0.0009459
4038 584826.826272 4507334.251152 0 0.0010455
4039 584854.532597 4509550.461250 0 0.0007724
4040 585168.622254 4509346.570061 0 0.0005732
4041 585581.078776 4507922.753508 0 0.0008229
4042 584215.098641 4508353.614552 0 0.0010171
4043 585212.459129 4508682.740680 0 0.0010871
4044 588539.494351 4514073.707616 0 0.0009913
4045 587793.467719 4513628.450482 0 0.0007611
4046 584319.937602 4508921.883113 0 0.0008683
4047 586032.948641 4510754.655652 0 0.0011401
4048 584441.845634 4512572.805163 0 0.0021212
4049 584114.114565 4511019.740720 0 0.0004427
4050 585951.304765 4510212.186527 0 0.0012170
4051 584666.427587 4509693.149516 0 0.0008601
4052 586537.181657 4511298.539758 0 0.0007207
4053 590162.129001 4522961.291076 0 0.0010398
4054 588437.186801 4517862.237999 0 0.0010354
4055 584139.463806 4510486.328295 0 0.0005372
4056 588068.665267 4514693.792074 0 0.0009244
4057 587787.650203 4514007.992563 0 0.0012050
4058 584311.078357 4509160.052459 0 0.0006741
4059 584213.282384 4510625.951387 0 0.0005789
4060 587602.210337 4513274.918784 0 0.0009257
4061 588437.769510 4517303.977596 0 0.0008910
4062 585431.742888 4510552.740654 0 0.0006331
4063 585060.262553 4509163.282006 0 0.0011804
4064 585896.082702 4510828.236821 0 0.0008506
4065 585006.784696 4510325.235814 0 0.0010612
4066 584773.865462 4509030.253794 0 0.0009339
4067 584503.630479 4511164.554752 0 0.0011331
4068 584381.633980 4511515.902716 0 0.0006369
4069 586357.472155 4508610.930991 0 0.0011186
4070 586275.610628 4511532.062967 0 0.0007586
4071 583996.967259 4509538.761423 0 0.0008740
4072 587417.671577 4513540.776585 0 0.0009162
4073 584960.134047 4513697.713743 0 0.0023274
4074 588577.853719 4514144.681407 0 0.0009553
4075 586225.258350 4513202.260809 0 0.0004294
4076 588145.500511 4513343.451143 0 0.0010467
4077 585342.905318 4512720.120018 0 0.0007813
4078 589288.392793 4523175.819327 0 0.0006835
4079 586565.789776 4516288.539401 0 0.0011375
4080 588609.561291 4515141.544200 0 0.0007327
4081 585734.668989 4515071.161801 0 0.0010020
4082 586373.450967 4515655.834675 0 0.0010190
4083 586234.352649 4515689.046934 0 0.0010404
4084 585336.879604 4513865.594370 0 0.0017372
4085 587654.278252 4512432.119368 0 0.0006741
4086 588391.297897 4513499.014578 0 0.0010808
4087 586848.226799 4511711.944127 0 0.0009572
4088 584833.813048 4512353.292722 0 0.0006558
4089 587884.093884 4514842.467086 0 0.0006905
4090 585280.059128 4514672.405080 0 0.0008841
4091 585398.832845 4512824.836311 0 0.0008323
4092 585403.130653 4513409.602255 0 0.0008525
4093 590002.272974 4523259.319218 0 0.0011016
4094 587377.123389 4514228.829006 0 0.0005707
4095 587364.279434 4513222.990112 0 0.0005454
4096 580790.316310 4505052.660559 0 0.0000013
4097 587611.337149 4513681.357675 0 0.0005202
4098 585720.665950 4511649.401152 0 0.0010051
4099 587417.338734 4512462.352453 0 0.0008923
4100 588917.304835 4515712.682692 0 0.0011331
4101 588127.112912 4519110.708802 0 0.0008752
4102 589859.676356 4522667.136221 0 0.0011048
4103 587916.154987 4517600.512919 0 0.0004055
4104 587610.070442 4516784.907104 0 0.0009257
4105 588048.707780 4519829.414211 0 0.0015045
4106 589610.755468 4520171.458155 0 0.0008494
4107 589647.643533 4520020.595274 0 0.0009692
4108 589259.662420 4522307.870556 0 0.0007529
4109 587505.363903 4518747.861710 0 0.0010701
4110 583426.870840 4507106.639780 0 0.0013034
4111 589495.482413 4521843.787338 0 0.0008891
4112 588712.941180 4520636.589101 0 0.0011974
4113 589709.972343 4521833.974023 0 0.0011508
4114 588774.394218 4520239.520291 0 0.0013280
4115 589901.055166 4522329.622747 0 0.0010606
4116 589782.566820 4522257.109783 0 0.0009963
4117 589364.255888 4522015.662565 0 0.0012971
4118 589220.516890 4522101.503848 0 0.0010701
4119 590066.423983 4522783.688175 0 0.0012145
4120 584507.913805 4510593.987602 0 0.0005820
4121 590212.030968 4523308.416247 0 0.0009881
4122 590301.767307 4522683.128777 0 0.0013702
4123 589871.157233 4523264.056346 0 0.0005801
4124 589346.043305 4522697.797246 0 0.0006344
4125 589695.192414 4523318.923552 0 0.0004799
4126 589964.390262 4524165.492712 0 0.0004446
4127 589953.180666 4522573.801159 0 0.0006697
4128 590549.942953 4524323.297991 0 0.0010322
4129 590750.994594 4524355.602999 0 0.0012870
4130 590383.782542 4523969.422339 0 0.0011457
4131 590313.662717 4523242.370374 0 0.0012138
4132 589310.143908 4518305.326287 0 0.0008803
4133 588692.244258 4520989.846238 0 0.0011565
4134 585044.353535 4508884.059961 0 0.0004509
4135 588397.515203 4515949.899581 0 0.0016798
4136 591021.397031 4524552.701421 0 0.0012056
4137 590614.168247 4525171.766467 0 0.0001015
4138 591008.793974 4524207.427151 0 0.0009143
4139 591027.195414 4524802.498569 0 0.0006003
4140 584034.181164 4509022.905376 0 0.0005429
4141 583953.907416 4508714.455291 0 0.0004616
4142 585773.730449 4509413.953077 0 0.0008822
4143 585966.043889 4509765.641349 0 0.0009326
4144 585790.857983 4509687.564336 0 0.0000013
4145 585418.158526 4508103.176326 0 0.0009414
4146 585132.379220 4507957.337782 0 0.0009559
4147 585170.681286 4508059.551153 0 0.0009761
4148 584594.710578 4509549.148211 0 0.0005278
4149 585821.424117 4509970.807052 0 0.0004357
4150 586054.648530 4509930.745003 0 0.0008689
4151 586297.354324 4510612.562944 0 0.0010877
4152 584352.297454 4509610.571260 0 0.0007516
4153 584087.674193 4509865.128410 0 0.0004679
4154 584237.986906 4509821.348034 0 0.0007069
4155 585690.672618 4510938.944344 0 0.0011464
4156 583879.294467 4509772.514164 0 0.0005505
4157 583931.801751 4510215.919465 0 0.0006829
4158 587441.568636 4511994.559760 0 0.0005650
4159 587758.442112 4512285.458827 0 0.0007352
4160 589199.967729 4514817.381447 0 0.0005921
4161 586102.375345 4514130.090458 0 0.0008494
4162 589385.051101 4515554.569859 0 0.0011495
4163 585881.905114 4514985.449837 0 0.0009086
4164 586215.566363 4515372.417986 0 0.0008733
4165 586135.587101 4515225.749303 0 0.0007479
4166 589285.258845 4515926.392172 0 0.0010726
4167 589089.158361 4516587.439630 0 0.0008563
4168 588945.477738 4516482.121266 0 0.0009976
4169 588848.264932 4516302.211502 0 0.0004073
4170 588984.922007 4516228.335600 0 0.0006312
4171 589082.546494 4516409.295715 0 0.0005782
4172 583975.761967 4509791.324910 0 0.0005480
4173 585871.613831 4511112.737005 0 0.0008399
4174 583600.270926 4509697.368834 0 0.0010499
4175 584216.893891 4510037.440835 0 0.0006016
4176 586462.257565 4511071.774479 0 0.0004401
4177 586381.630473 4511046.483353 0 0.0008588
4178 586601.224049 4510948.884036 0 0.0003569
4179 586677.288653 4511089.379355 0 0.0010921
4180 586733.127076 4511192.771223 0 0.0011344
4181 583659.319279 4510356.893628 0 0.0006041
4182 583673.120606 4510048.529791 0 0.0007535
4183 586262.322107 4511179.369669 0 0.0004477
4184 586318.033527 4511283.018147 0 0.0008519
4185 584400.538631 4510394.573079 0 0.0009578
4186 584360.318330 4510320.542322 0 0.0005877
4187 585919.845002 4511364.229327 0 0.0007100
4188 586796.924838 4510861.697493 0 0.0007951
4189 587517.445857 4512135.762170 0 0.0009736
4190 587509.540147 4512051.660612 0 0.0006066
4191 587370.898034 4511854.115396 0 0.0008809
4192 584614.486989 4510792.189865 0 0.0007081
4193 584578.157716 4510724.950619 0 0.0005751
4194 586781.658187 4511344.607455 0 0.0007510
4195 586769.299119 4511262.256622 0 0.0005215
4196 586925.605450 4511550.323495 0 0.0006016
4197 586880.436675 4511290.446102 0 0.0004874
4198 584373.346147 4510922.262805 0 0.0007510
4199 587115.038956 4511898.762404 0 0.0008834
4200 586841.458017 4511865.435702 0 0.0007983
4201 585842.696821 4514225.002992 0 0.0008727
4202 586196.651706 4514304.405180 0 0.0005997
4203 586158.798451 4514234.480299 0 0.0007352
4204 588729.477223 4514895.851256 0 0.0008223
4205 588691.650708 4514825.918227 0 0.0008670
4206 588533.601223 4515001.624866 0 0.0006634
4207 588495.690900 4514931.816245 0 0.0007270
4208 588647.279475 4515211.846047 0 0.0009320
4209 585317.280579 4514540.588611 0 0.0008557
4210 585531.427208 4514678.612921 0 0.0004799
4211 585484.395853 4514572.727392 0 0.0007012
4212 585428.679791 4514448.763316 0 0.0004105
4213 585657.912191 4514460.252748 0 0.0025645
4214 588881.013459 4515176.234028 0 0.0005442
4215 588678.997051 4515300.425255 0 0.0004918
4216 588742.208540 4515345.196036 0 0.0017158
4217 586113.636904 4514727.505137 0 0.0007542
4218 586074.119919 4514653.726371 0 0.0007308
4219 586030.883913 4514576.826433 0 0.0008733
4220 585994.396935 4514502.437568 0 0.0009515
4221 588572.021039 4515628.395521 0 0.0006999
4222 585872.226051 4514857.496344 0 0.0008033
4223 585832.887587 4514783.962464 0 0.0007378
4224 585791.450976 4514707.770725 0 0.0006110
4225 585750.976797 4514634.345960 0 0.0008979
4226 588298.991562 4515775.096711 0 0.0009459
4227 586392.927488 4514668.081506 0 0.0006236
4228 586151.858155 4514798.184743 0 0.0007718
4229 586190.205080 4514869.116428 0 0.0006873
4230 589670.595656 4516181.927557 0 0.0010095
4231 589520.238151 4515889.858796 0 0.0009250
4232 589426.609214 4515706.400105 0 0.0017675
4233 589011.824858 4515887.943988 0 0.0007617
4234 583149.479175 4506207.903413 0 0.0000069
4235 584454.978760 4510495.790127 0 0.0010209
4236 586899.212360 4511969.424118 0 0.0003670
4237 584750.371081 4511044.675884 0 0.0012838
4238 587836.320813 4513239.885731 0 0.0011079
4239 585190.235390 4512437.647717 0 0.0009566
4240 585568.727113 4513139.412061 0 0.0009534
4241 585785.869189 4513574.561902 0 0.0004736
4242 586247.422423 4514975.378715 0 0.0006999
4243 588676.959866 4515980.958974 0 0.0010095
4244 588750.869178 4516121.290951 0 0.0005133
4245 586482.357039 4515411.513525 0 0.0009749
4246 586716.749574 4515845.602812 0 0.0012498
4247 589213.197883 4516979.153453 0 0.0007731
4248 589292.316082 4517125.519763 0 0.0006407
4249 588938.892899 4517126.076607 0 0.0007724
4250 589443.987349 4517406.647528 0 0.0011098
4251 588860.098070 4517525.235323 0 0.0006924
4252 589903.266118 4522191.887318 0 0.0011502
4253 590282.924727 4522896.391293 0 0.0009673
4254 588563.284957 4517097.278056 0 0.0011293
4255 587214.343608 4516769.492343 0 0.0018123
4256 590099.161670 4517026.838005 0 0.0011760
4257 590219.279948 4516918.459887 0 0.0008532
4258 587192.959313 4517292.721663 0 0.0008059
4259 587167.898295 4517213.022553 0 0.0009068
4260 587413.770809 4517716.587928 0 0.0011098
4261 587375.951677 4517646.310605 0 0.0010808
4262 587338.279059 4517576.312473 0 0.0009616
4263 587299.521955 4517504.888673 0 0.0010102
4264 589242.154556 4520694.788397 0 0.0008708
4265 589706.983537 4523061.775057 0 0.0009679
4266 588815.527736 4520853.538299 0 0.0009742
4267 589317.782790 4522987.398993 0 0.0011111
4268 588426.128526 4520304.437726 0 0.0013500
4269 589514.714595 4521589.120590 0 0.0008059
4270 589607.890756 4519012.000565 0 0.0009963
4271 589574.547422 4522137.192415 0 0.0010335
4272 589635.715150 4521695.856597 0 0.0012826
4273 590882.794896 4524486.904572 0 0.0012164
4274 591171.583842 4524946.653644 0 0.0008544
4275 584218.656865 4511216.287203 0 0.0006810
4276 589267.330911 4519420.136785 0 0.0011874
4277 588903.415989 4515445.632843 0 0.0014490
4278 588388.503421 4519652.906095 0 0.0011874
4279 588771.295661 4518501.135632 0 0.0010694
4280 589757.586753 4519102.432808 0 0.0008960
4281 589586.546171 4519434.825058 0 0.0007138
4282 588409.568396 4517739.288983 0 0.0003683
4283 588043.415218 4517152.056814 0 0.0013538
4284 588182.308225 4519645.090305 0 0.0016401
4285 588196.344395 4517434.136064 0 0.0012605
4286 588435.359412 4520053.083327 0 0.0007018
4287 589127.235567 4518583.089700 0 0.0009181
4288 588866.223165 4518676.737038 0 0.0010272
4289 588381.384981 4514718.015507 0 0.0010367
4290 589452.038848 4519185.657713 0 0.0008443
4291 589364.785328 4518410.040800 0 0.0004981
4292 588207.319021 4518368.214867 0 0.0009042
4293 587702.319022 4518251.397037 0 0.0011861
4294 587896.846633 4517322.117650 0 0.0013179
4295 586128.109761 4516108.105564 0 0.0012529
4296 586490.256187 4516148.355687 0 0.0005196
4297 588842.463806 4516946.518410 0 0.0013084
4298 590697.621707 4524461.702944 0 0.0006205
4299 589259.942944 4521154.461271 0 0.0016199
4300 589152.441523 4521418.047474 0 0.0014490
4301 587817.921401 4518008.087594 0 0.0010997
4302 590277.648194 4523598.130110 0 0.0020985
4303 590036.464455 4523483.060052 0 0.0004754
4304 591982.408892 4525404.001030 0 0.0020121
4305 585330.973029 4508371.857325 0 0.0005814
4306 586289.856331 4512705.328673 0 0.0006091
4307 587747.540768 4514261.503737 0 0.0004647
4308 588262.417711 4514029.408159 0 0.0010530
4309 588635.307867 4514251.212180 0 0.0015266
4310 587922.172778 4515240.502874 0 0.0005227
4311 587613.725136 4512356.830845 0 0.0008576
4312 587497.714437 4512610.185859 0 0.0004925
4313 588320.483802 4517730.319381 0 0.0007951
4314 586265.099122 4513277.600731 0 0.0006816
4315 589751.546515 4517014.431949 0 0.0004818
4316 589082.921330 4517171.596104 0 0.0017687
4317 589116.329721 4516798.889690 0 0.0011981
4318 587283.649113 4517970.577670 0 0.0010707
4319 587090.574042 4513371.113540 0 0.0006192
4320 584336.990064 4510854.810733 0 0.0004162
4321 588606.858207 4515765.331152 0 0.0009105
4322 588309.852449 4515303.167427 0 0.0010020
4323 588351.704995 4515054.579608 0 0.0011186
4324 585847.969887 4515532.903638 0 0.0006791
4325 587507.839470 4516884.077370 0 0.0007359
4326 589788.095373 4516857.881545 0 0.0005839
4327 588013.785524 4517532.589643 0 0.0007088
4328 586354.639693 4514597.377509 0 0.0007403
4329 589295.851679 4521323.257266 0 0.0013753
4330 586337.295816 4515866.052807 0 0.0008103
4331 586457.276198 4515799.922934 0 0.0008260
4332 586686.619320 4516223.379479 0 0.0009982
4333 586611.256216 4516083.195550 0 0.0009389
4334 586642.947030 4516431.245151 0 0.0008349
4335 586763.664450 4516366.113857 0 0.0007668
4336 586798.635963 4516720.534714 0 0.0010467
4337 586995.615526 4516796.304073 0 0.0009332
4338 586919.852819 4516656.107988 0 0.0007687
4339 586948.073065 4517000.995562 0 0.0010240
4340 587132.430710 4517093.447709 0 0.0009654
4341 587069.947746 4516937.759902 0 0.0007668
4342 587242.851199 4517399.328915 0 0.0016937
4343 589102.889665 4517589.966479 0 0.0000013
4344 584889.699297 4507080.512034 0 0.0010827
4345 586228.357769 4507799.585397 0 0.0010058
4346 586483.977373 4507868.666394 0 0.0020071
4347 585686.962779 4507614.483971 0 0.0009540
4348 584304.085583 4506785.757962 0 0.0006640
4349 585256.369641 4507775.471822 0 0.0009269
4350 585191.297353 4507630.604235 0 0.0010423
4351 586429.588233 4508230.647308 0 0.0010398
4352 586404.641972 4508148.461033 0 0.0005019
4353 584653.427097 4510863.843306 0 0.0005499
4354 584249.006977 4511269.859087 0 0.0005625
4355 584286.827420 4511339.246519 0 0.0011451
4356 584170.930614 4511124.220251 0 0.0004975
4357 584579.192119 4511332.501071 0 0.0003828
4358 584676.199317 4511486.926649 0 0.0008172
4359 587151.886654 4511969.482750 0 0.0005839
4360 587302.964883 4512249.727791 0 0.0007182
4361 587246.046103 4512145.393346 0 0.0009976
4362 587189.744849 4512039.808463 0 0.0005240
4363 587693.129880 4512505.137361 0 0.0006974
4364 587574.149935 4512283.998653 0 0.0007264
4365 587536.097424 4512214.520513 0 0.0009446
4366 587378.256571 4512389.548453 0 0.0005051
4367 587340.099381 4512319.544787 0 0.0006943
4368 587281.280924 4512678.149493 0 0.0009982
4369 587183.872926 4512498.134153 0 0.0012788
4370 587376.781190 4512855.770081 0 0.0009635
4371 587685.543210 4512960.115409 0 0.0007138
4372 587647.819147 4512890.372326 0 0.0004584
4373 587572.742016 4512750.540671 0 0.0009200
4374 587919.327202 4512924.273159 0 0.0006306
4375 587760.886197 4513100.040869 0 0.0005341
4376 587722.945812 4513030.215617 0 0.0008777
4377 587565.629949 4513204.646112 0 0.0002516
4378 587527.662998 4513135.427906 0 0.0004874
4379 585285.750328 4512615.431236 0 0.0007939
4380 588185.057657 4513416.560499 0 0.0011300
4381 586425.317859 4515304.184382 0 0.0005530
4382 586385.940009 4515234.165858 0 0.0006716
4383 586742.802502 4515317.102581 0 0.0006785
4384 586704.432003 4515246.332133 0 0.0007895
4385 589363.400654 4516071.211593 0 0.0013532
4386 589421.913600 4516178.474575 0 0.0008614
4387 586077.446162 4515768.101972 0 0.0006022
4388 585948.122605 4515811.755484 0 0.0007649
4389 586938.662574 4515680.736288 0 0.0005272
4390 586900.840757 4515610.383506 0 0.0006602
4391 586861.451113 4515537.492626 0 0.0009263
4392 586191.728591 4515992.847358 0 0.0009395
4393 586152.339196 4515919.945062 0 0.0010751
4394 586801.455348 4515935.759003 0 0.0008752
4395 587062.295709 4515869.251403 0 0.0007611
4396 586987.846277 4515835.403306 0 0.0005675
4397 587127.922956 4516031.480570 0 0.0006407
4398 587089.842410 4515961.060016 0 0.0008828
4399 586256.590829 4516382.860504 0 0.0007945
4400 586419.270864 4516323.391526 0 0.0006413
4401 589398.725488 4516605.635959 0 0.0006337
4402 587005.651603 4516379.615439 0 0.0011508
4403 587166.119328 4516101.413069 0 0.0007176
4404 587204.983837 4516173.953550 0 0.0009553
4405 587245.985185 4516250.782817 0 0.0010341
4406 586517.558774 4516544.198504 0 0.0003853
4407 586472.014042 4516476.835623 0 0.0006608
4408 587082.829326 4516525.232687 0 0.0011867
4409 587283.201696 4516319.266631 0 0.0007188
4410 587822.899370 4518467.825648 0 0.0010808
4411 588206.447327 4518636.352950 0 0.0005486
4412 588372.026135 4518636.512065 0 0.0011943
4413 587240.944276 4517900.006027 0 0.0006526
4414 587881.836830 4518149.176838 0 0.0009994
4415 589610.976128 4518372.009193 0 0.0009793
4416 589758.294890 4518301.285786 0 0.0012088
4417 587738.333874 4518881.411057 0 0.0008387
4418 587825.957451 4518692.328552 0 0.0007718
4419 587917.738508 4518598.297901 0 0.0011565
4420 587762.783705 4518357.472977 0 0.0004887
4421 589423.741381 4518515.194729 0 0.0009831
4422 588308.134906 4518973.801400 0 0.0009049
4423 588035.634773 4518819.702732 0 0.0003500
4424 588297.462696 4519356.851879 0 0.0015607
4425 588698.021238 4518362.843461 0 0.0014509
4426 588561.885608 4519845.540207 0 0.0009831
4427 589414.716021 4519116.114884 0 0.0008532
4428 589157.778908 4519898.425288 0 0.0012056
4429 589343.160213 4520247.271063 0 0.0013816
4430 589796.573546 4519888.337303 0 0.0002396
4431 589785.930288 4519535.953063 0 0.0019800
4432 588653.882592 4520488.206723 0 0.0013412
;