/* CONJUNTOS */
param N_total:= 2885 ;

/* PARAMETROS */
param P:= 1694.0 ;
param R:= 250.0 ;
param c1:= 1.0 ;
param c2:= 0.2 ;
param nombre_instancia := "drp_2885_QUEENS.dat" ;

param : coordx coordy flag prob_ohca:=
1 602448.295755 4500423.386296 1 0.0000
2 596929.076873 4507783.735571 1 0.0000
3 602933.279140 4514134.853609 1 0.0000
4 603228.593433 4511616.482484 1 0.0000
5 601360.854044 4507087.834248 1 0.0000
6 598398.190966 4506016.520598 1 0.0000
7 605841.782221 4495298.408699 1 0.0000
8 605067.888865 4495017.200913 1 0.0000
9 596294.211307 4512505.092451 1 0.0000
10 603178.225447 4514863.232480 1 0.0000
11 595469.173688 4512221.130680 1 0.0000
12 600709.630140 4503360.807085 1 0.0000
13 599630.564163 4507354.918329 1 0.0000
14 595702.316059 4511523.503171 1 0.0000
15 601922.822105 4510675.519273 1 0.0000
16 605075.525264 4502671.099457 1 0.0000
17 600826.104495 4506974.791851 1 0.0000
18 607091.416700 4508516.089686 1 0.0000
19 594080.712218 4511747.304412 1 0.0000
20 598744.073345 4503844.335958 1 0.0000
21 597275.876563 4501858.458892 1 0.0000
22 598493.790821 4512987.852993 1 0.0000
23 598209.895380 4504512.643815 1 0.0000
24 596294.211307 4512505.092451 1 0.0000
25 597392.259916 4504301.005840 1 0.0000
26 596627.730852 4502982.874861 1 0.0000
27 588947.554192 4511394.168779 1 0.0000
28 602629.175679 4513864.743306 1 0.0000
29 600065.362764 4504357.899069 1 0.0000
30 593180.518345 4512497.364303 1 0.0000
31 593942.717537 4512117.508308 1 0.0000
32 608999.790411 4510064.859051 1 0.0000
33 592704.040846 4506703.843350 1 0.0000
34 594192.526115 4510196.870886 1 0.0000
35 600639.999189 4506538.119714 1 0.0000
36 596289.829608 4512729.327559 1 0.0000
37 593806.332512 4511516.847799 1 0.0000
38 601319.106402 4512364.829732 1 0.0000
39 599517.353099 4509940.241326 1 0.0000
40 597684.587262 4508447.206045 1 0.0000
41 595517.867244 4513698.433233 1 0.0000
42 600801.782108 4508229.426266 1 0.0000
43 590875.257989 4513483.122339 1 0.0000
44 605800.360748 4495914.728117 1 0.0000
45 589826.945375 4511533.391176 1 0.0000
46 600479.321072 4508849.862544 1 0.0000
47 601362.190605 4504825.474882 1 0.0000
48 605967.835114 4505968.472905 1 0.0000
49 593180.518345 4512497.364303 1 0.0000
50 591595.132835 4514116.636841 1 0.0000
51 596572.656967 4507344.519585 1 0.0000
52 596979.026643 4510142.956366 1 0.0000
53 596463.418051 4512070.026941 1 0.0000
54 587669.969388 4510310.929042 1 0.0000
55 599637.037516 4493473.404566 1 0.0000
56 597615.662894 4514823.038100 1 0.0000
57 604517.053424 4496027.254115 1 0.0000
58 595007.964373 4510627.905299 1 0.0000
59 590826.887620 4513957.344692 1 0.0000
60 604065.568718 4504660.854808 1 0.0000
61 591273.980139 4510582.042171 1 0.0000
62 607091.416700 4508516.089686 1 0.0000
63 591906.530776 4514628.174714 1 0.0000
64 589698.302524 4511698.004181 1 0.0000
65 602630.660773 4514644.287811 1 0.0000
66 603814.735058 4512516.045039 1 0.0000
67 604970.546924 4510379.851783 1 0.0000
68 601536.699413 4507113.603385 1 0.0000
69 592502.175979 4510464.076672 1 0.0000
70 605279.572046 4510217.587579 1 0.0000
71 601729.743515 4513341.929268 1 0.0000
72 604059.154345 4511202.343027 1 0.0000
73 599584.378422 4511869.690716 1 0.0000
74 597330.281637 4505866.028569 1 0.0000
75 602823.979395 4503461.010982 1 0.0000
76 598039.120330 4504550.317743 1 0.0000
77 596958.923887 4492571.507443 1 0.0000
78 598036.324130 4503670.212004 1 0.0000
79 602103.784325 4506902.162943 1 0.0000
80 592597.762545 4507875.853148 1 0.0000
81 595343.887495 4507378.384827 1 0.0000
82 598340.896318 4504837.456605 1 0.0000
83 593112.707756 4505978.659785 1 0.0000
84 599389.058433 4511011.458526 1 0.0000
85 599554.059747 4512766.190177 1 0.0000
86 591208.744787 4508737.063247 1 0.0000
87 607427.333785 4511348.844894 1 0.0000
88 601078.555077 4506856.376592 1 0.0000
89 596135.739327 4511515.638988 1 0.0000
90 597923.714273 4504167.173646 1 0.0000
91 595919.071044 4513746.743920 1 0.0000
92 605094.459839 4500681.060660 1 0.0000
93 601922.822105 4510675.519273 1 0.0000
94 589764.026095 4511813.636619 1 0.0000
95 596597.668452 4503992.420776 1 0.0000
96 588026.486869 4511034.761951 1 0.0000
97 592846.667857 4511923.405726 1 0.0000
98 601572.431812 4506570.661039 1 0.0000
99 592461.614755 4505727.163492 1 0.0000
100 602582.027202 4506999.934953 1 0.0000
101 591075.146672 4513511.302703 1 0.0000
102 604517.984401 4505020.406926 1 0.0000
103 598889.650454 4512773.253814 1 0.0000
104 593117.614723 4511866.458642 1 0.0000
105 605824.079359 4508508.385745 1 0.0000
106 594998.246852 4512150.554484 1 0.0000
107 603451.554405 4503262.745098 1 0.0000
108 594131.189579 4511944.128130 1 0.0000
109 589519.012341 4512697.309467 1 0.0000
110 604675.391434 4495312.612906 1 0.0000
111 588209.833374 4511204.146312 1 0.0000
112 601112.766728 4506420.380299 1 0.0000
113 599630.564163 4507354.918329 1 0.0000
114 597557.134758 4504219.383107 1 0.0000
115 598718.814262 4512789.287709 1 0.0000
116 599374.403399 4508442.659538 1 0.0000
117 599714.096765 4511905.298078 1 0.0000
118 604916.782440 4502266.126832 1 0.0000
119 591696.379524 4512852.843662 1 0.0000
120 594355.111494 4510396.798579 1 0.0000
121 600764.222875 4505609.473583 1 0.0000
122 592750.670951 4505980.026606 1 0.0000
123 598101.688675 4508213.343049 1 0.0000
124 596978.503013 4508608.911402 1 0.0000
125 589560.107960 4513155.787987 1 0.0000
126 590680.494513 4511025.373616 1 0.0000
127 597169.264758 4504214.364563 1 0.0000
128 598610.617330 4514021.634947 1 0.0000
129 596943.616387 4505218.946572 1 0.0000
130 594989.577961 4510155.053472 1 0.0000
131 596350.275882 4510498.131063 1 0.0000
132 587901.927330 4510493.057032 1 0.0000
133 596572.656967 4507344.519585 1 0.0000
134 587873.172506 4510743.522238 1 0.0000
135 592533.882689 4508803.035998 1 0.0000
136 598612.338103 4514031.101927 1 0.0000
137 595234.473398 4513242.673618 1 0.0000
138 603172.681277 4505251.046702 1 0.0000
139 600599.120293 4506649.189469 1 0.0000
140 602983.877575 4504702.808212 1 0.0000
141 604922.682470 4503517.759460 1 0.0000
142 602823.979395 4503461.010982 1 0.0000
143 599630.564163 4507354.918329 1 0.0000
144 604949.404206 4508433.836274 1 0.0000
145 590415.406094 4510835.554178 1 0.0000
146 599725.249764 4515662.550228 1 0.0000
147 601806.429740 4507297.989529 1 0.0000
148 598238.515425 4500733.040635 1 0.0000
149 599668.661264 4506362.822745 1 0.0000
150 600378.191763 4506889.858072 1 0.0000
151 598570.216023 4512431.357384 1 0.0000
152 596130.290083 4509879.452289 1 0.0000
153 594937.979806 4512438.757546 1 0.0000
154 607088.149375 4512822.384833 1 0.0000
155 590731.660379 4512285.412404 1 0.0000
156 590702.435543 4510891.541010 1 0.0000
157 598835.712574 4511166.976487 1 0.0000
158 590395.541340 4513569.381728 1 0.0000
159 589635.626345 4511555.590372 1 0.0000
160 593871.054198 4507410.082616 1 0.0000
161 594430.841322 4510624.078870 1 0.0000
162 605632.410997 4495729.981853 1 0.0000
163 601826.324166 4510318.180229 1 0.0000
164 596537.271938 4512247.920398 1 0.0000
165 593925.567031 4511295.445610 1 0.0000
166 605094.459839 4500681.060660 1 0.0000
167 598926.370604 4513348.712528 1 0.0000
168 602448.295755 4500423.386296 1 0.0000
169 599068.422189 4507212.308200 1 0.0000
170 597665.865028 4508994.603679 1 0.0000
171 598949.138265 4512499.970998 1 0.0000
172 598884.595775 4512414.214780 1 0.0000
173 606920.182431 4501752.832229 1 0.0000
174 596460.094060 4504326.369188 1 0.0000
175 606996.982407 4503067.747686 1 0.0000
176 587873.172506 4510743.522238 1 0.0000
177 605075.525264 4502671.099457 1 0.0000
178 596033.992197 4511325.240163 1 0.0000
179 600514.350852 4503865.365658 1 0.0000
180 608664.140484 4510906.709386 1 0.0000
181 603021.171771 4515301.186333 1 0.0000
182 595004.397450 4512547.084804 1 0.0000
183 606880.743227 4513186.327521 1 0.0000
184 597954.490128 4504944.902803 1 0.0000
185 594289.354147 4506240.094929 1 0.0000
186 597686.492659 4501443.809549 1 0.0000
187 591470.375114 4514100.587774 1 0.0000
188 604619.999682 4512209.496403 1 0.0000
189 591917.337066 4506613.530014 1 0.0000
190 604675.391434 4495312.612906 1 0.0000
191 595006.786208 4508268.030433 1 0.0000
192 593299.198028 4513849.601809 1 0.0000
193 602420.881830 4503132.800038 1 0.0000
194 600599.120293 4506649.189469 1 0.0000
195 600443.060348 4502254.328453 1 0.0000
196 606598.664486 4508809.439867 1 0.0000
197 596355.818350 4509341.724065 1 0.0000
198 594853.594426 4510803.809216 1 0.0000
199 606904.480220 4510483.824095 1 0.0000
200 599320.322528 4510035.515375 1 0.0000
201 598930.184569 4514806.623687 1 0.0000
202 595021.131221 4506551.627560 1 0.0000
203 592211.071991 4507472.863355 1 0.0000
204 600630.966673 4506233.584575 1 0.0000
205 603724.879616 4513904.339691 1 0.0000
206 601324.710956 4507854.450728 1 0.0000
207 596135.739327 4511515.638988 1 0.0000
208 601112.766728 4506420.380299 1 0.0000
209 589761.578636 4510583.713550 1 0.0000
210 590062.938903 4511976.720450 1 0.0000
211 604777.390897 4494406.262420 1 0.0000
212 587974.189522 4510944.270020 1 0.0000
213 595959.088409 4509472.511445 1 0.0000
214 601360.854044 4507087.834248 1 0.0000
215 600082.664240 4510018.591495 1 0.0000
216 604517.053424 4496027.254115 1 0.0000
217 591962.289639 4512488.973444 1 0.0000
218 600944.253882 4506526.951380 1 0.0000
219 593154.769142 4505656.426728 1 0.0000
220 605638.463926 4504220.088451 1 0.0000
221 590028.832735 4510931.103427 1 0.0000
222 595156.920116 4514178.395576 1 0.0000
223 595234.473398 4513242.673618 1 0.0000
224 605587.799202 4495176.072195 1 0.0000
225 603388.063223 4510912.212215 1 0.0000
226 594073.750292 4507753.994215 1 0.0000
227 593431.888373 4511911.785838 1 0.0000
228 598041.354791 4492595.969181 1 0.0000
229 592170.929075 4507251.476492 1 0.0000
230 601592.532561 4507617.056617 1 0.0000
231 595469.173688 4512221.130680 1 0.0000
232 607033.947478 4509791.396444 1 0.0000
233 597392.259916 4504301.005840 1 0.0000
234 590661.655348 4510458.662827 1 0.0000
235 600655.143388 4501482.051053 1 0.0000
236 590070.919538 4513309.098353 1 0.0000
237 593942.717537 4512117.508308 1 0.0000
238 596785.109264 4509670.237388 1 0.0000
239 599440.627421 4511621.216148 1 0.0000
240 598870.971812 4501757.317251 1 0.0000
241 594968.893211 4509964.359146 1 0.0000
242 600826.104495 4506974.791851 1 0.0000
243 603228.593433 4511616.482484 1 0.0000
244 599037.462559 4512183.134764 1 0.0000
245 589812.621723 4510998.424817 1 0.0000
246 590756.359322 4513915.707064 1 0.0000
247 601665.534992 4505430.780250 1 0.0000
248 596537.271938 4512247.920398 1 0.0000
249 600701.609103 4510445.259484 1 0.0000
250 590560.378828 4512153.645557 1 0.0000
251 593717.317066 4491031.218206 1 0.0000
252 593180.518345 4512497.364303 1 0.0000
253 605015.108905 4512007.682471 1 0.0000
254 602176.040091 4505505.147856 1 0.0000
255 594693.787699 4510011.813861 1 0.0000
256 595250.098200 4509836.219327 1 0.0000
257 596346.824547 4505470.880894 1 0.0000
258 598160.318016 4504048.578059 1 0.0000
259 599776.430287 4509426.963099 1 0.0000
260 596848.412546 4507748.992173 1 0.0000
261 607091.416700 4508516.089686 1 0.0000
262 591224.222845 4512837.103797 1 0.0000
263 592610.976966 4505937.604141 1 0.0000
264 607317.932316 4504619.175538 1 0.0000
265 596379.886815 4511725.029745 1 0.0000
266 601208.666682 4507152.232666 1 0.0000
267 600307.409912 4507245.595306 1 0.0000
268 606714.730323 4507526.269660 1 0.0000
269 606398.060309 4514120.664300 1 0.0000
270 601265.174177 4507730.354070 1 0.0000
271 600756.414347 4509110.213187 1 0.0000
272 595069.689449 4512085.240548 1 0.0000
273 588479.899014 4510448.444170 1 0.0000
274 593946.234931 4509372.810640 1 0.0000
275 599630.564163 4507354.918329 1 0.0000
276 601936.205713 4494445.059526 1 0.0000
277 598865.031061 4492892.668989 1 0.0000
278 590070.919538 4513309.098353 1 0.0000
279 589775.078359 4511003.786421 1 0.0000
280 596747.237945 4510587.975621 1 0.0000
281 598275.737908 4502553.336882 1 0.0000
282 602739.954990 4504633.909042 1 0.0000
283 592603.391078 4513082.582682 1 0.0000
284 606714.730323 4507526.269660 1 0.0000
285 589438.192378 4512703.092183 1 0.0000
286 597558.406338 4515568.992643 1 0.0000
287 597480.708418 4509358.790004 1 0.0000
288 597466.220459 4514994.122181 1 0.0000
289 605042.351738 4506476.625192 1 0.0000
290 601278.218462 4504384.480277 1 0.0000
291 601592.532561 4507617.056617 1 0.0000
292 596832.244516 4510241.239012 1 0.0000
293 605800.360748 4495914.728117 1 0.0000
294 599776.430287 4509426.963099 1 0.0000
295 605547.337350 4513895.831220 1 0.0000
296 591183.375145 4511179.504442 1 0.0000
297 596337.527274 4515577.938297 1 0.0000
298 597250.960524 4505177.035935 1 0.0000
299 601033.087523 4507129.819095 1 0.0000
300 602448.295755 4500423.386296 1 0.0000
301 601703.482685 4515433.978420 1 0.0000
302 607434.213896 4511333.381288 1 0.0000
303 605634.817249 4495732.751725 1 0.0000
304 603172.681277 4505251.046702 1 0.0000
305 604517.053424 4496027.254115 1 0.0000
306 596747.237945 4510587.975621 1 0.0000
307 599984.398963 4503437.589105 1 0.0000
308 590155.605404 4513231.442684 1 0.0000
309 593867.916634 4510497.300036 1 0.0000
310 599630.564163 4507354.918329 1 0.0000
311 596949.205444 4492434.268033 1 0.0000
312 590415.406094 4510835.554178 1 0.0000
313 593032.639025 4513494.597170 1 0.0000
314 605547.337350 4513895.831220 1 0.0000
315 597480.708418 4509358.790004 1 0.0000
316 596135.739327 4511515.638988 1 0.0000
317 605147.867478 4507086.697389 1 0.0000
318 600646.966395 4501549.666743 1 0.0000
319 592468.700064 4507274.062567 1 0.0000
320 594289.354147 4506240.094929 1 0.0000
321 593290.864465 4506470.695481 1 0.0000
322 599685.806428 4503272.381792 1 0.0000
323 605015.108905 4512007.682471 1 0.0000
324 595007.964373 4510627.905299 1 0.0000
325 597169.264758 4504214.364563 1 0.0000
326 589190.295937 4511271.689277 1 0.0000
327 589764.026095 4511813.636619 1 0.0000
328 605015.108905 4512007.682471 1 0.0000
329 604922.682470 4503517.759460 1 0.0000
330 597615.662894 4514823.038100 1 0.0000
331 592297.106776 4513967.697218 1 0.0000
332 594131.189579 4511944.128130 1 0.0000
333 591273.980139 4510582.042171 1 0.0000
334 589698.302524 4511698.004181 1 0.0000
335 590875.257989 4513483.122339 1 0.0000
336 602823.979395 4503461.010982 1 0.0000
337 606893.151396 4510408.119247 1 0.0000
338 600378.608944 4506585.124799 1 0.0000
339 593942.717537 4512117.508308 1 0.0000
340 596115.697247 4506689.017898 1 0.0000
341 594538.158680 4511154.929000 1 0.0000
342 599139.639444 4507488.295093 1 0.0000
343 591273.980139 4510582.042171 1 0.0000
344 598849.593724 4513347.228671 1 0.0000
345 598877.214953 4492866.295754 1 0.0000
346 600035.090685 4505761.172268 1 0.0000
347 604059.154345 4511202.343027 1 0.0000
348 598720.012153 4512791.130087 1 0.0000
349 597845.431633 4514341.732578 1 0.0000
350 593806.332512 4511516.847799 1 0.0000
351 591521.733725 4511571.586752 1 0.0000
352 601159.536140 4506756.123712 1 0.0000
353 599984.249090 4505461.952511 1 0.0000
354 601396.779792 4514482.437537 1 0.0000
355 598905.078391 4505336.627944 1 0.0000
356 592396.153065 4514421.659964 1 0.0000
357 601678.995532 4514052.006041 1 0.0000
358 596572.656967 4507344.519585 1 0.0000
359 590132.888359 4511105.985242 1 0.0000
360 596832.244516 4510241.239012 1 0.0000
361 599637.037516 4493473.404566 1 0.0000
362 588326.339357 4510820.904569 1 0.0000
363 604459.384540 4504894.187865 1 0.0000
364 592131.662628 4511049.211521 1 0.0000
365 601922.822105 4510675.519273 1 0.0000
366 602117.453848 4513388.397906 1 0.0000
367 589693.268662 4511016.262930 1 0.0000
368 605342.484654 4504173.148839 1 0.0000
369 601729.743515 4513341.929268 1 0.0000
370 591080.068386 4512597.770242 1 0.0000
371 599441.448019 4501934.556603 1 0.0000
372 594743.444182 4514321.633515 1 0.0000
373 589519.012341 4512697.309467 1 0.0000
374 595794.362726 4511147.289432 1 0.0000
375 591625.661117 4506832.055845 1 0.0000
376 597084.920228 4510076.205419 1 0.0000
377 606500.749568 4509889.554557 1 0.0000
378 606372.500729 4505917.607978 1 0.0000
379 596943.616387 4505218.946572 1 0.0000
380 603802.467458 4512281.864319 1 0.0000
381 599517.353099 4509940.241326 1 0.0000
382 594263.417790 4506484.195543 1 0.0000
383 589480.492655 4511317.047090 1 0.0000
384 589860.830391 4510778.957982 1 0.0000
385 598258.024531 4503843.993048 1 0.0000
386 606500.749568 4509889.554557 1 0.0000
387 598494.066233 4513900.240759 1 0.0000
388 596289.829608 4512729.327559 1 0.0000
389 590860.127170 4511066.119368 1 0.0000
390 600764.222875 4505609.473583 1 0.0000
391 599791.264274 4495727.739059 1 0.0000
392 593428.568115 4509285.859417 1 0.0000
393 603178.225447 4514863.232480 1 0.0000
394 601362.190605 4504825.474882 1 0.0000
395 589937.493551 4512315.371727 1 0.0000
396 599328.577463 4506443.063542 1 0.0000
397 603246.199317 4508890.169293 1 0.0000
398 599714.096765 4511905.298078 1 0.0000
399 601517.008417 4505280.379810 1 0.0000
400 600417.118929 4516401.806811 1 0.0000
401 604577.816019 4495075.944487 1 0.0000
402 604971.221916 4511713.411544 1 0.0000
403 600826.104495 4506974.791851 1 0.0000
404 587669.969388 4510310.929042 1 0.0000
405 603191.565454 4505171.419112 1 0.0000
406 596086.194338 4512494.800103 1 0.0000
407 591075.146672 4513511.302703 1 0.0000
408 602582.027202 4506999.934953 1 0.0000
409 603181.736703 4510270.824341 1 0.0000
410 599215.245576 4510351.856471 1 0.0000
411 602818.284076 4505062.042378 1 0.0000
412 589812.621723 4510998.424817 1 0.0000
413 594430.841322 4510624.078870 1 0.0000
414 604675.391434 4495312.612906 1 0.0000
415 595967.077687 4509198.949832 1 0.0000
416 605328.418406 4507771.066211 1 0.0000
417 605297.113881 4503874.901599 1 0.0000
418 601936.205713 4494445.059526 1 0.0000
419 603451.554405 4503262.745098 1 0.0000
420 594711.863033 4510271.043383 1 0.0000
421 600899.598803 4509622.888869 1 0.0000
422 595969.441911 4510811.940101 1 0.0000
423 593089.430092 4509845.450319 1 0.0000
424 598757.094180 4492763.763044 1 0.0000
425 601388.874249 4506821.203032 1 0.0000
426 597886.240946 4516163.005141 1 0.0000
427 593510.567348 4512548.966152 1 0.0000
428 596130.290083 4509879.452289 1 0.0000
429 589560.107960 4513155.787987 1 0.0000
430 601078.555077 4506856.376592 1 0.0000
431 589812.621723 4510998.424817 1 0.0000
432 601360.854044 4507087.834248 1 0.0000
433 604791.591764 4511323.735569 1 0.0000
434 588452.484543 4511464.103213 1 0.0000
435 598461.979098 4505632.669140 1 0.0000
436 602287.563637 4506846.656089 1 0.0000
437 597466.220459 4514994.122181 1 0.0000
438 598101.688675 4508213.343049 1 0.0000
439 598258.024531 4503843.993048 1 0.0000
440 590560.378828 4512153.645557 1 0.0000
441 598647.038141 4506000.456323 1 0.0000
442 600065.362764 4504357.899069 1 0.0000
443 589937.493551 4512315.371727 1 0.0000
444 602465.590170 4505849.441360 1 0.0000
445 593180.518345 4512497.364303 1 0.0000
446 589974.306813 4510527.932320 1 0.0000
447 603388.063223 4510912.212215 1 0.0000
448 608664.140484 4510906.709386 1 0.0000
449 592237.295140 4508837.142569 1 0.0000
450 601330.701046 4503466.597662 1 0.0000
451 599676.761162 4508383.932006 1 0.0000
452 602763.384384 4507345.133129 1 0.0000
453 603388.063223 4510912.212215 1 0.0000
454 601922.822105 4510675.519273 1 0.0000
455 595626.859739 4510067.534255 1 0.0000
456 602465.590170 4505849.441360 1 0.0000
457 603178.225447 4514863.232480 1 0.0000
458 596166.014265 4508400.370458 1 0.0000
459 595069.689449 4512085.240548 1 0.0000
460 595006.786208 4508268.030433 1 0.0000
461 594518.772631 4511626.437256 1 0.0000
462 590070.919538 4513309.098353 1 0.0000
463 594774.986430 4510829.425287 1 0.0000
464 602198.678823 4501042.772208 1 0.0000
465 607420.450137 4511364.612683 1 0.0000
466 605147.867478 4507086.697389 1 0.0000
467 595021.131221 4506551.627560 1 0.0000
468 602448.295755 4500423.386296 1 0.0000
469 597665.865028 4508994.603679 1 0.0000
470 588471.868904 4511661.788441 1 0.0000
471 595188.411262 4512899.017360 1 0.0000
472 589812.621723 4510998.424817 1 0.0000
473 605370.704038 4503593.548100 1 0.0000
474 599630.564163 4507354.918329 1 0.0000
475 596631.688079 4502956.407936 1 0.0000
476 597558.406338 4515568.992643 1 0.0000
477 603228.593433 4511616.482484 1 0.0000
478 603021.171771 4515301.186333 1 0.0000
479 605243.329805 4506999.407703 1 0.0000
480 599320.322528 4510035.515375 1 0.0000
481 592520.654590 4510634.328539 1 0.0000
482 594754.020982 4509779.986935 1 0.0000
483 590070.919538 4513309.098353 1 0.0000
484 599638.807939 4514395.984114 1 0.0000
485 599457.295171 4510478.029511 1 0.0000
486 601096.223456 4504873.039238 1 0.0000
487 596848.412546 4507748.992173 1 0.0000
488 605638.463926 4504220.088451 1 0.0000
489 598073.000443 4515444.732885 1 0.0000
490 600514.350852 4503865.365658 1 0.0000
491 601324.710956 4507854.450728 1 0.0000
492 590731.660379 4512285.412404 1 0.0000
493 601807.010215 4507997.372039 1 0.0000
494 603802.467458 4512281.864319 1 0.0000
495 600546.728946 4510639.138726 1 0.0000
496 601592.532561 4507617.056617 1 0.0000
497 600801.782108 4508229.426266 1 0.0000
498 589524.927206 4512525.812385 1 0.0000
499 606820.852470 4509235.558645 1 0.0000
500 593693.243192 4511171.820718 1 0.0000
501 594989.577961 4510155.053472 1 0.0000
502 599673.047829 4508469.215770 1 0.0000
503 589783.303606 4510789.958925 1 0.0000
504 595909.809611 4509786.132270 1 0.0000
505 590181.737988 4510883.783492 1 0.0000
506 600681.438073 4513395.512699 1 0.0000
507 603902.114315 4503141.700979 1 0.0000
508 599852.490446 4493230.842031 1 0.0000
509 598926.370604 4513348.712528 1 0.0000
510 592211.071991 4507472.863355 1 0.0000
511 606920.182431 4501752.832229 1 0.0000
512 599037.462559 4512183.134764 1 0.0000
513 599376.495042 4493258.052275 1 0.0000
514 596537.271938 4512247.920398 1 0.0000
515 595754.463300 4509565.868949 1 0.0000
516 588976.103525 4511054.718807 1 0.0000
517 605015.108905 4512007.682471 1 0.0000
518 603939.803155 4507709.567999 1 0.0000
519 602420.881830 4503132.800038 1 0.0000
520 590799.774142 4512244.745013 1 0.0000
521 593946.234931 4509372.810640 1 0.0000
522 596337.527274 4515577.938297 1 0.0000
523 590028.832735 4510931.103427 1 0.0000
524 596651.909340 4505198.870114 1 0.0000
525 599984.398963 4503437.589105 1 0.0000
526 600307.409912 4507245.595306 1 0.0000
527 604250.248170 4501869.712119 1 0.0000
528 607427.333785 4511348.844894 1 0.0000
529 596127.451531 4511627.992544 1 0.0000
530 599630.564163 4507354.918329 1 0.0000
531 598865.031061 4492892.668989 1 0.0000
532 593871.054198 4507410.082616 1 0.0000
533 600655.143388 4501482.051053 1 0.0000
534 592170.929075 4507251.476492 1 0.0000
535 592468.700064 4507274.062567 1 0.0000
536 596919.892621 4505027.303796 1 0.0000
537 589438.192378 4512703.092183 1 0.0000
538 595702.316059 4511523.503171 1 0.0000
539 588888.477996 4511684.818655 1 0.0000
540 601748.918749 4506432.792257 1 0.0000
541 598139.888417 4508632.484518 1 0.0000
542 607317.932316 4504619.175538 1 0.0000
543 601536.699413 4507113.603385 1 0.0000
544 606455.718248 4505674.149719 1 0.0000
545 608924.065987 4511149.805225 1 0.0000
546 602823.979395 4503461.010982 1 0.0000
547 604184.572929 4502420.238712 1 0.0000
548 592283.020103 4506023.768430 1 0.0000
549 604280.419234 4511762.842091 1 0.0000
550 603794.437711 4507495.511761 1 0.0000
551 602176.040091 4505505.147856 1 0.0000
552 600443.060348 4502254.328453 1 0.0000
553 596832.244516 4510241.239012 1 0.0000
554 600590.996088 4515423.440090 1 0.0000
555 591080.068386 4512597.770242 1 0.0000
556 606880.743227 4513186.327521 1 0.0000
557 599042.283692 4515639.837221 1 0.0000
558 597954.490128 4504944.902803 1 0.0000
559 589195.353616 4511175.451461 1 0.0000
560 592321.740026 4511323.502614 1 0.0000
561 600479.321072 4508849.862544 1 0.0000
562 591595.132835 4514116.636841 1 0.0000
563 601265.174177 4507730.354070 1 0.0000
564 598949.138265 4512499.970998 1 0.0000
565 600943.942293 4506527.557796 1 0.0000
566 606795.863088 4507868.503436 1 0.0000
567 599554.687855 4512202.432065 1 0.0000
568 589665.168961 4513456.231538 1 0.0000
569 601533.850520 4506265.179617 1 0.0000
570 589287.850136 4511749.704816 1 0.0000
571 603584.946710 4512410.122650 1 0.0000
572 601826.324166 4510318.180229 1 0.0000
573 593676.278472 4509235.655153 1 0.0000
574 589775.078359 4511003.786421 1 0.0000
575 593942.717537 4512117.508308 1 0.0000
576 589955.351652 4511683.867673 1 0.0000
577 593231.875634 4506459.359096 1 0.0000
578 599998.862535 4516869.997744 1 0.0000
579 591521.733725 4511571.586752 1 0.0000
580 607921.473388 4511791.164501 1 0.0000
581 595348.663026 4510921.891242 1 0.0000
582 604332.492532 4494700.470780 1 0.0000
583 598905.078391 4505336.627944 1 0.0000
584 601412.844531 4503451.685167 1 0.0000
585 596746.522422 4511427.210121 1 0.0000
586 600646.966395 4501549.666743 1 0.0000
587 596166.014265 4508400.370458 1 0.0000
588 598461.979098 4505632.669140 1 0.0000
589 592131.662628 4511049.211521 1 0.0000
590 601678.995532 4514052.006041 1 0.0000
591 594614.737211 4512538.686250 1 0.0000
592 592297.106776 4513967.697218 1 0.0000
593 602117.453848 4513388.397906 1 0.0000
594 598475.518075 4501652.373511 1 0.0000
595 595007.964373 4510627.905299 1 0.0000
596 602709.002514 4494392.263641 1 0.0000
597 605634.817249 4495732.751725 1 0.0000
598 601324.710956 4507854.450728 1 0.0000
599 592610.976966 4505937.604141 1 0.0000
600 605967.835114 4505968.472905 1 0.0000
601 593676.278472 4509235.655153 1 0.0000
602 605391.187025 4506163.050074 1 0.0000
603 606620.740923 4501312.739523 1 0.0000
604 601936.205713 4494445.059526 1 0.0000
605 597617.920169 4505386.294431 1 0.0000
606 597250.960524 4505177.035935 1 0.0000
607 597480.708418 4509358.790004 1 0.0000
608 607245.336783 4512533.143225 1 0.0000
609 600685.956391 4507588.463367 1 0.0000
610 591759.153177 4512612.209746 1 0.0000
611 590376.867781 4513924.486495 1 0.0000
612 592750.670951 4505980.026606 1 0.0000
613 604259.771279 4506584.446593 1 0.0000
614 601092.764250 4493875.090637 1 0.0000
615 597101.682327 4502304.438048 1 0.0000
616 592625.718687 4512353.000703 1 0.0000
617 592307.625794 4514863.124107 1 0.0000
618 595469.173688 4512221.130680 1 0.0000
619 596785.109264 4509670.237388 1 0.0000
620 589955.351652 4511683.867673 1 0.0000
621 596537.271938 4512247.920398 1 0.0000
622 603070.837559 4494597.185961 1 0.0000
623 595702.316059 4511523.503171 1 0.0000
624 605342.484654 4504173.148839 1 0.0000
625 608924.065987 4511149.805225 1 0.0000
626 589812.621723 4510998.424817 1 0.0000
627 597392.259916 4504301.005840 1 0.0000
628 604442.834112 4505170.704667 1 0.0000
629 606893.151396 4510408.119247 1 0.0000
630 599984.398963 4503437.589105 1 0.0000
631 602637.043680 4512772.031829 1 0.0000
632 603191.565031 4505171.419490 1 0.0000
633 600396.808277 4502865.408811 1 0.0000
634 596943.616387 4505218.946572 1 0.0000
635 596115.697247 4506689.017898 1 0.0000
636 592704.040846 4506703.843350 1 0.0000
637 599630.564163 4507354.918329 1 0.0000
638 598494.066233 4513900.240759 1 0.0000
639 597607.445501 4502902.892223 1 0.0000
640 607434.213896 4511333.381288 1 0.0000
641 600289.638782 4512932.115274 1 0.0000
642 594289.354147 4506240.094929 1 0.0000
643 597954.490128 4504944.902803 1 0.0000
644 593428.568115 4509285.859417 1 0.0000
645 602763.384384 4507345.133129 1 0.0000
646 600082.664240 4510018.591495 1 0.0000
647 595007.964373 4510627.905299 1 0.0000
648 593478.948386 4510776.274414 1 0.0000
649 600801.782108 4508229.426266 1 0.0000
650 591968.175942 4490575.318771 1 0.0000
651 599637.037516 4493473.404566 1 0.0000
652 601678.995532 4514052.006041 1 0.0000
653 598857.308089 4513927.537557 1 0.0000
654 605677.701766 4496170.232363 1 0.0000
655 600437.046052 4508976.457041 1 0.0000
656 597448.963975 4505853.665324 1 0.0000
657 589775.078359 4511003.786421 1 0.0000
658 589698.302524 4511698.004181 1 0.0000
659 604451.917980 4503136.974547 1 0.0000
660 604315.548824 4494394.018716 1 0.0000
661 599215.245576 4510351.856471 1 0.0000
662 603021.640592 4510816.011542 1 0.0000
663 601779.073770 4503323.284209 1 0.0000
664 603181.736703 4510270.824341 1 0.0000
665 596747.237945 4510587.975621 1 0.0000
666 606372.500729 4505917.607978 1 0.0000
667 595804.119620 4511494.798400 1 0.0000
668 606222.992143 4503224.129483 1 0.0000
669 596337.527274 4515577.938297 1 0.0000
670 599139.639444 4507488.295093 1 0.0000
671 597686.492659 4501443.809549 1 0.0000
672 600899.598803 4509622.888869 1 0.0000
673 597886.240946 4516163.005141 1 0.0000
674 589373.378098 4512748.368022 1 0.0000
675 604059.154345 4511202.343027 1 0.0000
676 599637.037516 4493473.404566 1 0.0000
677 606500.749568 4509889.554557 1 0.0000
678 598757.094180 4492763.763044 1 0.0000
679 600437.046052 4508976.457041 1 0.0000
680 602448.295755 4500423.386296 1 0.0000
681 595794.362726 4511147.289432 1 0.0000
682 592418.786727 4513130.456626 1 0.0000
683 598744.073345 4503844.335958 1 0.0000
684 599328.577463 4506443.063542 1 0.0000
685 596929.076873 4507783.735571 1 0.0000
686 601360.854044 4507087.834248 1 0.0000
687 596384.135361 4511726.601642 1 0.0000
688 601708.167035 4509989.546502 1 0.0000
689 604308.096475 4513989.907654 1 0.0000
690 589849.454785 4511938.330647 1 0.0000
691 591413.602533 4514937.651641 1 0.0000
692 603178.225447 4514863.232480 1 0.0000
693 588452.484543 4511464.103213 1 0.0000
694 599517.353099 4509940.241326 1 0.0000
695 605824.079359 4508508.385745 1 0.0000
696 590436.551631 4510396.981195 1 0.0000
697 595702.316059 4511523.503171 1 0.0000
698 602448.295755 4500423.386296 1 0.0000
699 591746.160205 4511184.389473 1 0.0000
700 601144.951021 4501686.522780 1 0.0000
701 598685.665297 4506114.257127 1 0.0000
702 600944.253882 4506526.951380 1 0.0000
703 601703.482685 4515433.978420 1 0.0000
704 596380.191585 4511725.032600 1 0.0000
705 600226.855781 4504332.612119 1 0.0000
706 594594.269857 4510187.731314 1 0.0000
707 605370.704038 4503593.548100 1 0.0000
708 593290.664776 4513796.176381 1 0.0000
709 604675.391434 4495312.612906 1 0.0000
710 599217.041325 4514691.043294 1 0.0000
711 595967.077687 4509198.949832 1 0.0000
712 589519.012341 4512697.309467 1 0.0000
713 600234.999180 4507181.691701 1 0.0000
714 596842.875889 4509521.270186 1 0.0000
715 599517.353099 4509940.241326 1 0.0000
716 594263.417790 4506484.195543 1 0.0000
717 595969.441911 4510811.940101 1 0.0000
718 599543.683101 4503899.437056 1 0.0000
719 602448.295755 4500423.386296 1 0.0000
720 598258.024531 4503843.993048 1 0.0000
721 597647.761049 4507826.954488 1 0.0000
722 601388.874249 4506821.203032 1 0.0000
723 608664.140484 4510906.709386 1 0.0000
724 600226.855781 4504332.612119 1 0.0000
725 604250.248170 4501869.712119 1 0.0000
726 601260.908403 4512738.997268 1 0.0000
727 600307.409912 4507245.595306 1 0.0000
728 600590.996088 4515423.440090 1 0.0000
729 593693.243192 4511171.820718 1 0.0000
730 593941.332609 4510258.615148 1 0.0000
731 597261.438153 4510953.112046 1 0.0000
732 594989.577961 4510155.053472 1 0.0000
733 599139.639444 4507488.295093 1 0.0000
734 595902.433816 4510755.410690 1 0.0000
735 598080.013083 4503874.880314 1 0.0000
736 590070.919538 4513309.098353 1 0.0000
737 599632.386465 4514478.189981 1 0.0000
738 594754.020982 4509779.986935 1 0.0000
739 595021.131221 4506551.627560 1 0.0000
740 589775.078359 4511003.786421 1 0.0000
741 607921.473388 4511791.164501 1 0.0000
742 597448.963975 4505853.665324 1 0.0000
743 589765.743450 4510753.191654 1 0.0000
744 605042.351738 4506476.625192 1 0.0000
745 593290.664776 4513796.176381 1 0.0000
746 599194.154699 4512633.189013 1 0.0000
747 599320.322528 4510035.515375 1 0.0000
748 589812.621723 4510998.424817 1 0.0000
749 593478.948386 4510776.274414 1 0.0000
750 590094.187296 4512336.659638 1 0.0000
751 602823.979395 4503461.010982 1 0.0000
752 590181.737988 4510883.783492 1 0.0000
753 593946.234931 4509372.810640 1 0.0000
754 593089.430092 4509845.450319 1 0.0000
755 604998.222800 4504647.680341 1 0.0000
756 590415.406094 4510835.554178 1 0.0000
757 607142.642627 4503309.842493 1 0.0000
758 592927.102855 4506168.224557 1 0.0000
759 597954.490128 4504944.902803 1 0.0000
760 601807.010215 4507997.372039 1 0.0000
761 594889.134294 4507091.638334 1 0.0000
762 594518.772631 4511626.437256 1 0.0000
763 598713.970900 4506036.871469 1 0.0000
764 595626.859739 4510067.534255 1 0.0000
765 601319.106402 4512364.829732 1 0.0000
766 591075.146672 4513511.302703 1 0.0000
767 602465.590170 4505849.441360 1 0.0000
768 603178.225447 4514863.232480 1 0.0000
769 604315.548824 4494394.018716 1 0.0000
770 604791.591764 4511323.735569 1 0.0000
771 601874.540844 4506641.138428 1 0.0000
772 602314.592510 4511034.693768 1 0.0000
773 602448.295755 4500423.386296 1 0.0000
774 600077.467126 4510287.921266 1 0.0000
775 594080.712218 4511747.304412 1 0.0000
776 597638.794896 4511855.161542 1 0.0000
777 603549.425598 4515021.659148 1 0.0000
778 605147.867478 4507086.697389 1 0.0000
779 603388.063223 4510912.212215 1 0.0000
780 602448.295755 4500423.386296 1 0.0000
781 593231.875634 4506459.359096 1 0.0000
782 596929.076873 4507783.735571 1 0.0000
783 599630.564163 4507354.918329 1 0.0000
784 605887.145232 4511510.817050 1 0.0000
785 598461.979098 4505632.669140 1 0.0000
786 589197.083404 4511103.859901 1 0.0000
787 588452.484543 4511464.103213 1 0.0000
788 602465.590170 4505849.441360 1 0.0000
789 603228.593433 4511616.482484 1 0.0000
790 598657.421956 4507767.130741 1 0.0000
791 601782.236262 4503742.334322 1 0.0000
792 599151.919546 4507641.108421 1 0.0000
793 590594.484522 4512369.785028 1 0.0000
794 595865.400111 4510180.563598 1 0.0000
795 605094.459839 4500681.060660 1 0.0000
796 592084.343666 4490999.290622 1 0.0000
797 603939.803155 4507709.567999 1 0.0000
798 603220.239175 4503935.113807 1 0.0000
799 588366.303037 4510790.276762 1 0.0000
800 600443.060348 4502254.328453 1 0.0000
801 598070.630336 4505772.664442 1 0.0000
802 596848.412546 4507748.992173 1 0.0000
803 594538.158680 4511154.929000 1 0.0000
804 606766.169701 4503427.464796 1 0.0000
805 602873.527196 4506234.391666 1 0.0000
806 606271.191482 4495134.145988 1 0.0000
807 599791.264274 4495727.739059 1 0.0000
808 590489.570949 4510691.650821 1 0.0000
809 590794.697772 4509024.282320 1 0.0000
810 594355.111494 4510396.798579 1 0.0000
811 605967.835114 4505968.472905 1 0.0000
812 598113.902159 4501348.102545 1 0.0000
813 602739.954990 4504633.909042 1 0.0000
814 600479.321072 4508849.862544 1 0.0000
815 600546.728946 4510639.138726 1 0.0000
816 605290.876807 4506918.277460 1 0.0000
817 597461.984035 4503475.054435 1 0.0000
818 592502.175979 4510464.076672 1 0.0000
819 601308.601516 4504258.359732 1 0.0000
820 606820.852470 4509235.558645 1 0.0000
821 596979.026643 4510142.956366 1 0.0000
822 606820.852470 4509235.558645 1 0.0000
823 601516.043653 4506247.231471 1 0.0000
824 589480.492655 4511317.047090 1 0.0000
825 598943.688721 4507381.542260 1 0.0000
826 592120.495774 4508898.282871 1 0.0000
827 591653.938798 4506810.742118 1 0.0000
828 603070.837559 4494597.185961 1 0.0000
829 601640.650775 4507083.702241 1 0.0000
830 601729.743515 4513341.929268 1 0.0000
831 598258.024531 4503843.993048 1 0.0000
832 603524.814545 4494362.200668 1 0.0000
833 592463.444652 4505860.961267 1 0.0000
834 595719.577239 4510274.895476 1 0.0000
835 601922.822105 4510675.519273 1 0.0000
836 604280.419234 4511762.842091 1 0.0000
837 604949.404206 4508433.836274 1 0.0000
838 603794.437711 4507495.511761 1 0.0000
839 590799.774142 4512244.745013 1 0.0000
840 590415.406094 4510835.554178 1 0.0000
841 608267.526680 4509766.720905 1 0.0000
842 599638.807939 4514395.984114 1 0.0000
843 596135.739327 4511515.638988 1 0.0000
844 604793.569113 4502221.150199 1 0.0000
845 590756.359322 4513915.707064 1 0.0000
846 603388.063223 4510912.212215 1 0.0000
847 592321.740026 4511323.502614 1 0.0000
848 607427.333785 4511348.844894 1 0.0000
849 599630.564163 4507354.918329 1 0.0000
850 589524.927206 4512525.812385 1 0.0000
851 594234.890200 4511775.571465 1 0.0000
852 601278.218462 4504384.480277 1 0.0000
853 589783.303606 4510789.958925 1 0.0000
854 590308.394790 4513140.850037 1 0.0000
855 594072.777126 4506741.355755 1 0.0000
856 598258.024531 4503843.993048 1 0.0000
857 596002.475559 4512487.448178 1 0.0000
858 603584.946710 4512410.122650 1 0.0000
859 596062.803926 4510427.207441 1 0.0000
860 593437.436295 4509042.173627 1 0.0000
861 607088.149375 4512822.384833 1 0.0000
862 598926.370604 4513348.712528 1 0.0000
863 596631.688079 4502956.407936 1 0.0000
864 595754.463300 4509565.868949 1 0.0000
865 601535.326577 4506885.948770 1 0.0000
866 591039.242222 4510135.374784 1 0.0000
867 592625.718687 4512353.000703 1 0.0000
868 599653.140471 4502821.611363 1 0.0000
869 593180.518345 4512497.364303 1 0.0000
870 603569.754429 4503990.585321 1 0.0000
871 605015.108905 4512007.682471 1 0.0000
872 599457.295171 4510478.029511 1 0.0000
873 591273.980139 4510582.042171 1 0.0000
874 599714.096765 4511905.298078 1 0.0000
875 595705.944767 4511177.974847 1 0.0000
876 599984.249090 4505461.952511 1 0.0000
877 595004.397450 4512547.084804 1 0.0000
878 591696.379524 4512852.843662 1 0.0000
879 598943.105645 4507593.631940 1 0.0000
880 597607.445501 4502902.892223 1 0.0000
881 604970.546924 4510379.851783 1 0.0000
882 602983.877575 4504702.808212 1 0.0000
883 602629.175679 4513864.743306 1 0.0000
884 599563.251700 4505100.320258 1 0.0000
885 594131.189579 4511944.128130 1 0.0000
886 604675.391434 4495312.612906 1 0.0000
887 606715.756773 4503573.168188 1 0.0000
888 599584.378422 4511869.690716 1 0.0000
889 598393.700684 4507322.567941 1 0.0000
890 606222.992143 4503224.129483 1 0.0000
891 597617.920169 4505386.294431 1 0.0000
892 604140.067149 4496486.484936 1 0.0000
893 598340.896318 4504837.456605 1 0.0000
894 592321.740026 4511323.502614 1 0.0000
895 595969.441911 4510811.940101 1 0.0000
896 597330.281637 4505866.028569 1 0.0000
897 592704.040846 4506703.843350 1 0.0000
898 599374.403399 4508442.659538 1 0.0000
899 599554.059747 4512766.190177 1 0.0000
900 604916.782440 4502266.126832 1 0.0000
901 598139.888417 4508632.484518 1 0.0000
902 600479.321072 4508849.862544 1 0.0000
903 598905.078391 4505336.627944 1 0.0000
904 590376.867781 4513924.486495 1 0.0000
905 600630.175476 4506036.979249 1 0.0000
906 596929.076873 4507783.735571 1 0.0000
907 597101.682327 4502304.438048 1 0.0000
908 600546.728946 4510639.138726 1 0.0000
909 601092.764250 4493875.090637 1 0.0000
910 596537.271938 4512247.920398 1 0.0000
911 595022.293990 4513651.345333 1 0.0000
912 595537.379680 4510245.090278 1 0.0000
913 590436.551631 4510396.981195 1 0.0000
914 601360.854044 4507087.834248 1 0.0000
915 598461.979098 4505632.669140 1 0.0000
916 596384.740915 4511726.913733 1 0.0000
917 589775.078359 4511003.786421 1 0.0000
918 597470.795821 4515662.462783 1 0.0000
919 598475.518075 4501652.373511 1 0.0000
920 595284.367065 4512982.388702 1 0.0000
921 601729.743515 4513341.929268 1 0.0000
922 590941.993997 4513670.379897 1 0.0000
923 590799.774142 4512244.745013 1 0.0000
924 594998.246852 4512150.554484 1 0.0000
925 605824.079359 4508508.385745 1 0.0000
926 596627.730852 4502982.874861 1 0.0000
927 592490.734294 4505980.116922 1 0.0000
928 603569.754429 4503990.585321 1 0.0000
929 592593.335886 4514419.944845 1 0.0000
930 600764.222875 4505609.473583 1 0.0000
931 599630.564163 4507354.918329 1 0.0000
932 595804.119620 4511494.798400 1 0.0000
933 591759.153177 4512612.209746 1 0.0000
934 601319.106402 4512364.829732 1 0.0000
935 597684.587262 4508447.206045 1 0.0000
936 606500.749568 4509889.554557 1 0.0000
937 604777.390897 4494406.262420 1 0.0000
938 606827.798448 4501005.168454 1 0.0000
939 602448.295755 4500423.386296 1 0.0000
940 597665.865028 4508994.603679 1 0.0000
941 595348.663026 4510921.891242 1 0.0000
942 601033.087523 4507129.819095 1 0.0000
943 598949.138265 4512499.970998 1 0.0000
944 601208.666682 4507152.232666 1 0.0000
945 602933.279140 4514134.853609 1 0.0000
946 596746.522422 4511427.210121 1 0.0000
947 605290.876807 4506918.277460 1 0.0000
948 604259.771279 4506584.446593 1 0.0000
949 600655.143388 4501482.051053 1 0.0000
950 598398.190966 4506016.520598 1 0.0000
951 596384.135361 4511726.601642 1 0.0000
952 605634.817249 4495732.751725 1 0.0000
953 600196.706005 4510199.990095 1 0.0000
954 595705.944767 4511177.974847 1 0.0000
955 603178.225447 4514863.232480 1 0.0000
956 595469.173688 4512221.130680 1 0.0000
957 599984.249090 4505461.952511 1 0.0000
958 604308.096475 4513989.907654 1 0.0000
959 596597.668452 4503992.420776 1 0.0000
960 590070.919538 4513309.098353 1 0.0000
961 600709.630140 4503360.807085 1 0.0000
962 593966.849270 4513991.555485 1 0.0000
963 587873.172506 4510743.522238 1 0.0000
964 605075.525264 4502671.099457 1 0.0000
965 596785.109264 4509670.237388 1 0.0000
966 592461.614755 4505727.163492 1 0.0000
967 605010.046442 4510149.002399 1 0.0000
968 595007.964373 4510627.905299 1 0.0000
969 602709.002514 4494392.263641 1 0.0000
970 589668.661937 4513015.934567 1 0.0000
971 592099.715617 4512409.480639 1 0.0000
972 589764.026095 4511813.636619 1 0.0000
973 603814.735058 4512516.045039 1 0.0000
974 601640.650775 4507083.702241 1 0.0000
975 604517.984401 4505020.406926 1 0.0000
976 588947.554192 4511394.168779 1 0.0000
977 593117.614723 4511866.458642 1 0.0000
978 604442.834112 4505170.704667 1 0.0000
979 599630.564163 4507354.918329 1 0.0000
980 600234.999180 4507181.691701 1 0.0000
981 602700.733095 4502399.426774 1 0.0000
982 600289.638782 4512932.115274 1 0.0000
983 590246.781043 4513359.859354 1 0.0000
984 589761.578636 4510583.713550 1 0.0000
985 599376.495042 4493258.052275 1 0.0000
986 595343.887495 4507378.384827 1 0.0000
987 594192.526115 4510196.870886 1 0.0000
988 601386.062302 4506827.265611 1 0.0000
989 601782.236262 4503742.334322 1 0.0000
990 607245.336783 4512533.143225 1 0.0000
991 600681.143007 4505974.823198 1 0.0000
992 594355.111494 4510396.798579 1 0.0000
993 592750.670951 4505980.026606 1 0.0000
994 601708.167035 4509989.546502 1 0.0000
995 596572.656967 4507344.519585 1 0.0000
996 600801.782108 4508229.426266 1 0.0000
997 605831.788875 4495507.954799 1 0.0000
998 603009.199395 4507622.802872 1 0.0000
999 592131.662628 4511049.211521 1 0.0000
1000 601572.431812 4506570.661039 1 0.0000
1001 588452.484543 4511464.103213 1 0.0000
1002 606598.664486 4508809.439867 1 0.0000
1003 609028.286435 4511712.635676 1 0.0000
1004 590963.203740 4510738.182728 1 0.0000
1005 599517.353099 4509940.241326 1 0.0000
1006 591873.320663 4508125.107073 1 0.0000
1007 594080.712218 4511747.304412 1 0.0000
1008 604019.171508 4503165.276147 1 0.0000
1009 593431.888373 4511911.785838 1 0.0000
1010 604922.682470 4503517.759460 1 0.0000
1011 591001.195774 4509355.133677 1 0.0000
1012 590415.406094 4510835.554178 1 0.0000
1013 598036.324130 4503670.212004 1 0.0000
1014 592597.762545 4507875.853148 1 0.0000
1015 597480.708418 4509358.790004 1 0.0000
1016 601705.413935 4499860.958463 1 0.0000
1017 599543.683101 4503899.437056 1 0.0000
1018 589373.378098 4512748.368022 1 0.0000
1019 596978.503013 4508608.911402 1 0.0000
1020 606920.182431 4501752.832229 1 0.0000
1021 597647.761049 4507826.954488 1 0.0000
1022 600514.350852 4503865.365658 1 0.0000
1023 597954.490128 4504944.902803 1 0.0000
1024 598744.073345 4503844.335958 1 0.0000
1025 607427.333785 4511348.844894 1 0.0000
1026 602494.698739 4494183.834247 1 0.0000
1027 599637.037516 4493473.404566 1 0.0000
1028 600669.315904 4506452.212097 1 0.0000
1029 595007.964373 4510627.905299 1 0.0000
1030 591923.503303 4511988.160615 1 0.0000
1031 601922.822105 4510675.519273 1 0.0000
1032 589849.454785 4511938.330647 1 0.0000
1033 601247.015182 4514815.641346 1 0.0000
1034 595702.316059 4511523.503171 1 0.0000
1035 596572.656967 4507344.519585 1 0.0000
1036 589438.192378 4512703.092183 1 0.0000
1037 592846.667857 4511923.405726 1 0.0000
1038 595006.786208 4508268.030433 1 0.0000
1039 589699.247459 4511695.272223 1 0.0000
1040 599215.245576 4510351.856471 1 0.0000
1041 588452.484543 4511464.103213 1 0.0000
1042 597520.498802 4513813.882532 1 0.0000
1043 605042.351738 4506476.625192 1 0.0000
1044 596572.656967 4507344.519585 1 0.0000
1045 604949.404206 4508433.836274 1 0.0000
1046 588659.582273 4511661.794179 1 0.0000
1047 589812.621723 4510998.424817 1 0.0000
1048 602823.979395 4503461.010982 1 0.0000
1049 600368.294238 4493589.874518 1 0.0000
1050 598461.979098 4505632.669140 1 0.0000
1051 589557.876036 4511505.947362 1 0.0000
1052 589542.450127 4510291.724408 1 0.0000
1053 596848.412546 4507748.992173 1 0.0000
1054 596346.824547 4505470.880894 1 0.0000
1055 604059.154345 4511202.343027 1 0.0000
1056 588209.833374 4511204.146312 1 0.0000
1057 607088.149375 4512822.384833 1 0.0000
1058 591413.602533 4514937.651641 1 0.0000
1059 600687.314712 4506396.954581 1 0.0000
1060 591962.289639 4512488.973444 1 0.0000
1061 601360.854044 4507087.834248 1 0.0000
1062 593299.198028 4513849.601809 1 0.0000
1063 604019.171508 4503165.276147 1 0.0000
1064 590246.781043 4513359.859354 1 0.0000
1065 599632.386465 4514478.189981 1 0.0000
1066 596842.875889 4509521.270186 1 0.0000
1067 600443.060348 4502254.328453 1 0.0000
1068 601078.555077 4506856.376592 1 0.0000
1069 593940.320702 4510133.357908 1 0.0000
1070 601193.308601 4506868.042004 1 0.0000
1071 602314.592510 4511034.693768 1 0.0000
1072 592035.858602 4508811.080364 1 0.0000
1073 599637.037516 4493473.404566 1 0.0000
1074 596355.818350 4509341.724065 1 0.0000
1075 599440.627421 4511621.216148 1 0.0000
1076 589783.303606 4510789.958925 1 0.0000
1077 599320.322528 4510035.515375 1 0.0000
1078 603724.879616 4513904.339691 1 0.0000
1079 599194.154699 4512633.189013 1 0.0000
1080 598258.024531 4503843.993048 1 0.0000
1081 590094.187296 4512336.659638 1 0.0000
1082 603939.803155 4507709.567999 1 0.0000
1083 590560.378828 4512153.645557 1 0.0000
1084 596627.730852 4502982.874861 1 0.0000
1085 604577.816019 4495075.944487 1 0.0000
1086 597557.134758 4504219.383107 1 0.0000
1087 604777.390897 4494406.262420 1 0.0000
1088 600417.118929 4516401.806811 1 0.0000
1089 599714.096765 4511905.298078 1 0.0000
1090 591625.661117 4506832.055845 1 0.0000
1091 596679.221686 4511316.129751 1 0.0000
1092 596135.739327 4511515.638988 1 0.0000
1093 589027.331340 4512148.677040 1 0.0000
1094 602933.279140 4514134.853609 1 0.0000
1095 590963.203740 4510738.182728 1 0.0000
1096 591696.379524 4512852.843662 1 0.0000
1097 593431.888373 4511911.785838 1 0.0000
1098 605831.788875 4495507.954799 1 0.0000
1099 598835.712574 4511166.976487 1 0.0000
1100 589635.626345 4511555.590372 1 0.0000
1101 601058.888054 4512951.233709 1 0.0000
1102 590661.655348 4510458.662827 1 0.0000
1103 598857.308089 4513927.537557 1 0.0000
1104 598943.688721 4507381.542260 1 0.0000
1105 593941.332609 4510258.615148 1 0.0000
1106 589635.626345 4511555.590372 1 0.0000
1107 596984.169389 4508459.045368 1 0.0000
1108 601154.428096 4500526.935018 1 0.0000
1109 601386.062302 4506827.265611 1 0.0000
1110 593505.184225 4511924.504844 1 0.0000
1111 597136.044533 4511849.437493 1 0.0000
1112 601324.710956 4507854.450728 1 0.0000
1113 596381.526481 4510965.342013 1 0.0000
1114 604597.842320 4513031.744345 1 0.0000
1115 601881.219294 4505651.423569 1 0.0000
1116 591039.242222 4510135.374784 1 0.0000
1117 598278.358897 4503767.065560 1 0.0000
1118 590594.484522 4512369.785028 1 0.0000
1119 599048.783744 4507197.458137 1 0.0000
1120 589812.621723 4510998.424817 1 0.0000
1121 608267.526680 4509766.720905 1 0.0000
1122 593401.865412 4510373.453381 1 0.0000
1123 606766.169701 4503427.464796 1 0.0000
1124 605401.571095 4501331.203578 1 0.0000
1125 597607.445501 4502902.892223 1 0.0000
1126 602873.527196 4506234.391666 1 0.0000
1127 598943.105645 4507593.631940 1 0.0000
1128 594073.750292 4507753.994215 1 0.0000
1129 597461.984035 4503475.054435 1 0.0000
1130 592502.175979 4510464.076672 1 0.0000
1131 600756.414347 4509110.213187 1 0.0000
1132 596979.026643 4510142.956366 1 0.0000
1133 595902.433816 4510755.410690 1 0.0000
1134 604887.081446 4494380.688598 1 0.0000
1135 601641.314158 4505497.241981 1 0.0000
1136 601360.854044 4507087.834248 1 0.0000
1137 603009.199395 4507622.802872 1 0.0000
1138 599637.037516 4493473.404566 1 0.0000
1139 596115.697247 4506689.017898 1 0.0000
1140 597347.920057 4508548.509960 1 0.0000
1141 592396.153065 4514421.659964 1 0.0000
1142 596016.070084 4510808.709225 1 0.0000
1143 602448.295755 4500423.386296 1 0.0000
1144 598275.737908 4502553.336882 1 0.0000
1145 595537.379680 4510245.090278 1 0.0000
1146 589021.456395 4510684.682998 1 0.0000
1147 590489.570949 4510691.650821 1 0.0000
1148 601665.534992 4505430.780250 1 0.0000
1149 598949.138265 4512499.970998 1 0.0000
1150 606733.571922 4508040.279058 1 0.0000
1151 605887.145232 4511510.817050 1 0.0000
1152 601922.822105 4510675.519273 1 0.0000
1153 593180.518345 4512497.364303 1 0.0000
1154 598461.979098 4505632.669140 1 0.0000
1155 599563.251700 4505100.320258 1 0.0000
1156 605634.817249 4495732.751725 1 0.0000
1157 601592.532561 4507617.056617 1 0.0000
1158 593478.948386 4510776.274414 1 0.0000
1159 605015.108905 4512007.682471 1 0.0000
1160 590756.359322 4513915.707064 1 0.0000
1161 595724.400539 4512260.300501 1 0.0000
1162 601592.532561 4507617.056617 1 0.0000
1163 598070.630336 4505772.664442 1 0.0000
1164 604998.222800 4504647.680341 1 0.0000
1165 595004.397450 4512547.084804 1 0.0000
1166 603388.063223 4510912.212215 1 0.0000
1167 593154.769142 4505656.426728 1 0.0000
1168 590132.888359 4511105.985242 1 0.0000
1169 606565.501654 4513787.351675 1 0.0000
1170 592099.715617 4512409.480639 1 0.0000
1171 593428.568115 4509285.859417 1 0.0000
1172 602117.453848 4513388.397906 1 0.0000
1173 603388.063223 4510912.212215 1 0.0000
1174 596619.947926 4505088.497570 1 0.0000
1175 602739.954990 4504633.909042 1 0.0000
1176 591075.146672 4513511.302703 1 0.0000
1177 600307.409912 4507245.595306 1 0.0000
1178 599630.564163 4507354.918329 1 0.0000
1179 590941.993997 4513670.379897 1 0.0000
1180 605381.942229 4506011.184035 1 0.0000
1181 595069.689449 4512085.240548 1 0.0000
1182 604288.262807 4508956.872171 1 0.0000
1183 590070.919538 4513309.098353 1 0.0000
1184 602448.295755 4500423.386296 1 0.0000
1185 605094.459839 4500681.060660 1 0.0000
1186 596747.237945 4510587.975621 1 0.0000
1187 594614.737211 4512538.686250 1 0.0000
1188 602312.257875 4503332.693669 1 0.0000
1189 600378.608944 4506585.124799 1 0.0000
1190 590860.127170 4511066.119368 1 0.0000
1191 597665.865028 4508994.603679 1 0.0000
1192 592410.971929 4514221.419272 0 1.0000
1193 598822.804527 4505756.951585 0 1.0000
1194 598688.216890 4505693.461961 0 1.0000
1195 592706.406058 4514619.160701 0 1.0000
1196 592937.597027 4514493.671897 0 1.0000
1197 598429.533838 4505526.438146 0 1.0000
1198 598549.175746 4505641.035917 0 1.0000
1199 598275.579279 4505452.759757 0 1.0000
1200 598155.731584 4505339.264123 0 1.0000
1201 597937.891928 4505479.787692 0 1.0000
1202 597957.103705 4505252.187799 0 1.0000
1203 598063.169372 4505778.085851 0 1.0000
1204 597919.034827 4506044.695552 0 1.0000
1205 598117.303774 4506312.484734 0 1.0000
1206 598225.192053 4506019.815933 0 1.0000
1207 598503.400353 4506352.566086 0 1.0000
1208 598446.211732 4506176.670179 0 1.0000
1209 598555.433050 4506738.565832 0 1.0000
1210 598391.710403 4506721.300520 0 1.0000
1211 598258.659292 4506739.018392 0 1.0000
1212 592918.679429 4513881.614804 0 1.0000
1213 598809.348029 4506880.725167 0 1.0000
1214 599017.479708 4506834.441648 0 1.0000
1215 592419.082422 4513688.028010 0 1.0000
1216 599329.361637 4506750.362006 0 1.0000
1217 599002.321215 4507131.298598 0 1.0000
1218 599017.250182 4506453.598962 0 1.0000
1219 591960.539577 4513588.644516 0 1.0000
1220 599323.273212 4506127.482261 0 1.0000
1221 601209.714050 4507356.841544 0 1.0000
1222 600976.528012 4507399.713010 0 1.0000
1223 601003.425362 4507615.010241 0 1.0000
1224 600907.484335 4507813.679718 0 1.0000
1225 601395.612313 4507767.016185 0 1.0000
1226 601732.831821 4507351.550476 0 1.0000
1227 595868.271645 4510098.946233 0 1.0000
1228 606376.308021 4501592.708849 0 1.0000
1229 605663.692474 4500882.504477 0 1.0000
1230 595536.093210 4510291.033869 0 1.0000
1231 595256.966757 4510206.981524 0 1.0000
1232 602121.726184 4507850.521776 0 1.0000
1233 595339.917699 4510533.909322 0 1.0000
1234 595372.733778 4510419.803631 0 1.0000
1235 601960.424080 4507247.863287 0 1.0000
1236 601798.745916 4507018.218722 0 1.0000
1237 595298.290719 4510699.193590 0 1.0000
1238 602384.385531 4507261.215235 0 1.0000
1239 602555.974056 4507312.330013 0 1.0000
1240 595364.573527 4510918.752781 0 1.0000
1241 595173.524265 4511040.191745 0 1.0000
1242 602449.066962 4508038.724060 0 1.0000
1243 595434.915475 4511326.885827 0 1.0000
1244 600987.930188 4502693.502240 0 1.0000
1245 601210.661667 4502871.228891 0 1.0000
1246 601001.548614 4503099.230168 0 1.0000
1247 600565.391376 4502975.309220 0 1.0000
1248 600637.194774 4502597.013498 0 1.0000
1249 600780.936194 4503042.603216 0 1.0000
1250 599673.082258 4511284.141618 0 1.0000
1251 599474.631529 4510874.642553 0 1.0000
1252 599596.622534 4502894.970641 0 1.0000
1253 599877.605963 4502779.046479 0 1.0000
1254 599308.121964 4502932.830727 0 1.0000
1255 600203.268794 4502733.243864 0 1.0000
1256 599975.408190 4503328.500138 0 1.0000
1257 599919.966265 4503114.778388 0 1.0000
1258 599500.073803 4503425.315966 0 1.0000
1259 599452.910067 4503218.799302 0 1.0000
1260 600380.411057 4503153.833040 0 1.0000
1261 599394.959716 4511892.174938 0 1.0000
1262 599328.582295 4502532.619257 0 1.0000
1263 599862.750293 4502461.987672 0 1.0000
1264 600026.409623 4502258.088896 0 1.0000
1265 598968.139806 4512643.981400 0 1.0000
1266 599249.663315 4512859.084305 0 1.0000
1267 599376.960351 4512782.998509 0 1.0000
1268 599169.583492 4512408.976923 0 1.0000
1269 599530.641616 4512080.035580 0 1.0000
1270 599494.793748 4512358.809622 0 1.0000
1271 599578.015145 4512266.716050 0 1.0000
1272 601847.411971 4510620.521504 0 1.0000
1273 603080.163966 4512299.094545 0 1.0000
1274 605875.130974 4513719.864980 0 1.0000
1275 607479.523480 4513551.760537 0 1.0000
1276 607014.063363 4514036.189878 0 1.0000
1277 609339.705632 4511278.110886 0 1.0000
1278 609376.484740 4511068.641313 0 1.0000
1279 609421.928261 4510852.255985 0 1.0000
1280 609461.366213 4510632.117215 0 1.0000
1281 609327.418985 4511751.283042 0 1.0000
1282 589973.854937 4510456.482830 0 1.0000
1283 602185.033594 4506118.226136 0 1.0000
1284 602130.232459 4506809.123331 0 1.0000
1285 607902.545943 4509371.066068 0 1.0000
1286 598017.106692 4508389.336242 0 1.0000
1287 589119.642964 4512190.974357 0 1.0000
1288 589255.511309 4512101.600959 0 1.0000
1289 589154.991945 4511961.736335 0 1.0000
1290 589013.722407 4512048.766695 0 1.0000
1291 588905.850332 4512063.213867 0 1.0000
1292 589531.570807 4511708.804200 0 1.0000
1293 589562.684089 4511894.220386 0 1.0000
1294 589617.465494 4512139.417275 0 1.0000
1295 597369.347584 4502412.198547 0 1.0000
1296 597529.134680 4502421.980045 0 1.0000
1297 599271.819282 4506355.111386 0 1.0000
1298 599839.947538 4506237.366253 0 1.0000
1299 599584.222754 4505856.187019 0 1.0000
1300 591970.192943 4513308.065403 0 1.0000
1301 591804.558156 4513432.039339 0 1.0000
1302 598972.832660 4505957.136324 0 1.0000
1303 592275.402411 4513125.185306 0 1.0000
1304 592105.453857 4513226.034073 0 1.0000
1305 591731.554742 4513142.105324 0 1.0000
1306 591935.366910 4513019.422080 0 1.0000
1307 592139.799348 4512897.394175 0 1.0000
1308 599493.215563 4505514.962232 0 1.0000
1309 591701.662091 4512854.748043 0 1.0000
1310 591558.663521 4512918.916261 0 1.0000
1311 599852.017011 4505489.556405 0 1.0000
1312 599369.765260 4505302.121329 0 1.0000
1313 592034.056312 4512643.971470 0 1.0000
1314 591863.764974 4512745.963670 0 1.0000
1315 600238.228333 4505278.304318 0 1.0000
1316 600216.415395 4505583.815975 0 1.0000
1317 591765.566060 4512430.289653 0 1.0000
1318 591595.701511 4512532.106036 0 1.0000
1319 599421.429608 4505168.009839 0 1.0000
1320 599904.614309 4505357.301117 0 1.0000
1321 591299.252829 4512731.125667 0 1.0000
1322 591426.119980 4512634.284014 0 1.0000
1323 588631.281605 4510794.060111 0 1.0000
1324 595743.424617 4505289.625441 0 1.0000
1325 595309.669830 4511238.901370 0 1.0000
1326 602597.712747 4507768.998226 0 1.0000
1327 595072.271890 4511194.988744 0 1.0000
1328 595144.472645 4511351.069157 0 1.0000
1329 602878.167434 4507227.048491 0 1.0000
1330 602833.973378 4507487.118790 0 1.0000
1331 594685.191857 4510875.688626 0 1.0000
1332 594588.206100 4510739.199028 0 1.0000
1333 594836.438921 4511153.519226 0 1.0000
1334 594941.949530 4511342.205893 0 1.0000
1335 603209.000945 4507563.910556 0 1.0000
1336 603339.230501 4507314.715728 0 1.0000
1337 594819.667114 4510698.584673 0 1.0000
1338 594886.627235 4510520.740873 0 1.0000
1339 603239.716492 4508237.261626 0 1.0000
1340 602973.935070 4508079.876724 0 1.0000
1341 595035.663370 4510227.335969 0 1.0000
1342 594951.632938 4509913.363297 0 1.0000
1343 594959.074528 4509708.570250 0 1.0000
1344 603880.485484 4508815.354718 0 1.0000
1345 603605.159476 4508449.827241 0 1.0000
1346 603950.354891 4508285.353438 0 1.0000
1347 599803.426490 4512339.355121 0 1.0000
1348 604868.890778 4509641.811471 0 1.0000
1349 605232.609710 4509482.066952 0 1.0000
1350 604922.203594 4509844.475141 0 1.0000
1351 606446.174913 4510217.048572 0 1.0000
1352 606112.018286 4509817.609659 0 1.0000
1353 606438.763790 4509631.565374 0 1.0000
1354 606592.196274 4509973.224081 0 1.0000
1355 603446.709468 4509952.479886 0 1.0000
1356 603367.221009 4509703.419475 0 1.0000
1357 602678.249411 4509480.271188 0 1.0000
1358 602811.906593 4509747.357592 0 1.0000
1359 602176.995668 4509339.342620 0 1.0000
1360 601894.593313 4510256.458400 0 1.0000
1361 602241.329685 4510210.980382 0 1.0000
1362 602035.086307 4509799.444118 0 1.0000
1363 603337.086646 4510608.655358 0 1.0000
1364 602497.056908 4510153.209820 0 1.0000
1365 604521.249331 4510888.726670 0 1.0000
1366 604841.782003 4511368.834972 0 1.0000
1367 604970.598530 4511000.141807 0 1.0000
1368 604581.587338 4510710.232094 0 1.0000
1369 605509.647882 4511327.787153 0 1.0000
1370 605211.889124 4511568.456794 0 1.0000
1371 605184.083949 4512074.546059 0 1.0000
1372 596613.051099 4503009.186397 0 1.0000
1373 597121.424426 4502755.322911 0 1.0000
1374 596881.400977 4502560.399199 0 1.0000
1375 596917.442613 4502389.205306 0 1.0000
1376 596952.223680 4502211.102949 0 1.0000
1377 596899.553664 4501998.722676 0 1.0000
1378 596625.863537 4501571.987700 0 1.0000
1379 591325.257747 4513656.956745 0 1.0000
1380 591458.266745 4513608.973958 0 1.0000
1381 591533.395321 4513580.484395 0 1.0000
1382 591103.483133 4513944.635150 0 1.0000
1383 590586.710152 4513138.220045 0 1.0000
1384 590679.409044 4513085.001411 0 1.0000
1385 589788.626772 4514120.683333 0 1.0000
1386 589924.394766 4514231.851089 0 1.0000
1387 590581.973627 4514337.455812 0 1.0000
1388 591603.446125 4513830.246489 0 1.0000
1389 591348.216459 4514005.488673 0 1.0000
1390 598555.154595 4506483.190378 0 1.0000
1391 592321.656653 4513447.300956 0 1.0000
1392 600525.468798 4504932.468944 0 1.0000
1393 592004.541801 4512280.243761 0 1.0000
1394 600240.348828 4504095.218522 0 1.0000
1395 590825.904392 4510333.557507 0 1.0000
1396 590815.371659 4510544.085479 0 1.0000
1397 601241.663096 4504634.400914 0 1.0000
1398 588410.652893 4510740.024028 0 1.0000
1399 588442.749666 4511143.489689 0 1.0000
1400 588713.965521 4511118.716271 0 1.0000
1401 596594.123000 4504723.556584 0 1.0000
1402 595979.018272 4505047.981623 0 1.0000
1403 596003.068295 4504831.135700 0 1.0000
1404 595870.753789 4504453.861610 0 1.0000
1405 596180.278005 4504590.849783 0 1.0000
1406 596041.925047 4504511.605196 0 1.0000
1407 601859.751708 4507994.721992 0 1.0000
1408 595892.336935 4505401.829851 0 1.0000
1409 595749.193253 4504876.714586 0 1.0000
1410 596368.981713 4504637.612013 0 1.0000
1411 596376.571584 4505155.825650 0 1.0000
1412 596387.508951 4504971.615444 0 1.0000
1413 596084.744971 4505403.404951 0 1.0000
1414 596425.172437 4505481.384548 0 1.0000
1415 596262.500596 4505456.532675 0 1.0000
1416 596697.183626 4505698.018063 0 1.0000
1417 596627.071553 4505439.369287 0 1.0000
1418 596839.658809 4505485.929096 0 1.0000
1419 596701.120497 4505132.131390 0 1.0000
1420 596806.321479 4504802.830090 0 1.0000
1421 596960.412023 4505160.452616 0 1.0000
1422 597036.605070 4504861.360177 0 1.0000
1423 604461.922269 4508574.599767 0 1.0000
1424 604518.779958 4508273.185136 0 1.0000
1425 594559.478318 4509802.286450 0 1.0000
1426 594174.256568 4510009.403304 0 1.0000
1427 603577.218359 4507699.242151 0 1.0000
1428 603736.046983 4507474.074015 0 1.0000
1429 594106.403309 4510735.740824 0 1.0000
1430 593981.268488 4510761.512215 0 1.0000
1431 604063.521765 4507832.245176 0 1.0000
1432 593320.401151 4510645.626586 0 1.0000
1433 593746.496929 4510721.882375 0 1.0000
1434 604847.083735 4508008.070462 0 1.0000
1435 604994.357440 4507814.151969 0 1.0000
1436 604605.653225 4508110.039556 0 1.0000
1437 604554.466000 4507807.315418 0 1.0000
1438 594302.844924 4510420.555641 0 1.0000
1439 594576.893384 4510383.338259 0 1.0000
1440 593516.080075 4510210.152141 0 1.0000
1441 593671.229382 4509954.191578 0 1.0000
1442 604670.681493 4508929.976553 0 1.0000
1443 604928.496626 4508648.392620 0 1.0000
1444 605107.731898 4508500.244513 0 1.0000
1445 593323.004666 4509520.186357 0 1.0000
1446 593416.962957 4509747.523244 0 1.0000
1447 593680.586251 4509093.592377 0 1.0000
1448 604975.715087 4512492.896175 0 1.0000
1449 604554.814180 4511601.802947 0 1.0000
1450 603996.866806 4511601.114645 0 1.0000
1451 603738.054366 4511454.588850 0 1.0000
1452 603424.853231 4511342.704370 0 1.0000
1453 602640.118049 4511078.469305 0 1.0000
1454 603043.740764 4511239.460730 0 1.0000
1455 602882.530376 4511687.709086 0 1.0000
1456 602290.961254 4512255.604237 0 1.0000
1457 602603.813260 4511900.612600 0 1.0000
1458 602544.823558 4511560.869297 0 1.0000
1459 603815.796335 4512153.462193 0 1.0000
1460 603809.671191 4511947.699763 0 1.0000
1461 604433.327475 4512427.088030 0 1.0000
1462 604420.891669 4512151.878683 0 1.0000
1463 604168.699225 4512462.964303 0 1.0000
1464 599842.080575 4493319.836426 0 1.0000
1465 600999.793012 4494067.311330 0 1.0000
1466 600582.915361 4493513.369116 0 1.0000
1467 600603.080097 4493372.968113 0 1.0000
1468 598677.216157 4515540.118494 0 1.0000
1469 598617.718401 4516173.739609 0 1.0000
1470 590050.242440 4509761.204070 0 1.0000
1471 591013.356686 4509326.053855 0 1.0000
1472 591223.371519 4509768.468540 0 1.0000
1473 599791.865238 4506585.506319 0 1.0000
1474 599400.776512 4507802.632173 0 1.0000
1475 600741.556026 4506667.932345 0 1.0000
1476 600498.578132 4506575.949777 0 1.0000
1477 592728.536090 4510475.292265 0 1.0000
1478 592282.904331 4510214.451084 0 1.0000
1479 591968.924356 4511071.124721 0 1.0000
1480 591539.321272 4510865.641370 0 1.0000
1481 591567.358361 4511062.589698 0 1.0000
1482 591733.450216 4510886.074762 0 1.0000
1483 594398.334278 4511178.262559 0 1.0000
1484 594432.480876 4511251.525900 0 1.0000
1485 594529.914832 4511329.274120 0 1.0000
1486 594508.707961 4510841.319439 0 1.0000
1487 602755.230292 4504525.749237 0 1.0000
1488 603576.201525 4502794.876467 0 1.0000
1489 603247.718279 4502712.867548 0 1.0000
1490 593156.483533 4512408.154831 0 1.0000
1491 593287.749444 4512220.312059 0 1.0000
1492 593026.867766 4512183.303947 0 1.0000
1493 593563.924146 4513174.700588 0 1.0000
1494 593704.745984 4512907.967069 0 1.0000
1495 594065.966795 4513163.698663 0 1.0000
1496 589059.136610 4511390.441974 0 1.0000
1497 597206.874861 4505136.441406 0 1.0000
1498 597144.292007 4505719.780707 0 1.0000
1499 597076.049616 4505561.090504 0 1.0000
1500 597546.063300 4505851.899614 0 1.0000
1501 597381.714862 4505740.389288 0 1.0000
1502 588986.657476 4512285.487140 0 1.0000
1503 597720.024376 4505660.905609 0 1.0000
1504 597759.815447 4505899.513887 0 1.0000
1505 597580.661124 4505374.210389 0 1.0000
1506 597719.988042 4505096.361917 0 1.0000
1507 597395.426505 4505173.549276 0 1.0000
1508 590070.772890 4511849.684388 0 1.0000
1509 589862.630134 4512001.617651 0 1.0000
1510 597445.884580 4504692.039202 0 1.0000
1511 596054.422029 4504225.456176 0 1.0000
1512 596721.674213 4504484.582617 0 1.0000
1513 596246.334865 4504144.004765 0 1.0000
1514 596846.803868 4504378.445174 0 1.0000
1515 597570.697728 4504478.020822 0 1.0000
1516 597158.342090 4504317.949813 0 1.0000
1517 589388.235443 4512965.610952 0 1.0000
1518 597719.913810 4504303.038133 0 1.0000
1519 597360.541352 4504179.240336 0 1.0000
1520 597774.075241 4504049.895941 0 1.0000
1521 593423.578825 4509213.377844 0 1.0000
1522 593696.493169 4508860.638348 0 1.0000
1523 605345.773728 4508059.709517 0 1.0000
1524 605210.020890 4508231.602182 0 1.0000
1525 605423.916625 4507889.634748 0 1.0000
1526 593641.151742 4509465.414125 0 1.0000
1527 593746.589752 4509652.586158 0 1.0000
1528 594283.781263 4509384.289246 0 1.0000
1529 594020.485164 4509656.168824 0 1.0000
1530 604667.396448 4507574.469331 0 1.0000
1531 604091.208195 4507433.949169 0 1.0000
1532 604330.813740 4507166.944059 0 1.0000
1533 604802.127948 4507327.187778 0 1.0000
1534 604345.232205 4506873.076606 0 1.0000
1535 604417.536419 4506646.733914 0 1.0000
1536 595024.045769 4509292.261034 0 1.0000
1537 604787.489728 4506740.828175 0 1.0000
1538 604758.071379 4507017.062909 0 1.0000
1539 592919.114812 4506791.844380 0 1.0000
1540 592356.315829 4506840.361344 0 1.0000
1541 592527.048683 4506606.595500 0 1.0000
1542 592591.758305 4506748.397201 0 1.0000
1543 606699.574786 4506362.735893 0 1.0000
1544 592205.619474 4506805.715741 0 1.0000
1545 592068.460779 4506853.930507 0 1.0000
1546 592149.325259 4507092.391451 0 1.0000
1547 591941.995178 4506949.723135 0 1.0000
1548 597887.428083 4515513.489382 0 1.0000
1549 597583.371361 4515718.463331 0 1.0000
1550 602176.340601 4493938.914288 0 1.0000
1551 599351.964105 4516688.471683 0 1.0000
1552 599673.277030 4516155.995911 0 1.0000
1553 599805.430847 4516904.470558 0 1.0000
1554 600001.973874 4516238.253550 0 1.0000
1555 600571.460114 4516625.532039 0 1.0000
1556 600418.372031 4516087.663128 0 1.0000
1557 600986.600300 4516296.756966 0 1.0000
1558 601402.459584 4516604.830984 0 1.0000
1559 601381.141648 4516436.902646 0 1.0000
1560 601611.610661 4516042.418411 0 1.0000
1561 601070.498897 4515872.426789 0 1.0000
1562 604533.668614 4494828.874247 0 1.0000
1563 604224.082502 4494426.919688 0 1.0000
1564 602128.377647 4515312.223273 0 1.0000
1565 602129.794300 4514606.371015 0 1.0000
1566 605794.981335 4495367.171571 0 1.0000
1567 601634.904661 4514832.113394 0 1.0000
1568 601649.231093 4514468.186840 0 1.0000
1569 601195.829933 4514667.108539 0 1.0000
1570 600778.188535 4515185.705737 0 1.0000
1571 603830.121536 4503583.812228 0 1.0000
1572 604057.841099 4503392.291053 0 1.0000
1573 603701.611261 4503269.676385 0 1.0000
1574 603406.326700 4503601.373189 0 1.0000
1575 594785.577083 4513141.524000 0 1.0000
1576 596339.721752 4512678.213354 0 1.0000
1577 597867.045146 4510598.262948 0 1.0000
1578 596753.346823 4511791.592687 0 1.0000
1579 596741.622058 4512033.311993 0 1.0000
1580 596297.283810 4511470.116850 0 1.0000
1581 595814.663467 4511499.767882 0 1.0000
1582 595901.389270 4511330.430295 0 1.0000
1583 595628.950992 4511500.866546 0 1.0000
1584 595769.379539 4511251.201448 0 1.0000
1585 603713.072403 4505650.168267 0 1.0000
1586 603456.498798 4505526.449598 0 1.0000
1587 597057.061655 4510534.500096 0 1.0000
1588 596964.767472 4510359.079871 0 1.0000
1589 596463.567090 4510198.397541 0 1.0000
1590 596653.630338 4510446.990174 0 1.0000
1591 596570.916617 4510321.438867 0 1.0000
1592 593251.264547 4511777.003732 0 1.0000
1593 593372.263921 4511578.452838 0 1.0000
1594 592903.772681 4511800.138871 0 1.0000
1595 592257.789252 4512124.474126 0 1.0000
1596 592337.697163 4512498.778661 0 1.0000
1597 592662.308994 4512213.702579 0 1.0000
1598 592555.165227 4512768.310170 0 1.0000
1599 593153.041370 4512604.983208 0 1.0000
1600 593215.435907 4512829.443101 0 1.0000
1601 593573.369888 4513531.263474 0 1.0000
1602 593114.445428 4513653.850595 0 1.0000
1603 593535.064512 4513781.111414 0 1.0000
1604 593438.703681 4514219.099275 0 1.0000
1605 604541.197530 4502352.322384 0 1.0000
1606 604590.370404 4501937.299182 0 1.0000
1607 604177.178228 4501991.079884 0 1.0000
1608 604300.268128 4501546.709047 0 1.0000
1609 594062.548694 4512657.925066 0 1.0000
1610 594109.855671 4512344.288556 0 1.0000
1611 605201.155011 4502752.159556 0 1.0000
1612 605149.598655 4503248.376435 0 1.0000
1613 594527.990674 4513253.132366 0 1.0000
1614 594300.056786 4513209.843165 0 1.0000
1615 604481.247738 4502743.587409 0 1.0000
1616 607375.351116 4506342.381954 0 1.0000
1617 592725.378582 4507075.125686 0 1.0000
1618 592648.652508 4507291.977954 0 1.0000
1619 607144.063978 4505950.740733 0 1.0000
1620 607236.446902 4506147.465780 0 1.0000
1621 592394.363683 4507298.111142 0 1.0000
1622 592150.408259 4507373.190958 0 1.0000
1623 592218.178020 4507790.870105 0 1.0000
1624 592082.816096 4507628.096794 0 1.0000
1625 606625.844555 4505934.078054 0 1.0000
1626 606322.051190 4506061.648557 0 1.0000
1627 606478.363881 4505991.360338 0 1.0000
1628 592567.738679 4507904.543198 0 1.0000
1629 592918.845419 4508004.602751 0 1.0000
1630 607021.647639 4505679.300821 0 1.0000
1631 592557.844900 4507669.983168 0 1.0000
1632 592861.666836 4507780.968278 0 1.0000
1633 592995.303356 4507584.081833 0 1.0000
1634 606891.559703 4505405.869705 0 1.0000
1635 606824.972754 4505224.268724 0 1.0000
1636 593415.409279 4507960.020584 0 1.0000
1637 606347.094318 4505507.353115 0 1.0000
1638 606188.731850 4505124.691314 0 1.0000
1639 606790.056098 4505022.530636 0 1.0000
1640 606701.925356 4504835.024905 0 1.0000
1641 600573.756625 4515556.441875 0 1.0000
1642 608538.429174 4512530.984693 0 1.0000
1643 609063.195589 4512049.092056 0 1.0000
1644 600748.702468 4514728.683309 0 1.0000
1645 600249.963903 4514734.539791 0 1.0000
1646 600313.199566 4515217.191452 0 1.0000
1647 600431.683698 4514953.452164 0 1.0000
1648 599857.678472 4515198.420397 0 1.0000
1649 599529.949875 4515301.233242 0 1.0000
1650 599386.352039 4515651.861642 0 1.0000
1651 599784.925819 4514285.353353 0 1.0000
1652 599315.480204 4514172.927691 0 1.0000
1653 599176.789678 4514418.446612 0 1.0000
1654 599425.554401 4514668.735403 0 1.0000
1655 599794.937737 4514753.910449 0 1.0000
1656 600226.728944 4514283.186592 0 1.0000
1657 600469.795062 4514500.664928 0 1.0000
1658 599659.445541 4495462.111546 0 1.0000
1659 603209.108214 4514093.364124 0 1.0000
1660 603416.721091 4513927.531479 0 1.0000
1661 602873.456050 4513855.358586 0 1.0000
1662 602480.107823 4513530.642485 0 1.0000
1663 602925.893793 4506572.927989 0 1.0000
1664 596241.764080 4510682.929206 0 1.0000
1665 596365.357713 4510505.104498 0 1.0000
1666 595841.318338 4510668.352696 0 1.0000
1667 595922.146459 4510489.391421 0 1.0000
1668 595970.022893 4510313.836587 0 1.0000
1669 603065.149269 4506780.792248 0 1.0000
1670 601662.353971 4506741.066302 0 1.0000
1671 601671.079945 4507702.623515 0 1.0000
1672 596017.303224 4510158.886464 0 1.0000
1673 596185.014713 4510228.675618 0 1.0000
1674 596242.021030 4510089.844344 0 1.0000
1675 596072.057141 4510023.740468 0 1.0000
1676 595921.070704 4509966.817967 0 1.0000
1677 602056.919968 4507039.258557 0 1.0000
1678 602217.094907 4507203.024366 0 1.0000
1679 602681.992937 4507617.714205 0 1.0000
1680 594996.050768 4511061.348106 0 1.0000
1681 594880.346976 4510897.230127 0 1.0000
1682 594765.046494 4511015.096410 0 1.0000
1683 603172.287990 4507786.950231 0 1.0000
1684 594838.699901 4510150.667662 0 1.0000
1685 594923.508370 4510349.078076 0 1.0000
1686 594203.608830 4510708.774929 0 1.0000
1687 594307.475847 4510751.454059 0 1.0000
1688 593937.621576 4510515.656494 0 1.0000
1689 598628.566018 4501532.717670 0 1.0000
1690 597596.130459 4492315.438455 0 1.0000
1691 597479.774069 4516149.431908 0 1.0000
1692 604804.308237 4503045.064015 0 1.0000
1693 604794.793704 4502719.805265 0 1.0000
1694 604130.348456 4502854.571250 0 1.0000
1695 603876.813058 4502826.569180 0 1.0000
1696 604204.781855 4503778.649783 0 1.0000
1697 604050.435849 4504129.440011 0 1.0000
1698 603576.200440 4503817.513715 0 1.0000
1699 594297.600800 4512693.190206 0 1.0000
1700 594344.904955 4512379.879641 0 1.0000
1701 594471.924315 4512600.076300 0 1.0000
1702 594571.639102 4512734.798558 0 1.0000
1703 594618.872066 4512421.336285 0 1.0000
1704 594569.227396 4513660.451735 0 1.0000
1705 594777.955384 4512500.997488 0 1.0000
1706 594711.016200 4512769.804218 0 1.0000
1707 594869.485644 4512619.269423 0 1.0000
1708 604765.956263 4503721.937908 0 1.0000
1709 605184.895493 4504091.477889 0 1.0000
1710 595033.169743 4512811.841820 0 1.0000
1711 595030.255914 4512519.471673 0 1.0000
1712 591175.095479 4511117.554376 0 1.0000
1713 602086.970181 4503397.873638 0 1.0000
1714 601876.063409 4503921.344586 0 1.0000
1715 601901.743473 4503690.219427 0 1.0000
1716 601503.294622 4503917.902033 0 1.0000
1717 591016.992629 4510013.527386 0 1.0000
1718 590836.900758 4510110.984336 0 1.0000
1719 607357.212977 4504690.331872 0 1.0000
1720 607111.850653 4503935.939069 0 1.0000
1721 607218.321735 4504416.810284 0 1.0000
1722 607138.632623 4504205.560211 0 1.0000
1723 607273.727961 4503540.701374 0 1.0000
1724 607529.352513 4503976.864178 0 1.0000
1725 606700.549891 4503642.598833 0 1.0000
1726 606936.756584 4503685.089154 0 1.0000
1727 594921.236513 4507038.562039 0 1.0000
1728 606664.001830 4504118.534229 0 1.0000
1729 605027.046712 4496013.433996 0 1.0000
1730 595161.516874 4507415.673920 0 1.0000
1731 606253.106652 4495805.365226 0 1.0000
1732 605779.705608 4496047.454441 0 1.0000
1733 594838.968403 4506561.116964 0 1.0000
1734 594689.473429 4506532.414299 0 1.0000
1735 606299.140199 4504639.897177 0 1.0000
1736 594353.495334 4506646.409400 0 1.0000
1737 594459.559780 4506402.637561 0 1.0000
1738 605735.769823 4504417.707609 0 1.0000
1739 605606.352964 4504095.698593 0 1.0000
1740 594033.622186 4506571.069267 0 1.0000
1741 594121.599623 4506327.960479 0 1.0000
1742 594320.915714 4506161.934395 0 1.0000
1743 594680.697333 4506209.721923 0 1.0000
1744 593989.734986 4506104.906465 0 1.0000
1745 602184.105324 4513716.201265 0 1.0000
1746 602518.108181 4513843.776739 0 1.0000
1747 604225.766463 4513406.932499 0 1.0000
1748 604513.633009 4513720.571035 0 1.0000
1749 604128.503633 4513712.647780 0 1.0000
1750 603721.511342 4513670.178264 0 1.0000
1751 603690.869556 4513419.954350 0 1.0000
1752 603065.962938 4513444.339259 0 1.0000
1753 603329.022227 4513562.493855 0 1.0000
1754 602603.154280 4513410.647312 0 1.0000
1755 602753.249116 4513233.727285 0 1.0000
1756 602182.226828 4513026.519387 0 1.0000
1757 602105.740501 4513201.266194 0 1.0000
1758 601973.271207 4513538.943946 0 1.0000
1759 601536.404626 4514035.331175 0 1.0000
1760 601573.704622 4513575.485137 0 1.0000
1761 601100.443983 4513618.055729 0 1.0000
1762 601131.268835 4513942.093000 0 1.0000
1763 600631.015486 4513751.681380 0 1.0000
1764 600274.010085 4513319.522738 0 1.0000
1765 600282.956270 4513796.569473 0 1.0000
1766 600004.813993 4513283.135628 0 1.0000
1767 599992.843908 4513843.804327 0 1.0000
1768 599996.065493 4513497.445918 0 1.0000
1769 599538.400183 4513534.037557 0 1.0000
1770 599478.814331 4513877.883221 0 1.0000
1771 599569.585542 4513705.105633 0 1.0000
1772 601500.175199 4494752.529192 0 1.0000
1773 601714.230376 4494259.993404 0 1.0000
1774 601581.021868 4493934.998277 0 1.0000
1775 599509.996234 4516440.192209 0 1.0000
1776 601881.614291 4514995.806459 0 1.0000
1777 604896.630425 4494984.846192 0 1.0000
1778 604958.848497 4494755.989920 0 1.0000
1779 604268.080500 4496063.678435 0 1.0000
1780 605277.207466 4495454.348803 0 1.0000
1781 604931.670889 4495439.739019 0 1.0000
1782 604573.323173 4495342.036280 0 1.0000
1783 605636.051442 4494925.037975 0 1.0000
1784 605879.910992 4494560.970076 0 1.0000
1785 601232.056001 4514967.019022 0 1.0000
1786 601501.284525 4515513.445836 0 1.0000
1787 605584.399950 4496138.016382 0 1.0000
1788 599874.659461 4515707.200982 0 1.0000
1789 600677.992162 4514229.970609 0 1.0000
1790 601144.843298 4514316.327133 0 1.0000
1791 601976.292417 4514195.987609 0 1.0000
1792 602098.508943 4513955.412671 0 1.0000
1793 602407.998677 4514290.245392 0 1.0000
1794 603440.955779 4514377.612858 0 1.0000
1795 600994.057022 4513224.252302 0 1.0000
1796 600371.513978 4510541.012855 0 1.0000
1797 590532.711083 4510126.123081 0 1.0000
1798 601424.161258 4504110.683247 0 1.0000
1799 590696.089756 4510560.935214 0 1.0000
1800 590628.852314 4510360.312153 0 1.0000
1801 590421.286729 4510468.494898 0 1.0000
1802 601727.697518 4504529.526543 0 1.0000
1803 601877.921765 4504535.043914 0 1.0000
1804 601239.526467 4504260.997393 0 1.0000
1805 601234.344494 4504952.706691 0 1.0000
1806 601528.284124 4504999.466822 0 1.0000
1807 600990.466107 4505171.416444 0 1.0000
1808 601221.486801 4505173.221554 0 1.0000
1809 601231.001278 4505409.508898 0 1.0000
1810 600740.818426 4505005.704907 0 1.0000
1811 600853.275732 4505342.848555 0 1.0000
1812 601210.915919 4505732.560214 0 1.0000
1813 600596.220279 4505513.150683 0 1.0000
1814 601021.532671 4506024.038180 0 1.0000
1815 600501.595675 4505884.748178 0 1.0000
1816 600605.951696 4506255.207243 0 1.0000
1817 600215.230165 4506220.645650 0 1.0000
1818 600073.375491 4507126.251112 0 1.0000
1819 599976.086385 4506975.108748 0 1.0000
1820 600149.004859 4506651.564398 0 1.0000
1821 599425.900410 4507095.310828 0 1.0000
1822 599064.107890 4507608.871665 0 1.0000
1823 606115.040664 4503869.848524 0 1.0000
1824 606456.426976 4503496.892596 0 1.0000
1825 606405.625289 4503894.566644 0 1.0000
1826 595072.399007 4506562.222484 0 1.0000
1827 595244.813043 4506644.628059 0 1.0000
1828 595810.977029 4506667.569628 0 1.0000
1829 595627.618603 4506538.447847 0 1.0000
1830 596343.366923 4506975.808037 0 1.0000
1831 595869.981365 4506871.750562 0 1.0000
1832 606740.066811 4502671.871921 0 1.0000
1833 607200.112708 4502597.335650 0 1.0000
1834 606989.825737 4503072.261776 0 1.0000
1835 596662.685009 4506384.615368 0 1.0000
1836 596497.945977 4506585.987418 0 1.0000
1837 597007.163500 4505991.787527 0 1.0000
1838 596857.718681 4506321.099129 0 1.0000
1839 597293.414943 4507113.679820 0 1.0000
1840 596778.359320 4507098.244927 0 1.0000
1841 606237.189009 4503105.828435 0 1.0000
1842 606342.166992 4503285.399432 0 1.0000
1843 606135.589411 4502924.730227 0 1.0000
1844 606044.194409 4502726.233342 0 1.0000
1845 606319.513362 4502042.111710 0 1.0000
1846 599114.509320 4513700.147613 0 1.0000
1847 599721.316512 4513437.526762 0 1.0000
1848 599877.489929 4512917.559879 0 1.0000
1849 599776.506264 4513199.657276 0 1.0000
1850 600234.662937 4513035.794281 0 1.0000
1851 600615.900242 4513245.538900 0 1.0000
1852 600938.205819 4512923.149608 0 1.0000
1853 601480.424308 4513246.719435 0 1.0000
1854 601544.879098 4512936.483338 0 1.0000
1855 601382.097304 4513055.500476 0 1.0000
1856 601781.273480 4512745.123812 0 1.0000
1857 602468.600364 4512771.308384 0 1.0000
1858 602202.796071 4512763.163160 0 1.0000
1859 601108.919150 4512722.653274 0 1.0000
1860 600665.032164 4512793.980657 0 1.0000
1861 600416.513514 4512825.111172 0 1.0000
1862 600086.572719 4512714.603245 0 1.0000
1863 600206.577759 4512491.788937 0 1.0000
1864 600262.332494 4512273.129306 0 1.0000
1865 600819.298098 4512264.565767 0 1.0000
1866 600686.720714 4512555.642647 0 1.0000
1867 601442.642469 4512485.501095 0 1.0000
1868 601041.450669 4512523.614080 0 1.0000
1869 601340.749755 4512239.771774 0 1.0000
1870 600489.188218 4512072.878790 0 1.0000
1871 600111.439517 4512039.154059 0 1.0000
1872 600358.912948 4511633.303471 0 1.0000
1873 600117.450624 4511461.961822 0 1.0000
1874 600265.420794 4510348.851306 0 1.0000
1875 601312.815591 4508191.041768 0 1.0000
1876 602411.173869 4508657.428025 0 1.0000
1877 602637.733450 4509076.995406 0 1.0000
1878 606458.535614 4507202.684414 0 1.0000
1879 606775.274668 4505877.047691 0 1.0000
1880 593572.219794 4507249.162122 0 1.0000
1881 593540.854206 4506846.363747 0 1.0000
1882 594309.315635 4507090.083711 0 1.0000
1883 595282.502442 4506993.029317 0 1.0000
1884 595414.407337 4506673.445298 0 1.0000
1885 607295.844081 4502822.101186 0 1.0000
1886 607376.496493 4503157.482130 0 1.0000
1887 607000.987842 4501007.348840 0 1.0000
1888 607354.070960 4500856.174383 0 1.0000
1889 606865.889090 4500787.090434 0 1.0000
1890 594017.813402 4508005.788372 0 1.0000
1891 593998.887664 4508293.690763 0 1.0000
1892 594320.549107 4508502.387193 0 1.0000
1893 595513.436432 4509957.345549 0 1.0000
1894 595648.735079 4509840.379145 0 1.0000
1895 596642.526476 4507709.192860 0 1.0000
1896 596406.461901 4508702.668869 0 1.0000
1897 597032.269010 4509108.913609 0 1.0000
1898 597049.415203 4509287.072107 0 1.0000
1899 596826.795376 4509236.273483 0 1.0000
1900 597148.513931 4508677.422280 0 1.0000
1901 591930.393804 4509844.699234 0 1.0000
1902 591414.695607 4508643.419988 0 1.0000
1903 599678.146956 4507412.423971 0 1.0000
1904 599760.403951 4507788.125437 0 1.0000
1905 599970.463266 4507321.935796 0 1.0000
1906 600253.152124 4507810.493375 0 1.0000
1907 600247.115432 4507616.088841 0 1.0000
1908 600621.212361 4507694.976777 0 1.0000
1909 600728.230020 4507375.107475 0 1.0000
1910 600258.170429 4507258.045292 0 1.0000
1911 600317.654804 4507479.280345 0 1.0000
1912 600508.091295 4507113.018752 0 1.0000
1913 591414.825542 4510343.010492 0 1.0000
1914 591302.198738 4510079.142891 0 1.0000
1915 591512.831129 4510656.766468 0 1.0000
1916 600894.199574 4507069.434306 0 1.0000
1917 601018.233466 4506830.560669 0 1.0000
1918 600578.109423 4506832.395159 0 1.0000
1919 600602.718067 4506737.218281 0 1.0000
1920 600611.738845 4506447.229531 0 1.0000
1921 601103.203079 4506546.345371 0 1.0000
1922 592945.534914 4510021.119361 0 1.0000
1923 592720.968868 4510259.065708 0 1.0000
1924 593055.073281 4510339.466421 0 1.0000
1925 592342.043671 4509947.987324 0 1.0000
1926 606866.297598 4502126.203872 0 1.0000
1927 606471.662899 4501917.215188 0 1.0000
1928 607545.321638 4501385.928772 0 1.0000
1929 607160.583686 4502224.937618 0 1.0000
1930 607349.676960 4502034.749081 0 1.0000
1931 594351.820318 4507535.664382 0 1.0000
1932 594615.156060 4507838.215156 0 1.0000
1933 594183.558000 4507731.531561 0 1.0000
1934 606965.136946 4501599.712206 0 1.0000
1935 607238.473678 4501671.538161 0 1.0000
1936 594443.718461 4508000.499928 0 1.0000
1937 595079.617866 4508373.477233 0 1.0000
1938 594577.102162 4508348.140262 0 1.0000
1939 595118.911153 4508694.065511 0 1.0000
1940 606130.225582 4499950.386297 0 1.0000
1941 606790.036453 4501342.044948 0 1.0000
1942 600926.345469 4508091.226777 0 1.0000
1943 593640.437266 4508081.578493 0 1.0000
1944 593748.647668 4508553.919585 0 1.0000
1945 599856.969823 4511820.698854 0 1.0000
1946 600844.343752 4511828.136735 0 1.0000
1947 601372.282414 4511769.412227 0 1.0000
1948 601147.264761 4510616.110178 0 1.0000
1949 600363.737029 4510747.849662 0 1.0000
1950 601364.634619 4510307.669890 0 1.0000
1951 601423.771147 4510102.939508 0 1.0000
1952 601339.509864 4509846.579057 0 1.0000
1953 600977.233921 4509752.426879 0 1.0000
1954 600759.351546 4510320.012881 0 1.0000
1955 600637.766778 4509601.347550 0 1.0000
1956 600641.151671 4509387.438115 0 1.0000
1957 600254.632327 4509327.782497 0 1.0000
1958 601150.257080 4509349.481281 0 1.0000
1959 601241.577427 4508931.625668 0 1.0000
1960 601005.085507 4508854.592807 0 1.0000
1961 603957.929580 4509954.149226 0 1.0000
1962 601634.258530 4509596.872549 0 1.0000
1963 601650.237335 4508983.411966 0 1.0000
1964 601676.229778 4509259.233263 0 1.0000
1965 600708.194493 4508770.523024 0 1.0000
1966 600735.046998 4508540.466349 0 1.0000
1967 600594.836262 4509061.749604 0 1.0000
1968 596973.851409 4508893.446966 0 1.0000
1969 596392.948975 4509722.458984 0 1.0000
1970 596113.566035 4509580.530076 0 1.0000
1971 595961.250732 4509763.371642 0 1.0000
1972 596325.860556 4509876.749310 0 1.0000
1973 597801.413854 4508456.276156 0 1.0000
1974 598078.190173 4507508.965153 0 1.0000
1975 598684.266140 4507502.315767 0 1.0000
1976 598836.957393 4507296.151605 0 1.0000
1977 600216.728697 4508023.726848 0 1.0000
1978 599923.753333 4509445.786451 0 1.0000
1979 599604.937101 4509340.741818 0 1.0000
1980 599737.862183 4509008.664601 0 1.0000
1981 600244.035506 4508892.050075 0 1.0000
1982 600094.349254 4509100.842988 0 1.0000
1983 598666.647515 4510150.595803 0 1.0000
1984 599138.781201 4512175.395780 0 1.0000
1985 599230.511673 4512081.323710 0 1.0000
1986 599318.839404 4511993.015702 0 1.0000
1987 599141.181982 4511897.485148 0 1.0000
1988 598923.478639 4511963.972911 0 1.0000
1989 599037.191539 4512053.023828 0 1.0000
1990 599003.102826 4510983.400654 0 1.0000
1991 599544.892420 4510567.417136 0 1.0000
1992 599554.307296 4509747.403106 0 1.0000
1993 599476.992223 4511791.759983 0 1.0000
1994 598616.295672 4512372.077060 0 1.0000
1995 598787.092982 4512341.781124 0 1.0000
1996 598360.777031 4512083.131588 0 1.0000
1997 592498.604113 4510502.561837 0 1.0000
1998 592322.053348 4510450.501504 0 1.0000
1999 592921.477059 4510741.415819 0 1.0000
2000 592652.352329 4510784.883593 0 1.0000
2001 592373.882938 4510732.691762 0 1.0000
2002 592427.722439 4510928.684396 0 1.0000
2003 592008.613948 4510862.136111 0 1.0000
2004 592199.427881 4510870.957555 0 1.0000
2005 592019.761519 4511217.628648 0 1.0000
2006 592190.839941 4511629.143996 0 1.0000
2007 592424.198288 4511594.943114 0 1.0000
2008 602291.920950 4505641.125561 0 1.0000
2009 602530.652422 4505758.684328 0 1.0000
2010 592609.057072 4511554.556727 0 1.0000
2011 592483.131773 4511184.128765 0 1.0000
2012 601792.452718 4505230.733440 0 1.0000
2013 602128.953220 4505479.906007 0 1.0000
2014 592886.852644 4511539.626853 0 1.0000
2015 592922.411634 4511320.323052 0 1.0000
2016 592757.908145 4511090.641219 0 1.0000
2017 592763.584555 4511372.879598 0 1.0000
2018 602060.439846 4505158.670213 0 1.0000
2019 592981.856135 4510986.094082 0 1.0000
2020 593172.878129 4511023.936878 0 1.0000
2021 593121.103373 4511305.839921 0 1.0000
2022 602632.394969 4505484.005072 0 1.0000
2023 602552.953547 4505131.666490 0 1.0000
2024 593532.515239 4508395.720762 0 1.0000
2025 594200.196691 4508694.142606 0 1.0000
2026 593933.516417 4508634.655729 0 1.0000
2027 605627.988959 4508856.653361 0 1.0000
2028 605339.806489 4508727.575693 0 1.0000
2029 592433.572626 4506482.613152 0 1.0000
2030 592347.067913 4506368.421447 0 1.0000
2031 592260.636182 4506254.592961 0 1.0000
2032 592127.995316 4506097.655798 0 1.0000
2033 592757.163677 4506162.027328 0 1.0000
2034 592638.762799 4506330.402125 0 1.0000
2035 592535.583059 4506227.439066 0 1.0000
2036 592409.185344 4506115.565722 0 1.0000
2037 605696.875815 4509202.481584 0 1.0000
2038 605545.495180 4509341.458888 0 1.0000
2039 592471.662230 4505888.258668 0 1.0000
2040 592238.281227 4505936.963939 0 1.0000
2041 606515.204574 4509243.594045 0 1.0000
2042 606262.056216 4509367.355480 0 1.0000
2043 592616.113465 4505648.006643 0 1.0000
2044 592756.250739 4505878.901797 0 1.0000
2045 606083.598256 4508928.612227 0 1.0000
2046 605934.718447 4509111.042186 0 1.0000
2047 592997.780974 4505930.515597 0 1.0000
2048 592840.294030 4506022.599430 0 1.0000
2049 606185.737107 4508807.630730 0 1.0000
2050 606322.993238 4508661.242437 0 1.0000
2051 592788.469159 4505409.020555 0 1.0000
2052 601194.642473 4508475.105087 0 1.0000
2053 600809.050253 4508341.115858 0 1.0000
2054 601780.114555 4508548.854545 0 1.0000
2055 605997.665306 4495076.496294 0 1.0000
2056 604238.133626 4512649.543319 0 1.0000
2057 603668.729218 4512380.557748 0 1.0000
2058 603564.253332 4512623.842603 0 1.0000
2059 602587.394878 4512286.383421 0 1.0000
2060 603213.694274 4511871.890379 0 1.0000
2061 601961.298178 4512450.306391 0 1.0000
2062 602008.153500 4512174.078446 0 1.0000
2063 601947.973053 4511909.305175 0 1.0000
2064 602789.237603 4512695.557365 0 1.0000
2065 602969.029217 4512837.679398 0 1.0000
2066 603281.701319 4512904.609569 0 1.0000
2067 603781.786499 4513047.785145 0 1.0000
2068 603540.210003 4512943.496873 0 1.0000
2069 604348.478362 4512871.886800 0 1.0000
2070 604386.761859 4513131.568124 0 1.0000
2071 606278.771440 4514013.522888 0 1.0000
2072 606508.985827 4514266.568644 0 1.0000
2073 605461.427465 4514336.350431 0 1.0000
2074 605785.132019 4514864.560317 0 1.0000
2075 605404.822373 4514762.343320 0 1.0000
2076 598940.688766 4512417.526248 0 1.0000
2077 599045.844367 4512261.715292 0 1.0000
2078 598836.897325 4512157.324553 0 1.0000
2079 599418.071199 4512665.351103 0 1.0000
2080 599206.191299 4512669.275792 0 1.0000
2081 599375.487819 4512523.611384 0 1.0000
2082 599603.685218 4513035.725832 0 1.0000
2083 599605.376963 4512923.200103 0 1.0000
2084 598345.976163 4513513.397841 0 1.0000
2085 598949.751463 4501041.184003 0 1.0000
2086 598761.100761 4513513.677039 0 1.0000
2087 598924.198473 4513603.773416 0 1.0000
2088 597466.003995 4501173.589023 0 1.0000
2089 597590.228097 4500703.070957 0 1.0000
2090 593036.779941 4490982.179675 0 1.0000
2091 597336.749703 4514348.913820 0 1.0000
2092 597105.756852 4491916.356711 0 1.0000
2093 596803.984739 4515390.261198 0 1.0000
2094 593437.348923 4510904.892268 0 1.0000
2095 593417.936754 4511196.364320 0 1.0000
2096 602938.032863 4505268.273970 0 1.0000
2097 593716.277046 4511078.253816 0 1.0000
2098 593986.373292 4511018.089117 0 1.0000
2099 593957.417897 4511209.717813 0 1.0000
2100 602124.572852 4504901.897853 0 1.0000
2101 594595.206456 4511065.800737 0 1.0000
2102 594429.126473 4510887.728935 0 1.0000
2103 594685.005656 4511236.594545 0 1.0000
2104 594760.440046 4511363.552413 0 1.0000
2105 602089.087762 4504475.781727 0 1.0000
2106 602190.335180 4504180.297897 0 1.0000
2107 595040.774593 4512181.959476 0 1.0000
2108 595087.239187 4511709.102482 0 1.0000
2109 595268.505471 4511620.401657 0 1.0000
2110 595193.866522 4511850.479920 0 1.0000
2111 595138.278600 4512059.813438 0 1.0000
2112 602332.272944 4504485.936306 0 1.0000
2113 594887.357982 4512238.075151 0 1.0000
2114 594943.744490 4511955.367225 0 1.0000
2115 594918.832396 4511660.330803 0 1.0000
2116 602561.435854 4504786.974370 0 1.0000
2117 594769.730511 4512220.275775 0 1.0000
2118 594649.432597 4512127.845720 0 1.0000
2119 594762.247203 4512005.346161 0 1.0000
2120 594695.793667 4511646.795392 0 1.0000
2121 594774.436800 4511661.361376 0 1.0000
2122 602915.297524 4504708.700667 0 1.0000
2123 594511.724701 4512071.240588 0 1.0000
2124 594443.154031 4511731.396775 0 1.0000
2125 594516.984000 4511506.895985 0 1.0000
2126 606827.283730 4509183.075982 0 1.0000
2127 606567.989582 4508910.450262 0 1.0000
2128 594161.875791 4505291.994053 0 1.0000
2129 606984.191382 4508962.862786 0 1.0000
2130 606973.184224 4508621.537134 0 1.0000
2131 593202.492582 4505404.928519 0 1.0000
2132 606652.040306 4508470.463510 0 1.0000
2133 606459.502878 4508359.674568 0 1.0000
2134 593414.383017 4505620.780739 0 1.0000
2135 593666.050914 4505587.062191 0 1.0000
2136 593854.810641 4505754.232177 0 1.0000
2137 593424.825148 4505894.280786 0 1.0000
2138 607092.891362 4508212.362133 0 1.0000
2139 607031.707121 4507568.650071 0 1.0000
2140 607221.755760 4507762.964127 0 1.0000
2141 606525.244568 4507986.442234 0 1.0000
2142 593628.991851 4505953.629430 0 1.0000
2143 593719.823836 4506081.317819 0 1.0000
2144 593801.333516 4506259.939371 0 1.0000
2145 593693.889682 4506395.021423 0 1.0000
2146 593835.024696 4506473.011145 0 1.0000
2147 607405.705580 4507179.166053 0 1.0000
2148 606999.476250 4507349.923986 0 1.0000
2149 607359.952140 4506758.258357 0 1.0000
2150 605496.772220 4513967.008470 0 1.0000
2151 606031.192772 4513014.500773 0 1.0000
2152 606334.191740 4513072.852324 0 1.0000
2153 606648.852432 4513246.293453 0 1.0000
2154 606889.919732 4513724.370195 0 1.0000
2155 607094.480292 4513265.998814 0 1.0000
2156 606508.782371 4512055.661923 0 1.0000
2157 607042.253366 4511811.714682 0 1.0000
2158 607524.024444 4512668.398001 0 1.0000
2159 607590.225790 4512305.600995 0 1.0000
2160 608031.956588 4512966.141159 0 1.0000
2161 607713.967586 4511872.156868 0 1.0000
2162 608159.285595 4512260.808467 0 1.0000
2163 607252.625344 4510713.891712 0 1.0000
2164 607866.157516 4511261.868289 0 1.0000
2165 608042.561735 4511111.967449 0 1.0000
2166 607716.370841 4511023.257886 0 1.0000
2167 607941.221063 4510766.390121 0 1.0000
2168 608041.984910 4510588.732317 0 1.0000
2169 608257.280461 4510356.042503 0 1.0000
2170 597468.421200 4492807.351830 0 1.0000
2171 597843.160200 4492430.259997 0 1.0000
2172 598332.351306 4492547.138551 0 1.0000
2173 598089.818904 4492436.430344 0 1.0000
2174 598063.073793 4492822.651643 0 1.0000
2175 599451.167437 4492967.118021 0 1.0000
2176 598862.554936 4492985.740977 0 1.0000
2177 600345.092477 4493795.814687 0 1.0000
2178 600841.432325 4493569.490310 0 1.0000
2179 601082.481053 4493633.016354 0 1.0000
2180 601300.298650 4493668.723006 0 1.0000
2181 602179.581736 4494762.950638 0 1.0000
2182 596727.909523 4504150.524427 0 1.0000
2183 596146.430508 4503922.137633 0 1.0000
2184 596366.444906 4504009.401214 0 1.0000
2185 589563.508760 4512563.076121 0 1.0000
2186 589749.158889 4512885.064596 0 1.0000
2187 596375.477492 4503704.375696 0 1.0000
2188 596415.914380 4503389.217956 0 1.0000
2189 589929.929410 4513261.883535 0 1.0000
2190 594584.838565 4511674.641693 0 1.0000
2191 603110.310368 4504873.793216 0 1.0000
2192 594299.639055 4512149.149904 0 1.0000
2193 594331.348405 4511940.089294 0 1.0000
2194 594382.488409 4511601.932612 0 1.0000
2195 594304.014667 4511591.087111 0 1.0000
2196 603608.750950 4504512.529740 0 1.0000
2197 594104.008905 4512119.541713 0 1.0000
2198 594135.394188 4511910.624780 0 1.0000
2199 594225.621078 4511578.646048 0 1.0000
2200 594068.786793 4511555.305669 0 1.0000
2201 594147.100903 4511566.535048 0 1.0000
2202 603063.469160 4504200.162082 0 1.0000
2203 603384.551894 4504248.565952 0 1.0000
2204 593900.171876 4511875.119320 0 1.0000
2205 593933.753053 4511654.188225 0 1.0000
2206 593971.789545 4512025.264897 0 1.0000
2207 593969.700227 4511425.314895 0 1.0000
2208 593712.296082 4511501.665980 0 1.0000
2209 593689.107180 4511947.126865 0 1.0000
2210 593787.866983 4511997.430521 0 1.0000
2211 593833.114652 4511511.502747 0 1.0000
2212 602664.725098 4503735.572696 0 1.0000
2213 602344.373735 4503684.199464 0 1.0000
2214 602286.086905 4503957.558597 0 1.0000
2215 602827.795629 4504136.928419 0 1.0000
2216 593557.303499 4511483.745982 0 1.0000
2217 593503.951120 4511972.925157 0 1.0000
2218 593586.987732 4511827.561511 0 1.0000
2219 593295.125245 4511480.401506 0 1.0000
2220 593202.045436 4511985.525049 0 1.0000
2221 593389.930312 4506412.618588 0 1.0000
2222 593526.464412 4506579.090216 0 1.0000
2223 593263.675160 4506290.573549 0 1.0000
2224 592951.679324 4506212.457803 0 1.0000
2225 593103.932611 4506246.670920 0 1.0000
2226 592812.053663 4506456.927095 0 1.0000
2227 592988.454600 4506533.734518 0 1.0000
2228 593150.913696 4506592.904051 0 1.0000
2229 592942.710633 4506719.648135 0 1.0000
2230 592865.853917 4506899.714433 0 1.0000
2231 599743.185426 4512636.444299 0 1.0000
2232 599489.860979 4513060.157850 0 1.0000
2233 598816.201339 4503096.520376 0 1.0000
2234 598301.588840 4503637.162404 0 1.0000
2235 599063.757533 4513050.677454 0 1.0000
2236 599258.120620 4513103.150862 0 1.0000
2237 598390.037216 4512460.849505 0 1.0000
2238 598635.013823 4501858.641248 0 1.0000
2239 598503.885705 4501080.876749 0 1.0000
2240 598607.682880 4500625.735107 0 1.0000
2241 598272.064149 4502318.501578 0 1.0000
2242 598193.911440 4501973.410450 0 1.0000
2243 598351.071726 4501530.813085 0 1.0000
2244 598585.046035 4513902.053359 0 1.0000
2245 598752.479305 4513815.570385 0 1.0000
2246 598870.621370 4514011.082484 0 1.0000
2247 598007.750939 4500786.865927 0 1.0000
2248 597356.593245 4501689.428735 0 1.0000
2249 608275.836201 4510050.260213 0 1.0000
2250 608340.569093 4509869.102156 0 1.0000
2251 607678.379919 4509811.132617 0 1.0000
2252 609300.003017 4511486.880688 0 1.0000
2253 608672.033013 4511302.047111 0 1.0000
2254 608660.296816 4511075.149838 0 1.0000
2255 608726.832533 4510874.012299 0 1.0000
2256 608797.446423 4510664.797094 0 1.0000
2257 608874.177341 4510455.928514 0 1.0000
2258 608932.156241 4510231.116735 0 1.0000
2259 609449.065076 4510310.579782 0 1.0000
2260 609089.191085 4509949.203581 0 1.0000
2261 609067.432653 4509554.873527 0 1.0000
2262 608453.186264 4509714.674489 0 1.0000
2263 608350.088770 4509305.854860 0 1.0000
2264 608587.520399 4509539.989694 0 1.0000
2265 607180.733203 4509666.426558 0 1.0000
2266 607410.422963 4509022.921263 0 1.0000
2267 606921.912037 4509476.312490 0 1.0000
2268 607307.171196 4509401.919139 0 1.0000
2269 607594.147682 4509336.131681 0 1.0000
2270 603212.646632 4494088.736463 0 1.0000
2271 598159.626883 4508069.666218 0 1.0000
2272 603387.651455 4494804.795680 0 1.0000
2273 603169.029964 4495455.763953 0 1.0000
2274 603782.473237 4494814.325788 0 1.0000
2275 602616.449367 4494637.127231 0 1.0000
2276 602785.943362 4494368.771199 0 1.0000
2277 603310.553472 4494410.967316 0 1.0000
2278 602607.924872 4494333.233817 0 1.0000
2279 603051.905829 4515824.241272 0 1.0000
2280 603436.812003 4515555.763283 0 1.0000
2281 603571.687903 4515076.541095 0 1.0000
2282 602794.314679 4515622.600664 0 1.0000
2283 603001.688493 4515327.523393 0 1.0000
2284 602658.894368 4515008.304337 0 1.0000
2285 603037.912259 4514973.018513 0 1.0000
2286 602419.388382 4515844.042937 0 1.0000
2287 605162.796685 4495105.731889 0 1.0000
2288 605366.696457 4494929.191864 0 1.0000
2289 605277.118015 4494688.352559 0 1.0000
2290 604947.358251 4494316.530601 0 1.0000
2291 590166.514751 4512954.362043 0 1.0000
2292 589955.325307 4513086.027534 0 1.0000
2293 590153.286126 4512632.142276 0 1.0000
2294 589962.847205 4512747.036113 0 1.0000
2295 596771.915626 4503612.289863 0 1.0000
2296 590066.960432 4512127.987315 0 1.0000
2297 590222.584959 4512239.663802 0 1.0000
2298 596914.296624 4503988.115553 0 1.0000
2299 596630.611342 4503903.964615 0 1.0000
2300 590455.832418 4512936.069361 0 1.0000
2301 590369.116253 4512893.821141 0 1.0000
2302 590324.041416 4512415.303115 0 1.0000
2303 590359.918774 4512628.573825 0 1.0000
2304 597470.276354 4503591.892049 0 1.0000
2305 597232.443518 4503891.650571 0 1.0000
2306 597501.615196 4503869.327706 0 1.0000
2307 597074.864600 4503637.787570 0 1.0000
2308 590509.966701 4511980.508462 0 1.0000
2309 590698.155747 4512191.090766 0 1.0000
2310 590728.403384 4512374.026074 0 1.0000
2311 590495.820562 4512546.996676 0 1.0000
2312 597209.402001 4503129.125088 0 1.0000
2313 597534.202853 4503301.465406 0 1.0000
2314 597609.576941 4502914.004509 0 1.0000
2315 596821.125192 4503230.238596 0 1.0000
2316 590964.108700 4512558.477937 0 1.0000
2317 590624.404659 4512762.255643 0 1.0000
2318 590760.374207 4512680.548733 0 1.0000
2319 590781.310286 4513023.543131 0 1.0000
2320 590916.528575 4512940.769634 0 1.0000
2321 591052.387928 4512858.956803 0 1.0000
2322 594335.831236 4509087.859814 0 1.0000
2323 594607.056128 4508997.689005 0 1.0000
2324 605192.561702 4506818.855987 0 1.0000
2325 605096.256720 4507078.856794 0 1.0000
2326 605390.925303 4507073.031654 0 1.0000
2327 605178.291616 4507451.747006 0 1.0000
2328 592723.717796 4509075.458822 0 1.0000
2329 605618.020318 4507259.032735 0 1.0000
2330 605510.401748 4507616.623869 0 1.0000
2331 605671.259322 4506893.992653 0 1.0000
2332 593100.791268 4509385.689056 0 1.0000
2333 593092.720706 4509730.342949 0 1.0000
2334 592814.446800 4509572.615091 0 1.0000
2335 592918.595484 4509593.210588 0 1.0000
2336 592633.316169 4509337.001488 0 1.0000
2337 605872.090364 4506420.866231 0 1.0000
2338 605753.004211 4506683.437931 0 1.0000
2339 592955.358425 4508806.607381 0 1.0000
2340 592702.435800 4508695.580550 0 1.0000
2341 605484.421953 4506258.862396 0 1.0000
2342 605363.585778 4506595.299581 0 1.0000
2343 605205.444806 4506328.147352 0 1.0000
2344 592704.949600 4508326.307940 0 1.0000
2345 592925.863324 4508406.237192 0 1.0000
2346 604980.258022 4506247.708895 0 1.0000
2347 604530.865975 4506424.036974 0 1.0000
2348 597299.180580 4500674.202190 0 1.0000
2349 597908.698177 4500477.347644 0 1.0000
2350 597905.710558 4501243.483060 0 1.0000
2351 597775.526357 4501865.327750 0 1.0000
2352 598072.144823 4514350.074639 0 1.0000
2353 591848.746316 4490365.826801 0 1.0000
2354 591158.688579 4490074.585435 0 1.0000
2355 591306.539859 4490174.373662 0 1.0000
2356 595441.111729 4491412.853806 0 1.0000
2357 597384.861983 4514666.152921 0 1.0000
2358 597542.908883 4514935.886431 0 1.0000
2359 596612.728354 4492392.421310 0 1.0000
2360 596258.995490 4491992.442886 0 1.0000
2361 596418.128197 4491610.345196 0 1.0000
2362 597451.966898 4515079.858935 0 1.0000
2363 597457.530700 4515250.516705 0 1.0000
2364 597520.649434 4515432.551975 0 1.0000
2365 596959.528608 4492176.078279 0 1.0000
2366 598202.262377 4507809.138751 0 1.0000
2367 600368.086894 4504852.747507 0 1.0000
2368 600147.512818 4504912.582963 0 1.0000
2369 599955.063333 4504808.837339 0 1.0000
2370 599717.138264 4504635.185974 0 1.0000
2371 599550.633378 4504792.336864 0 1.0000
2372 591708.361734 4512108.802463 0 1.0000
2373 600821.693513 4503876.608432 0 1.0000
2374 600897.649869 4503683.806413 0 1.0000
2375 590861.115176 4511161.357915 0 1.0000
2376 590832.357331 4510971.997622 0 1.0000
2377 590803.339575 4510765.873438 0 1.0000
2378 590965.237374 4511047.951175 0 1.0000
2379 590962.440963 4510741.725983 0 1.0000
2380 591043.807751 4511037.342648 0 1.0000
2381 601388.809919 4503623.418062 0 1.0000
2382 590982.537870 4510311.190192 0 1.0000
2383 591139.595885 4510289.375742 0 1.0000
2384 591168.225220 4510494.425461 0 1.0000
2385 590972.290045 4510521.878869 0 1.0000
2386 601555.539859 4504515.431468 0 1.0000
2387 600956.765252 4504520.520862 0 1.0000
2388 599583.107962 4507590.199733 0 1.0000
2389 599907.738777 4507421.484327 0 1.0000
2390 591321.619325 4510543.611376 0 1.0000
2391 600876.118777 4506440.547035 0 1.0000
2392 591410.446055 4511084.436037 0 1.0000
2393 591380.093703 4510886.170121 0 1.0000
2394 591811.996528 4511030.537309 0 1.0000
2395 602054.166496 4505920.720241 0 1.0000
2396 601819.959183 4505855.344378 0 1.0000
2397 601986.379553 4505581.558320 0 1.0000
2398 605259.777780 4494412.611324 0 1.0000
2399 605454.738748 4494410.743390 0 1.0000
2400 604390.388576 4496322.589599 0 1.0000
2401 604304.836054 4495476.862760 0 1.0000
2402 601457.773710 4515216.567993 0 1.0000
2403 601138.151657 4515395.445070 0 1.0000
2404 605978.888434 4495772.348840 0 1.0000
2405 605757.767374 4495616.367231 0 1.0000
2406 602820.925674 4514439.628165 0 1.0000
2407 603770.758186 4514495.017772 0 1.0000
2408 603365.383002 4513212.910749 0 1.0000
2409 599098.855493 4513383.696928 0 1.0000
2410 599457.780740 4513392.337090 0 1.0000
2411 599487.873824 4513234.991876 0 1.0000
2412 600527.627539 4509942.246214 0 1.0000
2413 600672.624540 4510072.573839 0 1.0000
2414 600810.725093 4509919.124719 0 1.0000
2415 591188.121811 4512777.347162 0 1.0000
2416 591218.116362 4513134.069558 0 1.0000
2417 591354.085250 4513052.522820 0 1.0000
2418 591082.568099 4513216.211371 0 1.0000
2419 590946.924030 4513298.512183 0 1.0000
2420 591022.425202 4513788.453519 0 1.0000
2421 590828.414971 4514070.971604 0 1.0000
2422 590819.932723 4513724.755737 0 1.0000
2423 591094.685878 4513569.165210 0 1.0000
2424 590616.627886 4513859.133714 0 1.0000
2425 590700.917987 4513733.864758 0 1.0000
2426 590768.753849 4513518.426030 0 1.0000
2427 590640.032415 4513355.487250 0 1.0000
2428 590676.185893 4513473.832125 0 1.0000
2429 590443.028935 4513232.135967 0 1.0000
2430 590159.185415 4513412.103385 0 1.0000
2431 590335.292519 4513727.653203 0 1.0000
2432 590253.397958 4513579.033924 0 1.0000
2433 589998.887933 4513780.305584 0 1.0000
2434 599491.187303 4504989.879081 0 1.0000
2435 599901.680074 4505151.650478 0 1.0000
2436 591003.102314 4512121.765051 0 1.0000
2437 591303.496825 4512354.388494 0 1.0000
2438 591439.316626 4512273.009789 0 1.0000
2439 591160.270802 4512099.281162 0 1.0000
2440 591297.566388 4512057.906910 0 1.0000
2441 591552.846885 4512160.112116 0 1.0000
2442 592169.951280 4512552.809090 0 1.0000
2443 591904.881677 4512032.146839 0 1.0000
2444 599834.697297 4504405.497714 0 1.0000
2445 600207.246801 4504559.102708 0 1.0000
2446 599782.186382 4503726.442895 0 1.0000
2447 604659.853527 4506219.545417 0 1.0000
2448 592206.919940 4508143.937966 0 1.0000
2449 592505.048754 4508130.412955 0 1.0000
2450 604812.949276 4505762.087143 0 1.0000
2451 604750.622727 4505996.262420 0 1.0000
2452 604876.027911 4505535.487842 0 1.0000
2453 605544.794534 4505853.089847 0 1.0000
2454 605282.764741 4505756.469893 0 1.0000
2455 605760.497984 4505932.568451 0 1.0000
2456 605608.609796 4506473.228009 0 1.0000
2457 606053.949729 4506059.956865 0 1.0000
2458 591537.037505 4507790.583955 0 1.0000
2459 605991.968379 4506786.055023 0 1.0000
2460 605907.702842 4507070.644502 0 1.0000
2461 606195.481661 4507114.306184 0 1.0000
2462 606257.250790 4506729.716804 0 1.0000
2463 591776.510224 4507222.734399 0 1.0000
2464 591283.321850 4507324.060704 0 1.0000
2465 605909.165259 4507584.939537 0 1.0000
2466 606147.932959 4507698.581043 0 1.0000
2467 605627.222698 4508235.916145 0 1.0000
2468 606133.610281 4508200.200813 0 1.0000
2469 605908.794159 4508370.612228 0 1.0000
2470 605790.139968 4508628.800896 0 1.0000
2471 591935.988308 4506679.685530 0 1.0000
2472 591738.234285 4506699.909437 0 1.0000
2473 591876.266755 4506541.379220 0 1.0000
2474 597038.800403 4492622.015748 0 1.0000
2475 596911.600066 4516040.281639 0 1.0000
2476 597188.903451 4515727.492797 0 1.0000
2477 597150.938017 4515558.884612 0 1.0000
2478 599220.413313 4493005.339409 0 1.0000
2479 597616.229506 4516513.660153 0 1.0000
2480 597641.348073 4515976.318416 0 1.0000
2481 595400.648949 4508248.154466 0 1.0000
2482 595070.195080 4508132.085563 0 1.0000
2483 595562.438984 4508493.125069 0 1.0000
2484 595334.660606 4508889.691023 0 1.0000
2485 595203.790891 4509095.825987 0 1.0000
2486 605150.448386 4502290.708685 0 1.0000
2487 606028.096467 4502302.195228 0 1.0000
2488 605490.917460 4502142.208137 0 1.0000
2489 605765.786339 4501935.937660 0 1.0000
2490 605515.111696 4502559.087967 0 1.0000
2491 605699.082992 4502686.499722 0 1.0000
2492 595385.490800 4510047.064748 0 1.0000
2493 595387.058006 4509401.509409 0 1.0000
2494 595637.735061 4509435.453166 0 1.0000
2495 595697.106242 4509547.307421 0 1.0000
2496 605366.851189 4501665.734908 0 1.0000
2497 605074.548969 4501910.736010 0 1.0000
2498 595948.463999 4509196.967555 0 1.0000
2499 601567.718884 4505682.511528 0 1.0000
2500 601613.982021 4505435.854241 0 1.0000
2501 594186.705204 4511251.774880 0 1.0000
2502 594252.162993 4511044.132546 0 1.0000
2503 594359.461365 4510977.365921 0 1.0000
2504 603100.622220 4503466.383432 0 1.0000
2505 603303.276217 4503123.977052 0 1.0000
2506 602915.095646 4503057.314629 0 1.0000
2507 602620.518923 4502770.722299 0 1.0000
2508 603878.892584 4502143.415042 0 1.0000
2509 603655.475719 4502189.772641 0 1.0000
2510 603529.172654 4502448.958466 0 1.0000
2511 602571.530966 4502277.883367 0 1.0000
2512 593718.587227 4512285.263790 0 1.0000
2513 593657.805920 4512684.443448 0 1.0000
2514 593687.616258 4512488.691156 0 1.0000
2515 604196.504860 4503145.219937 0 1.0000
2516 594980.050632 4513607.013932 0 1.0000
2517 595229.593402 4513642.458448 0 1.0000
2518 595527.138435 4513566.461045 0 1.0000
2519 596582.068745 4512290.508839 0 1.0000
2520 603897.803689 4505763.628365 0 1.0000
2521 602729.266103 4506988.903595 0 1.0000
2522 594104.023325 4510140.493588 0 1.0000
2523 600247.357368 4509601.111253 0 1.0000
2524 600264.791933 4509878.736801 0 1.0000
2525 600229.368150 4510134.037747 0 1.0000
2526 604702.344417 4510541.103831 0 1.0000
2527 604764.216610 4510307.344828 0 1.0000
2528 604717.428977 4510038.102788 0 1.0000
2529 605320.641386 4510458.203239 0 1.0000
2530 603079.511660 4510537.909953 0 1.0000
2531 603042.974739 4510096.611194 0 1.0000
2532 602716.620414 4510459.915377 0 1.0000
2533 604400.578040 4511204.753802 0 1.0000
2534 605720.350356 4511691.867394 0 1.0000
2535 605039.191217 4511892.351032 0 1.0000
2536 605520.914535 4512143.974773 0 1.0000
2537 605906.328567 4511942.452863 0 1.0000
2538 606887.645221 4512585.329285 0 1.0000
2539 607447.488787 4513025.206844 0 1.0000
2540 608515.188440 4511529.537261 0 1.0000
2541 608205.967374 4511760.526496 0 1.0000
2542 608404.948791 4511995.543995 0 1.0000
2543 599554.294858 4504309.991127 0 1.0000
2544 599864.361159 4504058.792729 0 1.0000
2545 600030.654211 4503645.689585 0 1.0000
2546 591741.354056 4511513.397491 0 1.0000
2547 591484.485287 4511326.894174 0 1.0000
2548 591680.901036 4511299.378495 0 1.0000
2549 591802.750152 4511287.801248 0 1.0000
2550 600167.017467 4504291.399229 0 1.0000
2551 600593.373534 4504488.247761 0 1.0000
2552 590701.284147 4511532.075687 0 1.0000
2553 600673.026911 4504263.566524 0 1.0000
2554 600315.591792 4503902.258552 0 1.0000
2555 600748.236826 4504070.455455 0 1.0000
2556 600391.245259 4503709.156483 0 1.0000
2557 600479.608206 4503519.206801 0 1.0000
2558 590225.096365 4510842.283946 0 1.0000
2559 590398.254394 4511082.077973 0 1.0000
2560 600964.967337 4503454.915699 0 1.0000
2561 601572.917659 4503404.936615 0 1.0000
2562 591157.056751 4510704.874424 0 1.0000
2563 591146.423514 4510919.364391 0 1.0000
2564 591276.753572 4510997.288508 0 1.0000
2565 591252.291951 4511351.561388 0 1.0000
2566 590362.465231 4514016.328915 0 1.0000
2567 590506.729472 4514183.936978 0 1.0000
2568 597997.530728 4503355.707228 0 1.0000
2569 592210.796502 4506552.988741 0 1.0000
2570 592065.232848 4506399.783309 0 1.0000
2571 591981.323157 4506274.556047 0 1.0000
2572 605525.779668 4503144.907403 0 1.0000
2573 605544.756791 4503405.266633 0 1.0000
2574 605655.713071 4503795.854682 0 1.0000
2575 605518.260389 4503611.514900 0 1.0000
2576 595127.383116 4513050.792280 0 1.0000
2577 595241.742457 4512604.763889 0 1.0000
2578 595411.362767 4512798.027654 0 1.0000
2579 595457.394774 4512532.792977 0 1.0000
2580 595721.902828 4512787.560237 0 1.0000
2581 595779.912040 4512578.771753 0 1.0000
2582 604530.158190 4504836.296223 0 1.0000
2583 604502.583965 4504245.420862 0 1.0000
2584 595517.943587 4513212.502197 0 1.0000
2585 595558.251710 4513049.781198 0 1.0000
2586 604227.454810 4504411.671248 0 1.0000
2587 604245.143801 4504680.355073 0 1.0000
2588 595893.134034 4513195.507439 0 1.0000
2589 596041.426628 4512761.662731 0 1.0000
2590 595538.134713 4511398.033731 0 1.0000
2591 595247.615270 4512133.357802 0 1.0000
2592 604981.541800 4504437.026473 0 1.0000
2593 605545.572403 4504815.708364 0 1.0000
2594 605277.115229 4504814.895353 0 1.0000
2595 605219.402873 4505101.395824 0 1.0000
2596 596026.296835 4509343.054325 0 1.0000
2597 605943.808611 4501200.532636 0 1.0000
2598 605320.478612 4501437.195590 0 1.0000
2599 595707.277030 4508895.591905 0 1.0000
2600 595545.347826 4509053.104997 0 1.0000
2601 596225.027513 4508965.513850 0 1.0000
2602 596238.014294 4509072.367397 0 1.0000
2603 596300.871591 4509214.946884 0 1.0000
2604 595986.045390 4508325.002664 0 1.0000
2605 595893.331577 4508689.507726 0 1.0000
2606 596122.680065 4508580.601403 0 1.0000
2607 596173.288989 4508743.020103 0 1.0000
2608 596309.496911 4508107.298115 0 1.0000
2609 596372.014276 4507694.661827 0 1.0000
2610 596606.168768 4507472.599050 0 1.0000
2611 596689.345754 4508128.612938 0 1.0000
2612 596715.955042 4508310.891745 0 1.0000
2613 596982.373410 4508505.526871 0 1.0000
2614 596810.320017 4508408.780388 0 1.0000
2615 596591.300747 4510041.121978 0 1.0000
2616 596664.408303 4509857.966089 0 1.0000
2617 596812.920247 4509487.491628 0 1.0000
2618 596878.678794 4509409.267667 0 1.0000
2619 596752.972174 4509634.279760 0 1.0000
2620 596713.330738 4509704.640161 0 1.0000
2621 596782.510687 4509560.678371 0 1.0000
2622 597012.901763 4507591.720095 0 1.0000
2623 596868.795775 4507401.014825 0 1.0000
2624 597580.644242 4507308.383091 0 1.0000
2625 594574.672536 4509560.593835 0 1.0000
2626 593146.137156 4509062.791448 0 1.0000
2627 592204.251662 4508425.865566 0 1.0000
2628 592445.599454 4508765.193829 0 1.0000
2629 592112.105524 4508710.240563 0 1.0000
2630 606173.569573 4506429.644835 0 1.0000
2631 591504.725209 4506942.133171 0 1.0000
2632 606521.390859 4507641.816955 0 1.0000
2633 593165.109394 4505847.011047 0 1.0000
2634 607049.865187 4506886.328283 0 1.0000
2635 606743.286926 4507058.404493 0 1.0000
2636 606686.579994 4506643.890559 0 1.0000
2637 593137.842991 4507126.302319 0 1.0000
2638 593308.422113 4506961.559952 0 1.0000
2639 594778.268307 4507265.837316 0 1.0000
2640 607425.939038 4505546.280770 0 1.0000
2641 607370.618610 4505079.302149 0 1.0000
2642 605957.996309 4504133.267826 0 1.0000
2643 606274.494655 4504269.544102 0 1.0000
2644 596110.232800 4507283.015568 0 1.0000
2645 594833.931080 4507633.920889 0 1.0000
2646 595175.593176 4507773.118541 0 1.0000
2647 594955.699500 4507839.162509 0 1.0000
2648 606964.877954 4501167.278525 0 1.0000
2649 594563.111761 4508689.456326 0 1.0000
2650 594905.038573 4508855.329350 0 1.0000
2651 596708.715496 4507932.689614 0 1.0000
2652 607640.669666 4510324.236266 0 1.0000
2653 606546.641925 4494688.432527 0 1.0000
2654 605281.725848 4495978.085537 0 1.0000
2655 597904.267567 4503693.622385 0 1.0000
2656 589974.754495 4514393.214678 0 1.0000
2657 598013.360139 4502863.681262 0 1.0000
2658 598250.086961 4502871.872634 0 1.0000
2659 590159.210961 4514488.485476 0 1.0000
2660 598306.633954 4503925.091836 0 1.0000
2661 591017.302549 4514330.063039 0 1.0000
2662 591237.804398 4514136.336324 0 1.0000
2663 598752.821777 4503999.932546 0 1.0000
2664 598590.277729 4503984.081785 0 1.0000
2665 591316.601514 4514451.677174 0 1.0000
2666 591433.800427 4514345.810086 0 1.0000
2667 591123.489083 4514562.959879 0 1.0000
2668 591160.147210 4514699.459871 0 1.0000
2669 598964.963537 4504578.246754 0 1.0000
2670 598563.722390 4504406.210730 0 1.0000
2671 590873.848704 4514759.074079 0 1.0000
2672 599067.159602 4503778.116618 0 1.0000
2673 591332.617761 4514830.077489 0 1.0000
2674 591570.884823 4514614.383495 0 1.0000
2675 599487.453653 4503644.648395 0 1.0000
2676 591322.384491 4515304.929992 0 1.0000
2677 591486.110178 4515059.280522 0 1.0000
2678 591636.187361 4514923.160836 0 1.0000
2679 591783.064314 4514789.945957 0 1.0000
2680 599207.041728 4504091.162692 0 1.0000
2681 599102.449748 4504404.589959 0 1.0000
2682 591776.607100 4515164.012086 0 1.0000
2683 591936.863264 4515018.711762 0 1.0000
2684 605382.425912 4505402.927368 0 1.0000
2685 595487.472813 4512328.957285 0 1.0000
2686 595502.865426 4512147.552399 0 1.0000
2687 595822.578459 4512334.471713 0 1.0000
2688 595809.192830 4512088.250837 0 1.0000
2689 596021.718461 4512272.853193 0 1.0000
2690 596252.992269 4512197.735928 0 1.0000
2691 596335.867286 4512439.431573 0 1.0000
2692 605690.864761 4505364.591924 0 1.0000
2693 605922.785505 4505566.172680 0 1.0000
2694 604893.081557 4504774.978335 0 1.0000
2695 604967.394389 4505284.768801 0 1.0000
2696 604743.292955 4504967.763082 0 1.0000
2697 604225.763916 4505668.019764 0 1.0000
2698 604471.778791 4505520.019392 0 1.0000
2699 596834.077106 4511663.989085 0 1.0000
2700 604322.961425 4505883.671569 0 1.0000
2701 604381.375490 4506098.203272 0 1.0000
2702 596542.149616 4511569.859951 0 1.0000
2703 596403.647331 4511977.293280 0 1.0000
2704 596507.233451 4511817.247350 0 1.0000
2705 604094.693062 4506300.482382 0 1.0000
2706 603940.383652 4506073.255604 0 1.0000
2707 596216.082918 4511668.451179 0 1.0000
2708 596117.771000 4511901.111894 0 1.0000
2709 604024.325895 4506566.370037 0 1.0000
2710 603736.288853 4506584.268557 0 1.0000
2711 603724.422316 4506963.854753 0 1.0000
2712 604009.062180 4506942.434010 0 1.0000
2713 597300.757215 4507316.624824 0 1.0000
2714 597777.999266 4508311.187726 0 1.0000
2715 597667.075469 4508079.502935 0 1.0000
2716 597663.694680 4508596.298526 0 1.0000
2717 597570.554408 4508724.922216 0 1.0000
2718 597560.828623 4508883.503592 0 1.0000
2719 597458.391704 4508957.610713 0 1.0000
2720 597420.453611 4509093.474438 0 1.0000
2721 597330.388058 4509312.251422 0 1.0000
2722 597372.434950 4509201.418695 0 1.0000
2723 597291.286480 4509426.361664 0 1.0000
2724 597122.757117 4509528.706384 0 1.0000
2725 597309.589269 4509604.185548 0 1.0000
2726 597031.954167 4509749.136434 0 1.0000
2727 597219.636001 4509825.664865 0 1.0000
2728 596918.818258 4510024.897054 0 1.0000
2729 597131.335786 4510146.721048 0 1.0000
2730 597630.713744 4509447.900878 0 1.0000
2731 597375.809244 4510027.384991 0 1.0000
2732 598487.985905 4507776.716368 0 1.0000
2733 598243.082773 4507230.764255 0 1.0000
2734 599138.968561 4514863.812573 0 1.0000
2735 598898.901435 4514338.429458 0 1.0000
2736 606461.652825 4495189.154565 0 1.0000
2737 598610.743472 4506939.662153 0 1.0000
2738 598521.896769 4507097.062390 0 1.0000
2739 595205.090479 4507228.610829 0 1.0000
2740 598860.343027 4509079.553319 0 1.0000
2741 597378.623501 4508508.106216 0 1.0000
2742 597139.816677 4508976.840515 0 1.0000
2743 597268.473088 4508801.125260 0 1.0000
2744 596516.821554 4509410.394719 0 1.0000
2745 596600.064241 4509254.734373 0 1.0000
2746 596900.721195 4508748.224230 0 1.0000
2747 596445.463992 4509048.937190 0 1.0000
2748 596596.172093 4508894.153591 0 1.0000
2749 596765.871871 4508901.960801 0 1.0000
2750 596591.196444 4509123.934407 0 1.0000
2751 596292.501588 4509419.780018 0 1.0000
2752 596451.469348 4509572.027402 0 1.0000
2753 597301.245597 4508223.656715 0 1.0000
2754 597143.367596 4507929.029966 0 1.0000
2755 597495.406934 4507696.838285 0 1.0000
2756 597825.188870 4507666.486156 0 1.0000
2757 598342.626865 4508231.903675 0 1.0000
2758 598171.602847 4508313.702585 0 1.0000
2759 598620.352442 4507928.905624 0 1.0000
2760 597939.144083 4508880.283904 0 1.0000
2761 597959.707499 4508542.727599 0 1.0000
2762 599390.793718 4508297.867404 0 1.0000
2763 599844.234148 4508752.469569 0 1.0000
2764 598769.365097 4511753.583311 0 1.0000
2765 599352.171234 4509717.225971 0 1.0000
2766 599552.949955 4511116.442119 0 1.0000
2767 599878.539766 4510661.769498 0 1.0000
2768 599686.616653 4511574.307990 0 1.0000
2769 598630.858452 4512148.263649 0 1.0000
2770 599435.223426 4512415.938089 0 1.0000
2771 599648.411822 4512803.903365 0 1.0000
2772 591506.880390 4515416.985688 0 1.0000
2773 591615.840134 4515309.320531 0 1.0000
2774 599399.254276 4504292.251662 0 1.0000
2775 599175.867328 4504784.813260 0 1.0000
2776 598851.957903 4504742.409357 0 1.0000
2777 598756.204898 4504991.445270 0 1.0000
2778 598497.910878 4504604.323329 0 1.0000
2779 598369.037813 4504815.428590 0 1.0000
2780 592096.716487 4514874.073488 0 1.0000
2781 592304.901793 4514685.291308 0 1.0000
2782 598055.890337 4504236.367780 0 1.0000
2783 598159.560902 4504472.819904 0 1.0000
2784 591943.161099 4514645.262266 0 1.0000
2785 592258.480630 4514359.808291 0 1.0000
2786 592091.530172 4514510.984429 0 1.0000
2787 597861.337891 4504765.508227 0 1.0000
2788 591610.553766 4514185.792642 0 1.0000
2789 598138.271569 4504986.215674 0 1.0000
2790 598093.824974 4504739.459250 0 1.0000
2791 591942.415713 4513892.971758 0 1.0000
2792 592106.050832 4514129.736414 0 1.0000
2793 591789.411431 4514023.594918 0 1.0000
2794 591985.074499 4514239.033234 0 1.0000
2795 598624.810138 4505126.503430 0 1.0000
2796 598420.453052 4505022.436330 0 1.0000
2797 592381.592014 4513879.344692 0 1.0000
2798 592228.029910 4514019.443627 0 1.0000
2799 598917.410782 4505310.298333 0 1.0000
2800 599005.363737 4505082.870817 0 1.0000
2801 592595.041661 4514054.574336 0 1.0000
2802 595913.781843 4511845.264198 0 1.0000
2803 596051.188464 4511467.998297 0 1.0000
2804 595832.617872 4511723.577819 0 1.0000
2805 595604.584554 4511922.704366 0 1.0000
2806 595718.561675 4511742.926484 0 1.0000
2807 595517.950570 4511740.119932 0 1.0000
2808 595436.975404 4511936.171771 0 1.0000
2809 595709.724571 4510968.320039 0 1.0000
2810 595870.447905 4510904.803640 0 1.0000
2811 596158.625982 4510904.569355 0 1.0000
2812 596122.615275 4511125.758265 0 1.0000
2813 603153.444563 4506194.523323 0 1.0000
2814 602660.300782 4506062.983970 0 1.0000
2815 602861.885930 4505857.574418 0 1.0000
2816 596524.425802 4511155.743000 0 1.0000
2817 596532.801438 4511318.998958 0 1.0000
2818 603913.270316 4504945.080836 0 1.0000
2819 596649.605959 4511056.970754 0 1.0000
2820 596859.373251 4510853.188359 0 1.0000
2821 603427.364772 4505214.947846 0 1.0000
2822 603188.688428 4505750.819562 0 1.0000
2823 596490.515336 4510835.281745 0 1.0000
2824 596700.967499 4510644.389051 0 1.0000
2825 602400.736909 4506437.554434 0 1.0000
2826 602584.627974 4506341.282197 0 1.0000
2827 601423.153995 4506650.435899 0 1.0000
2828 601311.349177 4507079.863257 0 1.0000
2829 601475.458394 4507024.355838 0 1.0000
2830 599063.169516 4509250.897354 0 1.0000
2831 599167.935959 4508845.204507 0 1.0000
2832 599347.625966 4509223.048285 0 1.0000
2833 599445.882825 4508736.791773 0 1.0000
2834 599624.403957 4508140.311435 0 1.0000
2835 599702.214635 4508366.085057 0 1.0000
2836 600278.514381 4508653.288561 0 1.0000
2837 599933.561452 4508532.591094 0 1.0000
2838 600032.769991 4508291.250200 0 1.0000
2839 600377.937381 4508426.621409 0 1.0000
2840 600474.714360 4508217.831857 0 1.0000
2841 602246.002227 4503015.348040 0 1.0000
2842 602227.902892 4502659.077319 0 1.0000
2843 601536.488067 4503121.824594 0 1.0000
2844 601936.838818 4503063.868439 0 1.0000
2845 601517.639427 4502720.670097 0 1.0000
2846 601908.175186 4502683.234183 0 1.0000
2847 599131.896469 4511319.347914 0 1.0000
2848 598831.424482 4511349.582783 0 1.0000
2849 598548.819460 4511017.281021 0 1.0000
2850 598538.022653 4511285.732889 0 1.0000
2851 598902.600736 4510472.938253 0 1.0000
2852 598868.026175 4510761.320670 0 1.0000
2853 598761.160127 4509415.831510 0 1.0000
2854 599032.677274 4509497.377062 0 1.0000
2855 599850.522242 4509776.848662 0 1.0000
2856 599201.129081 4509586.695335 0 1.0000
2857 599622.723529 4510182.688949 0 1.0000
2858 598599.718455 4513092.705174 0 1.0000
2859 598517.283067 4512783.597608 0 1.0000
2860 588916.873617 4511155.518409 0 1.0000
2861 589833.760551 4512412.124850 0 1.0000
2862 591290.338056 4513407.348344 0 1.0000
2863 591494.066206 4513284.953692 0 1.0000
2864 591647.442464 4513537.411968 0 1.0000
2865 589533.350892 4512912.919004 0 1.0000
2866 589265.978214 4512361.988900 0 1.0000
2867 598341.426802 4504199.268619 0 1.0000
2868 598898.419611 4504189.584929 0 1.0000
2869 599453.425735 4503883.832475 0 1.0000
2870 591806.345675 4514401.110741 0 1.0000
2871 593085.363324 4514211.138992 0 1.0000
2872 598828.942481 4506606.029115 0 1.0000
2873 602967.149972 4508791.966993 0 1.0000
2874 603186.465833 4509167.744106 0 1.0000
2875 605794.889532 4510045.377452 0 1.0000
2876 605837.413870 4510580.860372 0 1.0000
2877 606012.597037 4510375.941080 0 1.0000
2878 605417.753720 4510217.579671 0 1.0000
2879 605166.730454 4510698.559800 0 1.0000
2880 605625.586192 4511085.511345 0 1.0000
2881 604410.916824 4511827.327863 0 1.0000
2882 601799.442303 4511586.216857 0 1.0000
2883 602176.519636 4511530.720445 0 1.0000
2884 601823.716515 4511029.479902 0 1.0000
2885 602166.572293 4510958.050616 0 1.0000
;