Entity_Name,Borough,borough_geom,borough_code,State,Latitude,Longitude,AED_NumAeds,Location Type,is_mislabeled
Marymount School,Manhattan,MANHATTAN,1.0,New York,40.78000933,-73.96150877,1.0,School,False
Marymount School,Manhattan,MANHATTAN,1.0,New York,40.78686455,-73.95120209,1.0,School,False
Orchard Collegiate Academy,Manhattan,MANHATTAN,1.0,New York,40.71367683,-73.98633592,1.0,School,False
P.S. 360 Bronx,Bronx,BRONX,2.0,New York,40.87440453,-73.90257169,1.0,Public Schools,False
P.S. 008 Robert Fulton,Brooklyn,BROOKLYN,3.0,New York,40.70070292,-73.99324142,1.0,Public Schools,False
Poly Prep,Brooklyn,BROOKLYN,3.0,New York,40.66922835,-73.97299292,1.0,School,False
P.S. 004 Duke Ellington,Manhattan,MANHATTAN,1.0,New York,40.83489285,-73.94108423,1.0,Public Schools,False
Boston Properties,Manhattan,MANHATTAN,1.0,New York,40.76107398,-73.97379662,2.0,Businesses & Commercial Spaces,False
Senior Citizens League of Flatbush,Brooklyn,BROOKLYN,3.0,New York,40.634913,-73.97251687,1.0,Senior Centers,False
M.S. 302 Luisa Dessus Cruz,Bronx,BRONX,2.0,New York,40.81542252,-73.90213814,1.0,Public Schools,False
P.S. 255 Barbara Reing School,Brooklyn,BROOKLYN,3.0,New York,40.60434174,-73.95552789,1.0,Public Schools,False
"New Explorations into Science, Technology and Math High School",Manhattan,MANHATTAN,1.0,New York,40.7188881,-73.97930747,1.0,School,False
Jacqueline Kennedy Onassis High School,Manhattan,MANHATTAN,1.0,New York,40.75772163,-73.98307821,1.0,School,False
Morgan Stanley - 1 NY Plaza,Manhattan,MANHATTAN,1.0,New York,40.70253319,-74.01256178,1.0,Businesses & Commercial Spaces,False
Passages Academy - Belmont,Brooklyn,BROOKLYN,3.0,New York,40.67194769,-73.88663554,1.0,School,False
P.S. 398 Walter Weaver,Brooklyn,BROOKLYN,3.0,New York,40.66355127,-73.92695879,1.0,Public Schools,False
Zeta Charter School - Tremont Park,Bronx,BRONX,2.0,New York,40.84538467,-73.89349891,1.0,School,False
Bronx Green Middle School,Bronx,BRONX,2.0,New York,40.8621026,-73.86457504,1.0,School,False
Morgan Stanley - E52,Manhattan,MANHATTAN,1.0,New York,40.75882057,-73.97397799,1.0,Businesses & Commercial Spaces,False
136 East 79th Street Corp.,Manhattan,MANHATTAN,1.0,New York,40.77512292,-73.95932001,1.0,Businesses & Commercial Spaces,False
The Equity Project Charter School - Middle,Manhattan,MANHATTAN,1.0,New York,40.86463788,-73.92309274,1.0,School,False
P.S. 069 Journey Prep School,Bronx,BRONX,2.0,New York,40.81668649,-73.86090327,1.0,Public Schools,False
University Prep Charter High School,Bronx,BRONX,2.0,New York,40.81551851,-73.91222478,1.0,School,False
Department of Citywide Administrative Services,Manhattan,MANHATTAN,1.0,New York,40.71542054,-74.00267301,1.0,Government Buildings & Services,False
District 2 Pre-K Center at 2-26 Washington St (M391),Manhattan,MANHATTAN,1.0,New York,40.70511839,-74.01559192,1.0,Public Schools,False
JFK INTERNATIONAL AIRPORT,Queens,QUEENS,4.0,New York,40.64831283,-73.7882815,28.0,Ferries & Other Transportation,False
New Amsterdam Theater,Manhattan,MANHATTAN,1.0,New York,40.7563169,-73.98765183,1.0,Performance Venues,False
P.S. 144 Col Jeromus Remsen,Queens,QUEENS,4.0,New York,40.71527346,-73.85241132,1.0,Public Schools,False
Bayside High School,Queens,QUEENS,4.0,New York,40.77174691,-73.78029496,1.0,School,False
"Soulcycle, Inc",Manhattan,MANHATTAN,1.0,New York,40.78165256,-73.9794251,1.0,Health Clubs & Gyms,False
69th Tenants Corp,Manhattan,MANHATTAN,1.0,New York,40.76821287,-73.96300662,5.0,Businesses & Commercial Spaces,False
The Global Learning Collaborative,Manhattan,MANHATTAN,1.0,New York,40.78579617,-73.9746138,1.0,Public Schools,False
"The Empire State Building Company, LLC",Manhattan,MANHATTAN,1.0,New York,40.7482689007,-73.98469027358,1.0,Businesses & Commercial Spaces,False
P.S. 162 John Golden,Queens,QUEENS,4.0,New York,40.74902802,-73.77721218,1.0,Public Schools,False
Urban Scholars Community School,Bronx,BRONX,2.0,New York,40.82841218,-73.90072055,1.0,School,False
"Jack Resnick & Sons, Inc.",Manhattan,MANHATTAN,1.0,New York,40.77299021,-73.9521149,1.0,Businesses & Commercial Spaces,False
Brookfield Properties - New York - One Manhattan,Manhattan,MANHATTAN,1.0,New York,40.75227175,-73.99712339,8.0,Businesses & Commercial Spaces,False
"Mutual Redevelopment Houses, Inc",Manhattan,MANHATTAN,1.0,New York,40.7491235,-73.99701886,1.0,Businesses & Commercial Spaces,False
Philips Returns AED,Manhattan,QUEENS,4.0,New York,40.70847218,-73.80006469,1.0,Businesses & Commercial Spaces,True
Battery Park City School,Manhattan,MANHATTAN,1.0,New York,40.70643282,-74.01781763,1.0,School,False
Anchin Block & Anchin,Manhattan,MANHATTAN,1.0,New York,40.7523205,-73.98746128,1.0,Businesses & Commercial Spaces,False
Brownsville Recreation Center,Brooklyn,BROOKLYN,3.0,New York,40.65546372,-73.90285303,1.0,Parks & Recreation,False
Pelham Fitz Senior Centers,Manhattan,MANHATTAN,1.0,New York,40.80481537,-73.94545638,1.0,Senior Centers,False
P.S. 056 Harry Eichler,Queens,QUEENS,4.0,New York,40.69918224,-73.83529856,1.0,Public Schools,False
J.H.S. 104 Simon Baruch,Manhattan,MANHATTAN,1.0,New York,40.73608704,-73.98066248,1.0,Public Schools,False
"WIN - Women in Need, Inc. (Harriet Tubman)",Queens,QUEENS,4.0,New York,40.60172573,-73.74901529,1.0,Health & Social Services,False
Wave Preparatory Elementary School,Queens,QUEENS,4.0,New York,40.59929166,-73.75820706,1.0,School,False
Morgan Stanley - ISG - New York Metro - 750 7th Ave - Floor: 16,Manhattan,MANHATTAN,1.0,New York,40.76074642,-73.98352505,1.0,Businesses & Commercial Spaces,False
P.S. 330 - Queens,Queens,QUEENS,4.0,New York,40.75787255,-73.8592001,1.0,Public Schools,False
"WIN - Women in Need, Inc. (East River Family)",Manhattan,MANHATTAN,1.0,New York,40.78899052,-73.9426273,1.0,Health & Social Services,False
"Marsh & McLennan - Lippincott - New York, NY",Manhattan,MANHATTAN,1.0,New York,40.7628077,-73.96985756,2.0,Businesses & Commercial Spaces,False
Morgan Stanley - ISG - New York Metro - 750 7th Ave - Floor: 4,Manhattan,MANHATTAN,1.0,New York,40.76074642,-73.98352505,1.0,Businesses & Commercial Spaces,False
P469X @ X855 (X855),Bronx,BRONX,2.0,New York,40.8072682,-73.91644402,1.0,Public Schools,False
The Port Authority of New York & New Jersey - NYMT,Brooklyn,BROOKLYN,3.0,New York,40.68868924,-74.00094473,7.0,Ferries & Other Transportation,False
The Bay Terrace,Queens,QUEENS,4.0,New York,40.77827637,-73.77727282,1.0,Businesses & Commercial Spaces,False
Loeb & Loeb LLP,Manhattan,MANHATTAN,1.0,New York,40.75816441,-73.97324549,1.0,Businesses & Commercial Spaces,False
"Abramson Brothers, Inc. Realty Investments",Manhattan,MANHATTAN,1.0,New York,40.75754558,-73.98065983,1.0,Businesses & Commercial Spaces,False
"Walt Disney/ABC, Inc.",Manhattan,MANHATTAN,1.0,New York,40.77566742,-73.98750381,1.0,Businesses & Commercial Spaces,False
Rosalyn Yalow Charter School,Bronx,BRONX,2.0,New York,40.82085854,-73.92606286,1.0,School,False
P.S. 069 Daniel D. Tompkins,Staten Island,STATEN ISLAND,5.0,New York,40.59146064,-74.15670428,1.0,Public Schools,False
P.S. 092 Harry T. Stewart Sr.,Queens,QUEENS,4.0,New York,40.75541114,-73.86901587,1.0,Public Schools,False
J.H.S. 123 James M. Kieran,Bronx,BRONX,2.0,New York,40.82539659,-73.87366518,1.0,Public Schools,False
Hyatt Hotels & Resorts - Andaz-5th Ave,Manhattan,MANHATTAN,1.0,New York,40.75300584,-73.98121339,2.0,Businesses & Commercial Spaces,False
Brilla College Prep Middle School (Grades 5-8),Bronx,BRONX,2.0,New York,40.80951965,-73.92551558,1.0,School,False
14 East 75th Street Inc.,Manhattan,MANHATTAN,1.0,New York,40.77401033,-73.96470392,1.0,Businesses & Commercial Spaces,False
Fordham University Bronx Location,Bronx,BRONX,2.0,New York,40.86072673616,-73.88953366191,1.0,Colleges & Universities,False
HSBC,Manhattan,MANHATTAN,1.0,New York,40.75178192,-73.98275128,11.0,Businesses & Commercial Spaces,False
Bedford Stuyvesant New Beginnings Charter School,Brooklyn,BROOKLYN,3.0,New York,40.69467223,-73.93738968,1.0,School,False
P.S. 130 Abram Stevens Hewitt,Bronx,BRONX,2.0,New York,40.81771463,-73.90242017,1.0,Public Schools,False
"Jack Resnick & Sons, Inc.",Manhattan,MANHATTAN,1.0,New York,40.80445875,-73.9352596,1.0,Businesses & Commercial Spaces,False
P.S. 007 Samuel Stern,Manhattan,MANHATTAN,1.0,New York,40.80099986,-73.9393481,1.0,Public Schools,False
P.S. 096 Queens,Queens,QUEENS,4.0,New York,40.67498358,-73.8083707,1.0,Public Schools,False
Jack and Pearl Resnick Campus,Bronx,BRONX,2.0,New York,40.85117554,-73.84482139,1.0,School,False
Gumley Haft,Manhattan,MANHATTAN,1.0,New York,40.76946947,-73.98512222,1.0,Businesses & Commercial Spaces,False
Department of Citywide Administrative Services,Manhattan,MANHATTAN,1.0,New York,40.71371602,-74.00358556,1.0,Government Buildings & Services,False
Maria Gallagher,Queens,QUEENS,4.0,New York,40.71108883,-73.82050168,10.0,School,False
P.S. 019 Marino Jeantet,Queens,QUEENS,4.0,New York,40.74910061,-73.86636118,1.0,Public Schools,False
Crotona International High School,Bronx,BRONX,2.0,New York,40.85569163,-73.88271344,1.0,School,False
Loeb & Loeb LLP,Manhattan,MANHATTAN,1.0,New York,40.75816441,-73.97324549,1.0,Businesses & Commercial Spaces,False
Verizon Wireless,Brooklyn,BROOKLYN,3.0,New York,40.68969781,-73.98134308,1.0,Businesses & Commercial Spaces,False
Bridge Street Senior Centers,Brooklyn,BROOKLYN,3.0,New York,40.68505449,-73.93246621,1.0,Senior Centers,False
EBC High School for Public Service - Bushwick,Brooklyn,BROOKLYN,3.0,New York,40.69449997,-73.92910649,1.0,School,False
Brookfield Properties - New York - 333W 34th Street,Manhattan,MANHATTAN,1.0,New York,40.75264494,-73.99453549,4.0,Businesses & Commercial Spaces,False
Fisher Brothers,Manhattan,MANHATTAN,1.0,New York,40.74990309,-73.97506063,1.0,Businesses & Commercial Spaces,False
Morgan Stanley - CMP072 - 399 Park - New York NY 399 - Floor: 23,Manhattan,MANHATTAN,1.0,New York,40.75953381,-73.97224506,1.0,Businesses & Commercial Spaces,False
DREAM Charter High School,Bronx,BRONX,2.0,New York,40.80735885,-73.92876185,1.0,School,False
Vornado Office Management LLC,Manhattan,MANHATTAN,1.0,New York,40.74606173,-73.98207068,1.0,Businesses & Commercial Spaces,False
10 & 20 Bay Street Co-Op Board,Staten Island,STATEN ISLAND,5.0,New York,40.63792795,-74.07427413,2.0,Businesses & Commercial Spaces,False
J.H.S. 014 Shell Bank,Brooklyn,BROOKLYN,3.0,New York,40.59351346,-73.93767213,1.0,Public Schools,False
I.S. 528 Bea Fuller Rodgers School,Manhattan,MANHATTAN,1.0,New York,40.85050408,-73.93448445,1.0,School,False
Fordham University Bronx Location,Bronx,BRONX,2.0,New York,40.86072674,-73.88953366,1.0,Colleges & Universities,False
Francis Lewis High School - Annex,Queens,QUEENS,4.0,New York,40.74071593,-73.79282959,1.0,School,False
J.H.S. 050 John D. Wells,Brooklyn,BROOKLYN,3.0,New York,40.71169728,-73.96027507,1.0,Public Schools,False
Queens Preparatory Academy,Queens,QUEENS,4.0,New York,40.66822698,-73.75683872,1.0,School,False
Equinox,Manhattan,MANHATTAN,1.0,New York,40.75919751,-73.97833472,3.0,Health Clubs & Gyms,False
Three World Trade Center,Manhattan,MANHATTAN,1.0,New York,40.71096789,-74.01235777,1.0,Businesses & Commercial Spaces,False
A-Tech High School,Brooklyn,BROOKLYN,3.0,New York,40.7219738,-73.9532809,1.0,School,False
"Sunbelt Rentals, Inc - 1397",Bronx,BRONX,2.0,New York,40.82289272,-73.83813462,1.0,Businesses & Commercial Spaces,False
"Estee Lauder Companies, Inc.",Manhattan,MANHATTAN,1.0,New York,40.72619643,-73.99517265,1.0,Businesses & Commercial Spaces,False
Young Women's Leadership School - Jamaica,Queens,QUEENS,4.0,New York,40.70751966,-73.80641206,1.0,School,False
P.S. 105 Sen Abraham Bernstein,Bronx,BRONX,2.0,New York,40.85239137,-73.86661554,1.0,Public Schools,False
P.S./I.S. 295 Queens,Queens,QUEENS,4.0,New York,40.72061071,-73.73199617,1.0,Public Schools,False
Brooklyn South Field Support Center (Ocean Avenue),Brooklyn,BROOKLYN,3.0,New York,40.61890816,-73.95511472,1.0,Public Schools,False
J.H.S. 143 Eleanor Roosevelt,Manhattan,MANHATTAN,1.0,New York,40.84890183,-73.93094738,1.0,Public Schools,False
Renaissance Charter School,Queens,QUEENS,4.0,New York,40.75130343,-73.88553269,1.0,School,False
Creo College Preparatory Charter School,Bronx,BRONX,2.0,New York,40.81604003,-73.91976395,1.0,School,False
Toyota North America,Manhattan,MANHATTAN,1.0,New York,40.76324802,-73.97463325,1.0,Businesses & Commercial Spaces,False
Barnard College,Manhattan,MANHATTAN,1.0,New York,40.80907951,-73.96312109,1.0,Colleges & Universities,False
Equinox,Manhattan,MANHATTAN,1.0,New York,40.78146869,-73.97955515,1.0,Health Clubs & Gyms,False
Morgan Stanley - 1585 Broadway,Manhattan,MANHATTAN,1.0,New York,40.76020869,-73.98533366,1.0,Businesses & Commercial Spaces,False
Staten Island School of Civic Leadership,Staten Island,STATEN ISLAND,5.0,New York,40.62066832,-74.16427642,1.0,School,False
Boys And Girls High School,Brooklyn,BROOKLYN,3.0,New York,40.67943315,-73.93240703,1.0,School,False
M. McLeod Bethune Senior Centers,Manhattan,MANHATTAN,1.0,New York,40.83327379,-73.94173975,1.0,Senior Centers,False
P.S. 127 McKinley Park,Brooklyn,BROOKLYN,3.0,New York,40.6242156,-74.0187178,1.0,Public Schools,False
Rose Building,Manhattan,MANHATTAN,1.0,New York,40.76948571,-73.98345068,1.0,Businesses & Commercial Spaces,False
P.S./I.S. 187 Hudson Cliffs,Manhattan,MANHATTAN,1.0,New York,40.85673332,-73.93705578,1.0,Public Schools,False
P.S. 108 Captain Vincent G. Fowler,Queens,QUEENS,4.0,New York,40.67957633,-73.83154712,1.0,Public Schools,False
Hugh Gilroy Senior Centers,Brooklyn,BROOKLYN,3.0,New York,40.67523448,-73.92493069,1.0,Senior Centers,False
Manhattan International High School,Manhattan,MANHATTAN,1.0,New York,40.76535184,-73.96005883,1.0,School,False
Lyceum Theater,Manhattan,MANHATTAN,1.0,New York,40.75736221,-73.9840962,1.0,Performance Venues,False
Worldwide Plaza,Manhattan,MANHATTAN,1.0,New York,40.76206701,-73.98627542,1.0,Businesses & Commercial Spaces,False
"Time, Inc.",Manhattan,MANHATTAN,1.0,New York,40.76028202,-73.98015728,1.0,Businesses & Commercial Spaces,False
P.S. 073 Bronx,Bronx,BRONX,2.0,New York,40.83269985,-73.92683743,1.0,Public Schools,False
The Churchill School,Manhattan,MANHATTAN,1.0,New York,40.74157883,-73.97801208,5.0,School,False
Bronx Charter School for Children - Middle School,Bronx,BRONX,2.0,New York,40.80869382,-73.92190052,1.0,School,False
Office of Safety and Youth Development [335 Adams],Brooklyn,BROOKLYN,3.0,New York,40.69355794,-73.98890761,1.0,Government Buildings & Services,False
Howard Beach Senior Centers,Queens,QUEENS,4.0,New York,40.66186417,-73.84922472,1.0,Senior Centers,False
Jacob K. Javits Convention Center,Manhattan,MANHATTAN,1.0,New York,40.75655629,-74.00380806,1.0,Performance Venues,False
Practicing Law Institute,Manhattan,MANHATTAN,1.0,New York,40.76263186,-73.98214562,4.0,Businesses & Commercial Spaces,False
Midwood High School,Brooklyn,BROOKLYN,3.0,New York,40.63322956,-73.95292894,1.0,School,False
Department of Citywide Administrative Services,Manhattan,MANHATTAN,1.0,New York,40.71325748,-74.00706286,1.0,Government Buildings & Services,False
Thurgood Marshall Academy for Learning and Social Change,Manhattan,MANHATTAN,1.0,New York,40.81544236,-73.94406035,1.0,School,False
P.S. K315,Brooklyn,BROOKLYN,3.0,New York,40.63322477,-73.9546547,1.0,Public Schools,False
Zeta Charter School - Mount Eden Early Childhood (Pre-K - Kindergarten),Bronx,BRONX,2.0,New York,40.83870817,-73.91879324,1.0,Public Schools,False
Saint David's School,Manhattan,MANHATTAN,1.0,New York,40.78318667,-73.95839426,1.0,School,False
Morgan Stanley - ISG - New York Metro - 522 5th Avenue - Floor: 7,Manhattan,MANHATTAN,1.0,New York,40.75450705,-73.98014457,1.0,Businesses & Commercial Spaces,False
Canarsie Ascend Charter Middle School,Brooklyn,BROOKLYN,3.0,New York,40.63946662,-73.90891893,1.0,School,False
Hansborough Recreation Center,Manhattan,MANHATTAN,1.0,New York,40.81264315,-73.93948917,1.0,Parks & Recreation,False
Broome Street Academy Charter High School,Manhattan,MANHATTAN,1.0,New York,40.72389632,-74.00469008,1.0,School,False
CAB East Concourse Senior Centers,Bronx,BRONX,2.0,New York,40.84892961,-73.90456101,1.0,Senior Centers,False
Selfhelp Prince Street Senior Centers,Queens,QUEENS,4.0,New York,40.76196015,-73.83307067,1.0,Senior Centers,False
International Leadership Charter School,Bronx,BRONX,2.0,New York,40.88084694,-73.90995395,1.0,School,False
District 27 Pre-K Center at Q474 (Q474),Queens,QUEENS,4.0,New York,40.68565949,-73.83776232,1.0,Public Schools,False
P.S. 330 - Queens,Queens,QUEENS,4.0,New York,40.75787255,-73.8592001,1.0,Public Schools,False
East Side Middle School,Manhattan,MANHATTAN,1.0,New York,40.78069868,-73.94855265,1.0,School,False
"Walt Disney/ABC, Inc.",Manhattan,MANHATTAN,1.0,New York,40.77566742,-73.98750381,1.0,Businesses & Commercial Spaces,False
The Anderson School,Manhattan,MANHATTAN,1.0,New York,40.78081492,-73.97685443,1.0,Public Schools,False
Bronxwood Preparatory Academy,Bronx,BRONX,2.0,New York,40.8878253,-73.85269224,2.0,Public Schools,False
Macy's Inc. - #006: Kings Plaza,Brooklyn,BROOKLYN,3.0,New York,40.6110969,-73.92047943,1.0,Businesses & Commercial Spaces,False
Artisan Partners - New York - 745 5th Avenue,Manhattan,MANHATTAN,1.0,New York,40.76331917,-73.97369465,1.0,Businesses & Commercial Spaces,False
Brooklyn Collegiate: A College Board School,Brooklyn,BROOKLYN,3.0,New York,40.6740954,-73.91327323,1.0,School,False
Manhattan Center for Science and Mathematics,Manhattan,MANHATTAN,1.0,New York,40.79446964,-73.93356468,1.0,Public Schools,False
Morgan Stanley - 1633 Broadway,Manhattan,MANHATTAN,1.0,New York,40.76156716,-73.98396163,1.0,Businesses & Commercial Spaces,False
Jacqueline Kennedy Onassis High School,Manhattan,MANHATTAN,1.0,New York,40.75772163,-73.98307821,1.0,School,False
High School for Medical Professions,Brooklyn,BROOKLYN,3.0,New York,40.64146682,-73.89825407,1.0,School,False
Con Edison - 30 Flatbush Avenue,Brooklyn,BROOKLYN,3.0,New York,40.68811941,-73.98041682,2.0,Businesses & Commercial Spaces,False
East Flatbush Ascend Charter School (EFACS),Brooklyn,BROOKLYN,3.0,New York,40.65251617,-73.93919169,1.0,School,False
Fordham University Bronx Location,Bronx,BRONX,2.0,New York,40.86072673616,-73.88953366191,1.0,Colleges & Universities,False
J.H.S. 210 Elizabeth Blackwell,Queens,QUEENS,4.0,New York,40.68385028,-73.84746937,1.0,Public Schools,False
Our World Neighborhood Charter School II,Queens,QUEENS,4.0,New York,40.6720679,-73.85671788,1.0,School,False
Cooperative Technical HS (Coop Tech),Manhattan,MANHATTAN,1.0,New York,40.78363147,-73.94562546,1.0,School,False
High School for Climate Justice,Manhattan,MANHATTAN,1.0,New York,40.78361775,-73.94563631,1.0,School,False
Morgan Stanley - ISG - New York Metro - 750 7th Avenue - Floor: Building,Manhattan,MANHATTAN,1.0,New York,40.76074642,-73.98352505,1.0,Businesses & Commercial Spaces,False
Rosehill Academy - Annex,Bronx,BRONX,2.0,New York,40.85737143,-73.90338481,1.0,School,False
Lincoln Senior Centers,Manhattan,MANHATTAN,1.0,New York,40.81160314,-73.93493472,1.0,Senior Centers,False
P.S. 064 Robert Simon,Manhattan,MANHATTAN,1.0,New York,40.72442741,-73.98152092,1.0,Public Schools,False
Information Technology High School,Queens,QUEENS,4.0,New York,40.74869381,-73.94637952,1.0,School,False
New York City Charter School of the Arts,Manhattan,MANHATTAN,1.0,New York,40.70536032,-74.01246493,1.0,School,False
1095 Park Avenue Corp,Manhattan,MANHATTAN,1.0,New York,40.78191767,-73.95591436,1.0,Businesses & Commercial Spaces,False
New Utrecht High School,Brooklyn,BROOKLYN,3.0,New York,40.61325441,-74.00340366,1.0,School,False
P.S. 159 Queens,Queens,QUEENS,4.0,New York,40.76935217,-73.78394201,1.0,Public Schools,False
"Walt Disney/ABC, Inc.",Manhattan,MANHATTAN,1.0,New York,40.77324011,-73.98069136,1.0,Businesses & Commercial Spaces,False
Kingsborough Community College,Brooklyn,BROOKLYN,3.0,New York,40.57848969,-73.9348999,2.0,Colleges & Universities,False
P036K - Main Site (K857),Brooklyn,BROOKLYN,3.0,New York,40.66012631,-73.88702334,1.0,Public Schools,False
"Bailey House, Inc",Manhattan,MANHATTAN,1.0,New York,40.79507624,-73.97491001,1.0,Health & Social Services,False
P.S. 121 Queens,Queens,QUEENS,4.0,New York,40.68404262,-73.8158334,1.0,Public Schools,False
P.S. 176 Ovington,Brooklyn,BROOKLYN,3.0,New York,40.62456285,-74.00531349,1.0,Public Schools,False
Passages Academy - Crossroads - Secure Juvenile Detention Center (APPOINTMENT NEEDED),Brooklyn,BROOKLYN,3.0,New York,40.67073828,-73.91293155,1.0,School,False
School in the Square Elementary School,Manhattan,MANHATTAN,1.0,New York,40.86881658,-73.92083895,1.0,School,False
P.S. 452 Manhattan,Manhattan,MANHATTAN,1.0,New York,40.77195924,-73.98742869,1.0,Public Schools,False
P.S./I.S. 210 - Twenty-first Century Academy for Community Leadership,Manhattan,MANHATTAN,1.0,New York,40.82980867,-73.94474924,1.0,Public Schools,False
MatlinPatterson,Manhattan,MANHATTAN,1.0,New York,40.76062078,-73.9724648,1.0,Businesses & Commercial Spaces,False
P.S. 150 Manhattan,Manhattan,MANHATTAN,1.0,New York,40.70697138,-74.01350761,1.0,Public Schools,False
McClancy High School,Queens,QUEENS,4.0,New York,40.75816165,-73.89608262,1.0,School,False
I.S. 145 Joseph Pulitzer,Queens,QUEENS,4.0,New York,40.7546536,-73.88711146,1.0,Public Schools,False
P.S. 032 Belmont,Bronx,BRONX,2.0,New York,40.8520855,-73.88588995,1.0,Public Schools,False
P.S. 191 Mayflower,Queens,QUEENS,4.0,New York,40.73430911,-73.70913615,1.0,Public Schools,False
High School of Economics and Finance,Manhattan,MANHATTAN,1.0,New York,40.70918932,-74.01202199,1.0,Public Schools,False
P.S. 185 - The Locke School of Arts and Engineering,Manhattan,MANHATTAN,1.0,New York,40.79851791,-73.94923952,1.0,Public Schools,False
Eisner Amper LLP,Manhattan,MANHATTAN,1.0,New York,40.75371493,-73.97230885,1.0,Businesses & Commercial Spaces,False
I.S. 093 Ridgewood,Queens,QUEENS,4.0,New York,40.70603325,-73.90258428,1.0,Public Schools,False
Brooklyn Secondary School for Collaborative Studies,Brooklyn,BROOKLYN,3.0,New York,40.68006241,-74.00137725,1.0,School,False
"Deloitte - New York, NY - 1221 Ave of the Americas",Manhattan,MANHATTAN,1.0,New York,40.75909387,-73.98213574,3.0,Businesses & Commercial Spaces,False
"Sidley Austin LLP - NY, NY",Manhattan,MANHATTAN,1.0,New York,40.76194849,-73.9826223,13.0,Businesses & Commercial Spaces,False
P.S. 230 Doris L. Cohen Upper School,Brooklyn,BROOKLYN,3.0,New York,40.64500999,-73.98076105,1.0,Public Schools,False
Rose Building,Manhattan,MANHATTAN,1.0,New York,40.76948571,-73.98345068,1.0,Businesses & Commercial Spaces,False
JLL - 866 UN Plaza,Manhattan,MANHATTAN,1.0,New York,40.7529175,-73.96683382,1.0,Businesses & Commercial Spaces,False
Amster Rothstein & Ebenstein,Manhattan,MANHATTAN,1.0,New York,40.75049672,-73.97886451,1.0,Businesses & Commercial Spaces,False
"Science, Technology and Research Early College High School at Erasmus",Brooklyn,BROOKLYN,3.0,New York,40.64978002,-73.95854985,1.0,Public Schools,False
Jack and Pearl Resnick Campus,Bronx,BRONX,2.0,New York,40.85117554,-73.84482139,1.0,School,False
"Cravath, Swaine & Moore, LLP",Manhattan,MANHATTAN,1.0,New York,40.76206701,-73.98627542,1.0,Businesses & Commercial Spaces,False
"Carter, Ledyard, & Milburn LLP",Manhattan,MANHATTAN,1.0,New York,40.70771816,-74.01163218,1.0,Businesses & Commercial Spaces,False
Girl Scouts of the USA,Manhattan,MANHATTAN,1.0,New York,40.75080205,-73.98284538,1.0,Businesses & Commercial Spaces,False
New York Aquarium,Brooklyn,BROOKLYN,3.0,New York,40.57517621,-73.97579926,1.0,Zoos & Aquariums,False
P.S. 075 Emily Dickinson,Manhattan,MANHATTAN,1.0,New York,40.79514998,-73.97329197,1.0,Public Schools,False
Emblaze Academy Charter School,Bronx,BRONX,2.0,New York,40.82036689,-73.88828217,1.0,School,False
UBS Financial Services Inc,Manhattan,MANHATTAN,1.0,New York,40.75644922,-73.97449508,1.0,Businesses & Commercial Spaces,False
Eleven Times Square,Manhattan,MANHATTAN,1.0,New York,40.75689078,-73.9900232,17.0,Businesses & Commercial Spaces,False
"Intouch Solutions - New York, NY",Manhattan,MANHATTAN,1.0,New York,40.75190354,-73.98994094,2.0,Businesses & Commercial Spaces,False
Elm Community Charter School,Queens,QUEENS,4.0,New York,40.73732599,-73.88444178,1.0,School,False
Bronx Charter School for Children - Middle School,Bronx,BRONX,2.0,New York,40.80869382,-73.92190052,1.0,School,False
Department of Citywide Administrative Services,Queens,QUEENS,4.0,New York,40.70360942,-73.80868483,1.0,Government Buildings & Services,False
Rudin Management aaf The State-Whitehall Co.,Manhattan,MANHATTAN,1.0,New York,40.70303785,-74.01566717,1.0,Businesses & Commercial Spaces,False
I.S. 419 Middle School,Queens,QUEENS,4.0,New York,40.75989271,-73.85921747,1.0,School,False
A. Philip Randolph Campus High School,Manhattan,MANHATTAN,1.0,New York,40.81818176,-73.9503553,1.0,Public Schools,False
Equinox,Manhattan,MANHATTAN,1.0,New York,40.77431886,-73.98105571,3.0,Health Clubs & Gyms,False
Equinox,Manhattan,MANHATTAN,1.0,New York,40.72729159,-73.9951834,2.0,Health Clubs & Gyms,False
New York Congregation Nursing Center,Brooklyn,BROOKLYN,3.0,New York,40.65242696,-73.95389199,2.0,Nursing Homes,False
P.S. 069 Jackson Heights,Queens,QUEENS,4.0,New York,40.74925906,-73.88881693,1.0,Public Schools,False
P.S. 21 Margaret Emery-Elm Park,Staten Island,STATEN ISLAND,5.0,New York,40.63151519,-74.14429716,1.0,Public Schools,False
It Takes a Village Academy,Brooklyn,BROOKLYN,3.0,New York,40.64864945,-73.92217147,1.0,School,False
P.S. 107 Thomas A Dooley,Queens,QUEENS,4.0,New York,40.75600552,-73.7997049,1.0,Public Schools,False
RAICES Times Plaza Senior Centers,Brooklyn,BROOKLYN,3.0,New York,40.68628909,-73.98322261,1.0,Senior Centers,False
Brooklyn School of Inquiry,Brooklyn,BROOKLYN,3.0,New York,40.60730298,-73.98659547,1.0,School,False
Morgan Stanley - 750 7th Avenue - Floor: 31,Manhattan,MANHATTAN,1.0,New York,40.76074642,-73.98352505,1.0,Businesses & Commercial Spaces,False
Morgan Stanley - 1 NY Plaza,Manhattan,MANHATTAN,1.0,New York,40.70253319,-74.01256178,1.0,Businesses & Commercial Spaces,False
"Walt Disney/ABC, Inc.",Manhattan,MANHATTAN,1.0,New York,40.77390445,-73.98133383,1.0,Businesses & Commercial Spaces,False
Bronx Bridges High School,Bronx,BRONX,2.0,New York,40.82228268,-73.85616557,1.0,School,False
Townsend Harris High School,Queens,QUEENS,4.0,New York,40.73438791,-73.82143097,1.0,School,False
P.S. 006 Lillie D. Blake,Manhattan,MANHATTAN,1.0,New York,40.77744821,-73.9607123,1.0,Public Schools,False
"Time, Inc.",Manhattan,MANHATTAN,1.0,New York,40.76028202,-73.98015728,1.0,Businesses & Commercial Spaces,False
CITY HALL,Manhattan,MANHATTAN,1.0,New York,40.71279916,-74.00609609,1.0,Government Buildings & Services,False
P.S. 333 Manhattan School for Children,Manhattan,MANHATTAN,1.0,New York,40.79170197,-73.97080146,1.0,Public Schools,False
Cord Meyer,Queens,QUEENS,4.0,New York,40.72115997,-73.84336477,1.0,Businesses & Commercial Spaces,False
P.S. 005 Huguenot,Staten Island,STATEN ISLAND,5.0,New York,40.53016124,-74.1876332,1.0,Public Schools,False
"WIN - Women in Need, Inc. (LaGuardia Family)",Queens,QUEENS,4.0,New York,40.76871133,-73.86821342,1.0,Health & Social Services,False
District 20 Pre-K Center at 8501 5th Avenue (K453),Brooklyn,BROOKLYN,3.0,New York,40.62203214,-74.02573433,1.0,Public Schools,False
"Soulcycle, Inc",Brooklyn,BROOKLYN,3.0,New York,40.71820361,-73.96399767,1.0,Health Clubs & Gyms,False
American Museum of Natural History,Manhattan,MANHATTAN,1.0,New York,40.78130521,-73.972254,1.0,Museums,False
Queens Gateway to Health Sciences Secondary School,Queens,QUEENS,4.0,New York,40.71882279,-73.80649814,1.0,School,False
Academy for New Americans,Queens,QUEENS,4.0,New York,40.76729837,-73.92324529,1.0,Public Schools,False
P.S. 253 Queens,Queens,QUEENS,4.0,New York,40.60728204,-73.74940128,1.0,Public Schools,False
Morgan Stanley - E52,Manhattan,MANHATTAN,1.0,New York,40.75882057,-73.97397799,2.0,Businesses & Commercial Spaces,False
District 23 Superintendents Office,Brooklyn,BROOKLYN,3.0,New York,40.67166723,-73.91830166,1.0,Government Buildings & Services,False
Brooklyn Prospect Charter - Sunset Yards Elementary School,Brooklyn,BROOKLYN,3.0,New York,40.65327042,-74.00722226,1.0,School,False
ReStart @ Adolescent Skills Center II - Queens,Queens,QUEENS,4.0,New York,40.74985224,-73.93594448,1.0,School,False
P.S./I.S. 30 Mary White Ovington,Brooklyn,BROOKLYN,3.0,New York,40.63358257,-74.02394818,1.0,Public Schools,False
P.S. 038 The Pacific,Brooklyn,BROOKLYN,3.0,New York,40.68525697,-73.98263875,1.0,Public Schools,False
QBE,Manhattan,MANHATTAN,1.0,New York,40.70360119,-74.00969108,8.0,Businesses & Commercial Spaces,False
MARKS PANETH-NYC,Manhattan,MANHATTAN,1.0,New York,40.75161005,-73.9738184,1.0,Businesses & Commercial Spaces,False
I.S. 250 The Robert F. Kennedy Community Middle School,Queens,QUEENS,4.0,New York,40.7244503,-73.81021581,1.0,School,False
"Nederlander Producing Company of America, Inc. - Atkinson Theatre Company",Manhattan,MANHATTAN,1.0,New York,40.75992885,-73.98638054,1.0,Performance Venues,False
Edward A. Reynolds West Side High School,Manhattan,MANHATTAN,1.0,New York,40.79273391,-73.94742736,1.0,Public Schools,False
Rockefeller University,Manhattan,MANHATTAN,1.0,New York,40.76312728,-73.95645028,1.0,Colleges & Universities,False
District 2 Pre-K Center at 10 Reade Street (M453),Manhattan,MANHATTAN,1.0,New York,40.71389166,-74.00416272,1.0,Public Schools,False
NYC DOE 65 Court Street,Brooklyn,BROOKLYN,3.0,New York,40.6920046,-73.99122654,1.0,Government Buildings & Services,False
P.S. 205 Clarion,Brooklyn,BROOKLYN,3.0,New York,40.61526292,-73.98714855,1.0,Public Schools,False
RAIN Boston Road Senior Centers,Bronx,BRONX,2.0,New York,40.87011873,-73.85458648,1.0,Senior Centers,False
P.S. 044 Thomas C. Brown,Staten Island,STATEN ISLAND,5.0,New York,40.63178197,-74.15643905,1.0,Public Schools,False
"Interpublic Group of Companies, Inc",Manhattan,MANHATTAN,1.0,New York,40.75873689,-73.96861769,1.0,Businesses & Commercial Spaces,False
Trump World Tower Condominium,Manhattan,MANHATTAN,1.0,New York,40.75207229,-73.96746948,1.0,Businesses & Commercial Spaces,False
Brooklyn North Borough Field Support Center,Brooklyn,BROOKLYN,3.0,New York,40.69073628,-73.98860518,1.0,Public Schools,False
Alfred E. Smith Career and Technical Education High School,Bronx,BRONX,2.0,New York,40.81822492,-73.91986607,1.0,School,False
"Outten & Golden,",Manhattan,MANHATTAN,1.0,New York,40.75161005,-73.9738184,1.0,Businesses & Commercial Spaces,False
Neighborhood Charter School - Harlem @ 421 West 145th Street,Manhattan,MANHATTAN,1.0,New York,40.82432226,-73.94543672,1.0,School,False
P.S. 160 Walter Francis Bishop,Queens,QUEENS,4.0,New York,40.68809555,-73.80041449,1.0,Public Schools,False
Pathways to Graduation @ Staten Island Neon,Staten Island,STATEN ISLAND,5.0,New York,40.63367295,-74.07515929,1.0,School,False
Department of Citywide Administrative Services,Staten Island,STATEN ISLAND,5.0,New York,40.64289977,-74.07688852,1.0,Government Buildings & Services,False
NYC Department for the Aging,Manhattan,MANHATTAN,1.0,New York,40.71371602,-74.00358556,1.0,Government Buildings & Services,False
Institute for Health Professions at Cambria Heights,Queens,QUEENS,4.0,New York,40.69781088,-73.74572742,1.0,Public Schools,False
The Museum of Modern Art,Manhattan,MANHATTAN,1.0,New York,40.76099511,-73.97720066,1.0,Museums,False
Manhattan Comprehensive Night and Day High School (MCNDHS),Manhattan,MANHATTAN,1.0,New York,40.73270884,-73.984665,1.0,School,False
AECI 2 The New York City Charter High School For Computer Engineering & Innovation,Bronx,BRONX,2.0,New York,40.83695877,-73.91738235,1.0,School,False
Eileen Dugan Senior Centers,Brooklyn,BROOKLYN,3.0,New York,40.68131124,-73.99641619,1.0,Senior Centers,False
P.S. 001 Alfred E. Smith,Manhattan,MANHATTAN,1.0,New York,40.71275263,-73.99748942,1.0,Public Schools,False
One Central Park Condominium,Manhattan,MANHATTAN,1.0,New York,40.770043,-73.98415454,1.0,Businesses & Commercial Spaces,False
Catholic Kolping Society,Manhattan,MANHATTAN,1.0,New York,40.78049784,-73.95390768,1.0,Businesses & Commercial Spaces,False
Cassidy Coles Senior Centers,Staten Island,STATEN ISLAND,5.0,New York,40.64188034,-74.09648934,1.0,Senior Centers,False
M.S. 390 Bronx,Bronx,BRONX,2.0,New York,40.85469491,-73.91319589,1.0,Public Schools,False
P.S. 254 Dag Hammarskjold,Brooklyn,BROOKLYN,3.0,New York,40.59041591,-73.95175306,1.0,Public Schools,False
Monsignor McClancy H.S.,Queens,QUEENS,4.0,New York,40.75816165,-73.89608262,1.0,Public Schools,False
P.S. 085 Judge Charles Vallone,Queens,QUEENS,4.0,New York,40.77292453,-73.9146243,1.0,Public Schools,False
"Walt Disney/ABC, Inc.",Manhattan,MANHATTAN,1.0,New York,40.75684919,-73.98597329,1.0,Businesses & Commercial Spaces,False
Equinox,Manhattan,BROOKLYN,3.0,New York,40.69230651,-73.99110029,2.0,Health Clubs & Gyms,True
Frederick Douglass Academy VIII Middle School,Brooklyn,BROOKLYN,3.0,New York,40.64725279,-73.8811137,1.0,School,False
"Vornado Office Managment, LLC",Manhattan,MANHATTAN,1.0,New York,40.75109132,-73.9929259,1.0,Businesses & Commercial Spaces,False
180 Riverside Drive,Manhattan,MANHATTAN,1.0,New York,40.79207397,-73.97724054,1.0,Businesses & Commercial Spaces,False
Urban Assembly School for the Performing Arts,Manhattan,MANHATTAN,1.0,New York,40.81524967,-73.955325,1.0,School,False
Queens Metropolitan High School,Queens,QUEENS,4.0,New York,40.71135936,-73.85669802,1.0,Public Schools,False
"Ballet Tech, NYC Public School for Dance",Manhattan,MANHATTAN,1.0,New York,40.73859694,-73.98991048,1.0,School,False
"Abramson Brothers, Inc. Realty Investments",Manhattan,MANHATTAN,1.0,New York,40.75124083,-73.98043429,1.0,Businesses & Commercial Spaces,False
Congregation Rodeph Sholom,Manhattan,MANHATTAN,1.0,New York,40.78350349,-73.97114089,1.0,Houses of Worship,False
Fordham High School For The Arts,Bronx,BRONX,2.0,New York,40.86003658,-73.88826589,1.0,School,False
Brookfield Properties - Brooklyn NY - One Metrotech Center (Jay Street),Brooklyn,BROOKLYN,3.0,New York,40.69287432,-73.98725614,4.0,Businesses & Commercial Spaces,False
The World Bank - USA - WBG / New York,Manhattan,MANHATTAN,1.0,New York,40.75318729,-73.96975726,1.0,Businesses & Commercial Spaces,False
"Vornado Office Management, LLC",Manhattan,MANHATTAN,1.0,New York,40.70789708,-74.00441122,1.0,Businesses & Commercial Spaces,False
The Metropolitan Museum of Art,Manhattan,MANHATTAN,1.0,New York,40.77345024,-73.96419876,1.0,Museums,False
P.S. 220 Edward Mandel,Queens,QUEENS,4.0,New York,40.73651674,-73.85145476,1.0,Public Schools,False
Kennedy Senior Centers,Queens,QUEENS,4.0,New York,40.75393416,-73.85726299,1.0,Senior Centers,False
Broadway Presbyterian Church,Manhattan,MANHATTAN,1.0,New York,40.80681571,-73.96510187,1.0,Houses of Worship,False
Brooklyn Frontiers High School,Brooklyn,BROOKLYN,3.0,New York,40.69013797,-73.98913175,1.0,School,False
Marymount School,Manhattan,MANHATTAN,1.0,New York,40.78686455,-73.95120209,1.0,School,False
Academy of Applied Mathematics and Technology,Bronx,BRONX,2.0,New York,40.81003314,-73.91779159,1.0,Public Schools,False
P.S. 384 - Hunters Point Elementary,Queens,QUEENS,4.0,New York,40.73907405,-73.96166242,1.0,Public Schools,False
The Windsor Terrace School,Brooklyn,BROOKLYN,3.0,New York,40.65746494,-73.97618017,1.0,School,False
Tottenville High School,Staten Island,STATEN ISLAND,5.0,New York,40.52808436,-74.19203027,1.0,Public Schools,False
Channel View School For Research,Queens,QUEENS,4.0,New York,40.58605892,-73.82262478,1.0,Public Schools,False
Epstein Becker Green,Manhattan,MANHATTAN,1.0,New York,40.7575953,-73.96945204,1.0,Businesses & Commercial Spaces,False
Harper Collins Publishers,Manhattan,MANHATTAN,1.0,New York,40.71052901297,-74.00937828022,1.0,Businesses & Commercial Spaces,False
"The Gregory Jocko Jackson School of Sports, Art, and Technology",Brooklyn,BROOKLYN,3.0,New York,40.6673695,-73.90821382,1.0,School,False
Benjamin Banneker Academy,Brooklyn,BROOKLYN,3.0,New York,40.69532473,-73.96924268,1.0,School,False
Boston Properties,Manhattan,MANHATTAN,1.0,New York,40.76401348,-73.97318899,3.0,Businesses & Commercial Spaces,False
P.S. 029 Queens,Queens,QUEENS,4.0,New York,40.77859394,-73.84318582,1.0,Public Schools,False
Cypress Hills Senior Citizen Center,Brooklyn,BROOKLYN,3.0,New York,40.68232924,-73.87677119,1.0,Senior Centers,False
"Zweig-DiMenna Associates, LLC",Manhattan,MANHATTAN,1.0,New York,40.75858322,-73.96875854,1.0,Businesses & Commercial Spaces,False
Graduate Center / CUNY,Manhattan,MANHATTAN,1.0,New York,40.74881505,-73.98426788,1.0,Colleges & Universities,False
Excellence Boys Charter School of Bedford Stuyvesant Middle Academy,Brooklyn,BROOKLYN,3.0,New York,40.68354099,-73.92618686,1.0,School,False
Columbia University - Nash Building,Manhattan,MANHATTAN,1.0,New York,40.81838455,-73.95631282,1.0,Colleges & Universities,False
"Walt Disney/ABC, Inc.",Manhattan,MANHATTAN,1.0,New York,40.77383035,-73.98138801,1.0,Businesses & Commercial Spaces,False
"Kirkland & Ellis, LLP",Manhattan,MANHATTAN,1.0,New York,40.75845753,-73.97091355,1.0,Businesses & Commercial Spaces,False
New York French American Charter School,Manhattan,MANHATTAN,1.0,New York,40.80732519,-73.95430806,1.0,School,False
Juan Morel Campos Secondary School,Brooklyn,BROOKLYN,3.0,New York,40.70361673,-73.95314594,1.0,School,False
"Cravath, Swaine & Moore, LLP",Manhattan,MANHATTAN,1.0,New York,40.76206701,-73.98627542,1.0,Businesses & Commercial Spaces,False
Lee Equity Partners,Manhattan,MANHATTAN,1.0,New York,40.76353088,-73.97535152,1.0,Businesses & Commercial Spaces,False
Bedford Park Elementary School,Bronx,BRONX,2.0,New York,40.87254479,-73.87537234,1.0,School,False
The School of Science and Applied Learning,Bronx,BRONX,2.0,New York,40.84622973,-73.88740363,1.0,School,False
P.S. 104 The Bays Water,Queens,QUEENS,4.0,New York,40.60845877,-73.7645484,1.0,Public Schools,False
P.S. 108 Sal Abbracciamento,Brooklyn,BROOKLYN,3.0,New York,40.6812609,-73.88406338,1.0,Public Schools,False
Department of Citywide Administrative Services,Manhattan,MANHATTAN,1.0,New York,40.74144376,-73.97520094,1.0,Government Buildings & Services,False
Carmel Richmond Healthcare & Rehabilitation Center,Staten Island,STATEN ISLAND,5.0,New York,40.59622848,-74.09047813,1.0,Nursing Homes,False
Brooklyn Studio Secondary School,Brooklyn,BROOKLYN,3.0,New York,40.60487175,-73.99440358,1.0,School,False
Newtown High School,Queens,QUEENS,4.0,New York,40.74111454,-73.87472057,1.0,School,False
Mott Hall High School,Manhattan,MANHATTAN,1.0,New York,40.8173654,-73.94771131,1.0,School,False
Greenberg Traurig,Manhattan,MANHATTAN,1.0,New York,40.75415504,-73.97655693,1.0,Businesses & Commercial Spaces,False
Academy of the City Middle Charter School,Queens,QUEENS,4.0,New York,40.77157504,-73.9237494,2.0,School,False
Department of Citywide Administrative Services,Brooklyn,BROOKLYN,3.0,New York,40.69801326,-73.97498635,1.0,Government Buildings & Services,False
"Roy Wilkins Recreation Center, 177th St. & Baisley Blvd.",Queens,QUEENS,4.0,New York,40.68627605,-73.76845521,1.0,Parks & Recreation,False
In-Tech Academy (M.S. / High School 368),Bronx,BRONX,2.0,New York,40.87936199,-73.90989449,1.0,Public Schools,False
Olympus Academy,Brooklyn,BROOKLYN,3.0,New York,40.64567789,-73.89889986,1.0,School,False
P.S. 130 Hernando De Soto,Manhattan,MANHATTAN,1.0,New York,40.71889544,-73.99843796,1.0,Public Schools,False
I.S. 125 Thom J. McCann Woodside,Queens,QUEENS,4.0,New York,40.74112412,-73.91894512,1.0,Public Schools,False
P.S./I.S. 295 Queens,Queens,QUEENS,4.0,New York,40.72061071,-73.73199617,1.0,Public Schools,False
P037R - Great Kills Campus (R089),Staten Island,STATEN ISLAND,5.0,New York,40.56396289,-74.15088459,1.0,School,False
Immaculate Conception School,Queens,QUEENS,4.0,New York,40.77749717,-73.91085971,1.0,School,False
Newcomers High School,Queens,QUEENS,4.0,New York,40.75134896,-73.93744448,1.0,School,False
M.S. 246 Walt Whitman,Brooklyn,BROOKLYN,3.0,New York,40.6486003,-73.95282075,1.0,Public Schools,False
The New York Botanical Garden,Bronx,BRONX,2.0,New York,40.86567757,-73.88331039,8.0,Museums,False
P753K - Brooklyn School For Career Development (K085),Brooklyn,BROOKLYN,3.0,New York,40.68252572,-73.96876907,1.0,School,False
Brownsville Ascend Charter Lower School,Brooklyn,BROOKLYN,3.0,New York,40.66859294,-73.9181216,1.0,School,False
P.S. 152 Dyckman Valley,Manhattan,MANHATTAN,1.0,New York,40.8604059,-73.92793478,1.0,Public Schools,False
Young Voices Academy of the Bronx,Bronx,BRONX,2.0,New York,40.85440811,-73.86373043,1.0,School,False
L.H. Pink Senior Centers,Brooklyn,BROOKLYN,3.0,New York,40.66920085,-73.86451402,1.0,Senior Centers,False
P721R - Richard H. Hungerford School (R086),Staten Island,STATEN ISLAND,5.0,New York,40.60874845,-74.10234414,1.0,School,False
Department of Citywide Administrative Services,Bronx,BRONX,2.0,New York,40.82604142,-73.92310138,1.0,Government Buildings & Services,False
"Investcorp International, Inc",Manhattan,MANHATTAN,1.0,New York,40.75601562,-73.97483093,1.0,Businesses & Commercial Spaces,False
Luisa Pineiro Fuentes School of Science and Discovery,Bronx,BRONX,2.0,New York,40.86929021,-73.90152343,1.0,School,False
Selfhelp Clearview Senior Centers,Queens,QUEENS,4.0,New York,40.776373,-73.78379638,1.0,Senior Centers,False
August Wilson Theater,Manhattan,MANHATTAN,1.0,New York,40.76303287,-73.98397933,1.0,Performance Venues,False
Vornado Office Management - Farley Property Manager,Manhattan,MANHATTAN,1.0,New York,40.75117384,-73.99692493,1.0,Businesses & Commercial Spaces,False
P.S. 193 Gil Hodges,Brooklyn,BROOKLYN,3.0,New York,40.62150007,-73.95047333,1.0,Public Schools,False
Great Oaks Charter School,Manhattan,MANHATTAN,1.0,New York,40.73060734,-74.00265197,1.0,School,False
P.S. 031 Bayside,Queens,QUEENS,4.0,New York,40.75705621,-73.77012129,1.0,Public Schools,False
P.S. 205 Alexander Graham Bell,Queens,QUEENS,4.0,New York,40.73766985,-73.75679,1.0,Public Schools,False
Davidson Kempner Capital Management LP,Manhattan,MANHATTAN,1.0,New York,40.76009981,-73.97476802,1.0,Businesses & Commercial Spaces,False
"Interpublic Group of Companies, Inc",Manhattan,MANHATTAN,1.0,New York,40.75317959,-73.98720847,1.0,Businesses & Commercial Spaces,False
One World Trade Plaza,Manhattan,MANHATTAN,1.0,New York,40.71327345,-74.01281992,1.0,Businesses & Commercial Spaces,False
"WIN - Women in Need, Inc. (Lenox Family)",Manhattan,MANHATTAN,1.0,New York,40.82051179,-73.93847757,1.0,Health & Social Services,False
"Curtis Mallet-Prevost, Coli & Mosie LLP",Manhattan,MANHATTAN,1.0,New York,40.75098522,-73.97848538,1.0,Businesses & Commercial Spaces,False
M.S. 358 Queens,Queens,QUEENS,4.0,New York,40.70868262,-73.79797925,1.0,Public Schools,False
The Richmond Pre-K Center at (R100) 2389 Richmond Avenue,Staten Island,STATEN ISLAND,5.0,New York,40.59030269,-74.16618532,1.0,Public Schools,False
Adacore Technologies,Manhattan,MANHATTAN,1.0,New York,40.7462875,-73.98725671,1.0,Businesses & Commercial Spaces,False
P.S. 748 Brooklyn School for Global Scholars,Brooklyn,BROOKLYN,3.0,New York,40.60722669,-74.00719925,1.0,Public Schools,False
Columbia University - School of International and Public Affairs,Manhattan,MANHATTAN,1.0,New York,40.80760964,-73.95890995,1.0,School,False
Pathways to Graduation @ Impact,Staten Island,STATEN ISLAND,5.0,New York,40.64165566,-74.07795366,1.0,School,False
Con Edison - West 59th Street (On 12th Ave),Manhattan,MANHATTAN,1.0,New York,40.77256086,-73.99362042,4.0,Businesses & Commercial Spaces,False
P.S. 361 East Flatbush Early Childhood School,Brooklyn,BROOKLYN,3.0,New York,40.63770424,-73.94815889,1.0,Public Schools,False
Business Of Sports School,Manhattan,MANHATTAN,1.0,New York,40.76336297,-73.99059981,1.0,School,False
Fedility Investments,Manhattan,MANHATTAN,1.0,New York,40.75942509,-73.97712179,1.0,Businesses & Commercial Spaces,False
P.S. 178 - Dr. Selman Waksman,Bronx,BRONX,2.0,New York,40.87588751,-73.83385751,1.0,Public Schools,False
I.S. 072 Rocco Laurie,Staten Island,STATEN ISLAND,5.0,New York,40.59299732,-74.15898712,1.0,Public Schools,False
"Jack Resnick & Sons, Inc.",Manhattan,MANHATTAN,1.0,New York,40.72465097,-74.00775316,1.0,Businesses & Commercial Spaces,False
Perkins Eastman,Manhattan,MANHATTAN,1.0,New York,40.73888801,-73.99150181,1.0,Businesses & Commercial Spaces,False
P.S. 011 Highbridge,Bronx,BRONX,2.0,New York,40.83937159,-73.92571333,1.0,Public Schools,False
Big Six Towers,Queens,QUEENS,4.0,New York,40.73992445,-73.90441824,1.0,Businesses & Commercial Spaces,False
P.S. 188 Kingsbury,Queens,QUEENS,4.0,New York,40.73616894,-73.7531582,1.0,Public Schools,False
Eisner Amper LLP,Manhattan,MANHATTAN,1.0,New York,40.75371493,-73.97230885,1.0,Businesses & Commercial Spaces,False
Uncommon Charter High School,Brooklyn,BROOKLYN,3.0,New York,40.67725102,-73.94238852,1.0,School,False
Hebrew Language Academy Charter School,Brooklyn,BROOKLYN,3.0,New York,40.61385206,-73.9121416,1.0,School,False
P.S. 032 State Street,Queens,QUEENS,4.0,New York,40.76475519,-73.79468226,1.0,Public Schools,False
I.S. 072 Rocco Laurie,Staten Island,STATEN ISLAND,5.0,New York,40.59299732,-74.15898712,1.0,Public Schools,False
J.H.S. 074 Nathaniel Hawthorne,Queens,QUEENS,4.0,New York,40.74519341,-73.76744486,1.0,Public Schools,False
Columbia University - Mudd Building,Manhattan,MANHATTAN,1.0,New York,40.80949828,-73.95963126,1.0,Colleges & Universities,False
Selfhelp Latimer Gardens Senior Centers,Queens,QUEENS,4.0,New York,40.75175783,-73.82033032,1.0,Senior Centers,False
American Girl,Manhattan,MANHATTAN,1.0,New York,40.75975736,-73.97790137,1.0,Businesses & Commercial Spaces,False
P.S. 254 - The Rosa Parks School,Queens,QUEENS,4.0,New York,40.6979536,-73.8479599,1.0,Public Schools,False
Rudin Management,Manhattan,MANHATTAN,1.0,New York,40.70321093,-74.01441211,1.0,Businesses & Commercial Spaces,False
August Martin High School,Queens,QUEENS,4.0,New York,40.6756252,-73.78334193,1.0,School,False
Drug Enforcement Administration,Manhattan,MANHATTAN,1.0,New York,40.74358988,-74.00715631,7.0,Government Buildings & Services,False
Epstein Becker Green,Manhattan,MANHATTAN,1.0,New York,40.7550112,-73.97556764,1.0,Businesses & Commercial Spaces,False
Harry S. Truman High School,Bronx,BRONX,2.0,New York,40.87408155,-73.83390182,1.0,School,False
Longwood Preparatory Academy,Bronx,BRONX,2.0,New York,40.817602,-73.897985,5.0,Public Schools,False
Equinox,Manhattan,MANHATTAN,1.0,New York,40.73005547,-74.00689146,3.0,Health Clubs & Gyms,False
MacAndrews & Forbes,Manhattan,MANHATTAN,1.0,New York,40.72867504,-74.00158753,1.0,Businesses & Commercial Spaces,False
M.S. 224 Manhattan East School for Arts & Academics,Manhattan,MANHATTAN,1.0,New York,40.78566384,-73.94254713,1.0,Public Schools,False
Tishman Speyer - The Spiral,Manhattan,MANHATTAN,1.0,New York,40.75548041,-74.00021296,1.0,Businesses & Commercial Spaces,False
Department of Citywide Administrative Services,Brooklyn,BROOKLYN,3.0,New York,40.69006659,-73.98892261,1.0,Government Buildings & Services,False
Barrymore Theater,Manhattan,MANHATTAN,1.0,New York,40.75983001,-73.98610261,1.0,Performance Venues,False
The Lexington Academy,Manhattan,MANHATTAN,1.0,New York,40.7911723,-73.9477753,1.0,School,False
P.S. 279 Herman Schreiber,Brooklyn,BROOKLYN,3.0,New York,40.64419515,-73.89226459,1.0,Public Schools,False
"US Attorneys' Office - New York (Dept of Justice) - St. Andrew's Plaza, NYC",Manhattan,MANHATTAN,1.0,New York,40.71267303,-74.00273061,2.0,Government Buildings & Services,False
"Bailey House, Inc",Manhattan,MANHATTAN,1.0,New York,40.73242672,-74.00992261,1.0,Health & Social Services,False
P138M @ M380 (M380),Manhattan,MANHATTAN,1.0,New York,40.83049748,-73.94449572,1.0,Public Schools,False
The Port Authority of New York & New Jersey - Battery Park City Ferry Terminal,Manhattan,MANHATTAN,1.0,New York,40.71445337,-74.01547868,2.0,Ferries & Other Transportation,False
UM NY Global Headquarters,Manhattan,MANHATTAN,1.0,New York,40.74929316,-73.98867453,1.0,Businesses & Commercial Spaces,False
Adacore Technologies,Manhattan,MANHATTAN,1.0,New York,40.74786884,-73.99106397,1.0,Businesses & Commercial Spaces,False
Deutsche Bank,Manhattan,MANHATTAN,1.0,New York,40.70590688,-74.00860938,63.0,Businesses & Commercial Spaces,False
Morgan Stanley - ISG - New York Metro - 750 7th Avenue - Floor: 30,Manhattan,MANHATTAN,1.0,New York,40.76074642,-73.98352505,1.0,Businesses & Commercial Spaces,False
P.S. 326 Brooklyn,Brooklyn,BROOKLYN,3.0,New York,40.62865199,-73.92793021,1.0,Public Schools,False
Theatrical Wardrobe Union Local 764,Manhattan,MANHATTAN,1.0,New York,40.7622791,-73.99579453,1.0,Businesses & Commercial Spaces,False
Hebrew Language Academy Charter School II (NEW),Brooklyn,BROOKLYN,3.0,New York,40.59583601,-73.99700052,1.0,School,False
P.S. 048 Joseph R. Drake,Bronx,BRONX,2.0,New York,40.81441773,-73.88695189,1.0,Public Schools,False
BFFY Ozone Park Senior Centers,Queens,QUEENS,4.0,New York,40.68601914,-73.83977703,1.0,Senior Centers,False
P.S./M.S. 114 Belle Harbor,Queens,QUEENS,4.0,New York,40.57825365,-73.85440361,1.0,Public Schools,False
"Apex for Youth - New York, NY",Manhattan,MANHATTAN,1.0,New York,40.7174517,-73.99978356,1.0,Health Clubs & Gyms,False
Family Life Academy Charter School III,Bronx,BRONX,2.0,New York,40.81621158,-73.93028055,1.0,School,False
Washington Heights Expeditionary Learning School ANNEX,Manhattan,MANHATTAN,1.0,New York,40.84891835,-73.93102688,1.0,School,False
P.S. 054 Charles W. Leng,Staten Island,STATEN ISLAND,5.0,New York,40.60322421,-74.13798047,1.0,Public Schools,False
Morgan Stanley - ISG - New York Metro - 111 Wall Street - Floor: 20,Manhattan,MANHATTAN,1.0,New York,40.70454561,-74.00663634,1.0,Businesses & Commercial Spaces,False
Internal Revenue Service,Manhattan,MANHATTAN,1.0,New York,40.71480011,-74.00576441,1.0,Government Buildings & Services,False
M.S. 137 America's School of Heroes,Queens,QUEENS,4.0,New York,40.67809246,-73.83994757,1.0,Public Schools,False
Liberty Avenue Middle School,Brooklyn,BROOKLYN,3.0,New York,40.67709643,-73.88343253,1.0,School,False
P.S. 108 Sal Abbracciamento,Brooklyn,BROOKLYN,3.0,New York,40.6812609,-73.88406338,1.0,Public Schools,False
East Brooklyn Community High School,Brooklyn,BROOKLYN,3.0,New York,40.659824,-73.920428,38.0,Public Schools,False
District 29 Pre-K Center at 168-42 Jamaica Avenue (Q381),Queens,QUEENS,4.0,New York,40.70670815,-73.79130179,1.0,Public Schools,False
P.S. 153 Maspeth Elem,Queens,QUEENS,4.0,New York,40.71660154,-73.90366902,1.0,Public Schools,False
Morgan Stanley - 1585 Broadway,Manhattan,MANHATTAN,1.0,New York,40.76020869,-73.98533366,1.0,Businesses & Commercial Spaces,False
P.S. 026 The Carteret School,Staten Island,STATEN ISLAND,5.0,New York,40.5916946,-74.19064764,1.0,Public Schools,False
Wyckoff Gardens Senior Centers,Brooklyn,BROOKLYN,3.0,New York,40.68335777,-73.98394086,1.0,Senior Centers,False
Warner Media,Manhattan,MANHATTAN,1.0,New York,40.73787495,-73.98874864,14.0,Businesses & Commercial Spaces,False
Zeta Charter School - Mount Eden Elementary,Bronx,BRONX,2.0,New York,40.8420891,-73.91796145,1.0,School,False
"Wachtell, Lipton, Rosen & Katz",Manhattan,MANHATTAN,1.0,New York,40.76064125,-73.97830898,6.0,Businesses & Commercial Spaces,False
P396K - Sid Miller Academy (formerly Ramon Betances School),Brooklyn,BROOKLYN,3.0,New York,40.66884878,-73.91149932,1.0,School,False
Edge Fund Advisors,Manhattan,MANHATTAN,1.0,New York,40.75783992,-73.98500932,1.0,Businesses & Commercial Spaces,False
P.S. 041 Francis White,Brooklyn,BROOKLYN,3.0,New York,40.66029826,-73.90735495,1.0,Public Schools,False
Citigroup Corporation Investment Bank-Medical Department:388 Greenwich Street,Manhattan,MANHATTAN,1.0,New York,40.72065166,-74.01009762,1.0,Businesses & Commercial Spaces,False
P.S./I.S. 087 Middle Village,Queens,QUEENS,4.0,New York,40.71180753,-73.87123729,1.0,Public Schools,False
P.S. 5 Port Morris,Bronx,BRONX,2.0,New York,40.81372084,-73.90888546,1.0,Public Schools,False
I.S. 075 Frank D. Paulo,Staten Island,STATEN ISLAND,5.0,New York,40.54437298,-74.19789528,1.0,Public Schools,False
M.S. 593 Bronx,Bronx,BRONX,2.0,New York,40.8279346,-73.91437278,1.0,Public Schools,False
Department of Citywide Administrative Services,Bronx,BRONX,2.0,New York,40.8322257,-73.91965401,1.0,Government Buildings & Services,False
Van Cortlandt Park Visitor Center,Bronx,BRONX,2.0,New York,40.88469963,-73.88998914,1.0,Parks & Recreation,False
I.S. 171 Abraham Lincoln,Brooklyn,BROOKLYN,3.0,New York,40.68617226,-73.86962475,1.0,Public Schools,False
P.S. 055 Henry M. Boehm,Staten Island,STATEN ISLAND,5.0,New York,40.53663164,-74.16381363,1.0,Public Schools,False
Herbert Von King Recreation Center,Brooklyn,BROOKLYN,3.0,New York,40.69038688,-73.94676915,1.0,Parks & Recreation,False
P. S. 62 - Chester Park School,Queens,QUEENS,4.0,New York,40.68856942,-73.83616143,1.0,Public Schools,False
KPMG LLP,Manhattan,MANHATTAN,1.0,New York,40.76272453,-73.97834079,6.0,Businesses & Commercial Spaces,False
CSI High School for International Studies,Staten Island,STATEN ISLAND,5.0,New York,40.5813078,-74.15858839,1.0,School,False
The Museum of Modern Art,Manhattan,MANHATTAN,1.0,New York,40.76099511,-73.97720066,1.0,Museums,False
Glenridge Senior Centers,Queens,QUEENS,4.0,New York,40.69945541,-73.89785508,1.0,Senior Centers,False
P.S. 029 John M. Harrigan,Brooklyn,BROOKLYN,3.0,New York,40.68695179,-73.99805289,1.0,Public Schools,False
The Lowell School,Queens,QUEENS,4.0,New York,40.74405159,-73.82277994,2.0,School,False
Vornado (4 Union),Manhattan,MANHATTAN,1.0,New York,40.73437837,-73.99165394,1.0,Businesses & Commercial Spaces,False
P.S. 138 Brooklyn,Brooklyn,BROOKLYN,3.0,New York,40.6743732,-73.95144334,1.0,Public Schools,False
The Arsenal,Manhattan,MANHATTAN,1.0,New York,40.76770452,-73.97051599,2.0,Parks & Recreation,False
Macy's - Backstage - Fordham Place #007,Bronx,BRONX,2.0,New York,40.86162317,-73.89126388,1.0,Businesses & Commercial Spaces,False
c-III Capital Partners,Manhattan,MANHATTAN,1.0,New York,40.76212814,-73.97456149,1.0,Businesses & Commercial Spaces,False
P.S. 195 Bronx,Bronx,BRONX,2.0,New York,40.83049245,-73.87770266,1.0,Public Schools,False
Academy For Personal Leadership and Excellence,Bronx,BRONX,2.0,New York,40.85974561,-73.90016025,1.0,Public Schools,False
"Cohen & Steers Capital Management, Inc.",Manhattan,MANHATTAN,1.0,New York,40.75601562,-73.97483093,5.0,Businesses & Commercial Spaces,False
Conde Nast Building,Manhattan,MANHATTAN,1.0,New York,40.75617401,-73.98624415,1.0,Businesses & Commercial Spaces,False
M.S. 839 Brooklyn,Brooklyn,BROOKLYN,3.0,New York,40.64758311,-73.97336208,1.0,Public Schools,False
Jack and Pearl Resnick Campus,Bronx,BRONX,2.0,New York,40.85117554,-73.84482139,1.0,School,False
J.H.S. 189 Daniel Carter Beard,Queens,QUEENS,4.0,New York,40.75983601,-73.82054669,1.0,Public Schools,False
Maria Lawton Senior Centers,Brooklyn,BROOKLYN,3.0,New York,40.69478049,-73.93464527,1.0,Senior Centers,False
Haug Partners LLP,Manhattan,MANHATTAN,1.0,New York,40.76331917,-73.97369465,1.0,Businesses & Commercial Spaces,False
P.S. 81Q Jean Paul Richter,Queens,BROOKLYN,3.0,New York,40.70375748,-73.91234365,1.0,Public Schools,True
The Blackstone Group,Manhattan,MANHATTAN,1.0,New York,40.75816441,-73.97324549,1.0,Businesses & Commercial Spaces,False
"Walt Disney/ABC, Inc.",Manhattan,MANHATTAN,1.0,New York,40.77615325,-73.98759398,1.0,Businesses & Commercial Spaces,False
Little Red School House,Manhattan,MANHATTAN,1.0,New York,40.72677842,-74.00105712,1.0,School,False
NYCDOT Ferry Division,Staten Island,STATEN ISLAND,5.0,New York,40.64372588,-74.0727888,9.0,Ferries & Other Transportation,False
P.S. 013 M. L. Lindemeyer,Staten Island,STATEN ISLAND,5.0,New York,40.61320843,-74.0698884,1.0,Public Schools,False
OGDEN CAP PROPERTIES,Manhattan,MANHATTAN,1.0,New York,40.74424994,-73.98051214,2.0,Businesses & Commercial Spaces,False
Harlem Village Academy West Middle School,Manhattan,MANHATTAN,1.0,New York,40.82141871,-73.94067347,1.0,School,False
Eden II Schools,Staten Island,STATEN ISLAND,5.0,New York,40.6326574,-74.0867844,1.0,School,False
"Walt Disney/ABC, Inc.",Manhattan,MANHATTAN,1.0,New York,40.77324011,-73.98069136,1.0,Businesses & Commercial Spaces,False
Jacob K. Javits Convention Center,Manhattan,MANHATTAN,1.0,New York,40.75655629,-74.00380806,1.0,Performance Venues,False
"SoulCycle, Inc",Brooklyn,BROOKLYN,3.0,New York,40.69220222,-73.99112915,2.0,Health Clubs & Gyms,False
Ferguson Northeast Location 2623,Manhattan,QUEENS,4.0,New York,40.72451353,-73.91998641,1.0,Businesses & Commercial Spaces,True
Mott Hall Charter School,Bronx,BRONX,2.0,New York,40.83095828,-73.90273673,1.0,School,False
Morgan Stanley - 1585 Broadway,Manhattan,MANHATTAN,1.0,New York,40.76020869,-73.98533366,3.0,Businesses & Commercial Spaces,False
P.S. 161 Pedro Albizu Campos,Manhattan,MANHATTAN,1.0,New York,40.81754337,-73.95304013,1.0,Public Schools,False
Equinox,Brooklyn,BROOKLYN,3.0,New York,40.68013421,-73.94477999,1.0,Health Clubs & Gyms,False
Newmark,Brooklyn,BROOKLYN,3.0,New York,40.69485298449,-73.98467373706,2.0,Businesses & Commercial Spaces,False
East Brooklyn Ascend Lower School,Brooklyn,BROOKLYN,3.0,New York,40.67804719,-73.88179767,1.0,School,False
Coney Island Preparatory Public Charter School High School,Brooklyn,BROOKLYN,3.0,New York,40.59914886,-73.97428533,1.0,School,False
"Queens High School of Teaching, Liberal Arts and the Sciences",Queens,QUEENS,4.0,New York,40.74607997,-73.72753367,1.0,School,False
P077K Main Site (K902),Brooklyn,BROOKLYN,3.0,New York,40.67897583,-73.97649693,1.0,Public Schools,False
Humanities Preparatory Academy,Manhattan,MANHATTAN,1.0,New York,40.74285998,-74.0021364,1.0,School,False
P.S. 182 Samantha Smith,Queens,QUEENS,4.0,New York,40.70642219,-73.80344324,1.0,Public Schools,False
"Walt Disney/ABC, Inc.",Manhattan,MANHATTAN,1.0,New York,40.77298749,-73.98008127,1.0,Businesses & Commercial Spaces,False
"WIN - Women in Need, Inc. (East 91)",Manhattan,MANHATTAN,1.0,New York,40.78078388,-73.94880174,1.0,Health & Social Services,False
Morgan Stanley - ISG - New York Metro - 750 7th Ave - Floor: 19,Manhattan,MANHATTAN,1.0,New York,40.76074642,-73.98352505,1.0,Businesses & Commercial Spaces,False
Hardesty & Hanover,Manhattan,MANHATTAN,1.0,New York,40.75709624,-73.98619342,1.0,Businesses & Commercial Spaces,False
P.S. Q016 The Nancy DeBenedittis School,Queens,QUEENS,4.0,New York,40.74897924,-73.86122925,1.0,Public Schools,False
Citi Health Services - 388 Greenwich,Manhattan,MANHATTAN,1.0,New York,40.72065166,-74.01009762,29.0,Health & Social Services,False
Midwood High School,Brooklyn,BROOKLYN,3.0,New York,40.63322956,-73.95292894,1.0,School,False
P.S. 251 Paerdegat,Brooklyn,BROOKLYN,3.0,New York,40.63251712,-73.92441689,1.0,Public Schools,False
P.S. 958,Brooklyn,BROOKLYN,3.0,New York,40.65327063,-74.001838,1.0,Public Schools,False
P.S. 65 - The Raymond York Elementary School,Queens,QUEENS,4.0,New York,40.68258192,-73.84120229,1.0,Public Schools,False
LaGuardia Airport -Delta Terminal,Queens,QUEENS,4.0,New York,40.76909974,-73.86345305,31.0,Ferries & Other Transportation,False
High School for Health Professions and Human Services,Manhattan,MANHATTAN,1.0,New York,40.73243962,-73.98303053,1.0,School,False
Pathways to Graduation @ Children's Aid Society,Queens,BRONX,2.0,New York,40.83431142,-73.88955962,1.0,School,True
Amber Charter School Inwood,Manhattan,MANHATTAN,1.0,New York,40.8704335,-73.9173406,1.0,School,False
Brookfield Properties - New York - 250 Vesey Street - Tower D,Manhattan,MANHATTAN,1.0,New York,40.71452196,-74.0156771,5.0,Businesses & Commercial Spaces,False
Brooklyn Laboratory Charter School (Sands Campus),Brooklyn,BROOKLYN,3.0,New York,40.70008487,-73.98752885,1.0,School,False
P369K @ Academy of Integrated Learning (K313),Brooklyn,BROOKLYN,3.0,New York,40.69467506,-73.98885333,1.0,School,False
P.S. 306 Ethan Allen,Brooklyn,BROOKLYN,3.0,New York,40.65598945,-73.88654743,1.0,Public Schools,False
Morgan Stanley - ISG - New York Metro - 750 7th Ave - Floor: 33,Manhattan,MANHATTAN,1.0,New York,40.76074642,-73.98352505,1.0,Businesses & Commercial Spaces,False
J.H.S. 118 William W. Niles,Bronx,BRONX,2.0,New York,40.84833213,-73.8930785,1.0,Public Schools,False
APHIS PPQ & Field Ops - Spotted Lanternfly Program NY-East Region,Queens,QUEENS,4.0,New York,40.65030099,-73.75694755,1.0,Ferries & Other Transportation,False
Rowgatta,Manhattan,MANHATTAN,1.0,New York,40.73650026,-73.9947858,1.0,Businesses & Commercial Spaces,False
"Cravath, Swaine & Moore LLP",Manhattan,MANHATTAN,1.0,New York,40.75216196,-73.9972028,1.0,Businesses & Commercial Spaces,False
The River School,Manhattan,MANHATTAN,1.0,New York,40.74427302,-73.97259067,1.0,School,False
Selendy & Gay,Manhattan,MANHATTAN,1.0,New York,40.76085011,-73.97971672,1.0,Businesses & Commercial Spaces,False
Francis Lewis High School,Queens,QUEENS,4.0,New York,40.74071593,-73.79282959,1.0,School,False
P.S. 133 Fred R Moore,Manhattan,MANHATTAN,1.0,New York,40.8096653,-73.93987119,1.0,Public Schools,False
P.S. X015 Institute for Environmental Learning,Bronx,BRONX,2.0,New York,40.85880386,-73.90974531,1.0,Public Schools,False
"United Talent Agency, LLC",Manhattan,MANHATTAN,1.0,New York,40.76500854,-73.98041579,1.0,Businesses & Commercial Spaces,False
Morgan Stanley - 1585 Broadway,Manhattan,MANHATTAN,1.0,New York,40.76020869,-73.98533366,1.0,Businesses & Commercial Spaces,False
Academy of American Studies,Queens,QUEENS,4.0,New York,40.7523833,-73.93664946,1.0,Public Schools,False
Maxwell-Kates Inc,Manhattan,MANHATTAN,1.0,New York,40.736138,-73.99607043,1.0,Businesses & Commercial Spaces,False
"Tarter Krinsky & Drogin, LLP",Manhattan,MANHATTAN,1.0,New York,40.75129947,-73.98765638,1.0,Businesses & Commercial Spaces,False
Beam Suntory - NY Global Office,Manhattan,MANHATTAN,1.0,New York,40.74161044,-73.98744887,2.0,Businesses & Commercial Spaces,False
New Dawn Charter High School,Brooklyn,BROOKLYN,3.0,New York,40.68289462,-73.99029031,1.0,School,False
Three World Trade Center,Manhattan,MANHATTAN,1.0,New York,40.71096789,-74.01235777,1.0,Businesses & Commercial Spaces,False
Fordham University Bronx Location,Bronx,BRONX,2.0,New York,40.86072673616,-73.88953366191,1.0,Colleges & Universities,False
P.S. 064 Joseph P. Addabbo,Queens,QUEENS,4.0,New York,40.68116435,-73.85691819,1.0,Public Schools,False
P.S. 046 Edgar Allan Poe,Bronx,BRONX,2.0,New York,40.86761695,-73.89051646,1.0,Public Schools,False
P.S./I.S. 104 The Fort Hamilton School - Annex,Brooklyn,BROOKLYN,3.0,New York,40.61992359,-74.0280857,1.0,Public Schools,False
P.S. 034 Franklin D. Roosevelt,Manhattan,MANHATTAN,1.0,New York,40.72646558,-73.97518128,1.0,Public Schools,False
P.S. 150 Manhattan,Manhattan,MANHATTAN,1.0,New York,40.70697138,-74.01350761,1.0,Public Schools,False
Columbia University - Kraft Center for Jewish Life,Manhattan,MANHATTAN,1.0,New York,40.8075952,-73.96504366,1.0,Colleges & Universities,False
Origins High School,Brooklyn,BROOKLYN,3.0,New York,40.59411733,-73.93769677,1.0,School,False
P.S. 097 Bronx,Bronx,BRONX,2.0,New York,40.86319797,-73.84723721,1.0,Public Schools,False
Loeb & Loeb LLP,Manhattan,MANHATTAN,1.0,New York,40.75816441,-73.97324549,1.0,Businesses & Commercial Spaces,False
J.H.S. 104 Simon Baruch,Manhattan,MANHATTAN,1.0,New York,40.73608704,-73.98066248,1.0,Public Schools,False
333 West 57th Street,Manhattan,MANHATTAN,1.0,New York,40.76418601,-73.98671178,1.0,Businesses & Commercial Spaces,False
Eleven Times Square,Manhattan,MANHATTAN,1.0,New York,40.75689078,-73.9900232,17.0,Businesses & Commercial Spaces,False
Origins High School,Brooklyn,BROOKLYN,3.0,New York,40.59411733,-73.93769677,1.0,School,False
Gantry Plaza State Park,Queens,QUEENS,4.0,New York,40.74555566,-73.95733878,1.0,Parks & Recreation,False
P.S. 150 Manhattan,Manhattan,MANHATTAN,1.0,New York,40.70697138,-74.01350761,1.0,Public Schools,False
Equinox,Manhattan,MANHATTAN,1.0,New York,40.76956546,-73.98452651,3.0,Health Clubs & Gyms,False
P.S. 188 The Island School,Manhattan,MANHATTAN,1.0,New York,40.71959049,-73.97790392,1.0,Public Schools,False
League Treatment Center,Brooklyn,BROOKLYN,3.0,New York,40.65041667712,-73.95817466247,3.0,Health & Social Services,False
Equinox,Manhattan,MANHATTAN,1.0,New York,40.76453047,-73.96648868,1.0,Health Clubs & Gyms,False
Mendes & Mount LLP,Manhattan,MANHATTAN,1.0,New York,40.76074642,-73.98352505,1.0,Businesses & Commercial Spaces,False
River East Elementary,Manhattan,MANHATTAN,1.0,New York,40.79887757,-73.93331827,1.0,School,False
P.S. 152 Gwendoline N. Alleyne School,Queens,QUEENS,4.0,New York,40.75302979,-73.90012229,1.0,Public Schools,False
Equinox,Manhattan,MANHATTAN,1.0,New York,40.79180701,-73.97386393,1.0,Health Clubs & Gyms,False
Capital Preparatory (CP) Harlem Charter School,Manhattan,MANHATTAN,1.0,New York,40.80870634,-73.93790332,1.0,School,False
Williamsburg Collegiate Middle School,Brooklyn,BROOKLYN,3.0,New York,40.70601601,-73.96147592,1.0,School,False
70 Washington Street Condominiums,Brooklyn,BROOKLYN,3.0,New York,40.70217385,-73.98965634,15.0,Businesses & Commercial Spaces,False
New York State Department of Housing,Queens,QUEENS,4.0,New York,40.70378809,-73.79764429,8.0,Government Buildings & Services,False
The Blackstone Group,Manhattan,MANHATTAN,1.0,New York,40.75816441,-73.97324549,1.0,Businesses & Commercial Spaces,False
Outreach Development Corporation,Manhattan,QUEENS,4.0,New York,40.69726348,-73.90559759,1.0,Health & Social Services,True
P.S. 163 Bath Beach,Brooklyn,BROOKLYN,3.0,New York,40.60678472,-74.00805994,1.0,Public Schools,False
Baychester Academy,Bronx,BRONX,2.0,New York,40.88114655,-73.8397534,1.0,School,False
Jonas Bronck Academy,Bronx,BRONX,2.0,New York,40.8608937,-73.89193027,1.0,School,False
P.S. 171 Patrick Henry,Manhattan,MANHATTAN,1.0,New York,40.79211558,-73.95196025,1.0,Public Schools,False
New York City Office of Management & Budget,Manhattan,MANHATTAN,1.0,New York,40.71444286,-74.01147464,1.0,Government Buildings & Services,False
J.H.S. 383 Philippa Schuyler,Brooklyn,BROOKLYN,3.0,New York,40.69777383,-73.919777,1.0,Public Schools,False
Academy for Language and Technology,Bronx,BRONX,2.0,New York,40.84952597,-73.91607627,1.0,Public Schools,False
P.S./I.S. 268 Queens,Queens,QUEENS,4.0,New York,40.70752934,-73.78562559,1.0,Public Schools,False
The Christa McAuliffe School\I.S. 187,Brooklyn,BROOKLYN,3.0,New York,40.62777703,-74.00448516,1.0,School,False
American Society of Mechanical Engineers,Manhattan,MANHATTAN,1.0,New York,40.74606997,-73.98209233,1.0,Businesses & Commercial Spaces,False
Max Finkelstein Inc.,Queens,QUEENS,4.0,New York,40.76753007,-73.92087316,2.0,Businesses & Commercial Spaces,False
The Port Authority of New York & New Jersey - 115 Broadway,Manhattan,MANHATTAN,1.0,New York,40.708624,-74.01099752,1.0,Ferries & Other Transportation,False
"201 West 89th Street Owners, Inc.",Manhattan,MANHATTAN,1.0,New York,40.78973198,-73.97387919,1.0,Businesses & Commercial Spaces,False
P.S. 051 STEM & Arts Academy,Bronx,BRONX,2.0,New York,40.85065933,-73.88699488,1.0,Public Schools,False
Australia and New Zealand Banking Group,Manhattan,MANHATTAN,1.0,New York,40.75555731,-73.97513791,1.0,Businesses & Commercial Spaces,False
JPMorgan Chase - 237 Park Avenue,Manhattan,MANHATTAN,1.0,New York,40.75389681,-73.97551391,1.0,Businesses & Commercial Spaces,False
Pathways to Graduation @ Fannie Barnes-Urban Strategies,Brooklyn,BROOKLYN,3.0,New York,40.66044979,-73.9151797,1.0,School,False
Fisher Brothers [1345 Leasehold LLC],Manhattan,MANHATTAN,1.0,New York,40.76259829,-73.97845996,1.0,Businesses & Commercial Spaces,False
P373K - Brooklyn Transition Center (K148),Brooklyn,BROOKLYN,3.0,New York,40.69886193,-73.94504211,1.0,Public Schools,False
Morgan Stanley - ISG - New York Metro - 522 5th Avenue - Floor: 21,Manhattan,MANHATTAN,1.0,New York,40.75450705,-73.98014457,2.0,Businesses & Commercial Spaces,False
P.S. 204 Vince Lombardi,Brooklyn,BROOKLYN,3.0,New York,40.61415182,-74.00663812,1.0,Public Schools,False
"Magnet School of Math, Science and Design Technology",Brooklyn,BROOKLYN,3.0,New York,40.66105405,-73.98653417,1.0,School,False
P.S. 103 Hector Fontanez,Bronx,BRONX,2.0,New York,40.89214542,-73.86146453,1.0,Public Schools,False
Pathways to Graduation @ Mary Mitchell Family & Children's Center (X989),Bronx,BRONX,2.0,New York,40.84474183,-73.88714954,1.0,School,False
Morgan Stanley - ISG - New York Metro - 750 7th Avenue - Floor: 14,Manhattan,MANHATTAN,1.0,New York,40.76074642,-73.98352505,1.0,Businesses & Commercial Spaces,False
P.S. 003 The Bedford Village,Brooklyn,BROOKLYN,3.0,New York,40.68265577,-73.95533845,1.0,Public Schools,False
J.H.S. 098 Herman Ridder,Bronx,BRONX,2.0,New York,40.83589325,-73.89045684,1.0,Public Schools,False
J.H.S. 167 Robert F. Wagner,Manhattan,MANHATTAN,1.0,New York,40.77204285,-73.95807271,1.0,Public Schools,False
AYSO- FPP - 3A611,Manhattan,MANHATTAN,1.0,New York,40.8001508,-73.96296713,37.0,Health Clubs & Gyms,False
"Kirkland & Ellis, LLP",Manhattan,MANHATTAN,1.0,New York,40.75845753,-73.97091355,1.0,Businesses & Commercial Spaces,False
Greenhill & Co.,Manhattan,MANHATTAN,1.0,New York,40.75679501,-73.97427116,1.0,Businesses & Commercial Spaces,False
Assured Guaranty,Manhattan,MANHATTAN,1.0,New York,40.76199178,-73.97890055,1.0,Businesses & Commercial Spaces,False
"Walt Disney/ABC, Inc.",Manhattan,MANHATTAN,1.0,New York,40.77324011,-73.98069136,1.0,Businesses & Commercial Spaces,False
LexisNexis,Manhattan,MANHATTAN,1.0,New York,40.74194777,-73.98508869,1.0,Businesses & Commercial Spaces,False
P.S. 212 Lady Deborah Moody,Brooklyn,BROOKLYN,3.0,New York,40.58760906,-73.98594777,1.0,Public Schools,False
"Mutual Redevelopment Houses, Inc",Manhattan,MANHATTAN,1.0,New York,40.74697711,-73.99727159,1.0,Businesses & Commercial Spaces,False
Fordham University Bronx Location,Bronx,BRONX,2.0,New York,40.86072673616,-73.88953366191,1.0,Colleges & Universities,False
St. Paul's Lutheran Church,Brooklyn,BROOKLYN,3.0,New York,40.62752988,-73.93820223,1.0,Houses of Worship,False
Riverton Street Charter School,Queens,QUEENS,4.0,New York,40.68945717,-73.76304248,1.0,School,False
Macy's Inc. - 71185,Queens,QUEENS,4.0,New York,40.7599798,-73.8284155,2.0,Businesses & Commercial Spaces,False
"AECOM of YU, Div. of Substance Abuse",Bronx,BRONX,2.0,New York,40.80374203,-73.91026455,0.0,Colleges & Universities,False
P.S. 207 Bronx,Bronx,BRONX,2.0,New York,40.87831633,-73.90655457,1.0,Public Schools,False
Community Math and Science Prep,Manhattan,MANHATTAN,1.0,New York,40.83649915,-73.93708945,1.0,School,False
PS 398 Queens,Queens,QUEENS,4.0,New York,40.75248624,-73.89692165,1.0,Public Schools,False
P.S. 215 Morris H. Weiss,Brooklyn,BROOKLYN,3.0,New York,40.60207651,-73.97001323,1.0,Public Schools,False
P.S. 182 Bronx,Bronx,BRONX,2.0,New York,40.81822063,-73.85630083,1.0,Public Schools,False
Bronx High School For The Visual Arts,Bronx,BRONX,2.0,New York,40.85163986,-73.86474101,1.0,School,False
Pathways to Graduation @ Alternative Education Complex - Referral Center/Hub,Manhattan,MANHATTAN,1.0,New York,40.7529358,-73.99290405,1.0,School,False
Jean Nuzzi Intermediate School,Queens,QUEENS,4.0,New York,40.72070517,-73.7469998,1.0,School,False
P.S. 149 Christa Mcauliffe,Queens,QUEENS,4.0,New York,40.75483,-73.87460444,1.0,Public Schools,False
P.S. 236 Langston Hughes,Bronx,BRONX,2.0,New York,40.84888971,-73.90952748,1.0,Public Schools,False
Catherine & Count Basie Middle School 72,Queens,QUEENS,4.0,New York,40.673761,-73.77595046,1.0,School,False
"Chubb Insurance - NY- New York, NY (1133 AOA)",Manhattan,MANHATTAN,1.0,New York,40.75593483,-73.98332411,9.0,Businesses & Commercial Spaces,False
P.S. 212 Queens,Queens,QUEENS,4.0,New York,40.75307043,-73.88490523,1.0,Public Schools,False
Brilla Veritas College Preparatory Charter Elementary School (Grades K-4),Bronx,BRONX,2.0,New York,40.81893914,-73.90956474,1.0,School,False
Transatlantic Reinsurance Company,Manhattan,MANHATTAN,1.0,New York,40.709582,-74.01018611,3.0,Businesses & Commercial Spaces,False
Department of Citywide Administrative Services,Bronx,BRONX,2.0,New York,40.82592093,-73.91951351,1.0,Government Buildings & Services,False
New-York Historical Society,Manhattan,MANHATTAN,1.0,New York,40.77925798,-73.97374249,1.0,Museums,False
"WIN - Women in Need, Inc. (East River Annex)",Manhattan,MANHATTAN,1.0,New York,40.78947045,-73.94183601,1.0,Health & Social Services,False
Washington Heights Academy,Manhattan,MANHATTAN,1.0,New York,40.86537764,-73.92113953,1.0,School,False
Careers in Sports High School,Bronx,BRONX,2.0,New York,40.82230356,-73.92382834,1.0,School,False
"Amalgamated Warbasse Houses,",Brooklyn,BROOKLYN,3.0,New York,40.58018177,-73.97172228,1.0,Businesses & Commercial Spaces,False
Morgan Stanley - 1585 Broadway,Manhattan,MANHATTAN,1.0,New York,40.76020869,-73.98533366,1.0,Businesses & Commercial Spaces,False
"Anchin, Block & Anchin LLP",Manhattan,MANHATTAN,1.0,New York,40.7523205,-73.98746128,1.0,Businesses & Commercial Spaces,False
Brookfield Properties - New York-250 Vesey St Corporate Office,Manhattan,MANHATTAN,1.0,New York,40.71452196,-74.0156771,3.0,Businesses & Commercial Spaces,False
Outreach Development Corporation,Manhattan,BROOKLYN,3.0,New York,40.73198447,-73.95454394,1.0,Health & Social Services,True
Pathways to Graduation @ Alternative Education Complex - Referral Center/Hub,Manhattan,MANHATTAN,1.0,New York,40.7529358,-73.99290405,1.0,School,False
VOICE Charter School of New York (Upper) [Grades 3-8],Queens,QUEENS,4.0,New York,40.76036931,-73.93942494,1.0,School,False
Brownsville Academy High School,Brooklyn,BROOKLYN,3.0,New York,40.666511,-73.92405741,1.0,School,False
The STAR Academy - P.S.63,Manhattan,MANHATTAN,1.0,New York,40.7241097,-73.98638067,1.0,Public Schools,False
Fifth Avenue & 60th Street Corp.,Manhattan,MANHATTAN,1.0,New York,40.76461996,-73.97274471,2.0,Businesses & Commercial Spaces,False
Pierpont Morgan Museum,Manhattan,MANHATTAN,1.0,New York,40.74894094,-73.98175951,1.0,Museums,False
Academy of Medical Technology: A College Board School,Queens,QUEENS,4.0,New York,40.60200214,-73.76279588,1.0,Public Schools,False
P.S. 094 Kings College School,Bronx,BRONX,2.0,New York,40.88051585,-73.87571897,1.0,Public Schools,False
P.S./I.S. 78Q Queens - Annex,Queens,QUEENS,4.0,New York,40.74706169,-73.95514353,1.0,Public Schools,False
Fisher Brothers - 299 Park,Manhattan,MANHATTAN,1.0,New York,40.75644922,-73.97449508,1.0,Businesses & Commercial Spaces,False
Leadership and Public Service High School,Manhattan,MANHATTAN,1.0,New York,40.70872267,-74.0123321,1.0,School,False
Department of Citywide Administrative Services,Queens,QUEENS,4.0,New York,40.70249109,-73.80310864,1.0,Government Buildings & Services,False
P.S. 74 Future Leaders Elementary School,Staten Island,STATEN ISLAND,5.0,New York,40.6390797,-74.07992156,1.0,Public Schools,False
Maria Gallagher,Queens,QUEENS,4.0,New York,40.71108883,-73.82050168,1.0,School,False
"Science, Technology and Research Early College High School at Erasmus",Brooklyn,BROOKLYN,3.0,New York,40.64978002,-73.95854985,1.0,Public Schools,False
Brilla Charter School Pax,Bronx,BRONX,2.0,New York,40.86219388,-73.90666046,1.0,School,False
Morgan Stanley - ISG - New York Metro - 1221 A of A - Floor: 3,Manhattan,MANHATTAN,1.0,New York,40.75909387,-73.98213574,2.0,Businesses & Commercial Spaces,False
P.S. 184 Newport,Brooklyn,BROOKLYN,3.0,New York,40.65995864,-73.9049009,1.0,Public Schools,False
610 Park Ave Condominum,Manhattan,MANHATTAN,1.0,New York,40.76649044,-73.96719887,1.0,Businesses & Commercial Spaces,False
Morgan Stanley - 750 7th Avenue,Manhattan,MANHATTAN,1.0,New York,40.76074642,-73.98352505,1.0,Businesses & Commercial Spaces,False
Harlem Children's Zone Promise Academy II Charter School,Manhattan,MANHATTAN,1.0,New York,40.79689952,-73.94544844,1.0,School,False
Trust Company of the West,Manhattan,MANHATTAN,1.0,New York,40.75963708,-73.98062674,1.0,Businesses & Commercial Spaces,False
The Blackstone Group,Manhattan,MANHATTAN,1.0,New York,40.75845753,-73.97091355,1.0,Businesses & Commercial Spaces,False
Morgan Stanley - 750 7th Avenue - Floor: 16,Manhattan,MANHATTAN,1.0,New York,40.76074642,-73.98352505,1.0,Businesses & Commercial Spaces,False
New York Life - NE-V682-Queens-Chinatown,Manhattan,MANHATTAN,1.0,New York,40.71661177,-73.99722594,1.0,Businesses & Commercial Spaces,False
SHEARMAN & STERLING,Manhattan,MANHATTAN,1.0,New York,40.75826818,-73.97105441,4.0,Businesses & Commercial Spaces,False
West Brighton Senior Centers,Staten Island,STATEN ISLAND,5.0,New York,40.63647817,-74.11752311,1.0,Senior Centers,False
District 27 Pre-K Center 101-49 Woodhaven Boulevard (Q439),Queens,QUEENS,4.0,New York,40.68309562,-73.84553132,1.0,Public Schools,False
P.S./I.S. 157 The Benjamin Franklin Health & Science Academy,Brooklyn,BROOKLYN,3.0,New York,40.69540956,-73.95957078,1.0,Public Schools,False
New York Life - NE-V652-Long Island-Flushing,Queens,QUEENS,4.0,New York,40.76014474,-73.83043653,1.0,Businesses & Commercial Spaces,False
"RBC Capital Markets, LLC - WFC - American Express Building",Manhattan,MANHATTAN,1.0,New York,40.71411312,-74.01474995,13.0,Businesses & Commercial Spaces,False
"Jack Resnick & Sons, Inc.",Manhattan,MANHATTAN,1.0,New York,40.75790266,-73.96925337,1.0,Businesses & Commercial Spaces,False
Three World Trade Center,Manhattan,MANHATTAN,1.0,New York,40.71096789,-74.01235777,1.0,Businesses & Commercial Spaces,False
Great Kills Friendship Club,Staten Island,STATEN ISLAND,5.0,New York,40.55261184,-74.1498045,1.0,Senior Centers,False
P.S. 164 Queens Valley,Queens,QUEENS,4.0,New York,40.72091682,-73.82336119,1.0,Public Schools,False
Yankee Stadium,Bronx,BRONX,2.0,New York,40.82938839,-73.92913205,1.0,Stadiums & Arenas,False
Dish Network - New York City Site 4255,Manhattan,MANHATTAN,1.0,New York,40.72770053318,-74.00546606528,2.0,Businesses & Commercial Spaces,False
P.S. 024 Andrew Jackson,Queens,QUEENS,4.0,New York,40.75206282,-73.81878832,1.0,Public Schools,False
ArchCare Senior Life PACE Staten Island,Staten Island,STATEN ISLAND,5.0,New York,40.59622848,-74.09047813,1.0,Senior Centers,False
Collaborative Arts Middle School,Queens,QUEENS,4.0,New York,40.66459974,-73.75878404,1.0,School,False
Trace Foundation,Manhattan,MANHATTAN,1.0,New York,40.7349164,-74.00753786,1.0,Businesses & Commercial Spaces,False
The Maxine Greene HS for Imaginative Inquiry,Manhattan,MANHATTAN,1.0,New York,40.77434411,-73.98475286,1.0,School,False
Notre Dame School,Manhattan,MANHATTAN,1.0,New York,40.73964305,-74.00438446,1.0,School,False
P.S. 070 Queens,Queens,QUEENS,4.0,New York,40.76153028,-73.91361017,1.0,Public Schools,False
KIPP All Middle School,Bronx,BRONX,2.0,New York,40.81844256,-73.92946168,1.0,School,False
P.S. 050 Frank Hankinson,Staten Island,STATEN ISLAND,5.0,New York,40.56168339,-74.12462135,1.0,Public Schools,False
P.S. 007 Louis F. Simeone,Queens,QUEENS,4.0,New York,40.7391081,-73.88248643,1.0,Public Schools,False
P.S. 024 Brooklyn,Brooklyn,BROOKLYN,3.0,New York,40.65269415,-74.00474272,1.0,Public Schools,False
P.S. 050 Talfourd Lawn Elementary School,Queens,QUEENS,4.0,New York,40.69523015,-73.80736385,1.0,Public Schools,False
I.S. 077 Queens,Queens,QUEENS,4.0,New York,40.69950855,-73.90213944,1.0,Public Schools,False
High School for Law and Public Service,Manhattan,MANHATTAN,1.0,New York,40.85584913,-73.92711914,1.0,School,False
Cord Meyer,Queens,QUEENS,4.0,New York,40.71900402,-73.83846366,1.0,Businesses & Commercial Spaces,False
J.H.S. 190 Russell Sage,Queens,QUEENS,4.0,New York,40.72269989,-73.85169853,1.0,Public Schools,False
MS 936 Arts Off 3rd,Brooklyn,BROOKLYN,3.0,New York,40.64320365,-74.0208023,1.0,School,False
"Beresford Apartments, Inc",Manhattan,MANHATTAN,1.0,New York,40.78221905,-73.97158921,1.0,Businesses & Commercial Spaces,False
JPMorgan Chase - 5 Manhattan West,Manhattan,MANHATTAN,1.0,New York,40.75355633,-73.99881252,4.0,Businesses & Commercial Spaces,False
Medgar Evers College Preparatory School,Brooklyn,BROOKLYN,3.0,New York,40.66718725,-73.95116742,1.0,School,False
Gibney Dance,Manhattan,MANHATTAN,1.0,New York,40.71441034,-74.00608902,1.0,Businesses & Commercial Spaces,False
Tishman Speyer Properties,Manhattan,MANHATTAN,1.0,New York,40.75809702,-73.97916529,1.0,Businesses & Commercial Spaces,False
The Millburn Corporation,Manhattan,MANHATTAN,1.0,New York,40.76022438,-73.98017174,1.0,Businesses & Commercial Spaces,False
The Cathedral School (Cathedral of St. John the Divine),Manhattan,MANHATTAN,1.0,New York,40.80402641,-73.96307333,1.0,Private Schools,False
Phipps Houses,Manhattan,MANHATTAN,1.0,New York,40.73927213,-73.98972634,1.0,Businesses & Commercial Spaces,False
"WIN - Women in Need, Inc. (Dr. McKinney Steward)",Brooklyn,BROOKLYN,3.0,New York,40.57876024,-73.98951713,1.0,Health & Social Services,False
"Smith, Gambrell & Russell, LLP",Manhattan,MANHATTAN,1.0,New York,40.76123707,-73.9794567,1.0,Businesses & Commercial Spaces,False
P.S. 149 Danny Kaye,Brooklyn,BROOKLYN,3.0,New York,40.66971116,-73.89282162,1.0,Public Schools,False
Growing Up Green Charter Middle School,Queens,QUEENS,4.0,New York,40.76449438,-73.93887246,1.0,School,False
P.S. 075 Mayda Cortiella,Brooklyn,BROOKLYN,3.0,New York,40.69330595,-73.92066589,1.0,Public Schools,False
P.S. 029 Bardwell,Staten Island,STATEN ISLAND,5.0,New York,40.61359646,-74.11598793,1.0,Public Schools,False
Beginning with Children Charter School II High School (aka Community High School),Brooklyn,BROOKLYN,3.0,New York,40.69689813,-73.98706784,1.0,School,False
Susan E. Wagner High School,Staten Island,STATEN ISLAND,5.0,New York,40.59688858,-74.12416878,1.0,School,False
Fiorello H. LaGuardia High School of Music & Art and Performing Arts,Manhattan,MANHATTAN,1.0,New York,40.77362231,-73.98527293,7.0,School,False
K2 Integrity,Manhattan,MANHATTAN,1.0,New York,40.75309747,-73.97275667,1.0,Businesses & Commercial Spaces,False
Sunnyside Community Senior Centers,Queens,QUEENS,4.0,New York,40.74518285,-73.92590898,1.0,Senior Centers,False
Edward R. Murrow High School,Brooklyn,BROOKLYN,3.0,New York,40.62051816,-73.95928492,1.0,School,False
Mutual of America,Manhattan,MANHATTAN,1.0,New York,40.75744266,-73.97379805,1.0,Businesses & Commercial Spaces,False
Department of Citywide Administrative Services,Bronx,BRONX,2.0,New York,40.84567816,-73.89329241,1.0,Government Buildings & Services,False
Queens Explorers Elementary School,Queens,QUEENS,4.0,New York,40.68309622,-73.85012118,1.0,School,False
Community School District 32 - under construction,Brooklyn,BROOKLYN,3.0,New York,40.69504832,-73.92813944,1.0,School,False
North Bronx School of Empowerment,Bronx,BRONX,2.0,New York,40.88086667,-73.86090228,1.0,School,False
P.S. 035 Franz Siegel,Bronx,BRONX,2.0,New York,40.82729749,-73.91766901,1.0,Public Schools,False
Hearst Corporation,Manhattan,MANHATTAN,1.0,New York,40.76643902,-73.98332508,1.0,Businesses & Commercial Spaces,False
CC Center on the Square,Manhattan,MANHATTAN,1.0,New York,40.73177387,-73.99770519,1.0,Senior Centers,False
Preston High School,Bronx,BRONX,2.0,New York,40.81424893,-73.81933727,1.0,School,False
JSM Associates I LLC [51 Astor],Manhattan,MANHATTAN,1.0,New York,40.73017604534,-73.99046018774,1.0,Businesses & Commercial Spaces,False
P.S. 157 Grove Hill,Bronx,BRONX,2.0,New York,40.81925124,-73.90855269,1.0,Public Schools,False
RAIN Eastchester Senior Centers,Bronx,BRONX,2.0,New York,40.87113798,-73.85104439,1.0,Senior Centers,False
Success Academy Charter School Bronx 5 - LOWER School,Bronx,BRONX,2.0,New York,40.80673483,-73.91522736,1.0,School,False
International High School at Prospect Heights,Brooklyn,BROOKLYN,3.0,New York,40.67034226,-73.96169487,1.0,School,False
P.S. 242 Leonard P. Stavisky Early Childhood School,Queens,QUEENS,4.0,New York,40.77125714,-73.83152372,1.0,Public Schools,False
Longacre Theater,Manhattan,MANHATTAN,1.0,New York,40.76035143,-73.98542748,1.0,Performance Venues,False
The Heritage at Trump Place,Manhattan,MANHATTAN,1.0,New York,40.78047072,-73.9873368,1.0,Businesses & Commercial Spaces,False
Hearst Corporation,Manhattan,MANHATTAN,1.0,New York,40.76643902,-73.98332508,1.0,Businesses & Commercial Spaces,False
RAIN Boston East Senior Centers,Bronx,BRONX,2.0,New York,40.87630855,-73.84855938,1.0,Senior Centers,False
P.S. 175 Henry H Garnet,Manhattan,MANHATTAN,1.0,New York,40.81441563,-73.94366382,1.0,Public Schools,False
P.S. 160 William T. Sampson,Brooklyn,BROOKLYN,3.0,New York,40.63731523,-73.99921453,1.0,Public Schools,False
P.S. 048 Joseph R. Drake - Annex,Bronx,BRONX,2.0,New York,40.813331,-73.8871416,1.0,Public Schools,False
J.H.S. 259 William Mckinley,Brooklyn,BROOKLYN,3.0,New York,40.62667272,-74.01511961,1.0,Public Schools,False
P.S. 060 Woodhaven,Queens,QUEENS,4.0,New York,40.69217097,-73.85263575,1.0,Public Schools,False
Central Queens Middle Academy Charter School,Queens,QUEENS,4.0,New York,40.73685773,-73.87501006,1.0,School,False
P.S. 194 Raoul Wallenberg,Brooklyn,BROOKLYN,3.0,New York,40.59674996,-73.9334993,1.0,Public Schools,False
The Urban Assembly School for Global Commerce,Manhattan,MANHATTAN,1.0,New York,40.80737595,-73.93943257,1.0,School,False
P.S. 015 Roberto Clemente,Manhattan,MANHATTAN,1.0,New York,40.72178377,-73.97898548,1.0,Public Schools,False
"FINRA - 1 Liberty Plaza, 165 Broadway (NY, NY)",Manhattan,MANHATTAN,1.0,New York,40.709582,-74.01018611,7.0,Businesses & Commercial Spaces,False
Brooklyn Ascend Charter Lower School,Brooklyn,BROOKLYN,3.0,New York,40.6620268,-73.92112855,1.0,School,False
P.S. 106 Edward Everett Hale,Brooklyn,BROOKLYN,3.0,New York,40.69387135,-73.91305628,1.0,Public Schools,False
Mosaic Pre-K Center at 54-25 101st Street (Q368),Queens,QUEENS,4.0,New York,40.7397896,-73.85884512,1.0,Public Schools,False
Special Music School,Manhattan,MANHATTAN,1.0,New York,40.77491199,-73.98274527,1.0,School,False
Friends Seminary,Manhattan,MANHATTAN,1.0,New York,40.73441897,-73.98577597,1.0,School,False
Touro College - Main Campus,Manhattan,MANHATTAN,1.0,New York,40.74206365,-73.99079048,1.0,Colleges & Universities,False
Harlem Village Academy West Elementary School,Manhattan,MANHATTAN,1.0,New York,40.80671183,-73.94510443,1.0,School,False
NBC NOSM US - LIC (US NOSM),Queens,QUEENS,4.0,New York,40.74068976,-73.95889003,2.0,Businesses & Commercial Spaces,False
Pathways to Graduation @ SoBro,Bronx,BRONX,2.0,New York,40.81595251,-73.9163536,1.0,School,False
Morgan Stanley - 1585 Broadway,Manhattan,MANHATTAN,1.0,New York,40.76020869,-73.98533366,1.0,Businesses & Commercial Spaces,False
Internal Revenue Service,Manhattan,MANHATTAN,1.0,New York,40.71480011,-74.00576441,1.0,Government Buildings & Services,False
The Frick Collection,Manhattan,MANHATTAN,1.0,New York,40.77104689,-73.967749,1.0,Museums,False
STEM Institute of Manhattan,Manhattan,MANHATTAN,1.0,New York,40.80168223,-73.95490792,1.0,Public Schools,False
Little Red School Hse,Manhattan,MANHATTAN,1.0,New York,40.72706927,-74.00479855,3.0,School,False
Zeta Charter School - Inwood 1,Manhattan,MANHATTAN,1.0,New York,40.85368959,-73.93253652,1.0,School,False
Bronx Charter School for Excellence 5 [Grades K-2],Bronx,BRONX,2.0,New York,40.8477151,-73.89667231,1.0,School,False
P.S. 057 Hubert H. Humphrey,Staten Island,STATEN ISLAND,5.0,New York,40.61150053,-74.08317674,1.0,Public Schools,False
Queens Metropolitan High School,Queens,QUEENS,4.0,New York,40.71135936,-73.85669802,1.0,Public Schools,False
The Riverview School P277Q @ Hunter Point Campus (Q404),Queens,QUEENS,4.0,New York,40.74294881,-73.95919538,1.0,School,False
Yankee Stadium,Bronx,BRONX,2.0,New York,40.82898447,-73.92842424,1.0,Stadiums & Arenas,False
Mosaic Pre-K Center at 56-01 61st Street (Q348),Queens,QUEENS,4.0,New York,40.72495988,-73.90428826,1.0,Public Schools,False
P.S. 246 Poe Center,Bronx,BRONX,2.0,New York,40.86558707,-73.89475715,1.0,Public Schools,False
James Madison High School,Brooklyn,BROOKLYN,3.0,New York,40.60990523,-73.94851191,1.0,School,False
Stuyvesant High School,Manhattan,MANHATTAN,1.0,New York,40.71769239,-74.01398957,1.0,School,False
"D.E. Shaw & Co., L.P.",Manhattan,MANHATTAN,1.0,New York,40.75699693,-73.98252614,1.0,Businesses & Commercial Spaces,False
I.S. 364 Gateway,Brooklyn,BROOKLYN,3.0,New York,40.64578486,-73.88162803,1.0,Public Schools,False
The Fresh Creek School,Brooklyn,BROOKLYN,3.0,New York,40.65402388,-73.89485432,1.0,School,False
MacAndrews & Forbes,Manhattan,MANHATTAN,1.0,New York,40.76592009,-73.96921717,6.0,Businesses & Commercial Spaces,False
Morgan Stanley - ISG - New York Metro - 750 7th Ave - Floor: 07,Manhattan,MANHATTAN,1.0,New York,40.76074642,-73.98352505,1.0,Businesses & Commercial Spaces,False
P.S. 256 Benjamin Banneker,Brooklyn,BROOKLYN,3.0,New York,40.6907179,-73.95043254,1.0,Public Schools,False
Carmel Richmond Healthcare and Rehabilitation,Staten Island,STATEN ISLAND,5.0,New York,40.59622848,-74.09047813,1.0,Nursing Homes,False
P.S./M.S. 004 Crotona Park West Annex,Bronx,BRONX,2.0,New York,40.84158983,-73.89776611,1.0,Public Schools,False
Saint David's School,Manhattan,MANHATTAN,1.0,New York,40.78318667,-73.95839426,5.0,School,False
North Flushing Senior Centers,Queens,QUEENS,4.0,New York,40.7713422,-73.83150184,1.0,Senior Centers,False
Willoughby Senior Centers,Brooklyn,BROOKLYN,3.0,New York,40.69477467,-73.9761163,1.0,Senior Centers,False
Department of Citywide Administrative Services,Manhattan,MANHATTAN,1.0,New York,40.71299412,-74.0041807,1.0,Government Buildings & Services,False
Cohen & Gresser LLP,Manhattan,MANHATTAN,1.0,New York,40.75533405,-73.97112427,1.0,Businesses & Commercial Spaces,False
East New York Elementary School Of Excellence,Brooklyn,BROOKLYN,3.0,New York,40.66937965,-73.87961416,1.0,School,False
Gregorio Luperon High School for Science and Mathe,Manhattan,MANHATTAN,1.0,New York,40.83815232,-73.93863828,1.0,School,False
P.S. 233 Langston Hughes,Brooklyn,BROOKLYN,3.0,New York,40.65101511,-73.91402051,1.0,Public Schools,False
Macklowe Management Company,Manhattan,MANHATTAN,1.0,New York,40.75598235,-73.96340687,1.0,Businesses & Commercial Spaces,False
P.S. 127 Aerospace Science Magnet School,Queens,QUEENS,4.0,New York,40.76463925,-73.87164016,1.0,Public Schools,False
NYS Dept of State,Manhattan,MANHATTAN,1.0,New York,40.70910465,-74.00689289,2.0,Government Buildings & Services,False
"D.E. Shaw Research, LLC",Manhattan,MANHATTAN,1.0,New York,40.75710961,-73.983544,7.0,Businesses & Commercial Spaces,False
Bay Ridge Center for Older Adults,Brooklyn,BROOKLYN,3.0,New York,40.63347017,-74.02332125,1.0,Senior Centers,False
Macy's Inc. - 71082 - Mall at Bay Plaza,Bronx,BRONX,2.0,New York,40.86427387,-73.82964215,1.0,Businesses & Commercial Spaces,False
P.S. 261 Philip Livingston,Brooklyn,BROOKLYN,3.0,New York,40.68745899,-73.98828843,1.0,Public Schools,False
Trust Company of the West,Manhattan,MANHATTAN,1.0,New York,40.75963708,-73.98062674,1.0,Businesses & Commercial Spaces,False
Devanley US- Lacoste,Manhattan,MANHATTAN,1.0,New York,40.76107385,-73.97322988,1.0,Businesses & Commercial Spaces,False
Department of Citywide Administrative Services,Manhattan,MANHATTAN,1.0,New York,40.71543977,-74.00189022,1.0,Government Buildings & Services,False
Fulbright & Jaworski L.L.P.,Manhattan,MANHATTAN,1.0,New York,40.76054207,-73.97642111,1.0,Businesses & Commercial Spaces,False
Council Center For Senior Citizens2,Brooklyn,BROOKLYN,3.0,New York,40.60774788,-73.96282217,1.0,Senior Centers,False
Lee Equity Partners,Manhattan,MANHATTAN,1.0,New York,40.76412,-73.97103381,1.0,Businesses & Commercial Spaces,False
P010X @ Mount Eden Campus (X240),Bronx,BRONX,2.0,New York,40.84248847,-73.91608156,1.0,School,False
KIPP Bronx Charter School II (JEROME) - Elementary,Bronx,BRONX,2.0,New York,40.86877517,-73.89637551,1.0,School,False
Eagle Academy For Young Men III,Queens,QUEENS,4.0,New York,40.69170394,-73.77892259,1.0,School,False
P.S. 202 Ernest S. Jenkyns,Brooklyn,BROOKLYN,3.0,New York,40.6664093,-73.87656281,1.0,Public Schools,False
Department of Citywide Administrative Services,Queens,QUEENS,4.0,New York,40.70461479,-73.80915081,1.0,Government Buildings & Services,False
P.S. 140 Edward K Ellington,Queens,QUEENS,4.0,New York,40.68678974,-73.78124663,1.0,Public Schools,False
The Sports Club/LA - Upper East Side,Manhattan,MANHATTAN,1.0,New York,40.76129854,-73.9621369,3.0,Health Clubs & Gyms,False
"Golenbock, Eiseman, Assor, Bell & Peskoe",Manhattan,MANHATTAN,1.0,New York,40.75751173,-73.97582661,2.0,Businesses & Commercial Spaces,False
The Blackstone Group,Manhattan,MANHATTAN,1.0,New York,40.75816441,-73.97324549,1.0,Businesses & Commercial Spaces,False
Kingdon Capital Management,Manhattan,MANHATTAN,1.0,New York,40.76517851,-73.97927859,1.0,Businesses & Commercial Spaces,False
The Little Brooklyn Pre-K Center at 305-307 Third Avenue (K692),Brooklyn,BROOKLYN,3.0,New York,40.67667185,-73.98664637,1.0,Public Schools,False
Hypo Real Estate Capital Group,Manhattan,MANHATTAN,1.0,New York,40.74957378,-73.97532422,1.0,Businesses & Commercial Spaces,False
Johnson & Johnson Services Inc. - NYC Design - 16th Floor,Manhattan,MANHATTAN,1.0,New York,40.7509267,-74.00595522,2.0,Businesses & Commercial Spaces,False
Parkside Preparatory Academy,Brooklyn,BROOKLYN,3.0,New York,40.65617537,-73.95158278,1.0,School,False
Syska & Hennessy Group,Manhattan,MANHATTAN,1.0,New York,40.75762868,-73.98580348,1.0,Businesses & Commercial Spaces,False
P.S. 043 Jonas Bronck,Bronx,BRONX,2.0,New York,40.80634384,-73.92119529,1.0,Public Schools,False
School of Adult and Continuing Education - Central Office (K743),Brooklyn,BROOKLYN,3.0,New York,40.68122617,-73.94973656,1.0,School,False
David Rubenstein Atrium,Manhattan,MANHATTAN,1.0,New York,40.77081682,-73.98273911,1.0,Performance Venues,False
P.S. 38 Roberto Clemente,Manhattan,MANHATTAN,1.0,New York,40.78894479,-73.94453772,1.0,Public Schools,False
P.S. 052 John C. Thompson,Staten Island,STATEN ISLAND,5.0,New York,40.58273664,-74.08850853,1.0,Public Schools,False
Greenwich Condominium,Manhattan,MANHATTAN,1.0,New York,40.736138,-73.99607043,1.0,Businesses & Commercial Spaces,False
Lift Gym,Manhattan,MANHATTAN,1.0,New York,40.76083122,-73.96889465,1.0,Health Clubs & Gyms,False
P.S. 115 Daniel Mucatel School,Brooklyn,BROOKLYN,3.0,New York,40.63500746,-73.89726234,1.0,Public Schools,False
Williamsburg Elementary School,Brooklyn,BROOKLYN,3.0,New York,40.70724395,-73.94398558,1.0,School,False
JPMorgan Chase - 270 Park Avenue,Manhattan,MANHATTAN,1.0,New York,40.75563416,-73.97510901,3.0,Businesses & Commercial Spaces,False
One World Trade Plaza,Manhattan,MANHATTAN,1.0,New York,40.71327345,-74.01281992,2.0,Businesses & Commercial Spaces,False
Tishman Speyer [520 Madison],Manhattan,MANHATTAN,1.0,New York,40.76009981,-73.97476802,1.0,Businesses & Commercial Spaces,False
"The Empire State Building Company, LLC",Manhattan,MANHATTAN,1.0,New York,40.7482689007,-73.98469027358,1.0,Businesses & Commercial Spaces,False
P.S. 018 Edward Bush,Brooklyn,BROOKLYN,3.0,New York,40.71060223,-73.94697658,1.0,Public Schools,False
Notre Dame School,Manhattan,MANHATTAN,1.0,New York,40.73964305,-74.00438446,1.0,School,False
Cynthia Jenkins School,Queens,QUEENS,4.0,New York,40.67587199,-73.75850517,1.0,School,False
Thomas C. Giordano Middle School 45,Bronx,BRONX,2.0,New York,40.85868515,-73.88721256,1.0,School,False
The Urban Assembly Bronx Academy of Letters,Bronx,BRONX,2.0,New York,40.81363389,-73.92531226,1.0,School,False
The Blackstone Group,Manhattan,MANHATTAN,1.0,New York,40.75816441,-73.97324549,1.0,Businesses & Commercial Spaces,False
August Martin High School,Queens,QUEENS,4.0,New York,40.6756252,-73.78334193,1.0,School,False
Richmond Preparatory Charter School,Staten Island,STATEN ISLAND,5.0,New York,40.60587931,-74.18073053,1.0,School,False
Bronx Regional High School,Bronx,BRONX,2.0,New York,40.82352492,-73.8988707,1.0,Public Schools,False
P.S. 035 Manhattan (D75),Manhattan,MANHATTAN,1.0,New York,40.76384831,-73.98590683,1.0,Public Schools,False
Harry S. Truman High School,Bronx,BRONX,2.0,New York,40.87408155,-73.83390182,1.0,School,False
M.S. 394 Brooklyn,Brooklyn,BROOKLYN,3.0,New York,40.67275515,-73.92797249,1.0,Public Schools,False
Equinox,Manhattan,MANHATTAN,1.0,New York,40.77798373,-73.95410802,2.0,Health Clubs & Gyms,False
Archbishop Molloy High School,Queens,QUEENS,4.0,New York,40.71108883,-73.82050168,1.0,School,False
The Museum of Modern Art,Manhattan,MANHATTAN,1.0,New York,40.76099511,-73.97720066,1.0,Museums,False
Millennium High School,Manhattan,MANHATTAN,1.0,New York,40.70453424,-74.01155228,1.0,School,False
Solus Alternate Asset Management,Manhattan,MANHATTAN,1.0,New York,40.76004973,-73.9718947,1.0,Businesses & Commercial Spaces,False
P.S. 011 Highbridge - Annex,Bronx,BRONX,2.0,New York,40.84231848,-73.92424989,1.0,Public Schools,False
Sixth Avenue Elementary School,Manhattan,MANHATTAN,1.0,New York,40.738718,-73.99416856,1.0,School,False
Armstrong Teasdale - New York,Manhattan,MANHATTAN,1.0,New York,40.75590782,-73.98668095,1.0,Businesses & Commercial Spaces,False
The Bellaire School,Queens,QUEENS,4.0,New York,40.72014568,-73.75736647,1.0,School,False
ABS Partners Real Estate,Manhattan,MANHATTAN,1.0,New York,40.73677985,-73.98930453,2.0,Businesses & Commercial Spaces,False
Zeta Charter School - South Bronx,Bronx,BRONX,2.0,New York,40.81644629,-73.91597724,1.0,School,False
Aviation Career & Technical Education High School,Queens,QUEENS,4.0,New York,40.74350231,-73.9290758,1.0,School,False
Icahn Charter School 6 (Grades 5-8),Bronx,BRONX,2.0,New York,40.83799458,-73.86844066,1.0,School,False
Equinox,Brooklyn,BROOKLYN,3.0,New York,40.67695961,-73.98333312,1.0,Health Clubs & Gyms,False
P.S. 079 Francis Lewis,Queens,QUEENS,4.0,New York,40.78590184,-73.8180567,1.0,Public Schools,False
BFFY Hillcrest Senior Centers,Queens,QUEENS,4.0,New York,40.71031004,-73.79475683,1.0,Senior Centers,False
Success Academy Charter School - Prospect Heights,Brooklyn,BROOKLYN,3.0,New York,40.6743732,-73.95144334,1.0,School,False
P.S. 011 Purvis J. Behan,Brooklyn,BROOKLYN,3.0,New York,40.68548389,-73.96629058,1.0,Public Schools,False
"Abramson Brothers, Inc. Realty Investments",Manhattan,MANHATTAN,1.0,New York,40.75721333,-73.97987665,1.0,Businesses & Commercial Spaces,False
Teachers Preparatory High School,Brooklyn,BROOKLYN,3.0,New York,40.66587085,-73.91170515,1.0,School,False
Department of Citywide Administrative Services,Manhattan,MANHATTAN,1.0,New York,40.71668858,-74.0041629,1.0,Government Buildings & Services,False
P.S. 219 Kennedy-King,Brooklyn,BROOKLYN,3.0,New York,40.65928049,-73.92291952,1.0,Public Schools,False
Time Warner Cable,Manhattan,MANHATTAN,1.0,New York,40.87147881,-73.91303649,1.0,Businesses & Commercial Spaces,False
P.S. 170 Bronx,Bronx,BRONX,2.0,New York,40.84426799,-73.91363242,1.0,Public Schools,False
I.S. 181 Pablo Casals,Bronx,BRONX,2.0,New York,40.87528646,-73.83388795,1.0,Public Schools,False
P.S. 527 - East Side School for Social Action,Manhattan,MANHATTAN,1.0,New York,40.78075638,-73.94868982,1.0,Public Schools,False
P.S. 527 - East Side School for Social Action,Manhattan,MANHATTAN,1.0,New York,40.78075638,-73.94868982,1.0,Public Schools,False
Leon M. Goldstein High School for the Sciences,Brooklyn,BROOKLYN,3.0,New York,40.58088648,-73.93595236,1.0,School,False
Yankee Stadium,Bronx,BRONX,2.0,New York,40.82902843,-73.92849646,1.0,Stadiums & Arenas,False
"Walt Disney/ABC, Inc.",Manhattan,MANHATTAN,1.0,New York,40.74906882,-73.97568171,1.0,Businesses & Commercial Spaces,False
WSF Inc - Launch Trampoline,Queens,QUEENS,4.0,New York,40.65161357,-73.83801481,1.0,Businesses & Commercial Spaces,False
Haug Partners LLP,Manhattan,MANHATTAN,1.0,New York,40.76331917,-73.97369465,1.0,Businesses & Commercial Spaces,False
"Walt Disney/ABC, Inc.",Manhattan,MANHATTAN,1.0,New York,40.77383035,-73.98138801,1.0,Businesses & Commercial Spaces,False
P.S. 242 - The Young Diplomats Magnet Academy,Manhattan,MANHATTAN,1.0,New York,40.80629323,-73.94801263,1.0,Public Schools,False
Department of Citywide Administrative Services,Bronx,BRONX,2.0,New York,40.89073421,-73.85885973,1.0,Government Buildings & Services,False
OGDEN CAP PROPERTIES,Manhattan,MANHATTAN,1.0,New York,40.74298748,-73.98134975,2.0,Businesses & Commercial Spaces,False
"Interpublic Group of Companies, Inc",Manhattan,MANHATTAN,1.0,New York,40.75873689,-73.96861769,1.0,Businesses & Commercial Spaces,False
School of Creativity & Innovation UPPER (P.S. 896),Brooklyn,BROOKLYN,3.0,New York,40.6437737,-74.00092608,1.0,Public Schools,False
Department of Citywide Administrative Services,Brooklyn,BROOKLYN,3.0,New York,40.69246841,-73.99048724,1.0,Government Buildings & Services,False
"Golenbock Eiseman Assor Bell & Peskoe, LLP",Manhattan,MANHATTAN,1.0,New York,40.75236748,-73.97326588,2.0,Businesses & Commercial Spaces,False
JASA HES Older Adult Center,Brooklyn,BROOKLYN,3.0,New York,40.63280057,-73.89122023,1.0,Senior Centers,False
Morgan Stanley - New York NY 399 - Floor: 24,Manhattan,MANHATTAN,1.0,New York,40.75953381,-73.97224506,1.0,Businesses & Commercial Spaces,False
Brookfield Properties - BFP Tower C,Manhattan,MANHATTAN,1.0,New York,40.71443965,-74.01549311,1.0,Businesses & Commercial Spaces,False
Ezra Jack Keats Pre-K Center at 132-10 Jamaica Avenue (Q383),Queens,QUEENS,4.0,New York,40.70214863,-73.82020847,1.0,Public Schools,False
KIPP All Macombs (Middle),Bronx,BRONX,2.0,New York,40.84320064,-73.91785526,1.0,Public Schools,False
Silvercrest Center For Nursing and Rehabilitation,Queens,QUEENS,4.0,New York,40.70680938,-73.811727,2.0,Nursing Homes,False
"Walt Disney/ABC, Inc.",Manhattan,MANHATTAN,1.0,New York,40.77282549,-73.97973833,1.0,Businesses & Commercial Spaces,False
Department of Citywide Administrative Services,Manhattan,MANHATTAN,1.0,New York,40.71299412,-74.0041807,2.0,Government Buildings & Services,False
CPC Nan Shan Senior Centers,Queens,QUEENS,4.0,New York,40.75693878,-73.83225311,1.0,Senior Centers,False
Columbia University - Uris Hall,Manhattan,MANHATTAN,1.0,New York,40.81012226,-73.9623366,1.0,Colleges & Universities,False
JPMorgan Chase - 4 Metrotech,Brooklyn,BROOKLYN,3.0,New York,40.69405165,-73.98574134,10.0,Businesses & Commercial Spaces,False
P.S. 169 Sunset Park,Brooklyn,BROOKLYN,3.0,New York,40.64628242,-74.00190267,1.0,Public Schools,False
Goddard Riverside Senior Centers,Manhattan,MANHATTAN,1.0,New York,40.78820519,-73.97090412,1.0,Senior Centers,False
Wildlife Conservation Society,Bronx,BRONX,2.0,New York,40.85053675,-73.88245508,1.0,Zoos & Aquariums,False
"40 Wall Street, LLC",Manhattan,MANHATTAN,1.0,New York,40.70677685,-74.01013158,1.0,Businesses & Commercial Spaces,False
P811M The Mickey Mantle School,Manhattan,MANHATTAN,1.0,New York,40.78660411,-73.97951023,1.0,School,False
The Wayne Center For Nursing and Rehabilitation,Bronx,BRONX,2.0,New York,40.88113801,-73.87744279,1.0,Nursing Homes,False
Project Find Clinton Senior Centers,Manhattan,MANHATTAN,1.0,New York,40.76825138,-73.99058829,1.0,Senior Centers,False
P.S. 206 The Horace Harding School,Queens,QUEENS,4.0,New York,40.73424297,-73.86154511,1.0,Public Schools,False
Food and Finance High School,Manhattan,MANHATTAN,1.0,New York,40.76522684,-73.99307601,1.0,School,False
PREP FOR PREP,Manhattan,MANHATTAN,1.0,New York,40.79062361,-73.97210203,1.0,Businesses & Commercial Spaces,False
League Treatment Center,Brooklyn,BROOKLYN,3.0,New York,40.65954451299,-73.94250478607,1.0,Health & Social Services,False
P.S. 049 Willis Avenue,Bronx,BRONX,2.0,New York,40.81007799,-73.92310184,1.0,Public Schools,False
Unity Center for Urban Technologies,Manhattan,MANHATTAN,1.0,New York,40.74616865,-73.98124058,1.0,Public Schools,False
"High School for Mathematics, Science and Engineering at City College",Manhattan,MANHATTAN,1.0,New York,40.82073382,-73.94909605,1.0,School,False
DeWitt Clinton High School,Bronx,BRONX,2.0,New York,40.88217149,-73.88690856,10.0,Public Schools,False
Worldwide Plaza,Manhattan,MANHATTAN,1.0,New York,40.76206701,-73.98627542,1.0,Businesses & Commercial Spaces,False
"Cahill, Gordan & Reindel, LLP",Manhattan,MANHATTAN,1.0,New York,40.70356563,-74.00803562,1.0,Businesses & Commercial Spaces,False
P.S. 228 Early Childhood Magnet School of the Arts,Queens,QUEENS,4.0,New York,40.75743277,-73.87527451,1.0,Public Schools,False
P.S. 221 The North Hills School,Queens,QUEENS,4.0,New York,40.7593955,-73.73129806,1.0,Public Schools,False
P.S. 103 Hector Fontanez,Bronx,BRONX,2.0,New York,40.89214542,-73.86146453,1.0,Public Schools,False
Mechler Hall Senior Centers,Bronx,BRONX,2.0,New York,40.82958098,-73.85186772,1.0,Senior Centers,False
The Eagle Academy for Young Men of Staten Island - Annex (R082),Staten Island,STATEN ISLAND,5.0,New York,40.62425592,-74.08266675,1.0,Public Schools,False
KIPP Elements Macombs (Elementary),Bronx,BRONX,2.0,New York,40.84320064,-73.91785526,1.0,Public Schools,False
P.S. 246 Poe Center,Bronx,BRONX,2.0,New York,40.86558707,-73.89475715,1.0,Public Schools,False
CFN DAP,Bronx,BRONX,2.0,New York,40.86073227,-73.88958427,1.0,Businesses & Commercial Spaces,False
Sandler O'Neill & Partners Corp.,Manhattan,MANHATTAN,1.0,New York,40.75963708,-73.98062674,1.0,Businesses & Commercial Spaces,False
I.S. 98 Bay Academy,Brooklyn,BROOKLYN,3.0,New York,40.58311845,-73.95403723,1.0,School,False
Marymount School,Manhattan,MANHATTAN,1.0,New York,40.78686455,-73.95120209,1.0,School,False
Frank Sinatra School of the Arts High School,Queens,QUEENS,4.0,New York,40.75652643,-73.92512027,1.0,School,False
US Dept of Housing and Urban Development (HUD) - New York HQ (Region 2),Manhattan,MANHATTAN,1.0,New York,40.71600786,-74.00474364,5.0,Government Buildings & Services,False
Jacob K. Javits Convention Center,Manhattan,MANHATTAN,1.0,New York,40.75655629,-74.00380806,1.0,Performance Venues,False
Macklowe Management Company,Manhattan,MANHATTAN,1.0,New York,40.75625757,-73.97676554,1.0,Businesses & Commercial Spaces,False
Success Academy Charter School - Cobble Hill,Brooklyn,BROOKLYN,3.0,New York,40.6854118,-73.99335115,1.0,School,False
Commission on Judicial Conduct,Manhattan,MANHATTAN,1.0,New York,40.70698798,-74.01233539,1.0,Government Buildings & Services,False
Success Academy Charter School - Norwood,Bronx,BRONX,2.0,New York,40.87556913,-73.87760858,1.0,School,False
Team Life,Queens,QUEENS,4.0,New York,40.74397499408,-73.92566853613,1.0,Businesses & Commercial Spaces,False
"Linklaters, LLP",Manhattan,MANHATTAN,1.0,New York,40.76259829,-73.97845996,1.0,Businesses & Commercial Spaces,False
P.S. 202 Ernest S. Jenkyns,Brooklyn,BROOKLYN,3.0,New York,40.6664093,-73.87656281,1.0,Public Schools,False
Platton Hall,Manhattan,MANHATTAN,1.0,New York,40.78334634,-73.98095202,1.0,Businesses & Commercial Spaces,False
Zeta Charter School - Inwood 1,Manhattan,MANHATTAN,1.0,New York,40.87112664,-73.9119233,1.0,School,False
"US Smithsonian Institution, DC, HQ - National Museum of American Indian",Manhattan,MANHATTAN,1.0,New York,40.70428703,-74.01323656,2.0,Museums,False
"AECI - The NYC Charter High School for Architecture, Engineering & Construction Industries",Bronx,BRONX,2.0,New York,40.82200879,-73.91087572,1.0,School,False
E.S.M.T- I.S. 190,Bronx,BRONX,2.0,New York,40.83656794,-73.89281559,1.0,Public Schools,False
Baruch College Campus High School,Manhattan,MANHATTAN,1.0,New York,40.74192324,-73.98652137,1.0,School,False
P.S. 299 Thomas Warren Field,Brooklyn,BROOKLYN,3.0,New York,40.69106994,-73.91815159,1.0,Public Schools,False
P.S. 120 Queens,Queens,QUEENS,4.0,New York,40.74551896,-73.82930821,1.0,Public Schools,False
Sirovich Senior Centers,Manhattan,MANHATTAN,1.0,New York,40.73065031,-73.98504072,1.0,Senior Centers,False
RAICES Astoria Senior Centers,Queens,QUEENS,4.0,New York,40.7681282,-73.92891589,1.0,Senior Centers,False
Department of Citywide Administrative Services,Staten Island,STATEN ISLAND,5.0,New York,40.64233543,-74.07525556,1.0,Government Buildings & Services,False
Global Community Charter School,Manhattan,MANHATTAN,1.0,New York,40.8167412,-73.93474904,1.0,School,False
Legacy College Preparatory Charter School,Bronx,BRONX,2.0,New York,40.81347084,-73.91959726,1.0,School,False
P.S. 161 The Crown,Brooklyn,BROOKLYN,3.0,New York,40.66617349,-73.94901261,1.0,Public Schools,False
P.S. 200- The James Mccune Smith School,Manhattan,MANHATTAN,1.0,New York,40.82448812,-73.93699607,1.0,Public Schools,False
Brooklyn Lab School,Brooklyn,BROOKLYN,3.0,New York,40.69113882,-73.86832767,1.0,Public Schools,False
Art and Design High School,Manhattan,MANHATTAN,1.0,New York,40.7591454,-73.96699314,1.0,School,False
Melrose Senior Centers,Bronx,BRONX,2.0,New York,40.81850901,-73.91792921,1.0,Senior Centers,False
The Museum of Modern Art,Manhattan,MANHATTAN,1.0,New York,40.76099511,-73.97720066,1.0,Museums,False
Brooklyn Lab School,Brooklyn,BROOKLYN,3.0,New York,40.69113882,-73.86832767,1.0,Public Schools,False
"Sovereign Apartments, Inc.",Manhattan,MANHATTAN,1.0,New York,40.75867715,-73.96170524,1.0,Businesses & Commercial Spaces,False
NYC DOE ADMIN QPN,Queens,QUEENS,4.0,New York,40.75007306,-73.93820722,1.0,Government Buildings & Services,False
Morgan Stanley - CMP071 - 522 5th Ave Floors 10/11,Manhattan,MANHATTAN,1.0,New York,40.75450705,-73.98014457,1.0,Businesses & Commercial Spaces,False
Pathways to Graduation @ Chelsea Hudson Guild,Manhattan,MANHATTAN,1.0,New York,40.7491894,-74.00181539,1.0,School,False
I.S. 061 William A Morris,Staten Island,STATEN ISLAND,5.0,New York,40.63400168,-74.09782538,1.0,Public Schools,False
"Cushman and Wakefield U.S., Inc.",Manhattan,MANHATTAN,1.0,New York,40.76891026,-73.99242579,1.0,Businesses & Commercial Spaces,False
Careers in Sports High School,Bronx,BRONX,2.0,New York,40.82230356,-73.92382834,1.0,School,False
Morgan Stanley - 1585 Broadway,Manhattan,MANHATTAN,1.0,New York,40.76020869,-73.98533366,1.0,Businesses & Commercial Spaces,False
Dorchester Senior Centers,Brooklyn,BROOKLYN,3.0,New York,40.6389649,-73.96468915,1.0,Senior Centers,False
"Brooklyn Community High School of Communication, Arts and Media",Brooklyn,BROOKLYN,3.0,New York,40.69263432,-73.95879356,1.0,School,False
Bronx Engineering and Technology Academy,Bronx,MANHATTAN,1.0,New York,40.87709942,-73.91225527,1.0,Public Schools,True
P.S. 018 John G. Whittier,Staten Island,STATEN ISLAND,5.0,New York,40.63657975,-74.11750887,1.0,Public Schools,False
The High School of Fashion Industries,Manhattan,MANHATTAN,1.0,New York,40.74514906,-73.9960735,1.0,School,False
Betances Senior Centers,Bronx,BRONX,2.0,New York,40.8108435,-73.91494033,1.0,Senior Centers,False
Mott Haven Academy Charter Elementary School,Bronx,BRONX,2.0,New York,40.806374,-73.9211483,1.0,School,False
"Cravath, Swaine & Moore LLP",Manhattan,MANHATTAN,1.0,New York,40.75216196,-73.9972028,1.0,Businesses & Commercial Spaces,False
Three World Trade Center,Manhattan,MANHATTAN,1.0,New York,40.71096789,-74.01235777,1.0,Businesses & Commercial Spaces,False
TUC Management,Manhattan,MANHATTAN,1.0,New York,40.77343473,-73.97922907,1.0,Businesses & Commercial Spaces,False
Fiorello H. LaGuardia High School of Music & Art and Performing Arts,Manhattan,MANHATTAN,1.0,New York,40.77362231,-73.98527293,1.0,School,False
P.S. 065 Mother Hale Academy,Bronx,BRONX,2.0,New York,40.80732857,-73.91273051,1.0,Public Schools,False
Middle Village Preparatory Charter School,Queens,QUEENS,4.0,New York,40.7122622,-73.88866606,1.0,School,False
Atmosphere Academy Charter School,Bronx,MANHATTAN,1.0,New York,40.87515474,-73.91042453,2.0,School,True
Brooklyn Preschool of Science/ Carmelo the Science Fellow,Brooklyn,BROOKLYN,3.0,New York,40.6895648,-73.99741458,1.0,School,False
Morgan Stanley - 1585 Broadway,Manhattan,MANHATTAN,1.0,New York,40.76020869,-73.98533366,1.0,Businesses & Commercial Spaces,False
Empire State Realty Trust,Manhattan,MANHATTAN,1.0,New York,40.76638394,-73.98211934,1.0,Businesses & Commercial Spaces,False
Renaissance Charter School 2,Queens,QUEENS,4.0,New York,40.74114651,-73.88155538,1.0,School,False
Challenge Preparatory Charter School - Admin,Queens,QUEENS,4.0,New York,40.60563956,-73.75141703,1.0,School,False
New York Congregation Nursing Center,Brooklyn,BROOKLYN,3.0,New York,40.65242696,-73.95389199,4.0,Nursing Homes,False
J.H.S. 216 George J. Ryan,Queens,QUEENS,4.0,New York,40.73750945,-73.7940304,1.0,Public Schools,False
Department of Citywide Administrative Services,Brooklyn,BROOKLYN,3.0,New York,40.69339325,-73.98891485,1.0,Government Buildings & Services,False
Bank of Nova Scotia - 23rd floor,Manhattan,MANHATTAN,1.0,New York,40.71452196,-74.0156771,2.0,Businesses & Commercial Spaces,False
Global Community Charter Middle School (DBA  Friends of GCCS),Manhattan,MANHATTAN,1.0,New York,40.82356457,-73.93965986,1.0,School,False
Marymount School,Manhattan,MANHATTAN,1.0,New York,40.78686455,-73.95120209,1.0,School,False
P.S. 143 Louis Armstrong,Queens,QUEENS,4.0,New York,40.75552775,-73.8563608,1.0,Public Schools,False
Equinox,Queens,QUEENS,4.0,New York,40.7472513,-73.88743803,1.0,Health Clubs & Gyms,False
Diana Jones Senior Centers,Brooklyn,BROOKLYN,3.0,New York,40.70061477,-73.94285873,1.0,Senior Centers,False
DREAM Charter High School,Bronx,BRONX,2.0,New York,40.80735885,-73.92876185,1.0,School,False
"McDermott, Will, Emery",New York,MANHATTAN,1.0,New York,40.75225544,-73.97546399,1.0,Businesses & Commercial Spaces,True
P.S. 277 Bronx,Bronx,BRONX,2.0,New York,40.81351025,-73.91340154,1.0,Public Schools,False
"Marsh & McLennan - Marsh USA - New York, NY",Manhattan,MANHATTAN,1.0,New York,40.75699693,-73.98252614,24.0,Businesses & Commercial Spaces,False
APHIS FO - JFK Plant Inspection Station,Queens,QUEENS,4.0,New York,40.65030099,-73.75694755,1.0,Ferries & Other Transportation,False
Haber House Senior Centers,Brooklyn,BROOKLYN,3.0,New York,40.57316372,-73.99064468,1.0,Senior Centers,False
Richard R. Green High School of Teaching,Manhattan,MANHATTAN,1.0,New York,40.70501716,-74.01297702,1.0,School,False
JASA Van Cortlandt Senior Centers,Bronx,BRONX,2.0,New York,40.88299069,-73.89400621,1.0,Senior Centers,False
StepStone Group,Manhattan,MANHATTAN,1.0,New York,40.75555731,-73.97513791,1.0,Businesses & Commercial Spaces,False
"SoulCycle, Inc",Manhattan,MANHATTAN,1.0,New York,40.72998126,-74.00829139,2.0,Health Clubs & Gyms,False
Department of Citywide Administrative Services,Bronx,BRONX,2.0,New York,40.82634742,-73.92102336,1.0,Government Buildings & Services,False
Friends Seminary,Manhattan,MANHATTAN,1.0,New York,40.73441897,-73.98577597,1.0,School,False
P.S. 583 Bronx,Bronx,BRONX,2.0,New York,40.82702214,-73.86003243,1.0,Public Schools,False
SCHULTE ROTH & ZABEL,Manhattan,MANHATTAN,1.0,New York,40.7591348,-73.96833956,13.0,Businesses & Commercial Spaces,False
Autonomy Capital,Manhattan,MANHATTAN,1.0,New York,40.75049672,-73.97886451,1.0,Businesses & Commercial Spaces,False
"Mutual Redevelopment Houses, Inc - 6A & 6B",Manhattan,MANHATTAN,1.0,New York,40.74891768,-73.99954525,1.0,Businesses & Commercial Spaces,False
"Rolex, USA - 650 5th Ave (7th Floor)",Manhattan,MANHATTAN,1.0,New York,40.75978179,-73.97654411,1.0,Businesses & Commercial Spaces,False
Bold Charter School,Bronx,BRONX,2.0,New York,40.82508448,-73.88216418,1.0,School,False
Flushing High School,Queens,QUEENS,4.0,New York,40.76515838,-73.82788949,1.0,School,False
Earl Monroe New Renaissance Basketball Charter School,Bronx,BRONX,2.0,New York,40.8454685,-73.82701585,1.0,School,False
"JFK Airport, Building 402",Queens,QUEENS,4.0,New York,40.64831283,-73.7882815,7.0,Ferries & Other Transportation,False
ArchCare Senior Life PACE Staten Island,Staten Island,STATEN ISLAND,5.0,New York,40.59622848,-74.09047813,1.0,Senior Centers,False
FTI Consulting,Manhattan,MANHATTAN,1.0,New York,40.75636894,-73.98671335,2.0,Businesses & Commercial Spaces,False
Wavemaker,Manhattan,MANHATTAN,1.0,New York,40.76314781,-73.98174478,1.0,Businesses & Commercial Spaces,False
P.S. 024 Brooklyn,Brooklyn,BROOKLYN,3.0,New York,40.65269415,-74.00474272,1.0,Public Schools,False
Rose Hill Pre-K Center at 2490-2500 Webster Avenue (X432),Bronx,BRONX,2.0,New York,40.86084731,-73.89221595,1.0,Public Schools,False
Morgan Stanley - ISG - New York Metro - 750 7th Avenue - Floor: 20,Manhattan,MANHATTAN,1.0,New York,40.76074642,-73.98352505,2.0,Businesses & Commercial Spaces,False
"Abramson Brothers, Inc. Realty Investments",Manhattan,MANHATTAN,1.0,New York,40.75330773,-73.98099313,1.0,Businesses & Commercial Spaces,False
MarkLogic Corporation - New York,Manhattan,MANHATTAN,1.0,New York,40.75109132,-73.9929259,1.0,Businesses & Commercial Spaces,False
"Cline, Davis & Mann, Inc.",Manhattan,MANHATTAN,1.0,New York,40.75024852,-73.9732559,1.0,Businesses & Commercial Spaces,False
TUC Management,Manhattan,MANHATTAN,1.0,New York,40.73180958,-73.99927115,1.0,Businesses & Commercial Spaces,False
Ezra Jack Keats Pre-K Center at 83-30 Kew Gardens Road (Q608),Queens,QUEENS,4.0,New York,40.70987217,-73.82717793,1.0,Public Schools,False
South Bronx Charter School For International Cultures and the Arts,Bronx,BRONX,2.0,New York,40.80303695,-73.91803505,1.0,School,False
Riverdale Presbyterian Church,Bronx,BRONX,2.0,New York,40.89625176,-73.90831251,1.0,Houses of Worship,False
M.S. 129 Academy for Independent Learning and Leadership,Bronx,BRONX,2.0,New York,40.84587171,-73.88618258,1.0,Public Schools,False
P.S. 116 Elizabeth L Farrell,Brooklyn,BROOKLYN,3.0,New York,40.6977715,-73.91652048,1.0,Public Schools,False
Academy for Excellence Through the Arts,Queens,QUEENS,4.0,New York,40.72609251,-73.84350106,1.0,Public Schools,False
Time Warner Cable,Queens,QUEENS,4.0,New York,40.75751126,-73.82775411,1.0,Businesses & Commercial Spaces,False
Greenhill & Co.,Manhattan,MANHATTAN,1.0,New York,40.75679501,-73.97427116,1.0,Businesses & Commercial Spaces,False
Department of Citywide Administrative Services,Manhattan,MANHATTAN,1.0,New York,40.71714978,-74.00065294,1.0,Government Buildings & Services,False
US Department of Labor-Boston/New York Region - EBSA/New York,Manhattan,MANHATTAN,1.0,New York,40.72836203,-74.00536149,1.0,Government Buildings & Services,False
"Jack Resnick & Sons, Inc.",Manhattan,MANHATTAN,1.0,New York,40.71005165,-74.00595517,1.0,Businesses & Commercial Spaces,False
P.S. 242 - The Young Diplomats Magnet Academy,Manhattan,MANHATTAN,1.0,New York,40.80629323,-73.94801263,1.0,Public Schools,False
Atmosphere Academy Charter School - Annex,Bronx,BRONX,2.0,New York,40.88812563,-73.91312313,1.0,School,False
Comcast West - Montbel COE,Manhattan,MANHATTAN,1.0,New York,40.72924291,-73.97350611,1.0,Businesses & Commercial Spaces,False
Department of Citywide Administrative Services,Bronx,BRONX,2.0,New York,40.84567816,-73.89329241,1.0,Government Buildings & Services,False
The Museum of Modern Art,Manhattan,MANHATTAN,1.0,New York,40.76099511,-73.97720066,1.0,Museums,False
Windsor School,Queens,QUEENS,4.0,New York,40.75674664,-73.82853215,1.0,School,False
"Landmark Owners, Inc",Manhattan,MANHATTAN,1.0,New York,40.76053891,-73.96420572,1.0,Businesses & Commercial Spaces,False
P.S./M.S. 138 Sunrise,Queens,QUEENS,4.0,New York,40.65971953,-73.73517564,1.0,Public Schools,False
P370K - The Jim Thorpe School,Brooklyn,BROOKLYN,3.0,New York,40.57751327,-73.96951673,1.0,School,False
P169M - Robert F. Kennedy School,Manhattan,MANHATTAN,1.0,New York,40.78122041,-73.9556729,1.0,School,False
Saint David's School,Manhattan,MANHATTAN,1.0,New York,40.78318667,-73.95839426,5.0,School,False
P723X @ 927X (X927),Bronx,BRONX,2.0,New York,40.83781495,-73.90641652,1.0,Public Schools,False
Cascades High School,Manhattan,MANHATTAN,1.0,New York,40.72251268,-73.99072826,1.0,School,False
"Chelsea Associates, LLC",Manhattan,MANHATTAN,1.0,New York,40.74340318,-73.99192708,1.0,Businesses & Commercial Spaces,False
Fox Networks Group - FNC- Quartermaster,Manhattan,MANHATTAN,1.0,New York,40.75838562,-73.98153673,2.0,Businesses & Commercial Spaces,False
"Walt Disney/ABC, Inc.",Manhattan,MANHATTAN,1.0,New York,40.75593483,-73.98332411,1.0,Businesses & Commercial Spaces,False
New York State Department For People With Developmental Disabilities,Staten Island,STATEN ISLAND,5.0,New York,40.59312952,-74.14413828,1.0,Government Buildings & Services,False
Brooklyn Technical High School,Brooklyn,BROOKLYN,3.0,New York,40.68882691,-73.97690452,1.0,School,False
Sunset Park Avenues ANNEX (P.S. 516),Brooklyn,BROOKLYN,3.0,New York,40.65027302,-74.0086274,1.0,Public Schools,False
Harriet Tubman Charter School Junior Academy,Bronx,BRONX,2.0,New York,40.82959819,-73.9042817,1.0,School,False
"WIN - Women in Need, Inc.",Manhattan,MANHATTAN,1.0,New York,40.70240415,-74.01294766,1.0,Health & Social Services,False
Manhattan West LLC,Manhattan,MANHATTAN,1.0,New York,40.77583488,-73.96246078,1.0,Businesses & Commercial Spaces,False
Morrisania Air Rights Senior Centers,Bronx,BRONX,2.0,New York,40.82414342,-73.91716346,1.0,Senior Centers,False
Fundation - New York,Manhattan,MANHATTAN,1.0,New York,40.750006,-73.98236917,1.0,Businesses & Commercial Spaces,False
Theatre Arts Production Company School,Bronx,BRONX,2.0,New York,40.85495355,-73.89731893,1.0,School,False
Liberty High School Academy for Newcomers,Manhattan,MANHATTAN,1.0,New York,40.74164955,-73.99930713,1.0,School,False
Sports Therapy and Rehab,Manhattan,MANHATTAN,1.0,New York,40.75996664,-73.96898891,1.0,Health Clubs & Gyms,False
Queens South Field Support Center,Queens,QUEENS,4.0,New York,40.68418831,-73.85849454,1.0,Public Schools,False
The Blackstone Group,Manhattan,MANHATTAN,1.0,New York,40.75816441,-73.97324549,1.0,Businesses & Commercial Spaces,False
Family Life Academy Charter School II,Bronx,BRONX,2.0,New York,40.81179212,-73.92524931,1.0,School,False
P751M @ M323 (M323),Manhattan,MANHATTAN,1.0,New York,40.73099141,-74.00719103,1.0,Public Schools,False
P.S. 038 Rosedale,Queens,QUEENS,4.0,New York,40.67155244,-73.73404339,1.0,Public Schools,False
General Motors,Manhattan,MANHATTAN,1.0,New York,40.76259829,-73.97845996,2.0,Businesses & Commercial Spaces,False
Dream Charter School Highbridge (OLD),Bronx,BRONX,2.0,New York,40.83285917,-73.91141764,1.0,School,False
P.S. 149 Danny Kaye - Annex,Brooklyn,BROOKLYN,3.0,New York,40.66835447,-73.89495421,1.0,Public Schools,False
RXR 5TS Owner LLC,Manhattan,MANHATTAN,1.0,New York,40.75570202,-73.98720798,1.0,Businesses & Commercial Spaces,False
"Amalgamated Warbasse Houses,",Brooklyn,BROOKLYN,3.0,New York,40.58018177,-73.97172228,1.0,Businesses & Commercial Spaces,False
P.S. 171 Patrick Henry,Manhattan,MANHATTAN,1.0,New York,40.79211558,-73.95196025,1.0,Public Schools,False
New York - Nanuet,Manhattan,MANHATTAN,1.0,New York,40.75298491,-73.98918642,1.0,Businesses & Commercial Spaces,False
The Riverview School P277Q @ Hunter Point Campus (Q404),Queens,QUEENS,4.0,New York,40.74294881,-73.95919538,1.0,School,False
Queens Preparatory Academy,Queens,QUEENS,4.0,New York,40.66822698,-73.75683872,1.0,School,False
J.H.S. 022 Jordan L. Mott,Bronx,BRONX,2.0,New York,40.83312465,-73.91402638,1.0,Public Schools,False
Worldwide Plaza,Manhattan,MANHATTAN,1.0,New York,40.76206701,-73.98627542,1.0,Businesses & Commercial Spaces,False
CC Independance Plaza Senior Centers,Manhattan,MANHATTAN,1.0,New York,40.71759668,-74.01066713,1.0,Senior Centers,False
"Hawkins, Delafield & Wood LLP",Manhattan,MANHATTAN,1.0,New York,40.71321318,-74.0117089,1.0,Businesses & Commercial Spaces,False
Success Academy Charter School - Hudson Yards,Manhattan,MANHATTAN,1.0,New York,40.75902931,-73.99605463,1.0,School,False
Hearst Offices Sheffield Building,Manhattan,MANHATTAN,1.0,New York,40.7670539,-73.98371482,1.0,Businesses & Commercial Spaces,False
"P.S. 279 Captain Manuel Rivera, Jr.",Bronx,BRONX,2.0,New York,40.8544254,-73.90556526,1.0,Public Schools,False
P.S. 001 Courtlandt School,Bronx,BRONX,2.0,New York,40.81880895,-73.91900911,1.0,Public Schools,False
TD Cowen,Manhattan,MANHATTAN,1.0,New York,40.75826818,-73.97105441,1.0,Businesses & Commercial Spaces,False
P.S. 084 Jose De Diego,Brooklyn,BROOKLYN,3.0,New York,40.71477782,-73.96300032,1.0,Public Schools,False
Brooklyn Ascend Charter Lower School,Brooklyn,BROOKLYN,3.0,New York,40.6620268,-73.92112855,1.0,School,False
P.S. 087 William Sherman,Manhattan,MANHATTAN,1.0,New York,40.7819514,-73.9776376,1.0,Public Schools,False
The Stahl Organization,Manhattan,MANHATTAN,1.0,New York,40.7825943,-73.98108946,1.0,Businesses & Commercial Spaces,False
P.S. 002 Meyer London,Manhattan,MANHATTAN,1.0,New York,40.7132656,-73.99133916,1.0,Public Schools,False
RAICES Corona Senior Centers,Queens,QUEENS,4.0,New York,40.74727623,-73.86246349,1.0,Senior Centers,False
P.S. 155 The Ronald H. Brown School,Queens,QUEENS,4.0,New York,40.67955186,-73.81060006,1.0,Public Schools,False
Irwin Altman Middle School 172,Queens,QUEENS,4.0,New York,40.74193551,-73.71296409,1.0,School,False
P.S. 093 William H. Prescott,Brooklyn,BROOKLYN,3.0,New York,40.67908942,-73.9468395,1.0,Public Schools,False
"Vornado Office Management, LLC",Manhattan,MANHATTAN,1.0,New York,40.76054207,-73.97642111,1.0,Businesses & Commercial Spaces,False
Morgan Stanley - ISG - New York Metro - Floor: 11,Manhattan,MANHATTAN,1.0,New York,40.76074642,-73.98352505,1.0,Businesses & Commercial Spaces,False
Viking Global,Manhattan,MANHATTAN,1.0,New York,40.76013593,-73.97686165,1.0,Businesses & Commercial Spaces,False
Morgan Stanley - 750 7th Avenue,Manhattan,MANHATTAN,1.0,New York,40.76074642,-73.98352505,1.0,Businesses & Commercial Spaces,False
P.S. 092 Adrian Hegeman,Brooklyn,BROOKLYN,3.0,New York,40.65603903,-73.95374172,1.0,Public Schools,False
"Walt Disney/ABC, Inc.",Manhattan,MANHATTAN,1.0,New York,40.77324011,-73.98069136,1.0,Businesses & Commercial Spaces,False
P.S. 056 Lewis H. Latimer,Brooklyn,BROOKLYN,3.0,New York,40.68504293,-73.96065879,1.0,Public Schools,False
Leadership and Public Service High School,Manhattan,MANHATTAN,1.0,New York,40.70872267,-74.0123321,1.0,School,False
Capital Preparatory (CP) Harlem Charter School,Manhattan,MANHATTAN,1.0,New York,40.80870634,-73.93790332,1.0,School,False
The Blackstone Group,Manhattan,MANHATTAN,1.0,New York,40.75845753,-73.97091355,1.0,Businesses & Commercial Spaces,False
Time Warner Cable,Manhattan,MANHATTAN,1.0,New York,40.87114036,-73.91191243,1.0,Businesses & Commercial Spaces,False
Preston High School,Bronx,BRONX,2.0,New York,40.81424893,-73.81933727,1.0,School,False
The Bronx Mathematics Preparatory School,Bronx,BRONX,2.0,New York,40.81482572,-73.85657914,1.0,School,False
Vanguard High School,Manhattan,MANHATTAN,1.0,New York,40.76535184,-73.96005883,1.0,School,False
Macy's - Backstage - Sheepshead Bay #002,Brooklyn,BROOKLYN,3.0,New York,40.58371937,-73.94723252,1.0,Businesses & Commercial Spaces,False
P.S. 397 Foster-Laurie,Brooklyn,BROOKLYN,3.0,New York,40.65893152,-73.94628976,1.0,Public Schools,False
P.S. 169 Bay Terrace,Queens,QUEENS,4.0,New York,40.78224052,-73.77906137,1.0,Public Schools,False
Fort Greene Preparatory Academy,Brooklyn,BROOKLYN,3.0,New York,40.69462531,-73.97116509,1.0,Public Schools,False
Manhattan Village Academy,Manhattan,MANHATTAN,1.0,New York,40.74149005,-73.99151231,1.0,School,False
Garden of Learning and Discovery Pre-K Center at 1434 Ogden Avenue (X582),Bronx,BRONX,2.0,New York,40.84336389,-73.92373546,1.0,Public Schools,False
"Cravath, Swaine & Moore LLP",Manhattan,MANHATTAN,1.0,New York,40.75216196,-73.9972028,1.0,Businesses & Commercial Spaces,False
Sentinel Real Estate Corp.,Manhattan,MANHATTAN,1.0,New York,40.75963708,-73.98062674,1.0,Businesses & Commercial Spaces,False
CB Richard Ellis,Manhattan,MANHATTAN,1.0,New York,40.76085011,-73.97971672,1.0,Businesses & Commercial Spaces,False
The Michael J. Petrides School,Staten Island,STATEN ISLAND,5.0,New York,40.60874845,-74.10234414,1.0,School,False
St. James Theater,Manhattan,MANHATTAN,1.0,New York,40.75800767,-73.98764069,1.0,Performance Venues,False
I.S. 227 Louis Armstrong,Queens,QUEENS,4.0,New York,40.75840079,-73.87447135,1.0,Public Schools,False
Douglas Elliman Property Management,Manhattan,MANHATTAN,1.0,New York,40.77485729,-73.96108933,1.0,Businesses & Commercial Spaces,False
New Design Middle School,Manhattan,MANHATTAN,1.0,New York,40.81926042,-73.95710348,1.0,School,False
Morgan Stanley - ISG - New York Metro - 1221 A of A - Floor: 4,Manhattan,MANHATTAN,1.0,New York,40.75909387,-73.98213574,2.0,Businesses & Commercial Spaces,False
Legacy College Prep High School,Bronx,BRONX,2.0,New York,40.82024724,-73.90811776,1.0,School,False
Brilla College Prep Middle School (Grades 5-8),Bronx,BRONX,2.0,New York,40.80951965,-73.92551558,1.0,School,False
The Maurice Sendak Community School,Brooklyn,BROOKLYN,3.0,New York,40.67075698,-73.98778669,1.0,School,False
P.S. X014 Senator John Calandra,Bronx,BRONX,2.0,New York,40.83577214,-73.82573295,1.0,Public Schools,False
OGDEN CAP PROPERTIES,Manhattan,MANHATTAN,1.0,New York,40.77142302,-73.98033447,3.0,Businesses & Commercial Spaces,False
Eleven Times Square,Manhattan,MANHATTAN,1.0,New York,40.75689078,-73.9900232,17.0,Businesses & Commercial Spaces,False
P.S. K225 - The Eileen E. Zaglin,Brooklyn,BROOKLYN,3.0,New York,40.57972954,-73.95632913,1.0,Public Schools,False
J.H.S. 067 Louis Pasteur,Queens,QUEENS,4.0,New York,40.7627003,-73.73369247,1.0,Public Schools,False
District 20 Pre-K Center at 550 59 Street (K560),Brooklyn,BROOKLYN,3.0,New York,40.6393784,-74.01444871,1.0,Public Schools,False
Hudson River Park Trust,Manhattan,MANHATTAN,1.0,New York,40.72916313,-74.0106762,1.0,Parks & Recreation,False
Caspian Capital LP,Manhattan,MANHATTAN,1.0,New York,40.76011361,-73.97514342,1.0,Businesses & Commercial Spaces,False
New Visions Charter High School for Advanced Math and Science II,Bronx,BRONX,2.0,New York,40.82166801,-73.90354524,1.0,School,False
J.H.S. 062 Ditmas,Brooklyn,BROOKLYN,3.0,New York,40.63867863,-73.97165056,1.0,Public Schools,False
DFTA Senior Employment,Manhattan,MANHATTAN,1.0,New York,40.71682297,-74.00645359,1.0,Government Buildings & Services,False
Ft. Greene Stuyvesant Senior Centers,Brooklyn,BROOKLYN,3.0,New York,40.6809847,-73.94398609,1.0,Senior Centers,False
P.S. 11 Thomas Dongan School,Staten Island,STATEN ISLAND,5.0,New York,40.59047762,-74.09779738,1.0,Public Schools,False
East New York Elementary School Of Excellence,Brooklyn,BROOKLYN,3.0,New York,40.66937965,-73.87961416,1.0,School,False
Uncommon Charter High School,Brooklyn,BROOKLYN,3.0,New York,40.67725102,-73.94238852,1.0,School,False
P.S. 377 Alejandrina B. De Gautier,Brooklyn,BROOKLYN,3.0,New York,40.69401024,-73.91526306,1.0,Public Schools,False
Department of Citywide Administrative Services,Brooklyn,BROOKLYN,3.0,New York,40.69875388,-73.98986965,1.0,Government Buildings & Services,False
Hess Corporation,Manhattan,MANHATTAN,1.0,New York,40.75757876,-73.98212532,1.0,Businesses & Commercial Spaces,False
NYS Office of the Welfare Inspector General,Manhattan,MANHATTAN,1.0,New York,40.71021597,-74.01089679,1.0,Government Buildings & Services,False
"HS Construction Trades, Engineering & Architecture",Queens,QUEENS,4.0,New York,40.68958318,-73.84071678,1.0,Public Schools,False
Fulbright & Jaworski L.L.P.,Manhattan,MANHATTAN,1.0,New York,40.76054207,-73.97642111,1.0,Businesses & Commercial Spaces,False
ALC - Bronx Educational Center,Bronx,BRONX,2.0,New York,40.81641986,-73.89104538,1.0,School,False
Leaders In Our Neighborhood Charter School (Middle/Elem),Bronx,BRONX,2.0,New York,40.81544858,-73.88576876,1.0,School,False
"Intercontinental Exchange - New York, NY (11 Wall Street)",Manhattan,MANHATTAN,1.0,New York,40.70739159,-74.01110552,22.0,Businesses & Commercial Spaces,False
Mosaic Pre-K Center at 68-20 Myrtle Avenue (Q392),Queens,QUEENS,4.0,New York,40.70167636,-73.88389069,1.0,Public Schools,False
Momentum Worldwide,Manhattan,MANHATTAN,1.0,New York,40.72465097,-74.00775316,1.0,Businesses & Commercial Spaces,False
P.S. 207 Rockwood Park,Queens,QUEENS,4.0,New York,40.65808094,-73.84443252,1.0,Public Schools,False
P.S. 051 Elias Howe,Manhattan,MANHATTAN,1.0,New York,40.76151057,-73.99591009,1.0,Public Schools,False
Bloomberg L.P.,Manhattan,MANHATTAN,1.0,New York,40.76187959,-73.96842127,1.0,Businesses & Commercial Spaces,False
J.H.S. 167 Robert F. Wagner,Manhattan,MANHATTAN,1.0,New York,40.77204285,-73.95807271,1.0,Public Schools,False
The Blackstone Group,Manhattan,MANHATTAN,1.0,New York,40.75816441,-73.97324549,1.0,Businesses & Commercial Spaces,False
HANAC JVL Senior Centers,Queens,QUEENS,4.0,New York,40.77279387,-73.91610474,1.0,Senior Centers,False
I.S. R002 George L. Egbert,Staten Island,STATEN ISLAND,5.0,New York,40.57671819,-74.10072537,1.0,Public Schools,False
P.S. 327 Dr. Rose B. English,Brooklyn,BROOKLYN,3.0,New York,40.66846791,-73.91235055,1.0,Public Schools,False
P226M @ Manhattan School (M875),Manhattan,MANHATTAN,1.0,New York,40.73489459,-73.99514315,1.0,School,False
Mutual of America,Manhattan,MANHATTAN,1.0,New York,40.75744266,-73.97379805,1.0,Businesses & Commercial Spaces,False
Hellenic Classical Charter Schools,Staten Island,STATEN ISLAND,5.0,New York,40.60859233,-74.16158508,1.0,School,False
P.S. 203 Oakland Gardens,Queens,QUEENS,4.0,New York,40.75419323,-73.76063483,1.0,Public Schools,False
One World Trade Plaza,Manhattan,MANHATTAN,1.0,New York,40.71327345,-74.01281992,1.0,Businesses & Commercial Spaces,False
Hawkins Delafield & Wood LLP,Manhattan,MANHATTAN,1.0,New York,40.70903575,-74.01062607,1.0,Businesses & Commercial Spaces,False
"Investcorp International, Inc",Manhattan,MANHATTAN,1.0,New York,40.75601562,-73.97483093,1.0,Businesses & Commercial Spaces,False
Dover Corporation,Manhattan,MANHATTAN,1.0,New York,40.75601562,-73.97483093,1.0,Businesses & Commercial Spaces,False
Waterline Sq. 3,Manhattan,MANHATTAN,1.0,New York,40.77229726,-73.99206075,1.0,Businesses & Commercial Spaces,False
P.S. 81Q Jean Paul Richter - Annex,Queens,QUEENS,4.0,New York,40.70530794,-73.91190879,1.0,Public Schools,False
Wildlife Conservation Society,Bronx,BRONX,2.0,New York,40.85053675,-73.88245508,1.0,Zoos & Aquariums,False
Publicis Groupe,Manhattan,MANHATTAN,1.0,New York,40.7284278,-74.00715106,1.0,Businesses & Commercial Spaces,False
Academy of Medical Technology: A College Board School,Queens,QUEENS,4.0,New York,40.60200214,-73.76279588,11.0,Public Schools,False
P.S. 049 Dorothy Bonawit Kole,Queens,QUEENS,4.0,New York,40.71985947,-73.87509257,1.0,Public Schools,False
P.S. 224 Hale A. Woodruff,Brooklyn,BROOKLYN,3.0,New York,40.66406722,-73.86609245,1.0,Public Schools,False
Community Health Academy of the Heights,Manhattan,MANHATTAN,1.0,New York,40.83368018,-73.94207185,1.0,School,False
Morgan Stanley - CMP073 - 590 Madison - NEW YORK NY 590 - Floor: 10,Manhattan,MANHATTAN,1.0,New York,40.76213864,-73.97247861,1.0,Businesses & Commercial Spaces,False
Fordham University Bronx Location,Bronx,BRONX,2.0,New York,40.86072673616,-73.88953366191,1.0,Colleges & Universities,False
KIPP STAR Harlem College Prep School (Middle),Manhattan,MANHATTAN,1.0,New York,40.81050427,-73.9559965,1.0,School,False
J.H.S. 234 Arthur W. Cunningham,Brooklyn,BROOKLYN,3.0,New York,40.60421272,-73.95548476,1.0,Public Schools,False
P.S. 002 Alfred Zimberg,Queens,QUEENS,4.0,New York,40.7703277,-73.89447504,1.0,Public Schools,False
Trump Place @ 200 RSB,Manhattan,MANHATTAN,1.0,New York,40.77911764,-73.98818198,1.0,Businesses & Commercial Spaces,False
Hearst Corporation,Manhattan,MANHATTAN,1.0,New York,40.76643902,-73.98332508,1.0,Businesses & Commercial Spaces,False
P.S. 045 Clarence Witherspoon,Queens,QUEENS,4.0,New York,40.67271925,-73.78816407,1.0,Public Schools,False
City and Country School,Manhattan,MANHATTAN,1.0,New York,40.73722773499,-73.99870455505,2.0,School,False
"Executive Affiliates - Bronx, NY",Bronx,BRONX,2.0,New York,40.86321643,-73.82915318,2.0,Businesses & Commercial Spaces,False
Eleanor Roosevelt High School,Manhattan,MANHATTAN,1.0,New York,40.77002359,-73.95323262,1.0,School,False
Gotham Professional Arts Academy,Brooklyn,BROOKLYN,3.0,New York,40.67848066,-73.96210479,1.0,School,False
Department of Citywide Administrative Services,Manhattan,MANHATTAN,1.0,New York,40.71299412,-74.0041807,2.0,Government Buildings & Services,False
Department of Citywide Administrative Services,Queens,QUEENS,4.0,New York,40.70461479,-73.80915081,1.0,Government Buildings & Services,False
JPMorgan Chase - BX Warehouse,Bronx,BRONX,2.0,New York,40.80975838,-73.89107078,1.0,Businesses & Commercial Spaces,False
P.S. 124 Osmond A Church,Queens,QUEENS,4.0,New York,40.66505024,-73.81170114,1.0,Public Schools,False
P.S. 274 Kosciusko,Brooklyn,BROOKLYN,3.0,New York,40.6949137,-73.92793043,1.0,Public Schools,False
Morgan Stanley - ISG - New York Metro - 750 7th Ave - Floor: 31,Manhattan,MANHATTAN,1.0,New York,40.76074642,-73.98352505,1.0,Businesses & Commercial Spaces,False
Home Instruction (Springfield Blvd),Queens,QUEENS,4.0,New York,40.7233167,-73.73777928,1.0,Public Schools,False
Brooklyn College Academy - Main Site (K917),Brooklyn,BROOKLYN,3.0,New York,40.64939702,-73.97173608,1.0,School,False
P.S. 268 Emma Lazarus,Brooklyn,BROOKLYN,3.0,New York,40.65712367,-73.92801827,1.0,Public Schools,False
Centerbridge Partners,Manhattan,MANHATTAN,1.0,New York,40.75877913,-73.97280126,1.0,Businesses & Commercial Spaces,False
P.S. 126 Dr Marjorie H Dunbar,Bronx,BRONX,2.0,New York,40.83577764,-73.92832294,1.0,Public Schools,False
The Port Authority of New York & New Jersey - Port Authority Teleport,Staten Island,STATEN ISLAND,5.0,New York,40.60316025,-74.18007492,4.0,Ferries & Other Transportation,False
P.S. 116 Mary Lindley Murray,Manhattan,MANHATTAN,1.0,New York,40.74483139,-73.97811566,1.0,Public Schools,False
Space Shuttle Columbia School,Staten Island,STATEN ISLAND,5.0,New York,40.58313125,-74.16186165,1.0,School,False
P.S./ I.S. 155 Nicholas Herkimer,Brooklyn,BROOKLYN,3.0,New York,40.67740757,-73.90873352,1.0,Public Schools,False
Valence College Prep Charter School,Queens,QUEENS,4.0,New York,40.72937335,-73.85895747,1.0,School,False
OGDEN CAP PROPERTIES,Manhattan,MANHATTAN,1.0,New York,40.74424994,-73.98051214,2.0,Businesses & Commercial Spaces,False
Columbia University - Lenfest Center for the Arts,Manhattan,MANHATTAN,1.0,New York,40.81694742,-73.95934131,1.0,Colleges & Universities,False
George Westinghouse Career and Technical Education High School,Brooklyn,BROOKLYN,3.0,New York,40.69491903,-73.98601522,8.0,Public Schools,False
Time Warner Cable,Manhattan,MANHATTAN,1.0,New York,40.73976572,-73.9853887,1.0,Businesses & Commercial Spaces,False
Mt. Ararat Senior Centers,Brooklyn,BROOKLYN,3.0,New York,40.67315911,-73.91284906,1.0,Senior Centers,False
Mott Haven Village Preparatory High School,Bronx,BRONX,2.0,New York,40.81824312,-73.91102892,1.0,School,False
Q277 @ Q322,Queens,QUEENS,4.0,New York,40.7427167,-73.87652194,1.0,Public Schools,False
910 5TH AVENUE CORP,Manhattan,MANHATTAN,1.0,New York,40.77240794,-73.96652441,1.0,Businesses & Commercial Spaces,False
P023Q-Lifeline Day Treatment Center (NO DRILLS),Queens,QUEENS,4.0,New York,40.73835732,-73.73387314,1.0,Public Schools,False
"I.S. 349 Math, Science & Tech.",Brooklyn,BROOKLYN,3.0,New York,40.70068293,-73.92748057,1.0,Public Schools,False
Columbia University - John Jay Hall,Manhattan,MANHATTAN,1.0,New York,40.80553844,-73.96206829,1.0,Colleges & Universities,False
Office of the State Comptroller-Finance Office,Manhattan,MANHATTAN,1.0,New York,40.70825918,-74.00823096,5.0,Government Buildings & Services,False
Morgan Stanley - ISG - New York Metro - 750 7th Ave - Floor: 06,Manhattan,MANHATTAN,1.0,New York,40.76074642,-73.98352505,1.0,Businesses & Commercial Spaces,False
P.S. 031 Samuel F. Dupont,Brooklyn,BROOKLYN,3.0,New York,40.72657992,-73.95426983,1.0,Public Schools,False
P.S. 183 Robert L. Stevenson,Manhattan,MANHATTAN,1.0,New York,40.76372901,-73.95815016,1.0,Public Schools,False
Douglas Elliman Property Management,Manhattan,MANHATTAN,1.0,New York,40.79504907,-73.97622826,1.0,Businesses & Commercial Spaces,False
"Jack Resnick & Sons, Inc.",Manhattan,MANHATTAN,1.0,New York,40.75237746,-73.98228914,1.0,Businesses & Commercial Spaces,False
P.S. 219 Paul Klapper,Queens,QUEENS,4.0,New York,40.73526982,-73.82374879,1.0,Public Schools,False
The Frick Collection,Manhattan,MANHATTAN,1.0,New York,40.77104689,-73.967749,2.0,Museums,False
P.S. 003 The Margaret Gioiosa School,Staten Island,STATEN ISLAND,5.0,New York,40.52069164,-74.21126239,1.0,Public Schools,False
"Nederlander Producing Company of America, Inc . - HQ",Manhattan,MANHATTAN,1.0,New York,40.75709624,-73.98619342,1.0,Businesses & Commercial Spaces,False
The Port Authority of New York & New Jersey - 4 World Trade Center,Manhattan,MANHATTAN,1.0,New York,40.71002653,-74.01147027,24.0,Ferries & Other Transportation,False
P053K @ J.H.S. 088 Peter Rouget (K088),Brooklyn,BROOKLYN,3.0,New York,40.66001665,-73.98763729,1.0,Public Schools,False
"Vornado Office Management, LLC",Manhattan,MANHATTAN,1.0,New York,40.76237738,-73.97227996,1.0,Businesses & Commercial Spaces,False
Repertory Company High School for Theatre Arts,Manhattan,MANHATTAN,1.0,New York,40.75583616,-73.98438172,1.0,School,False
The New York Times,Queens,QUEENS,4.0,New York,40.7782889,-73.8276135,4.0,Businesses & Commercial Spaces,False
P037R@PS36 (R844),Staten Island,STATEN ISLAND,5.0,New York,40.54456723,-74.18173343,1.0,Public Schools,False
The Museum of Modern Art,Manhattan,MANHATTAN,1.0,New York,40.76099511,-73.97720066,1.0,Museums,False
P.S. 041 Francis White,Brooklyn,BROOKLYN,3.0,New York,40.66029826,-73.90735495,1.0,Public Schools,False
Morgan Stanley - ISG - New York Metro - 522 5th Avenue - Floor: U1,Manhattan,MANHATTAN,1.0,New York,40.75450705,-73.98014457,1.0,Businesses & Commercial Spaces,False
RXR PO Owner LLC - 450 Lexington Avenue,Manhattan,MANHATTAN,1.0,New York,40.7530952,-73.9748537,2.0,Businesses & Commercial Spaces,False
"Anchin, Block & Anchin LLP",Manhattan,MANHATTAN,1.0,New York,40.7523205,-73.98746128,1.0,Businesses & Commercial Spaces,False
15 West 72nd Street Owners Corp.,Manhattan,MANHATTAN,1.0,New York,40.77670333,-73.97710139,1.0,Businesses & Commercial Spaces,False
Rose Building,Manhattan,MANHATTAN,1.0,New York,40.76948571,-73.98345068,1.0,Businesses & Commercial Spaces,False
I.S. 119 The Glendale,Queens,QUEENS,4.0,New York,40.70439826,-73.87518297,1.0,Public Schools,False
A.C.E. Academy for Scholars at the Geraldine Ferraro Campus,Queens,QUEENS,4.0,New York,40.71301518,-73.90830583,1.0,Public Schools,False
J.H.S. 057 Whitelaw Reid,Brooklyn,BROOKLYN,3.0,New York,40.69126663,-73.93369675,1.0,Public Schools,False
"McLauglin & Stern, LLP",Manhattan,MANHATTAN,1.0,New York,40.75070018,-73.98082785,1.0,Businesses & Commercial Spaces,False
Pharos Academy (ES/MS) [frmrly Bronx Lighthouse Charter School],Bronx,BRONX,2.0,New York,40.82312791,-73.89687684,1.0,Public Schools,False
Columbia University - William Black Building,Manhattan,MANHATTAN,1.0,New York,40.84162844,-73.94108908,1.0,Colleges & Universities,False
M.S. 223 The Laboratory School of Finance and Technology,Bronx,BRONX,2.0,New York,40.81377875,-73.92031942,1.0,Public Schools,False
Rabbinical Institute Cong. Sharei Torah,Brooklyn,BROOKLYN,3.0,New York,40.62105755,-73.96346312,1.0,School,False
Morgan Stanley - 750 7th Avenue - Floor: 07,Manhattan,MANHATTAN,1.0,New York,40.76074642,-73.98352505,1.0,Businesses & Commercial Spaces,False
Central Park East High School,Manhattan,MANHATTAN,1.0,New York,40.79375583,-73.94938041,1.0,School,False
P.S. 229 Dyker,Brooklyn,BROOKLYN,3.0,New York,40.6109563,-74.01337645,1.0,Public Schools,False
Fordham University Bronx Location,Bronx,BRONX,2.0,New York,40.86072673616,-73.88953366191,1.0,Colleges & Universities,False
The Inspired Community Project,Bronx,BRONX,2.0,New York,40.852379,-73.827509,2.0,Health & Social Services,False
The New School for Leadership and Journalism,Bronx,BRONX,2.0,New York,40.87591014,-73.90110859,1.0,School,False
K2 Intelligence,Manhattan,MANHATTAN,1.0,New York,40.75668147,-73.97012745,1.0,Businesses & Commercial Spaces,False
Sunshine Developmental School,Queens,QUEENS,4.0,New York,40.70086765,-73.8088406,1.0,Private Schools,False
"United Talent Agency, LLC",Manhattan,MANHATTAN,1.0,New York,40.76500854,-73.98041579,1.0,Businesses & Commercial Spaces,False
Manhattan West LLC,Manhattan,MANHATTAN,1.0,New York,40.77583508,-73.96308541,1.0,Businesses & Commercial Spaces,False
Curtis High School,Staten Island,STATEN ISLAND,5.0,New York,40.64472755,-74.081222,19.0,Public Schools,False
Major League Baseball - Headquarters,Manhattan,MANHATTAN,1.0,New York,40.76028202,-73.98015728,8.0,Businesses & Commercial Spaces,False
P.S. 041 Crocheron,Queens,QUEENS,4.0,New York,40.76957127,-73.77095522,1.0,Public Schools,False
Ivy Hill Prep,Brooklyn,BROOKLYN,3.0,New York,40.64388214,-73.92273198,1.0,Public Schools,False
John Jay School for Law,Brooklyn,BROOKLYN,3.0,New York,40.66962217,-73.97928676,1.0,School,False
Bronx Regional High School,Bronx,BRONX,2.0,New York,40.82352492,-73.8988707,1.0,Public Schools,False
East Side Community School,Manhattan,MANHATTAN,1.0,New York,40.72958225,-73.982555,1.0,School,False
Young & Rubicam,Manhattan,MANHATTAN,1.0,New York,40.75174854,-73.98003712,1.0,Businesses & Commercial Spaces,False
The Longwood Academy of Discovery,Bronx,BRONX,2.0,New York,40.82039595,-73.8989116,1.0,School,False
P.S. 184 Newport,Brooklyn,BROOKLYN,3.0,New York,40.65995864,-73.9049009,1.0,Public Schools,False
P.S. 236 Mill Basin,Brooklyn,BROOKLYN,3.0,New York,40.61599089,-73.91298882,1.0,Public Schools,False
P.S. K134,Brooklyn,BROOKLYN,3.0,New York,40.63227284,-73.97389782,1.0,Public Schools,False
P.S. 212 Midtown West,Manhattan,MANHATTAN,1.0,New York,40.76155122,-73.98827535,1.0,Public Schools,False
Brooklyn Prospect Charter - High School,Brooklyn,BROOKLYN,3.0,New York,40.64839665,-73.97850778,1.0,School,False
Thomas A. Edison Career and Technical Education High School,Queens,QUEENS,4.0,New York,40.71538132,-73.80036854,1.0,School,False
M.S. 260 Clinton School Writers & Artists,Manhattan,MANHATTAN,1.0,New York,40.73651113,-73.99272538,4.0,Public Schools,False
P.S. 241 Emma L. Johnston,Brooklyn,BROOKLYN,3.0,New York,40.66935382,-73.96076901,1.0,Public Schools,False
"Reelz - New York, NY",Manhattan,MANHATTAN,1.0,New York,40.74436355,-73.98845883,1.0,Businesses & Commercial Spaces,False
"Interpublic Group of Companies, Inc.",Manhattan,MANHATTAN,1.0,New York,40.75873689,-73.96861769,1.0,Businesses & Commercial Spaces,False
Corsi House Senior Centers,Manhattan,MANHATTAN,1.0,New York,40.79692845,-73.93758929,1.0,Senior Centers,False
House of Jacob Senior Centers,Brooklyn,BROOKLYN,3.0,New York,40.61404277,-73.97759682,1.0,Senior Centers,False
James Madison High School,Brooklyn,BROOKLYN,3.0,New York,40.60990523,-73.94851191,1.0,School,False
Jacob K. Javits Convention Center,Manhattan,MANHATTAN,1.0,New York,40.75655629,-74.00380806,1.0,Performance Venues,False
"Bronx School for Law, Government and Justice",Bronx,BRONX,2.0,New York,40.82760013,-73.91868038,1.0,School,False
P.S. 128 Bensonhurst,Brooklyn,BROOKLYN,3.0,New York,40.60486357,-73.99554519,1.0,Public Schools,False
P.S. 095 The Gravesend,Brooklyn,BROOKLYN,3.0,New York,40.59569063,-73.97517966,1.0,Public Schools,False
Brilla Veritas - Annex,Bronx,BRONX,2.0,New York,40.81538274,-73.92186013,1.0,Public Schools,False
Brooklyn's Daily Discovery Pre-K Center at 2202 60 Street (K597),Brooklyn,BROOKLYN,3.0,New York,40.616472,-73.97809307,1.0,Public Schools,False
Department of Citywide Administrative Services,Staten Island,STATEN ISLAND,5.0,New York,40.64492793,-74.0772296,1.0,Government Buildings & Services,False
Davidoff Hutcher & Citron LLP,Manhattan,MANHATTAN,1.0,New York,40.74906882,-73.97568171,1.0,Businesses & Commercial Spaces,False
General Motors/ Cadillac Headquarters,Manhattan,MANHATTAN,1.0,New York,40.72685504,-74.0073818,1.0,Businesses & Commercial Spaces,False
P.S. 028 Mount Hope,Bronx,BRONX,2.0,New York,40.84805043,-73.9035213,1.0,Public Schools,False
Pathways to Graduation @ Davidson Avenue,Bronx,BRONX,2.0,New York,40.84779756,-73.91341457,1.0,School,False
Yankee Stadium,Bronx,BRONX,2.0,New York,40.8289625,-73.92839174,1.0,Stadiums & Arenas,False
P.S. Q016 The Nancy DeBenedittis School,Queens,QUEENS,4.0,New York,40.74897924,-73.86122925,1.0,Public Schools,False
P.S. 048 Mapleton,Brooklyn,BROOKLYN,3.0,New York,40.62186416,-73.98739583,1.0,Public Schools,False
Department of Citywide Administrative Services,Queens,QUEENS,4.0,New York,40.70249109,-73.80310864,1.0,Government Buildings & Services,False
Mutual of America,Manhattan,MANHATTAN,1.0,New York,40.75744266,-73.97379805,1.0,Businesses & Commercial Spaces,False
Hugh O'Kane Electric Company,Manhattan,QUEENS,4.0,New York,40.74130555,-73.9368549,1.0,Businesses & Commercial Spaces,True
Equinox,Bronx,BRONX,2.0,New York,40.87890147,-73.86553876,1.0,Health Clubs & Gyms,False
West End Gardens,Brooklyn,BROOKLYN,3.0,New York,40.64165465,-73.99557155,1.0,Businesses & Commercial Spaces,False
Morgan Stanley - 1585 Broadway,Manhattan,MANHATTAN,1.0,New York,40.76020869,-73.98533366,1.0,Businesses & Commercial Spaces,False
P.S. 007 Abraham Lincoln,Brooklyn,BROOKLYN,3.0,New York,40.68968948,-73.87310836,1.0,Public Schools,False
Our World Neighborhood Charter Middle School,Queens,QUEENS,4.0,New York,40.75381953,-73.93308562,1.0,School,False
Leadership Prep Canarsie Middle Academy,Brooklyn,BROOKLYN,3.0,New York,40.64419515,-73.89226459,1.0,Private Schools,False
Square Arch Realty,Manhattan,MANHATTAN,1.0,New York,40.73191383,-73.9966083,1.0,Businesses & Commercial Spaces,False
P.S. 043 Queens,Queens,QUEENS,4.0,New York,40.59382594,-73.76174122,1.0,Public Schools,False
P.S. 095 Sheila Mencher,Bronx,BRONX,2.0,New York,40.88289206,-73.89125427,1.0,Public Schools,False
Lower East Side Preparatory High School,Manhattan,MANHATTAN,1.0,New York,40.72057435,-73.98564545,1.0,School,False
Acrisure,Manhattan,MANHATTAN,1.0,New York,40.70939527,-74.0110734,1.0,Businesses & Commercial Spaces,False
P.S. 033 Timothy Dwight Annex,Bronx,BRONX,2.0,New York,40.86141603,-73.90204127,1.0,Public Schools,False
I.S. 318 Eugenio Maria De Hostos,Brooklyn,BROOKLYN,3.0,New York,40.70249229,-73.94886931,1.0,Public Schools,False
P.S./I.S. 78Q Queens,Queens,QUEENS,4.0,New York,40.74474618,-73.95797086,1.0,Public Schools,False
J.H.S. 162 The Willoughby,Brooklyn,BROOKLYN,3.0,New York,40.70722135,-73.91980526,1.0,Public Schools,False
Congregation Rodeph Sholom,Manhattan,MANHATTAN,1.0,New York,40.78269791,-73.97729431,1.0,Houses of Worship,False
P.S. 036 J. C. Drumgoole,Staten Island,STATEN ISLAND,5.0,New York,40.54307591,-74.18229784,1.0,Public Schools,False
Vornado Office Management - Farley Property Manager,Manhattan,MANHATTAN,1.0,New York,40.75117384,-73.99692493,1.0,Businesses & Commercial Spaces,False
Staten Island Technical High School,Staten Island,STATEN ISLAND,5.0,New York,40.56786613,-74.11537192,1.0,School,False
JPMorgan Chase - JLL - 4 Metrotech,Brooklyn,BROOKLYN,3.0,New York,40.69405165,-73.98574134,17.0,Businesses & Commercial Spaces,False
Planned Parenthood Federation,Manhattan,MANHATTAN,1.0,New York,40.75320498,-73.99797515,1.0,Businesses & Commercial Spaces,False
Union Square Academy for Health Sciences,Manhattan,MANHATTAN,1.0,New York,40.7354869,-73.98765932,1.0,School,False
New York Life - NE-V68-Queens,Queens,QUEENS,4.0,New York,40.73059768,-73.86363461,1.0,Businesses & Commercial Spaces,False
New Dorp High School,Staten Island,STATEN ISLAND,5.0,New York,40.56938596,-74.10773667,1.0,School,False
"Walt Disney/ABC, Inc.",Manhattan,MANHATTAN,1.0,New York,40.77282549,-73.97973833,1.0,Businesses & Commercial Spaces,False
Fisher Brothers - 299 Park,Manhattan,MANHATTAN,1.0,New York,40.75644922,-73.97449508,1.0,Businesses & Commercial Spaces,False
"Fried, Frank, Harris, Shriver & Jacobson LLP",Manhattan,MANHATTAN,1.0,New York,40.70253319,-74.01256178,1.0,Businesses & Commercial Spaces,False
Citi Health Services - 388 Greenwich,Manhattan,MANHATTAN,1.0,New York,40.72065166,-74.01009762,27.0,Health & Social Services,False
Greater NY Hospital Association,Manhattan,MANHATTAN,1.0,New York,40.77000254,-73.99065664,1.0,Businesses & Commercial Spaces,False
Queens Satellite High School for Opportunity,Queens,QUEENS,4.0,New York,40.70847218,-73.80006469,1.0,School,False
Pathways to Graduation @ YouthBuild Queens,Queens,QUEENS,4.0,New York,40.73502504,-73.81472491,1.0,School,False
Morgan Stanley - 1585 Broadway,Manhattan,MANHATTAN,1.0,New York,40.76020869,-73.98533366,2.0,Businesses & Commercial Spaces,False
Wollman Memorial Rink,Manhattan,MANHATTAN,1.0,New York,40.76770452,-73.97051599,1.0,Parks & Recreation,False
The Leona M. and Harry B Helmlsey Charitable Trust,Manhattan,MANHATTAN,1.0,New York,40.75450075,-73.97595043,1.0,Businesses & Commercial Spaces,False
Bronx Charter School for Excellence IV [Grades K-3],Bronx,BRONX,2.0,New York,40.89764904,-73.84261448,1.0,School,False
P.S. 104 The Bays Water,Queens,QUEENS,4.0,New York,40.60845877,-73.7645484,1.0,Public Schools,False
William Cullen Bryant High School,Queens,QUEENS,4.0,New York,40.75822321,-73.91051381,1.0,School,False
P.S. 150 Christopher,Brooklyn,BROOKLYN,3.0,New York,40.66895314,-73.90472581,1.0,Public Schools,False
Givaudan Fragrances,Manhattan,MANHATTAN,1.0,New York,40.76353088,-73.97535152,5.0,Businesses & Commercial Spaces,False
Paul Hastings LLC,Manhattan,MANHATTAN,1.0,New York,40.7462875,-73.98725671,,Businesses & Commercial Spaces,False
Pathways to Graduation @ Riseboro Partnership,Brooklyn,BROOKLYN,3.0,New York,40.69736279,-73.91317072,1.0,School,False
P.S. 186 Dr. Irving A Gladstone,Brooklyn,BROOKLYN,3.0,New York,40.61147572,-73.99467675,1.0,Public Schools,False
P.S. 307 Daniel Hale Williams,Brooklyn,BROOKLYN,3.0,New York,40.7013358,-73.98231357,1.0,Public Schools,False
I.S. 007 Elias Bernstein,Staten Island,STATEN ISLAND,5.0,New York,40.52374941,-74.18593897,1.0,Public Schools,False
ALC - Jamaica Academy,Queens,QUEENS,4.0,New York,40.70347161,-73.80508579,1.0,School,False
P.S. 068 Cambridge,Queens,QUEENS,4.0,New York,40.69654829,-73.89740516,1.0,Public Schools,False
P.S. 273 Wortman,Brooklyn,BROOKLYN,3.0,New York,40.65791443,-73.87935381,1.0,Public Schools,False
P.S. 006 West Farms,Bronx,BRONX,2.0,New York,40.84074825,-73.88170625,1.0,Public Schools,False
P.S. 132 Ralph Bunche,Queens,QUEENS,4.0,New York,40.68210621,-73.74991944,1.0,Public Schools,False
District 2 Pre-K Center at 355 East 76 Street (M471),Manhattan,MANHATTAN,1.0,New York,40.77074889,-73.95495783,1.0,Public Schools,False
Morgan Stanley - ISG - New York Metro - 750 7th Ave - Floor: 10,Manhattan,MANHATTAN,1.0,New York,40.76074642,-73.98352505,2.0,Businesses & Commercial Spaces,False
The Port Authority of New York & New Jersey - 80 Pine,Manhattan,MANHATTAN,1.0,New York,40.70588502,-74.0071811,4.0,Ferries & Other Transportation,False
Middle College High School at LaGuardia Community College,Queens,QUEENS,4.0,New York,40.74440532,-73.93364006,1.0,School,False
P721X - Stephen D. McSweeney OTC (X722),Bronx,BRONX,2.0,New York,40.84228273,-73.83894744,1.0,Public Schools,False
MTAPD,Manhattan,MANHATTAN,1.0,New York,40.75264494,-73.99453549,2.0,Ferries & Other Transportation,False
LaGuardia Airport- Terminal B,Queens,QUEENS,4.0,New York,40.77307614,-73.87241639,1.0,Ferries & Other Transportation,False
P.S. 089 Cypress Hills,Brooklyn,BROOKLYN,3.0,New York,40.67769007,-73.88693579,1.0,Public Schools,False
Major League Soccer,Manhattan,MANHATTAN,1.0,New York,40.75080205,-73.98284538,1.0,Businesses & Commercial Spaces,False
New Utrecht High School,Brooklyn,BROOKLYN,3.0,New York,40.61325441,-74.00340366,1.0,School,False
P.S. 127 Aerospace Science Magnet School,Queens,QUEENS,4.0,New York,40.76463925,-73.87164016,1.0,Public Schools,False
P.S. 129 John H. Finley,Manhattan,MANHATTAN,1.0,New York,40.81463073,-73.95191142,1.0,Public Schools,False
AGCS,Manhattan,MANHATTAN,1.0,New York,40.70835514,-74.00959078,1.0,Businesses & Commercial Spaces,False
Morgan Stanley - 750 7th Avenue - Floor: 06,Manhattan,MANHATTAN,1.0,New York,40.76074642,-73.98352505,1.0,Businesses & Commercial Spaces,False
P.S. 65 The Academy of Innovative Learning,Staten Island,STATEN ISLAND,5.0,New York,40.63402471,-74.07861124,1.0,Public Schools,False
West End Secondary School,Manhattan,MANHATTAN,1.0,New York,40.77208278,-73.98767417,1.0,School,False
"Mutual Redevelopment Houses, Inc",Manhattan,MANHATTAN,1.0,New York,40.74681244,-73.99810166,1.0,Businesses & Commercial Spaces,False
"Moses & Singer, LLP",Manhattan,MANHATTAN,1.0,New York,40.75181634,-73.97576011,1.0,Businesses & Commercial Spaces,False
Brooklyn Theatre Arts High School,Brooklyn,BROOKLYN,3.0,New York,40.63327759,-73.91673477,1.0,School,False
Peninsula Preparatory Academy Charter School,Queens,QUEENS,4.0,New York,40.60065635,-73.75203703,1.0,School,False
Department of Citywide Administrative Services,Brooklyn,BROOKLYN,3.0,New York,40.71123867,-73.96834797,1.0,Government Buildings & Services,False
Alston & Bird LLP,Manhattan,MANHATTAN,1.0,New York,40.75049672,-73.97886451,1.0,Businesses & Commercial Spaces,False
P.S. 39 Francis J. Murphy Jr.,Staten Island,STATEN ISLAND,5.0,New York,40.59764539,-74.0700521,1.0,Public Schools,False
P.S. 179 Kensington,Brooklyn,BROOKLYN,3.0,New York,40.64045583,-73.97764197,1.0,Public Schools,False
Bronx Leadership Academy High School,Bronx,BRONX,2.0,New York,40.84358175,-73.90323505,1.0,School,False
Central Brooklyn Ascend Charter Middle School,Brooklyn,BROOKLYN,3.0,New York,40.6395955,-73.94838082,1.0,School,False
The School For Human Rights,Brooklyn,BROOKLYN,3.0,New York,40.65888574,-73.9424585,1.0,School,False
St. Francis Prep High School,Queens,QUEENS,4.0,New York,40.74266493,-73.77543997,1.0,School,False
Alice Tully Hall,Manhattan,MANHATTAN,1.0,New York,40.77315252,-73.98221138,1.0,Businesses & Commercial Spaces,False
"P.S. 128 The Lorraine Tuzzo, Juniper Valley Elementary School",Queens,QUEENS,4.0,New York,40.71533668,-73.88621516,1.0,Public Schools,False
P.S. 123 Suydam,Brooklyn,BROOKLYN,3.0,New York,40.70375944,-73.92270199,1.0,Public Schools,False
Family Welcome Center,Manhattan,MANHATTAN,1.0,New York,40.81117578,-73.95359374,1.0,Government Buildings & Services,False
W. H. Maxwell Career and Technical Education High School,Brooklyn,BROOKLYN,3.0,New York,40.67412808,-73.89643036,1.0,School,False
I.S. 230 Queens,Queens,QUEENS,4.0,New York,40.75285886,-73.89319263,1.0,Public Schools,False
Achievement First Linden Charter - Middle School,Brooklyn,BROOKLYN,3.0,New York,40.67362495,-73.88408752,1.0,School,False
Equinox,Manhattan,MANHATTAN,1.0,New York,40.75225544,-73.97546399,2.0,Health Clubs & Gyms,False
Jacob K. Javits Convention Center,Manhattan,MANHATTAN,1.0,New York,40.75655629,-74.00380806,1.0,Performance Venues,False
M.S. 51 William Alexander,Brooklyn,BROOKLYN,3.0,New York,40.67200813,-73.9839472,1.0,Public Schools,False
P.S. 016 John J. Driscoll,Staten Island,STATEN ISLAND,5.0,New York,40.63942274,-74.08000485,1.0,Public Schools,False
P.S. 058 Bronx,Bronx,BRONX,2.0,New York,40.84615565,-73.89926266,1.0,Public Schools,False
Moritt Hock & Hamroff LLP,Manhattan,MANHATTAN,1.0,New York,40.7534321,-73.98715067,1.0,Businesses & Commercial Spaces,False
Baruch College Campus High School,Manhattan,MANHATTAN,1.0,New York,40.74192324,-73.98652137,1.0,School,False
P.S. 372 - The Children's School (K834),Brooklyn,BROOKLYN,3.0,New York,40.6766607,-73.98525837,1.0,Public Schools,False
Passages Academy - Bronx Hope,Bronx,BRONX,2.0,New York,40.84702142,-73.91800233,1.0,School,False
JASA Rockaway Park Senior Centers,Queens,QUEENS,4.0,New York,40.57834645,-73.84161306,1.0,Senior Centers,False
Brookfield Properties,Manhattan,MANHATTAN,1.0,New York,40.76054207,-73.97642111,5.0,Businesses & Commercial Spaces,False
Poly Prep COS,Brooklyn,BROOKLYN,3.0,New York,40.61231054,-74.02373162,1.0,Private Schools,False
P.S. 121 Throop,Bronx,BRONX,2.0,New York,40.86607387,-73.85097985,1.0,Public Schools,False
Grover Cleveland High School,Queens,QUEENS,4.0,New York,40.71102563,-73.90881356,1.0,School,False
High School For Community Leadership,Queens,QUEENS,4.0,New York,40.71321019,-73.79723682,1.0,School,False
Middle School for Art and Philosophy,Brooklyn,BROOKLYN,3.0,New York,40.6582877,-73.9201094,1.0,School,False
Canaan Senior Centers,Manhattan,MANHATTAN,1.0,New York,40.79863718,-73.95213973,1.0,Senior Centers,False
Bronx Preparatory Charter School,Bronx,BRONX,2.0,New York,40.83888331,-73.9006615,1.0,School,False
P.S. 081 Thaddeus Stevens,Brooklyn,BROOKLYN,3.0,New York,40.69315347,-73.93576476,1.0,Public Schools,False
P.S. 030 Hernandez/Hughes,Manhattan,MANHATTAN,1.0,New York,40.80595735,-73.93520034,1.0,Public Schools,False
P.S. 329 Surfside,Brooklyn,BROOKLYN,3.0,New York,40.57459956,-73.99629235,1.0,Public Schools,False
Prospect Hill Senior Centers,Brooklyn,BROOKLYN,3.0,New York,40.66331603,-73.98916497,1.0,Senior Centers,False
P.S. 092 Harry T. Stewart Sr.,Queens,QUEENS,4.0,New York,40.75541114,-73.86901587,1.0,Public Schools,False
Department of Citywide Administrative Services,Manhattan,MANHATTAN,1.0,New York,40.71645258,-74.00232674,1.0,Government Buildings & Services,False
P.S. 018 Winchester,Queens,QUEENS,4.0,New York,40.73210418,-73.73245853,1.0,Public Schools,False
P.S. 290 Juan Morel Campos,Brooklyn,BROOKLYN,3.0,New York,40.6778822,-73.88975838,1.0,Public Schools,False
P.S./I.S. 217 Roosevelt Island,Queens,MANHATTAN,1.0,New York,40.76388676,-73.9479159,1.0,Public Schools,True
"CLSA Americas, LLC",Manhattan,MANHATTAN,1.0,New York,40.75662369,-73.98282583,1.0,Businesses & Commercial Spaces,False
Sunset Park High School,Brooklyn,BROOKLYN,3.0,New York,40.65570241,-74.00519705,1.0,School,False
P138M @ 47 American Sign Language (M047),Manhattan,MANHATTAN,1.0,New York,40.73852741,-73.98242274,1.0,Public Schools,False
J.H.S. 210 Elizabeth Blackwell,Queens,QUEENS,4.0,New York,40.68385028,-73.84746937,1.0,Public Schools,False
P.S. 380 John Wayne Elementary,Brooklyn,BROOKLYN,3.0,New York,40.70241994,-73.95298449,1.0,Public Schools,False
Brooklyn Arbor Elementary School,Brooklyn,BROOKLYN,3.0,New York,40.70963936,-73.95464941,1.0,School,False
New York & Co.,Manhattan,MANHATTAN,1.0,New York,40.752612,-73.99450301,1.0,Businesses & Commercial Spaces,False
Information Builders,Manhattan,MANHATTAN,1.0,New York,40.75000977,-73.99134519,1.0,Businesses & Commercial Spaces,False
Aspirations Diploma Plus High School,Brooklyn,BROOKLYN,3.0,New York,40.67009278,-73.954972,1.0,School,False
J.H.S. 127 The Castle Hill,Bronx,BRONX,2.0,New York,40.83792584,-73.85251765,1.0,Public Schools,False
Bronx Charter School for Excellence 2 Middle School [Grades 5-8],Bronx,BRONX,2.0,New York,40.84959975,-73.85080726,1.0,School,False
"Urban Assembly School Of Business For Young Women, The",Manhattan,MANHATTAN,1.0,New York,40.70567313,-74.01330176,1.0,School,False
The Coop School,Brooklyn,BROOKLYN,3.0,New York,40.68749297,-73.93937602,1.0,School,False
Columbia University - Mailman School of Public Health,Manhattan,MANHATTAN,1.0,New York,40.84220826,-73.94243305,1.0,School,False
Dora & Harry Simon Senior Centers,Brooklyn,BRONX,2.0,New York,40.90500372,-73.9071319,1.0,Senior Centers,True
FTI Consulting,Manhattan,MANHATTAN,1.0,New York,40.75699693,-73.98252614,1.0,Businesses & Commercial Spaces,False
MacAndrews & Forbes,Manhattan,MANHATTAN,1.0,New York,40.76531361,-73.9696687,5.0,Businesses & Commercial Spaces,False
P.S. 503 The School of Discovery,Brooklyn,BROOKLYN,3.0,New York,40.64211429,-74.01899669,1.0,Public Schools,False
P.S. 006 Lillie D. Blake,Manhattan,MANHATTAN,1.0,New York,40.77744821,-73.9607123,1.0,Public Schools,False
P.S. 199 Maurice A. Fitzgerald,Queens,QUEENS,4.0,New York,40.74008053,-73.92621419,1.0,Public Schools,False
Shalom Senior Centers,Brooklyn,BROOKLYN,3.0,New York,40.66338042,-73.93997473,1.0,Senior Centers,False
P.S. 207 Elizabeth G. Leary,Brooklyn,BROOKLYN,3.0,New York,40.61334568,-73.93012946,1.0,Public Schools,False
P.S. 321 William Penn,Brooklyn,BROOKLYN,3.0,New York,40.67145265,-73.97778294,1.0,Public Schools,False
Manhattan West LLC,Manhattan,MANHATTAN,1.0,New York,40.77583508,-73.96308541,1.0,Businesses & Commercial Spaces,False
FedEx Express,Manhattan,MANHATTAN,1.0,New York,40.72980553,-74.00917534,6.0,Businesses & Commercial Spaces,False
Department of Citywide Administrative Services,Brooklyn,BROOKLYN,3.0,New York,40.69339325,-73.98891485,1.0,Government Buildings & Services,False
High School M560 - City As School,Manhattan,MANHATTAN,1.0,New York,40.72940499,-74.00624194,1.0,School,False
Aviation Career & Technical Education High School - Annex,Queens,QUEENS,4.0,New York,40.65806863,-73.8093163,1.0,School,False
Congregation Rodeph Sholom,Manhattan,MANHATTAN,1.0,New York,40.78421157,-73.97089503,1.0,Houses of Worship,False
Long Island City High School,Queens,QUEENS,4.0,New York,40.76581945,-73.93279916,1.0,School,False
Bedford Stuyvesant New Beginnings Charter School,Brooklyn,BROOKLYN,3.0,New York,40.69467223,-73.93738968,1.0,School,False
I.S. 145 Joseph Pulitzer,Queens,QUEENS,4.0,New York,40.7546536,-73.88711146,1.0,Public Schools,False
P.S. 083 Donald Hertz,Bronx,BRONX,2.0,New York,40.84938807,-73.85924781,1.0,Public Schools,False
"NYSE Market (DE) - New York, NY (18 Broad Street)",Manhattan,MANHATTAN,1.0,New York,40.70659561,-74.01100079,6.0,Businesses & Commercial Spaces,False
The Museum of Modern Art,Manhattan,MANHATTAN,1.0,New York,40.76099511,-73.97720066,1.0,Museums,False
P.S. 179 Bronx,Bronx,BRONX,2.0,New York,40.80952685,-73.91990187,1.0,Public Schools,False
PJT Partners,Manhattan,MANHATTAN,1.0,New York,40.75601562,-73.97483093,1.0,Businesses & Commercial Spaces,False
J.H.S. 157 Stephen A. Halsey,Queens,QUEENS,4.0,New York,40.73228186,-73.85382401,1.0,Public Schools,False
East-West School of International Studies,Queens,QUEENS,4.0,New York,40.74953728,-73.82207234,1.0,School,False
Fordham University Bronx Location,Bronx,BRONX,2.0,New York,40.86072673616,-73.88953366191,1.0,Colleges & Universities,False
District 13 Office,Brooklyn,BROOKLYN,3.0,New York,40.6760609,-73.96570772,1.0,Government Buildings & Services,False
JFK AirTrain,Queens,QUEENS,4.0,New York,40.66076361,-73.83037434,1.0,Ferries & Other Transportation,False
The Guggenheim Museum,Manhattan,BROOKLYN,3.0,New York,40.64533046,-74.02286416,1.0,Museums,True
COBO Mt. Carmel Center for Senior Citizens,Bronx,BRONX,2.0,New York,40.85376638,-73.88155649,1.0,Senior Centers,False
Academy for Young Writers,Brooklyn,BROOKLYN,3.0,New York,40.65742639,-73.87473417,1.0,Public Schools,False
P.S. 75 School of Research and Discovery,Bronx,BRONX,2.0,New York,40.82271202,-73.88943442,1.0,Public Schools,False
The Tony Kaiser Theatre,Manhattan,MANHATTAN,1.0,New York,40.75812316,-73.98979922,1.0,Performance Venues,False
P.S./M.S. 11X498 - Van Nest Academy,Bronx,BRONX,2.0,New York,40.84472348,-73.85820595,1.0,Public Schools,False
Bronx Charter School for Excellence III [Grades K-4],Bronx,BRONX,2.0,New York,40.88830256,-73.86355218,1.0,School,False
P.S. 046 Albert V. Maniscalco,Staten Island,STATEN ISLAND,5.0,New York,40.59376282,-74.08058006,1.0,Public Schools,False
Tracy Anderson Method,Manhattan,MANHATTAN,1.0,New York,40.71848362,-74.00513342,1.0,Health Clubs & Gyms,False
The Williamsburg High School of Art and Technology,Brooklyn,BROOKLYN,3.0,New York,40.70993366,-73.94364064,1.0,School,False
Kappa V (Knowledge and Power Preparatory Academy),Brooklyn,BROOKLYN,3.0,New York,40.65606023,-73.90724552,1.0,Public Schools,False
P.S. 195 Bronx,Bronx,BRONX,2.0,New York,40.83049245,-73.87770266,1.0,Public Schools,False
Macy's - Backstage - Queens Place,Queens,QUEENS,4.0,New York,40.73514255,-73.87528392,1.0,Businesses & Commercial Spaces,False
"Time, Inc.",Manhattan,MANHATTAN,1.0,New York,40.76028202,-73.98015728,1.0,Businesses & Commercial Spaces,False
P.S. 059 Beekman Hill International,Manhattan,MANHATTAN,1.0,New York,40.7592278,-73.96718802,1.0,Public Schools,False
Marriott International.,Manhattan,MANHATTAN,1.0,New York,40.76266753,-73.98209507,3.0,Businesses & Commercial Spaces,False
Young Women's Leadership School - Jamaica,Queens,QUEENS,4.0,New York,40.70751966,-73.80641206,1.0,School,False
Frederick Douglas III Secondary School,Bronx,BRONX,2.0,New York,40.83350412,-73.90448927,1.0,School,False
Bronx Regional High School,Bronx,BRONX,2.0,New York,40.82352492,-73.8988707,1.0,Public Schools,False
Cadogan Tate,Brooklyn,BROOKLYN,3.0,New York,40.72794297,-73.93997769,1.0,Businesses & Commercial Spaces,False
John Ericsson Middle School 126,Brooklyn,BROOKLYN,3.0,New York,40.71981168,-73.94862509,1.0,School,False
J.H.S. 054 Booker T. Washington,Manhattan,MANHATTAN,1.0,New York,40.80011233,-73.96283712,1.0,Public Schools,False
Pathways to Graduation @ Linden Learning Center,Brooklyn,BROOKLYN,3.0,New York,40.65909112,-73.88942553,1.0,School,False
Manhattan Field Support Center,Manhattan,MANHATTAN,1.0,New York,40.74762195,-73.9930598,1.0,Public Schools,False
Morgan Stanley - ISG - New York Metro - 750 7th Avenue - Floor: 17,Manhattan,MANHATTAN,1.0,New York,40.76074642,-73.98352505,1.0,Businesses & Commercial Spaces,False
Bard High School Early College,Manhattan,MANHATTAN,1.0,New York,40.71902192,-73.97589113,1.0,School,False
P.S. 111 Adolph S. Ochs,Manhattan,MANHATTAN,1.0,New York,40.76587152,-73.98882332,1.0,Public Schools,False
P.S. 277 Gerritsen Beach,Brooklyn,BROOKLYN,3.0,New York,40.59613779,-73.92879363,1.0,Public Schools,False
P.S. 023 The New Children's School,Bronx,BRONX,2.0,New York,40.85293384,-73.8947411,1.0,Public Schools,False
Fisher Brothers,Manhattan,MANHATTAN,1.0,New York,40.74990309,-73.97506063,1.0,Businesses & Commercial Spaces,False
"Walt Disney/ABC, Inc.",Manhattan,MANHATTAN,1.0,New York,40.77324011,-73.98069136,1.0,Businesses & Commercial Spaces,False
POLY PREP CDS,Brooklyn,BROOKLYN,3.0,New York,40.61231054,-74.02373162,1.0,Private Schools,False
BROOKLYN NAVY YARD,Brooklyn,BROOKLYN,3.0,New York,40.69785037,-73.97098698,1.0,Government Buildings & Services,False
New World Preparatory Charter School,Staten Island,STATEN ISLAND,5.0,New York,40.63322507,-74.12578227,1.0,School,False
P.S. 162 John Golden,Queens,QUEENS,4.0,New York,40.74902802,-73.77721218,1.0,Public Schools,False
P.S. 016 John J. Driscoll,Staten Island,STATEN ISLAND,5.0,New York,40.63942274,-74.08000485,1.0,Public Schools,False
P.S. 189 The Bilingual Center,Brooklyn,BROOKLYN,3.0,New York,40.66555725,-73.92624648,1.0,Public Schools,False
The Active Learning Elementary School,Queens,QUEENS,4.0,New York,40.75464697,-73.82675812,1.0,School,False
M.S. 131 Manhattan,Manhattan,MANHATTAN,1.0,New York,40.71654572,-73.99309191,1.0,Public Schools,False
Lower East Side Senior Program,Manhattan,MANHATTAN,1.0,New York,40.71456305,-73.98372409,1.0,Senior Centers,False
Morgan Stanley - ISG - New York Metro - 750 7th Avenue - Floor: 07,Manhattan,MANHATTAN,1.0,New York,40.76074642,-73.98352505,1.0,Businesses & Commercial Spaces,False
Manhattan Academy for Arts and Language,Manhattan,MANHATTAN,1.0,New York,40.74616865,-73.98124058,1.0,School,False
P.S. 315 Lab School,Bronx,BRONX,2.0,New York,40.87323283,-73.89972047,1.0,Public Schools,False
NYC Department of Design & Construction,Queens,QUEENS,4.0,New York,40.74503532,-73.93619092,1.0,Government Buildings & Services,False
P.S. 188 Michael E. Berdy,Brooklyn,BROOKLYN,3.0,New York,40.57720992,-74.00019439,1.0,Public Schools,False
P.S. 112 Lefferts Park,Brooklyn,BROOKLYN,3.0,New York,40.61977332,-74.00079246,1.0,Public Schools,False
DeWitt Clinton High School,Bronx,BRONX,2.0,New York,40.88217149,-73.88690856,1.0,Public Schools,False
"Greenbelt Nature Center, La Tourette Park",Staten Island,STATEN ISLAND,5.0,New York,40.58895203,-74.13964667,1.0,Parks & Recreation,False
Brooklyn Academy High School,Brooklyn,BROOKLYN,3.0,New York,40.68499632,-73.94715207,1.0,School,False
"Young Women's Leadership School, Astoria",Queens,QUEENS,4.0,New York,40.7712078,-73.92459103,1.0,School,False
Jill Chaifetz Transfer High School,Bronx,BRONX,2.0,New York,40.8189993,-73.90586863,1.0,School,False
P.S. 042 Claremont,Bronx,BRONX,2.0,New York,40.83828146,-73.90298619,1.0,Public Schools,False
P.S. 048 David N. Dinkins School,Queens,QUEENS,4.0,New York,40.69351002,-73.79672719,1.0,Public Schools,False
Selendy & Gay,Manhattan,MANHATTAN,1.0,New York,40.76085011,-73.97971672,1.0,Businesses & Commercial Spaces,False
Fordham University Bronx Location,Bronx,BRONX,2.0,New York,40.86072673616,-73.88953366191,1.0,Colleges & Universities,False
"NYSE Market (DE) - New York, NY (12 Broad Street)",Manhattan,MANHATTAN,1.0,New York,40.70674109,-74.01091425,1.0,Businesses & Commercial Spaces,False
The School For Human Rights,Brooklyn,BROOKLYN,3.0,New York,40.65888574,-73.9424585,1.0,School,False
P.S. 020 Port Richmond,Staten Island,STATEN ISLAND,5.0,New York,40.63659035,-74.13291902,1.0,Public Schools,False
L'Oreal USA,Manhattan,MANHATTAN,1.0,New York,40.75638411,-73.9782057,14.0,Businesses & Commercial Spaces,False
Jacob K. Javits Convention Center,Manhattan,MANHATTAN,1.0,New York,40.75655629,-74.00380806,1.0,Performance Venues,False
Midwood High School,Brooklyn,BROOKLYN,3.0,New York,40.63322956,-73.95292894,1.0,School,False
Sisulu-Walker Charter School of Harlem,Manhattan,MANHATTAN,1.0,New York,40.81545182,-73.95290794,1.0,School,False
The Paramount Group,Manhattan,MANHATTAN,1.0,New York,40.76331917,-73.97369465,1.0,Businesses & Commercial Spaces,False
P.S. 143 Louis Armstrong,Queens,QUEENS,4.0,New York,40.75552775,-73.8563608,1.0,Public Schools,False
P.S. 329 Surfside,Brooklyn,BROOKLYN,3.0,New York,40.57459956,-73.99629235,1.0,Public Schools,False
"All County, LLC",Queens,QUEENS,4.0,New York,40.73879241,-73.80732764,1.0,Businesses & Commercial Spaces,False
Baccalaureate School for Global Education,Queens,QUEENS,4.0,New York,40.75535848,-73.92716815,3.0,School,False
"MAYORS COMMITTEE OF ROXBURY, INC.",Queens,QUEENS,4.0,New York,40.56475337,-73.89292587,1.0,Businesses & Commercial Spaces,False
Goetz Fitzpatrick LLP,Manhattan,MANHATTAN,1.0,New York,40.75109132,-73.9929259,1.0,Businesses & Commercial Spaces,False
Dominican Academy,Manhattan,MANHATTAN,1.0,New York,40.76902375,-73.96686909,1.0,School,False
Monsignor McClancy H.S.,Queens,QUEENS,4.0,New York,40.75816165,-73.89608262,6.0,Public Schools,False
Vornado Office Management LLC,Manhattan,MANHATTAN,1.0,New York,40.70496278,-74.00708361,1.0,Businesses & Commercial Spaces,False
Choice Charter School,Bronx,BRONX,2.0,New York,40.80869382,-73.92190052,1.0,School,False
MacAndrews & Forbes,Manhattan,MANHATTAN,1.0,New York,40.73671173,-73.99945512,1.0,Businesses & Commercial Spaces,False
The Harbor View School,Staten Island,STATEN ISLAND,5.0,New York,40.64788248,-74.08340605,1.0,School,False
Park 79th Corp,Manhattan,MANHATTAN,1.0,New York,40.77531535,-73.96016837,1.0,Businesses & Commercial Spaces,False
P.S./M.S. 194,Bronx,BRONX,2.0,New York,40.8347754,-73.84663055,1.0,Public Schools,False
Salt Marsh Recreation Center,Brooklyn,BROOKLYN,3.0,New York,40.60476559,-73.93031134,1.0,Parks & Recreation,False
Columbia University,Manhattan,MANHATTAN,1.0,New York,40.81788553,-73.95771856,1.0,Colleges & Universities,False
Bronx SDA Church,Bronx,BRONX,2.0,New York,40.84214145,-73.90081925,0.0,Houses of Worship,False
Benjamin N. Cardozo High School,Queens,QUEENS,4.0,New York,40.75232524,-73.75598916,1.0,School,False
P.S. 153 Helen Keller,Bronx,BRONX,2.0,New York,40.87260188,-73.83372474,1.0,Public Schools,False
"Walt Disney/ABC, Inc.",Manhattan,MANHATTAN,1.0,New York,40.77298749,-73.98008127,1.0,Businesses & Commercial Spaces,False
Acta Realty,Manhattan,MANHATTAN,1.0,New York,40.70240415,-74.01294766,2.0,Businesses & Commercial Spaces,False
P.S. 040 Samuel Huntington,Queens,QUEENS,4.0,New York,40.6941167,-73.79067422,1.0,Public Schools,False
Brooklyn Urban Garden Charter School (BUGS),Brooklyn,BROOKLYN,3.0,New York,40.65693643,-73.98311469,1.0,School,False
Cardinal McCloskey  Community Charter School,Bronx,BRONX,2.0,New York,40.85096475,-73.8877679,1.0,School,False
New World Preparatory Charter School (130 Merrill),Staten Island,STATEN ISLAND,5.0,New York,40.61039994,-74.16436271,1.0,School,False
P.S./I.S. 218 Rafael Hernandez Dual Language Magnet School,Bronx,BRONX,2.0,New York,40.83584078,-73.92002547,1.0,Public Schools,False
"Intercontinental Exchange - New York, NY (2 Broad Street)",Manhattan,MANHATTAN,1.0,New York,40.70698539,-74.01076281,1.0,Businesses & Commercial Spaces,False
"CBRE, Inc",Manhattan,MANHATTAN,1.0,New York,40.75314994,-73.97417151,1.0,Businesses & Commercial Spaces,False
The Blackstone Group,Manhattan,MANHATTAN,1.0,New York,40.75816441,-73.97324549,1.0,Businesses & Commercial Spaces,False
P721Q @ 269,Queens,QUEENS,4.0,New York,40.73560167,-73.87853422,1.0,Public Schools,False
Macy's Inc. - 71001 - Queens Center,Queens,QUEENS,4.0,New York,40.73395591,-73.87197372,2.0,Businesses & Commercial Spaces,False
Department of Citywide Administrative Services,Manhattan,MANHATTAN,1.0,New York,40.71445988,-74.00250343,1.0,Government Buildings & Services,False
Taconic Mgmt Company LLC,Manhattan,MANHATTAN,1.0,New York,40.77566742,-73.98750381,1.0,Businesses & Commercial Spaces,False
RAIN College Avenue Senior Centers,Bronx,BRONX,2.0,New York,40.82903336,-73.91553128,1.0,Senior Centers,False
P.S. 159 Isaac Pitkin,Brooklyn,BROOKLYN,3.0,New York,40.67575839,-73.86946854,1.0,Public Schools,False
The Museum of Modern Art,Manhattan,MANHATTAN,1.0,New York,40.76099511,-73.97720066,1.0,Museums,False
Bronx Charter School for Excellence Middle School [Grades 5-8],Bronx,BRONX,2.0,New York,40.83416561,-73.85913198,1.0,School,False
Outten & Golden LLP,Manhattan,MANHATTAN,1.0,New York,40.74673687,-73.98157606,1.0,Businesses & Commercial Spaces,False
The Richmond Pre-K Center (R090) at 1535 Richmond Ave,Staten Island,STATEN ISLAND,5.0,New York,40.61055977,-74.16004477,1.0,Public Schools,False
M.S. 319 - Maria Teresa,Manhattan,MANHATTAN,1.0,New York,40.83929827,-73.93615799,1.0,Public Schools,False
"Ember Charter School for Mindful Education, Innovation and Transformation",Brooklyn,BROOKLYN,3.0,New York,40.68868757,-73.93549864,1.0,School,False
Morgan Stanley - ISG - New York Metro - 522 5th Avenue - Floor: 14,Manhattan,MANHATTAN,1.0,New York,40.75450705,-73.98014457,2.0,Businesses & Commercial Spaces,False
Three World Trade Center,Manhattan,MANHATTAN,1.0,New York,40.71096789,-74.01235777,1.0,Businesses & Commercial Spaces,False
P.S. 025 Eubie Blake School,Brooklyn,BROOKLYN,3.0,New York,40.69102926,-73.94134165,1.0,Public Schools,False
"Pathways to Graduation @ Sanitation, S.I.",Staten Island,STATEN ISLAND,5.0,New York,40.63477493,-74.07731148,1.0,School,False
Learning Through Play Pre-K at 443 E 162nd,Bronx,BRONX,2.0,New York,40.8247949,-73.91112491,1.0,Public Schools,False
Rose Building,Manhattan,MANHATTAN,1.0,New York,40.76948571,-73.98345068,1.0,Businesses & Commercial Spaces,False
Congregation Rodeph Sholom,Manhattan,MANHATTAN,1.0,New York,40.78269791,-73.97729431,1.0,Houses of Worship,False
Department of Citywide Administrative Services,Brooklyn,BROOKLYN,3.0,New York,40.69245194,-73.99049085,1.0,Government Buildings & Services,False
"Great Lakes Dredge & Dock Company, LLC - NorthEast Regional Office",Staten Island,STATEN ISLAND,5.0,New York,40.63702948,-74.15068292,1.0,Businesses & Commercial Spaces,False
Metropolitan High School,Bronx,BRONX,2.0,New York,40.82730881,-73.89761108,1.0,School,False
Morgan Stanley - 1 NY Plaza,Manhattan,MANHATTAN,1.0,New York,40.70253319,-74.01256178,1.0,Businesses & Commercial Spaces,False
John Dewey High School,Brooklyn,BROOKLYN,3.0,New York,40.58926083,-73.98173849,1.0,School,False
District 79 Administrative offices,Manhattan,MANHATTAN,1.0,New York,40.85345991,-73.93404775,1.0,Government Buildings & Services,False
M.S. 035 Stephen Decatur,Brooklyn,BROOKLYN,3.0,New York,40.68189722,-73.93589463,1.0,Public Schools,False
P.S. 097 Forest Park,Queens,QUEENS,4.0,New York,40.6945101,-73.85965898,1.0,Public Schools,False
Grant Avenue Elementary School,Bronx,BRONX,2.0,New York,40.82868907,-73.91766728,1.0,School,False
The Blackstone Group,Manhattan,MANHATTAN,1.0,New York,40.75816441,-73.97324549,1.0,Businesses & Commercial Spaces,False
Storefront Academy Charter School,Bronx,BRONX,2.0,New York,40.81484863,-73.90850096,1.0,School,False
East Harlem Council Nutrition Program,Manhattan,MANHATTAN,1.0,New York,40.80169686,-73.93903683,1.0,Health & Social Services,False
Equinox,Queens,QUEENS,4.0,New York,40.68148561,-73.83842149,1.0,Health Clubs & Gyms,False
P.S. 165 Edith K. Bergtraum,Queens,QUEENS,4.0,New York,40.72973358,-73.81844517,1.0,Public Schools,False
Jones Lang LaSalle [420 Fifth Ave.],Manhattan,MANHATTAN,1.0,New York,40.75080205,-73.98284538,1.0,Businesses & Commercial Spaces,False
Central Park Conservancy,Manhattan,MANHATTAN,1.0,New York,40.78040214,-73.97094138,1.0,Parks & Recreation,False
Flatbush Ascend Charter School LOWER (123 Linden),Brooklyn,BROOKLYN,3.0,New York,40.65240788,-73.95422716,1.0,School,False
P.S. 144 Col Jeromus Remsen,Queens,QUEENS,4.0,New York,40.71497002,-73.85337153,1.0,Public Schools,False
Morgan Stanley - ISG - New York Metro - Floor: 4,Manhattan,MANHATTAN,1.0,New York,40.76074642,-73.98352505,1.0,Businesses & Commercial Spaces,False
"Comcast Spotlight - New York, NY",Manhattan,MANHATTAN,1.0,New York,40.75675785,-73.9807503,2.0,Businesses & Commercial Spaces,False
P.S./I.S. 295 Queens,Queens,QUEENS,4.0,New York,40.72061071,-73.73199617,1.0,Public Schools,False
Amber Charter School Inwood,Manhattan,MANHATTAN,1.0,New York,40.8704335,-73.9173406,1.0,School,False
Unity Preparatory Charter School of Brooklyn - Middle School,Brooklyn,BROOKLYN,3.0,New York,40.68658516,-73.94074702,1.0,School,False
P.S. 193 Gil Hodges,Brooklyn,BROOKLYN,3.0,New York,40.62150007,-73.95047333,1.0,Public Schools,False
I.S. 136 Charles O. Dewey,Brooklyn,BROOKLYN,3.0,New York,40.65196942,-74.00686174,1.0,Public Schools,False
Jack and Pearl Resnick Campus,Bronx,BRONX,2.0,New York,40.85117554,-73.84482139,1.0,School,False
P.S. 172 Beacon School of Excellence,Brooklyn,BROOKLYN,3.0,New York,40.65790658,-74.00065236,1.0,Public Schools,False
J.H.S. 143 Eleanor Roosevelt,Manhattan,MANHATTAN,1.0,New York,40.84890183,-73.93094738,1.0,Public Schools,False
Fisher Brothers [1345 Leasehold LLC],Manhattan,MANHATTAN,1.0,New York,40.76259829,-73.97845996,1.0,Businesses & Commercial Spaces,False
Brooklyn South Field Support Center (Ocean Avenue),Brooklyn,BROOKLYN,3.0,New York,40.61890816,-73.95511472,1.0,Public Schools,False
Piper Sandler & Co.,Manhattan,MANHATTAN,1.0,New York,40.75963708,-73.98062674,1.0,Businesses & Commercial Spaces,False
Our World Neighborhood Charter Middle School,Queens,QUEENS,4.0,New York,40.76144103,-73.91920548,1.0,School,False
National Hockey League,Manhattan,MANHATTAN,1.0,New York,40.75757876,-73.98212532,1.0,Businesses & Commercial Spaces,False
"Medical Division, DS Clinic",Manhattan,MANHATTAN,1.0,New York,40.70505855,-74.01093922,1.0,Government Buildings & Services,False
Cobble Hill School of American Studies,Brooklyn,BROOKLYN,3.0,New York,40.68451684,-73.99099317,1.0,School,False
P.S. 221 Toussaint L'Ouverture,Brooklyn,BROOKLYN,3.0,New York,40.66369394,-73.93604916,1.0,Public Schools,False
Bridge Preparatory Charter School,Staten Island,STATEN ISLAND,5.0,New York,40.60874845,-74.10234414,1.0,School,False
Milton Fein School,Bronx,BRONX,2.0,New York,40.88106008,-73.90536455,1.0,School,False
P.S. 239 Queens,Queens,QUEENS,4.0,New York,40.69914216,-73.90379893,1.0,Public Schools,False
P.S. 176 Cambria Heights,Queens,QUEENS,4.0,New York,40.68548372,-73.7299817,1.0,Public Schools,False
Equinox,Queens,QUEENS,4.0,New York,40.75083662,-73.8583055,1.0,Health Clubs & Gyms,False
KIPP Infinity Elementary School,Manhattan,MANHATTAN,1.0,New York,40.81926042,-73.95710348,1.0,School,False
P.S. 192 - The Magnet School for Math and Science Inquiry,Brooklyn,BROOKLYN,3.0,New York,40.62929598,-73.97999463,1.0,Public Schools,False
PJT Partners,Manhattan,MANHATTAN,1.0,New York,40.75601562,-73.97483093,1.0,Businesses & Commercial Spaces,False
The Museum of Modern Art,Manhattan,MANHATTAN,1.0,New York,40.76099511,-73.97720066,1.0,Museums,False
P.S. 213 New Lots,Brooklyn,BROOKLYN,3.0,New York,40.66050277,-73.89028822,1.0,Public Schools,False
"International Alliance of Theatrical Stage Employees - New York, NY",Manhattan,MANHATTAN,1.0,New York,40.74561564,-73.99525425,1.0,Businesses & Commercial Spaces,False
Rockefeller University,Manhattan,MANHATTAN,1.0,New York,40.76312728,-73.95645028,1.0,Colleges & Universities,False
P.S./I.S. 045 Horace E. Greene - Annex,Brooklyn,BROOKLYN,3.0,New York,40.68796639,-73.90831516,1.0,Public Schools,False
Bronx High School Of Business,Bronx,BRONX,2.0,New York,40.84041504,-73.9109088,1.0,School,False
Regional EMS Council oF NYC,Manhattan,MANHATTAN,1.0,New York,40.81109448,-73.96416759,1.0,Government Buildings & Services,False
M.S. 260 Clinton School Writers & Artists,Manhattan,MANHATTAN,1.0,New York,40.73651113,-73.99272538,1.0,Public Schools,False
Hillcrest High School,Queens,QUEENS,4.0,New York,40.70907091,-73.80185555,1.0,School,False
"Cahill, Gordon & Reindel LLP",Manhattan,MANHATTAN,1.0,New York,40.70588502,-74.0071811,1.0,Businesses & Commercial Spaces,False
P.S. 329 Surfside,Brooklyn,BROOKLYN,3.0,New York,40.57720992,-74.00019439,1.0,Public Schools,False
Star Senior Centers,Manhattan,MANHATTAN,1.0,New York,40.8536731,-73.93249316,1.0,Senior Centers,False
"Lenox Manor Owners, Inc.",Manhattan,MANHATTAN,1.0,New York,40.77320966,-73.95887349,1.0,Businesses & Commercial Spaces,False
P.S. 164 Caesar Rodney,Brooklyn,BROOKLYN,3.0,New York,40.63747906,-73.98595524,1.0,Public Schools,False
J.H.S. 217 Robert A. Van Wyck,Queens,QUEENS,4.0,New York,40.71002204,-73.81250782,1.0,Public Schools,False
SIMPSON THACHER & BARTLETT,Manhattan,MANHATTAN,1.0,New York,40.75241735,-73.97531955,5.0,Businesses & Commercial Spaces,False
Jack and Pearl Resnick Campus,Bronx,BRONX,2.0,New York,40.85117554,-73.84482139,1.0,School,False
Wildlife Conservation Society,Brooklyn,BROOKLYN,3.0,New York,40.57517621,-73.97579926,1.0,Zoos & Aquariums,False
P.S. 034 John Harvard,Queens,QUEENS,4.0,New York,40.71174481,-73.73662381,1.0,Public Schools,False
P.S. 099 Isaac Asimov,Brooklyn,BROOKLYN,3.0,New York,40.62155776,-73.96559535,1.0,Public Schools,False
P.S. 094 David D. Porter,Queens,QUEENS,4.0,New York,40.77117793,-73.73925086,1.0,Public Schools,False
American Museum of Natural History,Manhattan,MANHATTAN,1.0,New York,40.78130521,-73.972254,1.0,Museums,False
KIPP NYC College Prep I,Bronx,BRONX,2.0,New York,40.8160857,-73.92648365,1.0,School,False
"Media, Law, and Fine Arts Middle School",Brooklyn,BROOKLYN,3.0,New York,40.65842261,-73.92907649,1.0,School,False
P.S. 288 The Shirley Tanyhill,Brooklyn,BROOKLYN,3.0,New York,40.57440446,-73.99194038,1.0,Public Schools,False
Chapin Home,Queens,QUEENS,4.0,New York,40.71427094,-73.80109333,1.0,Nursing Homes,False
The Museum of Modern Art,Manhattan,MANHATTAN,1.0,New York,40.72277928,-73.99824305,1.0,Museums,False
P.S. 133 William A. Butler,Brooklyn,BROOKLYN,3.0,New York,40.68042033,-73.9804912,1.0,Public Schools,False
P.S. 154 Queens,Queens,QUEENS,4.0,New York,40.72676134,-73.80689352,1.0,Public Schools,False
J.H.S. 201 The Dyker Heights,Brooklyn,BROOKLYN,3.0,New York,40.61866922,-74.01272243,1.0,Public Schools,False
P.S. 280 Queens,Queens,QUEENS,4.0,New York,40.75423347,-73.87376818,1.0,Public Schools,False
Acta Realty,Manhattan,MANHATTAN,1.0,New York,40.70574448,-74.01337391,1.0,Businesses & Commercial Spaces,False
New World Preparatory Charter School (West Campus),Staten Island,STATEN ISLAND,5.0,New York,40.63008687,-74.14726987,1.0,School,False
Crunch Fitness,Manhattan,MANHATTAN,1.0,New York,40.70903575,-74.01062607,3.0,Health Clubs & Gyms,False
P.S. 060 Alice Austen,Staten Island,STATEN ISLAND,5.0,New York,40.61006552,-74.1621289,1.0,Public Schools,False
Comcast Enterprise - LIC,Queens,QUEENS,4.0,New York,40.74022598,-73.95205193,2.0,Businesses & Commercial Spaces,False
I.S. 211 John Wilson,Brooklyn,BROOKLYN,3.0,New York,40.64327106,-73.89621179,1.0,Public Schools,False
P.S. 055 Benjamin Franklin,Bronx,BRONX,2.0,New York,40.83639751,-73.90501273,1.0,Public Schools,False
P811M @ PS149,Manhattan,MANHATTAN,1.0,New York,40.80250493,-73.94680918,1.0,Public Schools,False
"East Side Elementary School, PS 267",Manhattan,MANHATTAN,1.0,New York,40.76383537,-73.96422199,1.0,School,False
Farragut Senior Centers,Brooklyn,BROOKLYN,3.0,New York,40.70129728,-73.98176178,1.0,Senior Centers,False
Maspeth High School,Queens,QUEENS,4.0,New York,40.72993187,-73.88748183,1.0,School,False
P.S. 189 Manhattan,Manhattan,MANHATTAN,1.0,New York,40.85262438,-73.92760345,1.0,Public Schools,False
Fordham University - Manhattan Campus - Martino Hall,Manhattan,MANHATTAN,1.0,New York,40.77099534,-73.98349362,1.0,School,False
O&M,Manhattan,MANHATTAN,1.0,New York,40.76187497,-73.9870624,1.0,Businesses & Commercial Spaces,False
ALC - Stevenson Campus,Bronx,BRONX,2.0,New York,40.82228268,-73.85616557,1.0,School,False
"Cravath, Swaine & Moore LLP",Manhattan,MANHATTAN,1.0,New York,40.76206701,-73.98627542,1.0,Businesses & Commercial Spaces,False
Fordham University Bronx Location,Bronx,BRONX,2.0,New York,40.86072673616,-73.88953366191,1.0,Colleges & Universities,False
Wildlife Conservation Society,Bronx,BRONX,2.0,New York,40.85053675,-73.88245508,1.0,Zoos & Aquariums,False
Con Edison - 60th St/74th St Station (On 75th St),Manhattan,MANHATTAN,1.0,New York,40.76860399,-73.9518798,3.0,Businesses & Commercial Spaces,False
Pathways to Graduation @ CUNY in the Heights,Manhattan,MANHATTAN,1.0,New York,40.86897334,-73.91738219,1.0,School,False
Pre-K Center at 131 Union Street (K751),Brooklyn,BROOKLYN,3.0,New York,40.68427288,-74.00259243,1.0,Public Schools,False
Morgan Stanley - 1 NY Plaza,Manhattan,MANHATTAN,1.0,New York,40.70253319,-74.01256178,1.0,Businesses & Commercial Spaces,False
District 18 Office,Brooklyn,BROOKLYN,3.0,New York,40.64357659,-73.90347937,1.0,Government Buildings & Services,False
Archbishop Molloy High School,Queens,QUEENS,4.0,New York,40.71108883,-73.82050168,1.0,School,False
Morgan Stanley - 1633 Broadway,Manhattan,MANHATTAN,1.0,New York,40.76156716,-73.98396163,1.0,Businesses & Commercial Spaces,False
Yankee Stadium,Bronx,BRONX,2.0,New York,40.82944609,-73.92922955,1.0,Stadiums & Arenas,False
School in the Square Public Charter School - Middle,Manhattan,MANHATTAN,1.0,New York,40.848611,-73.93587069,1.0,School,False
P751M - Manhattan School For Career Development (M751) (Please go in the morning),Manhattan,MANHATTAN,1.0,New York,40.72561951,-73.98806162,1.0,School,False
P.S. 66 Brooklyn,Brooklyn,BROOKLYN,3.0,New York,40.64882267,-73.90777455,1.0,Public Schools,False
P.S./M.S 042 R. Vernam,Queens,QUEENS,4.0,New York,40.59453042,-73.79530491,1.0,Public Schools,False
Waterside School For Leadership,Queens,QUEENS,4.0,New York,40.58092084,-73.83183651,1.0,School,False
ALC - Albany,Brooklyn,BROOKLYN,3.0,New York,40.67090073,-73.93926138,1.0,School,False
Fort Hamilton High School,Brooklyn,BROOKLYN,3.0,New York,40.62789091,-74.03998467,1.0,School,False
Marymount School,Manhattan,MANHATTAN,1.0,New York,40.78686455,-73.95120209,1.0,School,False
Congregation Rodeph Sholom,Manhattan,MANHATTAN,1.0,New York,40.78350349,-73.97114089,1.0,Houses of Worship,False
Staten Island Yabc,Staten Island,STATEN ISLAND,5.0,New York,40.52808436,-74.19203027,1.0,Public Schools,False
KIPP Beyond Middle School,Manhattan,MANHATTAN,1.0,New York,40.81095346,-73.96096338,1.0,School,False
P.S. 055 Henry M. Boehm,Staten Island,STATEN ISLAND,5.0,New York,40.53663164,-74.16381363,1.0,Public Schools,False
P.S. X014 Senator John Calandra,Bronx,BRONX,2.0,New York,40.83577214,-73.82573295,1.0,Public Schools,False
Long Island City High School,Queens,QUEENS,4.0,New York,40.76581945,-73.93279916,1.0,School,False
"Fried, Frank Harris, Shriver & Jacobson LLP - 353 Madison",Manhattan,MANHATTAN,1.0,New York,40.76034654,-73.97345398,1.0,Businesses & Commercial Spaces,False
Riverbay Corp / Co-op City Police Department,Bronx,BRONX,2.0,New York,40.86941384,-73.82902511,1.0,Government Buildings & Services,False
JLABS@NYC,Manhattan,MANHATTAN,1.0,New York,40.72324031,-74.00495701,2.0,Businesses & Commercial Spaces,False
"Thompson Coburn - New York, NY",Manhattan,MANHATTAN,1.0,New York,40.75888115,-73.97485511,1.0,Businesses & Commercial Spaces,False
P.S. 151 Lyndon B. Johnson,Brooklyn,BROOKLYN,3.0,New York,40.69328602,-73.90863958,1.0,Public Schools,False
Morgan Stanley - ISG - New York Metro - 1221 A of A - Floor: U2,Manhattan,MANHATTAN,1.0,New York,40.75909387,-73.98213574,1.0,Businesses & Commercial Spaces,False
P.S. 076 The Bennington School,Bronx,BRONX,2.0,New York,40.86958629,-73.8612803,1.0,Public Schools,False
Ralph R. McKee Career and Technical Education High School,Staten Island,STATEN ISLAND,5.0,New York,40.64278598,-74.07872971,1.0,School,False
Bard High School Early College Queens,Queens,QUEENS,4.0,New York,40.74508771,-73.93663477,1.0,School,False
Time Warner Cable,Manhattan,MANHATTAN,1.0,New York,40.73976572,-73.9853887,1.0,Businesses & Commercial Spaces,False
New York State Department of Labor,Staten Island,STATEN ISLAND,5.0,New York,40.64055103,-74.07568953,1.0,Government Buildings & Services,False
PREP FOR PREP,Manhattan,MANHATTAN,1.0,New York,40.79062361,-73.97210203,1.0,Businesses & Commercial Spaces,False
Family Life Academy Charter Schools High School,Bronx,BRONX,2.0,New York,40.82366677,-73.91107222,1.0,School,False
Union Square Academy for Health Sciences,Manhattan,MANHATTAN,1.0,New York,40.7354869,-73.98765932,1.0,School,False
P.S. 133 William A. Butler,Brooklyn,BROOKLYN,3.0,New York,40.68042033,-73.9804912,1.0,Public Schools,False
New York State Liquor Authority,Manhattan,MANHATTAN,1.0,New York,40.80828458,-73.94512119,2.0,Government Buildings & Services,False
P.S. 017 Henry D. Woodworth,Brooklyn,BROOKLYN,3.0,New York,40.71534379,-73.9567161,1.0,Public Schools,False
Pride Property Management Corp.,Manhattan,MANHATTAN,1.0,New York,40.76270583,-73.98126118,1.0,Businesses & Commercial Spaces,False
P.S. 011 Highbridge,Bronx,BRONX,2.0,New York,40.83937159,-73.92571333,1.0,Public Schools,False
HCZ Promise Academy I - High School,Manhattan,MANHATTAN,1.0,New York,40.8118675,-73.94731465,1.0,School,False
Department of Citywide Administrative Services,Brooklyn,BROOKLYN,3.0,New York,40.69246841,-73.99048724,1.0,Government Buildings & Services,False
P.S. 014 Fairview,Queens,QUEENS,4.0,New York,40.74055224,-73.85413058,1.0,Public Schools,False
US Department of State - New York Passport Office,Manhattan,MANHATTAN,1.0,New York,40.7284031,-74.00713663,5.0,Government Buildings & Services,False
Hamilton Fish Recreation Center,Manhattan,MANHATTAN,1.0,New York,40.71984643,-73.98172061,1.0,Parks & Recreation,False
Stone Point Capital,Manhattan,MANHATTAN,1.0,New York,40.75287634,-73.97839453,1.0,Businesses & Commercial Spaces,False
New York Life - NE-V654-Long Island-Chang Cheng,Brooklyn,BROOKLYN,3.0,New York,40.63416069,-74.0134712,1.0,Businesses & Commercial Spaces,False
P.S. 377 Queens,Queens,QUEENS,4.0,New York,40.66800439,-73.83728995,1.0,Public Schools,False
Brooklyn High School Of The Arts,Brooklyn,BROOKLYN,3.0,New York,40.68355208,-73.98027034,1.0,School,False
Bronx Charter School for Excellence Annex -- SERVICE CALL ONLY,Bronx,BRONX,2.0,New York,40.83434742,-73.85744396,1.0,School,False
High School for Law Enforcement and Public Safety,Queens,QUEENS,4.0,New York,40.68619962,-73.78414397,1.0,School,False
I.S. 024 Myra S. Barnes,Staten Island,STATEN ISLAND,5.0,New York,40.54607337,-74.14583904,1.0,Public Schools,False
P.S. 175 City Island,Bronx,BRONX,2.0,New York,40.84386641,-73.78521707,1.0,Public Schools,False
Opportunity Charter School,Manhattan,MANHATTAN,1.0,New York,40.80168223,-73.95490792,1.0,School,False
Young Women's Leadership School,Manhattan,MANHATTAN,1.0,New York,40.7975527,-73.96683678,1.0,School,False
City College Academy of the Arts,Manhattan,MANHATTAN,1.0,New York,40.86080008,-73.93066022,1.0,School,False
Davidson Kempner Capital Management LP,Manhattan,MANHATTAN,1.0,New York,40.76009981,-73.97476802,1.0,Businesses & Commercial Spaces,False
"Pershing Square Capital Management, L.P.",Manhattan,MANHATTAN,1.0,New York,40.76500854,-73.98041579,1.0,Businesses & Commercial Spaces,False
St. Hope Leadership Academy Charter School,Manhattan,MANHATTAN,1.0,New York,40.8150092,-73.94512285,1.0,School,False
Icahn Enterprises LP,Manhattan,MANHATTAN,1.0,New York,40.76401348,-73.97318899,1.0,Businesses & Commercial Spaces,False
Time Warner Cable,Queens,QUEENS,4.0,New York,40.76349788,-73.90283202,3.0,Businesses & Commercial Spaces,False
P.S. 034 John Harvard,Queens,QUEENS,4.0,New York,40.71174481,-73.73662381,1.0,Public Schools,False
High School of Hospitality Management,Manhattan,MANHATTAN,1.0,New York,40.76522684,-73.99307601,1.0,School,False
Achievement First Endeavor Elementary School,Brooklyn,BROOKLYN,3.0,New York,40.6826374,-73.96576202,1.0,School,False
"SoulCycle, Inc",Manhattan,MANHATTAN,1.0,New York,40.77704275,-73.95528935,2.0,Health Clubs & Gyms,False
Morgan Stanley - ISG - New York Metro - 522 5th Avenue - Floor: 9,Manhattan,MANHATTAN,1.0,New York,40.75450705,-73.98014457,1.0,Businesses & Commercial Spaces,False
Growing Up Green Charter Middle School,Queens,QUEENS,4.0,New York,40.76043019,-73.94038147,1.0,School,False
Roberto Clemente State Park,Bronx,BRONX,2.0,New York,40.85368448,-73.92027143,3.0,Parks & Recreation,False
"Columbia University, Vagelos College of Physicians and Surgeons Building",Manhattan,MANHATTAN,1.0,New York,40.84148005,-73.94074225,1.0,Colleges & Universities,False
"WIN - Women in Need, Inc. (Jennie Clarke)",Manhattan,MANHATTAN,1.0,New York,40.78801323,-73.9480703,1.0,Health & Social Services,False
The Science And Medicine Middle School,Brooklyn,BROOKLYN,3.0,New York,40.64731574,-73.89202169,34.0,Public Schools,False
Morgan Stanley - 1 NY Plaza,Manhattan,MANHATTAN,1.0,New York,40.70253319,-74.01256178,1.0,Businesses & Commercial Spaces,False
RAIN Parkchester Senior Centers,Bronx,BRONX,2.0,New York,40.8351341,-73.8610597,1.0,Senior Centers,False
Herbert Smith Freehills NY LLP,Manhattan,MANHATTAN,1.0,New York,40.7530952,-73.9748537,1.0,Businesses & Commercial Spaces,False
TD Bank - TD - Vanderbilt Corporate TDBUSH/AMCB,Manhattan,MANHATTAN,1.0,New York,40.75287634,-73.97839453,5.0,Businesses & Commercial Spaces,False
Fordham High School For The Arts,Bronx,BRONX,2.0,New York,40.86003658,-73.88826589,1.0,School,False
South Bronx Community Charter High School,Bronx,BRONX,2.0,New York,40.82857226,-73.90839891,1.0,School,False
NYC DOE 65 Court Street,Brooklyn,BROOKLYN,3.0,New York,40.6920046,-73.99122654,1.0,Government Buildings & Services,False
Hope of Israel Senior Centers,Bronx,BRONX,2.0,New York,40.8267538,-73.92536613,1.0,Senior Centers,False
"Cravath, Swaine & Moore, LLP",Manhattan,MANHATTAN,1.0,New York,40.76206701,-73.98627542,1.0,Businesses & Commercial Spaces,False
Fordham University Bronx Location,Bronx,BRONX,2.0,New York,40.86072673616,-73.88953366191,1.0,Colleges & Universities,False
Burns & McDonnell,Manhattan,MANHATTAN,1.0,New York,40.74798395,-73.98910784,1.0,Businesses & Commercial Spaces,False
Brown Harris Stevens,Manhattan,MANHATTAN,1.0,New York,40.76825747867,-73.95711479476,1.0,Businesses & Commercial Spaces,False
JPMorgan Chase - 28 Liberty Street,Manhattan,MANHATTAN,1.0,New York,40.70810817,-74.00876837,2.0,Businesses & Commercial Spaces,False
P.S. 77 Lower Lab School,Manhattan,MANHATTAN,1.0,New York,40.78481902,-73.94961111,1.0,Public Schools,False
"Cravath, Swaine & Moore, LLP",Manhattan,MANHATTAN,1.0,New York,40.76206701,-73.98627542,1.0,Businesses & Commercial Spaces,False
College Point Collaborative,Queens,QUEENS,4.0,New York,40.78531936,-73.8437477,1.0,Public Schools,False
P.S. 019 Judith K. Weiss,Bronx,BRONX,2.0,New York,40.89901367,-73.86692314,1.0,Public Schools,False
The Brooklyn School for Social Justice,Brooklyn,BROOKLYN,3.0,New York,40.69717736,-73.91116946,1.0,School,False
Julius Baer,Manhattan,MANHATTAN,1.0,New York,40.75337598,-73.97887081,2.0,Businesses & Commercial Spaces,False
High School of Sports Management,Brooklyn,BROOKLYN,3.0,New York,40.59428436,-73.98576993,1.0,School,False
Forest Hills High School,Queens,QUEENS,4.0,New York,40.72939462,-73.84563646,1.0,School,False
The Stahl Organization,Manhattan,MANHATTAN,1.0,New York,40.80111277,-73.96729733,1.0,Businesses & Commercial Spaces,False
P.S. 226 Bronx,Bronx,BRONX,2.0,New York,40.8565663,-73.9162011,1.0,Public Schools,False
Curtis High School,Staten Island,STATEN ISLAND,5.0,New York,40.64472755,-74.081222,1.0,Public Schools,False
"Anchin, Block & Anchin LLP",Manhattan,MANHATTAN,1.0,New York,40.7523205,-73.98746128,1.0,Businesses & Commercial Spaces,False
Sue Ginsburg Senior Centers,Bronx,BRONX,2.0,New York,40.8612075,-73.85973607,1.0,Senior Centers,False
District 25 Pre-K Center at 123-07 22nd Ave (Q454),Queens,QUEENS,4.0,New York,40.78015259,-73.84492978,1.0,Public Schools,False
Brookfield Properties - 225 Liberty Brookfield Oaktree Wealth Solutions 35th Floor,Manhattan,MANHATTAN,1.0,New York,40.71153017,-74.01567279,1.0,Businesses & Commercial Spaces,False
P.S. 360 Queens,Queens,QUEENS,4.0,New York,40.70250608,-73.75659419,1.0,Public Schools,False
Stein Senior Centers,Manhattan,MANHATTAN,1.0,New York,40.73781864,-73.97871698,1.0,Senior Centers,False
215 East 73rd Street Owners Corp,Manhattan,MANHATTAN,1.0,New York,40.77019616,-73.95954326,1.0,Businesses & Commercial Spaces,False
P.S. 086 Kingsbridge Heights,Bronx,BRONX,2.0,New York,40.86982851,-73.89873854,1.0,Public Schools,False
Queens Academy High School,Queens,QUEENS,4.0,New York,40.68413394,-73.80147923,1.0,School,False
J.H.S. 223 The Montauk,Brooklyn,BROOKLYN,3.0,New York,40.63486815,-73.9815278,1.0,Public Schools,False
P.S. 6 Corporal Allan F. Kivlehan School,Staten Island,STATEN ISLAND,5.0,New York,40.51072805,-74.2311071,1.0,Public Schools,False
"Vornado Office Managment, LLC",Manhattan,MANHATTAN,1.0,New York,40.75109132,-73.9929259,1.0,Businesses & Commercial Spaces,False
Mott Street Senior Centers,Manhattan,MANHATTAN,1.0,New York,40.72055047,-73.99587293,1.0,Senior Centers,False
Friends Seminary,Manhattan,MANHATTAN,1.0,New York,40.73441897,-73.98577597,1.0,School,False
Kinesso [IPG Mediabrands],Manhattan,MANHATTAN,1.0,New York,40.74929316,-73.98867453,1.0,Businesses & Commercial Spaces,False
P.S. 078 Anne Hutchinson,Bronx,BRONX,2.0,New York,40.87857086,-73.85116148,1.0,Public Schools,False
P.S. 310 Marble Hill,Bronx,BRONX,2.0,New York,40.87288893,-73.90524243,1.0,Public Schools,False
P.S. 160 Walt Disney,Bronx,BRONX,2.0,New York,40.86468028,-73.8242975,1.0,Public Schools,False
High School For Community Leadership,Queens,QUEENS,4.0,New York,40.71321019,-73.79723682,1.0,School,False
High School for Arts and Business,Queens,QUEENS,4.0,New York,40.73741924,-73.8531776,1.0,Public Schools,False
P.S. 253 Queens,Queens,QUEENS,4.0,New York,40.60728204,-73.74940128,1.0,Public Schools,False
Bronx High School Of Science,Bronx,BRONX,2.0,New York,40.87758355,-73.89103879,1.0,School,False
Meredith Corporation - Meredith Corporate Global Security,Manhattan,MANHATTAN,1.0,New York,40.71153017,-74.01567279,16.0,Businesses & Commercial Spaces,False
Bronx High School Of Business,Bronx,BRONX,2.0,New York,40.84041504,-73.9109088,1.0,School,False
P.S. 230 Doris L. Cohen Upper School,Brooklyn,BROOKLYN,3.0,New York,40.64500999,-73.98076105,1.0,Public Schools,False
Department of Citywide Administrative Services,Manhattan,MANHATTAN,1.0,New York,40.71645258,-74.00232674,1.0,Government Buildings & Services,False
"Cowen Group, Inc",Manhattan,MANHATTAN,1.0,New York,40.75826818,-73.97105441,1.0,Businesses & Commercial Spaces,False
P.S. 306 Bronx,Bronx,BRONX,2.0,New York,40.85180865,-73.91117904,1.0,Public Schools,False
P.S. 115 Daniel Mucatel School,Brooklyn,BROOKLYN,3.0,New York,40.63500746,-73.89726234,1.0,Public Schools,False
A-Tech High School,Brooklyn,BROOKLYN,3.0,New York,40.7219738,-73.9532809,5.0,School,False
Bedford Stuyvesant Collegiate Charter School,Brooklyn,BROOKLYN,3.0,New York,40.68831242,-73.9322754,1.0,School,False
P.S. 165 Edith K. Bergtraum,Queens,QUEENS,4.0,New York,40.72973358,-73.81844517,1.0,Public Schools,False
P.S. 146 Ann M. Short,Manhattan,MANHATTAN,1.0,New York,40.78928796,-73.9392613,1.0,Public Schools,False
"Mutual Redevelopment Houses, Inc",Manhattan,MANHATTAN,1.0,New York,40.74604666,-73.99856724,1.0,Businesses & Commercial Spaces,False
"Deloitte - New York, NY (30 Rockefeller Plz)",Manhattan,MANHATTAN,1.0,New York,40.75874744,-73.97869222,16.0,Businesses & Commercial Spaces,False
"Time, Inc.",Manhattan,MANHATTAN,1.0,New York,40.76028202,-73.98015728,1.0,Businesses & Commercial Spaces,False
P.S. 042 Eltingville - Mini School,Staten Island,STATEN ISLAND,5.0,New York,40.55251579,-74.16946275,1.0,Public Schools,False
High School for Environmental Studies,Manhattan,MANHATTAN,1.0,New York,40.76778448,-73.98753056,1.0,School,False
Brooklyn Sports Club,brooklyn,BROOKLYN,3.0,New York,40.64820703,-73.87761285,1.0,Health Clubs & Gyms,False
"Interpublic Group of Companies, Inc",Manhattan,MANHATTAN,1.0,New York,40.75873689,-73.96861769,1.0,Businesses & Commercial Spaces,False
P.S. 106 Edward Everett Hale,Brooklyn,BROOKLYN,3.0,New York,40.69387135,-73.91305628,1.0,Public Schools,False
The Metropolitan Museum of Art,Manhattan,MANHATTAN,1.0,New York,40.77862632,-73.96254586,1.0,Museums,False
Fisher Brothers - 299 Park,Manhattan,MANHATTAN,1.0,New York,40.75644922,-73.97449508,1.0,Businesses & Commercial Spaces,False
Professor Juan Bosch Public School,Manhattan,MANHATTAN,1.0,New York,40.85923656,-73.92779144,1.0,School,False
The New York Times,Manhattan,MANHATTAN,1.0,New York,40.75603172,-73.99065138,1.0,Businesses & Commercial Spaces,False
Rose Hill Pre-K Center at 3605 Sedgwick Avenue (X443),Bronx,BRONX,2.0,New York,40.8815355,-73.89648212,1.0,Public Schools,False
M.S. 113 Ronald Edmonds Learning Center,Brooklyn,BROOKLYN,3.0,New York,40.68880361,-73.97100896,1.0,Public Schools,False
"McLaughlin & Stern, LLP",Manhattan,MANHATTAN,1.0,New York,40.75070018,-73.98082785,1.0,Businesses & Commercial Spaces,False
200 Park LP,Manhattan,MANHATTAN,1.0,New York,40.75415504,-73.97655693,1.0,Businesses & Commercial Spaces,False
186 Riverside Corp,Manhattan,MANHATTAN,1.0,New York,40.79249657693,-73.97681424036,1.0,Businesses & Commercial Spaces,False
"School of Math, Science, and Healthy Living",Brooklyn,BROOKLYN,3.0,New York,40.63956425,-74.01975984,1.0,School,False
PRYOR CASHMAN,Manhattan,MANHATTAN,1.0,New York,40.75590782,-73.98668095,2.0,Businesses & Commercial Spaces,False
SBG-JV Newtown Creek WPCP,Brooklyn,BROOKLYN,3.0,New York,40.73147586,-73.94627075,2.0,Government Buildings & Services,False
"Walt Disney/ABC, Inc.",Manhattan,MANHATTAN,1.0,New York,40.77383035,-73.98138801,1.0,Businesses & Commercial Spaces,False
P.S. 098 The Douglaston School,Queens,QUEENS,4.0,New York,40.76926266,-73.74936706,1.0,Public Schools,False
Beacon High School,Manhattan,MANHATTAN,1.0,New York,40.76151606,-73.99596785,1.0,School,False
Arrochar Friendship Club,Staten Island,STATEN ISLAND,5.0,New York,40.5963432,-74.07617215,1.0,Businesses & Commercial Spaces,False
P.S. 150 Queens - Annex,Queens,QUEENS,4.0,New York,40.74651553,-73.91993101,1.0,Public Schools,False
Time Warner Cable,Queens,QUEENS,4.0,New York,40.785544,-73.8582133,1.0,Businesses & Commercial Spaces,False
High School for Dual Language and Asian Studies,Manhattan,MANHATTAN,1.0,New York,40.71734144,-73.98959626,1.0,School,False
Beginning With Children Charter School II - Middle School,Brooklyn,BROOKLYN,3.0,New York,40.70023561,-73.94781435,1.0,School,False
Dr. Susan S. McKinney Secondary School of the Arts,Brooklyn,BROOKLYN,3.0,New York,40.69631716,-73.97578036,1.0,Public Schools,False
"Fried, Frank, Harris, Shriver & Jacobson LLP",Manhattan,MANHATTAN,1.0,New York,40.70253319,-74.01256178,1.0,Businesses & Commercial Spaces,False
Brooklyn Technical High School,Brooklyn,BROOKLYN,3.0,New York,40.68882691,-73.97690452,1.0,School,False
Murray House Owners Corp,Manhattan,MANHATTAN,1.0,New York,40.74921269,-73.98191102,1.0,Businesses & Commercial Spaces,False
Pathways to Graduation -SI @ College of Staten Island,Staten Island,STATEN ISLAND,5.0,New York,40.60884522,-74.15333461,1.0,School,False
Jacob K. Javits Convention Center,Manhattan,MANHATTAN,1.0,New York,40.75655629,-74.00380806,1.0,Performance Venues,False
P.S. 211 Bronx,Bronx,BRONX,2.0,New York,40.84353942,-73.88975387,1.0,Public Schools,False
New York City Academy for Discovery,Queens,QUEENS,4.0,New York,40.69175728,-73.84900541,1.0,Public Schools,False
The Michael J. Petrides School,Staten Island,STATEN ISLAND,5.0,New York,40.60874845,-74.10234414,1.0,School,False
JASA Starrett Senior Centers,Brooklyn,BROOKLYN,3.0,New York,40.64820703,-73.87761285,1.0,Senior Centers,False
P012X - Lewis and Clark School (X012),Bronx,BRONX,2.0,New York,40.84013839,-73.84441716,1.0,School,False
Department of Citywide Administrative Services,Manhattan,MANHATTAN,1.0,New York,40.71034543,-74.0040074,1.0,Government Buildings & Services,False
P.S. Q086 Queens,Queens,QUEENS,4.0,New York,40.70889059,-73.8039373,1.0,Public Schools,False
Charles H. Greenthal Mgmt. Corp,Manhattan,MANHATTAN,1.0,New York,40.7467451,-73.98159771,1.0,Businesses & Commercial Spaces,False
Marquis Theater Associates,Manhattan,MANHATTAN,1.0,New York,40.75819138,-73.9860452,2.0,Performance Venues,False
Opportunity Charter School,Manhattan,MANHATTAN,1.0,New York,40.80168223,-73.95490792,1.0,School,False
P.S. 032 The Gifford School,Staten Island,STATEN ISLAND,5.0,New York,40.55895842,-74.15551572,1.0,Public Schools,False
Citigroup,Manhattan,MANHATTAN,1.0,New York,40.73112307,-74.00857296,3.0,Businesses & Commercial Spaces,False
Young Israel of Midwood,Brooklyn,BROOKLYN,3.0,New York,40.62043986,-73.95540546,1.0,Houses of Worship,False
Brooklyn High School Of The Arts,Brooklyn,BROOKLYN,3.0,New York,40.68355208,-73.98027034,1.0,School,False
Conde Nast Building,Manhattan,MANHATTAN,1.0,New York,40.75617401,-73.98624415,1.0,Businesses & Commercial Spaces,False
"JFK International Airport, Terminal 2",Queens,QUEENS,4.0,New York,40.64831283,-73.7882815,9.0,Ferries & Other Transportation,False
P.S. 089 Bronx,Bronx,BRONX,2.0,New York,40.86304879,-73.85938509,1.0,Public Schools,False
The New York Botanical Garden,Bronx,BRONX,2.0,New York,40.86567757,-73.88331039,6.0,Museums,False
Cornerstone Academy for Social Action,Bronx,BRONX,2.0,New York,40.88301871,-73.83036423,1.0,School,False
Fresh Fields,Manhattan,MANHATTAN,1.0,New York,40.75845753,-73.97091355,4.0,Businesses & Commercial Spaces,False
The National Arts Club,Manhattan,MANHATTAN,1.0,New York,40.7377759,-73.98648252,1.0,Businesses & Commercial Spaces,False
P.S. 938,Brooklyn,BROOKLYN,3.0,New York,40.68127485,-73.87640539,1.0,Public Schools,False
Friends Seminary,Manhattan,MANHATTAN,1.0,New York,40.73441897,-73.98577597,1.0,School,False
"Investcorp International, Inc",Manhattan,MANHATTAN,1.0,New York,40.75601562,-73.97483093,1.0,Businesses & Commercial Spaces,False
"TIG Advisors - New York, NY ( 21st Floor )",Manhattan,MANHATTAN,1.0,New York,40.76009981,-73.97476802,1.0,Businesses & Commercial Spaces,False
P.S. 209 Clearview Gardens,Queens,QUEENS,4.0,New York,40.78360068,-73.79465281,1.0,Public Schools,False
Midwood High School,Brooklyn,BROOKLYN,3.0,New York,40.63322956,-73.95292894,1.0,School,False
P.S./I.S. 208 Queens,Queens,QUEENS,4.0,New York,40.7459398,-73.72745485,1.0,Public Schools,False
J.H.S. 223 The Montauk,Brooklyn,BROOKLYN,3.0,New York,40.63486815,-73.9815278,1.0,Public Schools,False
Great Oaks Charter School,Manhattan,MANHATTAN,1.0,New York,40.73060734,-74.00265197,1.0,School,False
Morgan Stanley - CMP073 - 590 Madison - NEW YORK NY 101 - Floor: 24,Manhattan,MANHATTAN,1.0,New York,40.75098522,-73.97848538,1.0,Businesses & Commercial Spaces,False
Challenge Charter High/Middle School,Queens,QUEENS,4.0,New York,40.6056642,-73.75138813,1.0,School,False
District 20 Pre-K Center at 1258 65th Street (K695),Brooklyn,BROOKLYN,3.0,New York,40.62654743,-74.00248571,1.0,Public Schools,False
Icahn Charter School III (Grades K-8),Bronx,BRONX,2.0,New York,40.85701952,-73.84312311,1.0,School,False
Columbia University,Manhattan,MANHATTAN,1.0,New York,40.81794551,-73.95663104,1.0,Colleges & Universities,False
Longwood Preparatory Academy,Bronx,BRONX,2.0,New York,40.81750512,-73.8982115,1.0,Public Schools,False
Schoenfeld Theater,Manhattan,MANHATTAN,1.0,New York,40.75865813,-73.9872038,1.0,Performance Venues,False
P.S. 192 Jacob H. Schiff,Manhattan,MANHATTAN,1.0,New York,40.82094606,-73.95114449,1.0,Public Schools,False
Rose Hill Pre-K Center at 2512 Marion Avenue (X444),Bronx,BRONX,2.0,New York,40.86130937,-73.8932347,1.0,Public Schools,False
Jacob K. Javits Convention Center,Manhattan,MANHATTAN,1.0,New York,40.75655629,-74.00380806,1.0,Performance Venues,False
Eagle Academy For Young Men III,Queens,QUEENS,4.0,New York,40.69170394,-73.77892259,1.0,School,False
El Puente Academy for Peace and Justice,Brooklyn,BROOKLYN,3.0,New York,40.70589038,-73.95561137,1.0,School,False
Fordham University Bronx Location,Bronx,BRONX,2.0,New York,40.86072673616,-73.88953366191,1.0,Colleges & Universities,False
Equinox,Bronx,BRONX,2.0,New York,40.82023885,-73.89215552,1.0,Health Clubs & Gyms,False
Warner Media,Manhattan,MANHATTAN,1.0,New York,40.75371004,-73.99977983,1.0,Businesses & Commercial Spaces,False
P.S. 152 Evergreen,Bronx,BRONX,2.0,New York,40.82401732,-73.88003067,1.0,Public Schools,False
East Flatbush Ascend Charter School (EFACS),Brooklyn,BROOKLYN,3.0,New York,40.65251617,-73.93919169,1.0,School,False
P.S. 104 The Bays Water,Queens,QUEENS,4.0,New York,40.60845877,-73.7645484,1.0,Public Schools,False
I.S. 096 Seth Low,Brooklyn,BROOKLYN,3.0,New York,40.6075333,-73.98466145,1.0,Public Schools,False
Bedford Park Multi-Service Senior Centers,Bronx,BRONX,2.0,New York,40.87419837,-73.8844561,1.0,Senior Centers,False
The Lexington Academy,Manhattan,MANHATTAN,1.0,New York,40.7911723,-73.9477753,1.0,School,False
High School of Economics and Finance,Manhattan,MANHATTAN,1.0,New York,40.70918932,-74.01202199,1.0,Public Schools,False
P.S. 014 Fairview,Queens,QUEENS,4.0,New York,40.74055224,-73.85413058,1.0,Public Schools,False
Rudin Management,Manhattan,MANHATTAN,1.0,New York,40.70321093,-74.01441211,1.0,Businesses & Commercial Spaces,False
M.S. 224 Manhattan East School for Arts & Academics,Manhattan,MANHATTAN,1.0,New York,40.78566384,-73.94254713,1.0,Public Schools,False
BFFY Narrows at the Lodge Senior Centers,Brooklyn,BROOKLYN,3.0,New York,40.61207966,-73.99728793,1.0,Senior Centers,False
J.H.S. 226 Virgil I. Grissom,Queens,QUEENS,4.0,New York,40.67576338,-73.8169379,1.0,Public Schools,False
The Anderson School,Manhattan,MANHATTAN,1.0,New York,40.78081492,-73.97685443,1.0,Public Schools,False
HANAC Archbishop Iakovos Senior Centers,Queens,QUEENS,4.0,New York,40.76511072,-73.93180713,1.0,Senior Centers,False
P.S. 023 Carter G. Woodson,Brooklyn,BROOKLYN,3.0,New York,40.6940625,-73.94755956,1.0,Public Schools,False
M.S. 442 Carroll Gardens School for Innovation,Brooklyn,BROOKLYN,3.0,New York,40.65693643,-73.98311469,1.0,Public Schools,False
Mosaic Pre-K Center at 46-16 76th Street (Q378),Queens,QUEENS,4.0,New York,40.74006903,-73.88824051,1.0,Public Schools,False
Brookfield Properties - Brooklyn NY - 1 Metrotech Center,Brooklyn,BROOKLYN,3.0,New York,40.69345621,-73.98722718,4.0,Businesses & Commercial Spaces,False
Maria Gallagher,Queens,QUEENS,4.0,New York,40.71108883,-73.82050168,1.0,School,False
P.S. 105 The Blythebourne,Brooklyn,BROOKLYN,3.0,New York,40.63292901,-74.00373973,1.0,Public Schools,False
P.S. 150 Manhattan,Manhattan,MANHATTAN,1.0,New York,40.70697138,-74.01350761,1.0,Public Schools,False
Internal Revenue Service,Manhattan,MANHATTAN,1.0,New York,40.71480011,-74.00576441,1.0,Government Buildings & Services,False
"The Empire State Building Company, LLC",Manhattan,MANHATTAN,1.0,New York,40.7482689007,-73.98469027358,1.0,Businesses & Commercial Spaces,False
Borinquen Court Senior Centers,Bronx,BRONX,2.0,New York,40.81065934,-73.92648606,1.0,Senior Centers,False
Sixth Avenue Elementary School,Manhattan,MANHATTAN,1.0,New York,40.738718,-73.99416856,1.0,School,False
"Vornado Office Managment, LLC",Manhattan,MANHATTAN,1.0,New York,40.75109132,-73.9929259,1.0,Businesses & Commercial Spaces,False
"WIN - Women in Need, Inc. (Close)",Bronx,BRONX,2.0,New York,40.82511468,-73.88217136,1.0,Health & Social Services,False
Achievement First Crown Heights Charter Middle School,Brooklyn,BROOKLYN,3.0,New York,40.66243976,-73.93638197,1.0,School,False
Liberty Avenue Middle School,Brooklyn,BROOKLYN,3.0,New York,40.67709643,-73.88343253,1.0,School,False
Bank Street College,Manhattan,MANHATTAN,1.0,New York,40.80561933,-73.966197,1.0,Colleges & Universities,False
Morgan Stanley - 1221 A of A - Floor: 3,Manhattan,MANHATTAN,1.0,New York,40.75909387,-73.98213574,1.0,Businesses & Commercial Spaces,False
P.S. 054 Charles W. Leng,Staten Island,STATEN ISLAND,5.0,New York,40.60322421,-74.13798047,1.0,Public Schools,False
P256Q @ 438,Queens,QUEENS,4.0,New York,40.57701866,-73.8545395,1.0,Public Schools,False
J.H.S. 218 James P. Sinnott,Brooklyn,BROOKLYN,3.0,New York,40.67071604,-73.87420804,1.0,Public Schools,False
Perkins Coie LLP,Manhattan,MANHATTAN,1.0,New York,40.75874744,-73.97869222,1.0,Businesses & Commercial Spaces,False
ReStart @ Crotona Residence,Bronx,BRONX,2.0,New York,40.85316776,-73.8839867,1.0,School,False
P141K @ P035K,Brooklyn,BROOKLYN,3.0,New York,40.68189722,-73.93589463,1.0,Public Schools,False
East River Academy @ RMSC (service call only),Queens,BRONX,2.0,New York,40.78842519,-73.88444302,1.0,School,True
Brooklyn Prospect International Elementary Charter School,Brooklyn,BROOKLYN,3.0,New York,40.68221218,-73.93968009,1.0,School,False
Aviation Career & Technical Education High School,Queens,QUEENS,4.0,New York,40.74350231,-73.9290758,1.0,School,False
P.S. 230 Doris L. Cohen Lower School,Brooklyn,BROOKLYN,3.0,New York,40.64381307,-73.97962632,1.0,Public Schools,False
P.S. 5 Port Morris,Bronx,BRONX,2.0,New York,40.81372084,-73.90888546,1.0,Public Schools,False
"WIN - Women in Need, Inc. (Westway Family)",Queens,QUEENS,4.0,New York,40.76716041,-73.89768585,1.0,Health & Social Services,False
P.S. 098 The Douglaston School,Queens,QUEENS,4.0,New York,40.76926266,-73.74936706,1.0,Public Schools,False
Morgan Stanley - ISG - New York Metro - 750 7th Ave - Floor: 5,Manhattan,MANHATTAN,1.0,New York,40.76074642,-73.98352505,1.0,Businesses & Commercial Spaces,False
Bedford Academy High School,Brooklyn,BROOKLYN,3.0,New York,40.68537269,-73.9543018,1.0,School,False
Forest Hills High School,Queens,QUEENS,4.0,New York,40.72939462,-73.84563646,1.0,School,False
Citigroup Corporation Investment Bank-Medical Department:388 Greenwich Street,Manhattan,MANHATTAN,1.0,New York,40.72065166,-74.01009762,1.0,Businesses & Commercial Spaces,False
P.S. Q016 The Nancy DeBenedittis School,Queens,QUEENS,4.0,New York,40.74897924,-73.86122925,1.0,Public Schools,False
P.S. 134 Hollis,Queens,QUEENS,4.0,New York,40.70798728,-73.75524315,1.0,Public Schools,False
"Walt Disney/ABC, Inc.",Manhattan,MANHATTAN,1.0,New York,40.74906882,-73.97568171,1.0,Businesses & Commercial Spaces,False
Success Academy Charter School - Prospect Heights,Brooklyn,BROOKLYN,3.0,New York,40.6743732,-73.95144334,1.0,School,False
M.S. 593 Bronx,Bronx,BRONX,2.0,New York,40.8279346,-73.91437278,1.0,Public Schools,False
I.S. 027 Anning S. Prall,Staten Island,STATEN ISLAND,5.0,New York,40.62812078,-74.11706161,1.0,Public Schools,False
Pathways to Graduation @ Bronx Youth Center,Bronx,BRONX,2.0,New York,40.81913459,-73.91388194,1.0,School,False
Clara Barton High School,Brooklyn,BROOKLYN,3.0,New York,40.66956009,-73.96196208,1.0,School,False
FNY Capital Management LP,Manhattan,MANHATTAN,1.0,New York,40.75783992,-73.98500932,1.0,Businesses & Commercial Spaces,False
Equinox,Manhattan,MANHATTAN,1.0,New York,40.72729159,-73.9951834,2.0,Health Clubs & Gyms,False
"Beresford Apartments, Inc",Manhattan,MANHATTAN,1.0,New York,40.78221905,-73.97158921,1.0,Businesses & Commercial Spaces,False
"Walt Disney/ABC, Inc.",Manhattan,MANHATTAN,1.0,New York,40.75757485,-73.97580493,1.0,Businesses & Commercial Spaces,False
The Walton Avenue School,Bronx,BRONX,2.0,New York,40.84008919,-73.91556779,1.0,School,False
"Building 141, Federal Circle, JFK Int Airport",Queens,QUEENS,4.0,New York,40.65867863,-73.80940218,1.0,Ferries & Other Transportation,False
P.S. 071 Forest,Queens,QUEENS,4.0,New York,40.71119569,-73.90528561,1.0,Public Schools,False
"Mutual Redevelopment Houses, Inc - 09",Manhattan,MANHATTAN,1.0,New York,40.74853885,-73.99641978,1.0,Businesses & Commercial Spaces,False
Roosevelt Island Senior Centers,Manhattan,MANHATTAN,1.0,New York,40.76183175,-73.94973326,1.0,Senior Centers,False
East River Academy @ RNDC - Main (service call only),Queens,BRONX,2.0,New York,40.79369755,-73.88413408,1.0,School,True
Eleven Times Square,Manhattan,MANHATTAN,1.0,New York,40.75689078,-73.9900232,17.0,Businesses & Commercial Spaces,False
Wildlife Conservation Society,Manhattan,MANHATTAN,1.0,New York,40.76770452,-73.97051599,1.0,Zoos & Aquariums,False
P.S. 108 Philip J. Abinanti,Bronx,BRONX,2.0,New York,40.85471905,-73.85322493,1.0,Public Schools,False
P.S. 188 Michael E. Berdy,Brooklyn,BROOKLYN,3.0,New York,40.57720992,-74.00019439,1.0,Public Schools,False
St. James Recreation Center,Bronx,BRONX,2.0,New York,40.86477063,-73.89948743,1.0,Parks & Recreation,False
"Haug Partners, LLP",Manhattan,MANHATTAN,1.0,New York,40.76331917,-73.97369465,1.0,Businesses & Commercial Spaces,False
Conde Nast Building,Manhattan,MANHATTAN,1.0,New York,40.75617401,-73.98624415,1.0,Businesses & Commercial Spaces,False
P.S. 094 Kings College School - Annex,Bronx,BRONX,2.0,New York,40.88155785,-73.87479846,1.0,Public Schools,False
Mosaic Pre-K Center at 68-20 Myrtle Avenue (Q392),Queens,QUEENS,4.0,New York,40.70167636,-73.88389069,1.0,Public Schools,False
Wadleigh Secondary School for the Performing & Visual Arts,Manhattan,MANHATTAN,1.0,New York,40.80220068,-73.95414182,1.0,School,False
Brooklyn's Daily Discovery Pre-K Center at 1215 Avenue X (K787),Brooklyn,BROOKLYN,3.0,New York,40.59184856,-73.95842032,1.0,Public Schools,False
Milton Fein School,Bronx,BRONX,2.0,New York,40.88106008,-73.90536455,1.0,School,False
Morgan Stanley - 1 NY Plaza,Manhattan,MANHATTAN,1.0,New York,40.70253319,-74.01256178,1.0,Businesses & Commercial Spaces,False
"Sanford Heisler LLP - New York, NY",Manhattan,MANHATTAN,1.0,New York,40.76272453,-73.97834079,1.0,Businesses & Commercial Spaces,False
CSI High School for International Studies,Staten Island,STATEN ISLAND,5.0,New York,40.5813078,-74.15858839,1.0,School,False
District 75 Region Office,Manhattan,MANHATTAN,1.0,New York,40.73715159,-73.97833109,1.0,Government Buildings & Services,False
907 Corporation,Manhattan,MANHATTAN,1.0,New York,40.77220218,-73.96687111,1.0,Businesses & Commercial Spaces,False
Park Slope Senior Centers,Brooklyn,BROOKLYN,3.0,New York,40.66841205,-73.98120126,1.0,Senior Centers,False
P.S. 214 Michael Friedsam,Brooklyn,BROOKLYN,3.0,New York,40.67650584,-73.86315078,1.0,Public Schools,False
P.S. 107 John W. Kimball,Brooklyn,BROOKLYN,3.0,New York,40.66324365,-73.98128923,1.0,Public Schools,False
Hearst Corporation,Manhattan,MANHATTAN,1.0,New York,40.76643902,-73.98332508,1.0,Businesses & Commercial Spaces,False
Morgan Stanley - E52,Manhattan,MANHATTAN,1.0,New York,40.75882057,-73.97397799,1.0,Businesses & Commercial Spaces,False
"Cravath, Swaine & Moore LLP",Manhattan,MANHATTAN,1.0,New York,40.76206701,-73.98627542,2.0,Businesses & Commercial Spaces,False
American Museum of Natural History,Manhattan,MANHATTAN,1.0,New York,40.78130521,-73.972254,1.0,Museums,False
P.S. 255 Barbara Reing School,Brooklyn,BROOKLYN,3.0,New York,40.60434174,-73.95552789,1.0,Public Schools,False
Morgan Stanley - E52,Manhattan,MANHATTAN,1.0,New York,40.75882057,-73.97397799,1.0,Businesses & Commercial Spaces,False
"Estee Lauder Companies, Inc.",Manhattan,MANHATTAN,1.0,New York,40.72545819,-74.00028863,1.0,Businesses & Commercial Spaces,False
AECI 2 The New York City Charter High School For Computer Engineering & Innovation,Bronx,BRONX,2.0,New York,40.83695877,-73.91738235,1.0,School,False
P.S. 247 Brooklyn,Brooklyn,BROOKLYN,3.0,New York,40.61226557,-73.98671333,1.0,Public Schools,False
P.S. 241 Emma L. Johnston,Brooklyn,BROOKLYN,3.0,New York,40.66935382,-73.96076901,1.0,Public Schools,False
"Kirkland & Ellis, LLP",Manhattan,MANHATTAN,1.0,New York,40.75845753,-73.97091355,1.0,Businesses & Commercial Spaces,False
Brooklyn Preparatory High School,Brooklyn,BROOKLYN,3.0,New York,40.71506581,-73.95475392,1.0,School,False
Peter Cardella Senior Citizen Center,Queens,QUEENS,4.0,New York,40.70386704,-73.89567347,1.0,Senior Centers,False
Process Fitness,Manhattan,MANHATTAN,1.0,New York,40.76996784,-73.95118564,1.0,Health Clubs & Gyms,False
MARKS PANETH-NYC,Manhattan,MANHATTAN,1.0,New York,40.75161005,-73.9738184,1.0,Businesses & Commercial Spaces,False
P.S. 254 Dag Hammarskjold,Brooklyn,BROOKLYN,3.0,New York,40.59041591,-73.95175306,1.0,Public Schools,False
P.S. 044 Thomas C. Brown,Staten Island,STATEN ISLAND,5.0,New York,40.63178197,-74.15643905,1.0,Public Schools,False
Jacob K. Javits Convention Center,Manhattan,MANHATTAN,1.0,New York,40.75655629,-74.00380806,1.0,Performance Venues,False
United Hindu Senior Centers,Queens,QUEENS,4.0,New York,40.67431153,-73.8204965,1.0,Senior Centers,False
Benjamin N. Cardozo High School,Queens,QUEENS,4.0,New York,40.75232524,-73.75598916,1.0,School,False
Newtown High School,Queens,QUEENS,4.0,New York,40.74111454,-73.87472057,1.0,School,False
Anchin Block & Anchin,Manhattan,MANHATTAN,1.0,New York,40.7523205,-73.98746128,0.0,Businesses & Commercial Spaces,False
Equinox,Manhattan,BROOKLYN,3.0,New York,40.69230651,-73.99110029,0.0,Health Clubs & Gyms,True
J.H.S. 259 William Mckinley,Brooklyn,BROOKLYN,3.0,New York,40.62667272,-74.01511961,1.0,Public Schools,False
I.S. 136 Charles O. Dewey,Brooklyn,BROOKLYN,3.0,New York,40.65196942,-74.00686174,1.0,Public Schools,False
Orbis International,Manhattan,MANHATTAN,1.0,New York,40.75360549,-73.99241671,1.0,Businesses & Commercial Spaces,False
"Walt Disney/ABC, Inc.",Manhattan,MANHATTAN,1.0,New York,40.77298749,-73.98008127,1.0,Businesses & Commercial Spaces,False
Queens Explorers Elementary School,Queens,QUEENS,4.0,New York,40.68309622,-73.85012118,1.0,School,False
P.S. 105 The Blythebourne,Brooklyn,BROOKLYN,3.0,New York,40.63292901,-74.00373973,1.0,Public Schools,False
J&C Lamb Management Corp.,Manhattan,MANHATTAN,1.0,New York,40.75762981,-73.96533709,1.0,Businesses & Commercial Spaces,False
P.S. 175 Henry H Garnet,Manhattan,MANHATTAN,1.0,New York,40.81441563,-73.94366382,1.0,Public Schools,False
P469X @ X855 (X855),Bronx,BRONX,2.0,New York,40.8072682,-73.91644402,1.0,Public Schools,False
Oikos Holdings - 23rd Floor,Manhattan,MANHATTAN,1.0,New York,40.7628077,-73.96985756,1.0,Businesses & Commercial Spaces,False
I.S. 229 Roland Patterson,Bronx,BRONX,2.0,New York,40.85252977,-73.92146569,1.0,Public Schools,False
Morgan Stanley - ISG - New York Metro - 750 7th Ave - Floor: 16,Manhattan,MANHATTAN,1.0,New York,40.76074642,-73.98352505,1.0,Businesses & Commercial Spaces,False
Bronx House Senior Centers,Bronx,BRONX,2.0,New York,40.85679746,-73.86035272,1.0,Senior Centers,False
P.S. 069 Daniel D. Tompkins,Staten Island,STATEN ISLAND,5.0,New York,40.59146064,-74.15670428,1.0,Public Schools,False
"FINRA - 1 Liberty Plaza, 165 Broadway (NY, NY)",Manhattan,MANHATTAN,1.0,New York,40.709582,-74.01018611,7.0,Businesses & Commercial Spaces,False
Fordham University - Manhattan Campus - McMahon Hall,Manhattan,MANHATTAN,1.0,New York,40.77639684929,-73.98238382162,1.0,School,False
Community School District 32 - under construction,Brooklyn,BROOKLYN,3.0,New York,40.69504832,-73.92813944,1.0,School,False
P.S. 249 The Caton,Brooklyn,BROOKLYN,3.0,New York,40.64970289,-73.96604566,1.0,Public Schools,False
River Point Towers,Bronx,BRONX,2.0,New York,40.87812154,-73.91742141,2.0,Businesses & Commercial Spaces,False
Epstein Becker Green,Manhattan,MANHATTAN,1.0,New York,40.7575953,-73.96945204,1.0,Businesses & Commercial Spaces,False
Morgan Stanley - 1585 Broadway,Manhattan,MANHATTAN,1.0,New York,40.76020869,-73.98533366,1.0,Businesses & Commercial Spaces,False
High School for Law and Public Service,Manhattan,MANHATTAN,1.0,New York,40.85584913,-73.92711914,1.0,School,False
Stuyvesant High School,Manhattan,MANHATTAN,1.0,New York,40.71769239,-74.01398957,1.0,School,False
James Madison High School,Brooklyn,BROOKLYN,3.0,New York,40.60990523,-73.94851191,1.0,School,False
P.S. 018 John G. Whittier,Staten Island,STATEN ISLAND,5.0,New York,40.63657975,-74.11750887,1.0,Public Schools,False
Tottenville High School,Staten Island,STATEN ISLAND,5.0,New York,40.52808436,-74.19203027,1.0,Public Schools,False
Marymount School,Manhattan,MANHATTAN,1.0,New York,40.78000933,-73.96150877,1.0,School,False
"Tarter Krinsky & Drogin, LLP",Manhattan,MANHATTAN,1.0,New York,40.75129947,-73.98765638,1.0,Businesses & Commercial Spaces,False
SPARC Group LLC,Manhattan,MANHATTAN,1.0,New York,40.74939497936,-73.99177476227,3.0,Businesses & Commercial Spaces,False
P.S. 076 The Bennington School,Bronx,BRONX,2.0,New York,40.86958629,-73.8612803,1.0,Public Schools,False
Uber Technologies - Uber Chelsea NYC City,Manhattan,MANHATTAN,1.0,New York,40.7524473,-74.00577129,1.0,Businesses & Commercial Spaces,False
P.S. 194 Raoul Wallenberg,Brooklyn,BROOKLYN,3.0,New York,40.59674996,-73.9334993,1.0,Public Schools,False
Millennium High School,Manhattan,MANHATTAN,1.0,New York,40.70453424,-74.01155228,1.0,School,False
Harper Collins Publishers,Manhattan,MANHATTAN,1.0,New York,40.71052901297,-74.00937828022,1.0,Businesses & Commercial Spaces,False
Citi Health Services - Citigroup Long Island City 2,Queens,QUEENS,4.0,New York,40.74756434203,-73.94352206962,3.0,Health & Social Services,False
Academy of American Studies,Queens,QUEENS,4.0,New York,40.7523833,-73.93664946,1.0,Public Schools,False
Department of Citywide Administrative Services,Manhattan,MANHATTAN,1.0,New York,40.71371602,-74.00358556,1.0,Government Buildings & Services,False
P.S. 205 Fiorello Laguardia,Bronx,BRONX,2.0,New York,40.85525634,-73.88113811,1.0,Public Schools,False
OGDEN CAP PROPERTIES,Manhattan,MANHATTAN,1.0,New York,40.78414627,-73.94894358,3.0,Businesses & Commercial Spaces,False
"DC9 - New York, NY",Manhattan,MANHATTAN,1.0,New York,40.73663477,-73.99510694,2.0,Businesses & Commercial Spaces,False
Carmel Richmond Healthcare and Rehabilitation,Staten Island,STATEN ISLAND,5.0,New York,40.59622848,-74.09047813,1.0,Nursing Homes,False
Boro Park Senior Centers,Brooklyn,BROOKLYN,3.0,New York,40.63367291,-74.00070256,1.0,Senior Centers,False
The Peck Slip School,Manhattan,MANHATTAN,1.0,New York,40.70875899,-74.00240583,1.0,Public Schools,False
Fort Hamilton High School,Brooklyn,BROOKLYN,3.0,New York,40.62789091,-74.03998467,1.0,School,False
912 5th Ave Corp - NYC,Manhattan,MANHATTAN,1.0,New York,40.77264683,-73.96688533,1.0,Businesses & Commercial Spaces,False
Benjamin N. Cardozo High School,Queens,QUEENS,4.0,New York,40.75232524,-73.75598916,1.0,School,False
Cynthia Jenkins School,Queens,QUEENS,4.0,New York,40.67587199,-73.75850517,1.0,School,False
P.S. 029 Queens,Queens,QUEENS,4.0,New York,40.77859394,-73.84318582,1.0,Public Schools,False
The Urban Assembly Bronx Academy of Letters,Bronx,BRONX,2.0,New York,40.81363389,-73.92531226,1.0,School,False
Williamsburg Collegiate Middle School,Brooklyn,BROOKLYN,3.0,New York,40.70601601,-73.96147592,1.0,School,False
Loeb & Loeb LLP,Manhattan,MANHATTAN,1.0,New York,40.75816441,-73.97324549,1.0,Businesses & Commercial Spaces,False
The School of Science and Applied Learning,Bronx,BRONX,2.0,New York,40.84622973,-73.88740363,1.0,School,False
"The Gregory Jocko Jackson School of Sports, Art, and Technology",Brooklyn,BROOKLYN,3.0,New York,40.6673695,-73.90821382,1.0,School,False
"Mutual Redevelopment Houses, Inc",Manhattan,MANHATTAN,1.0,New York,40.74741905,-73.99955248,1.0,Businesses & Commercial Spaces,False
P.S. 084 Steinway,Queens,QUEENS,4.0,New York,40.77150451,-73.90632955,1.0,Public Schools,False
P.S. 178 Saint Clair Mckelway,Brooklyn,BROOKLYN,3.0,New York,40.67501677,-73.91577758,1.0,Public Schools,False
P.S. 212 Queens,Queens,QUEENS,4.0,New York,40.75307043,-73.88490523,1.0,Public Schools,False
Morgan Stanley - 1585 Broadway,Manhattan,MANHATTAN,1.0,New York,40.76020869,-73.98533366,1.0,Businesses & Commercial Spaces,False
P.S. 165 Robert E. Simon,Manhattan,MANHATTAN,1.0,New York,40.80291009,-73.96561322,1.0,Public Schools,False
The Port Authority of New York & New Jersey - 115 Broadway,Manhattan,MANHATTAN,1.0,New York,40.708624,-74.01099752,1.0,Ferries & Other Transportation,False
P.S. 235 Janice Marie Knight School,Brooklyn,BROOKLYN,3.0,New York,40.65469651,-73.941089,1.0,Public Schools,False
P.S. 108 Assemblyman Angelo Del Toro Educational Complex,Manhattan,MANHATTAN,1.0,New York,40.79513874,-73.94836809,1.0,Public Schools,False
PVH Corp,Manhattan,MANHATTAN,1.0,New York,40.74852109,-73.98241288,12.0,Businesses & Commercial Spaces,False
Eisner Amper LLP,Manhattan,MANHATTAN,1.0,New York,40.75371493,-73.97230885,1.0,Businesses & Commercial Spaces,False
JASA Dreiser Senior Centers,Bronx,BRONX,2.0,New York,40.87708075,-73.82961644,1.0,Senior Centers,False
In-Tech Academy (M.S. / High School 368),Bronx,BRONX,2.0,New York,40.87936199,-73.90989449,1.0,Public Schools,False
MacAndrews & Forbes,Manhattan,MANHATTAN,1.0,New York,40.76531361,-73.9696687,6.0,Businesses & Commercial Spaces,False
Booth Theater,Manhattan,MANHATTAN,1.0,New York,40.75857027,-73.98699085,1.0,Performance Venues,False
WHIN Music Community Charter School [517],Manhattan,MANHATTAN,1.0,New York,40.8375215,-73.93952428,1.0,School,False
I.S. 125 Thom J. McCann Woodside,Queens,QUEENS,4.0,New York,40.74112412,-73.91894512,1.0,Public Schools,False
Academy for Language and Technology,Bronx,BRONX,2.0,New York,40.84952597,-73.91607627,3.0,Public Schools,False
One Beacon Court,Manhattan,MANHATTAN,1.0,New York,40.76138819,-73.96812911,1.0,Businesses & Commercial Spaces,False
Olympus Academy,Brooklyn,BROOKLYN,3.0,New York,40.64567789,-73.89889986,1.0,School,False
"SoulCycle, Inc",Manhattan,MANHATTAN,1.0,New York,40.75393699,-73.98594864,1.0,Health Clubs & Gyms,False
Newcomers High School,Queens,QUEENS,4.0,New York,40.75134896,-73.93744448,1.0,School,False
Bronx Studio School for Writers and Artists,Bronx,BRONX,2.0,New York,40.82057187,-73.89312689,1.0,Public Schools,False
PSP Investments USA LLC,Manhattan,MANHATTAN,1.0,New York,40.7530952,-73.9748537,1.0,Businesses & Commercial Spaces,False
P.S. 065 Brooklyn,Brooklyn,BROOKLYN,3.0,New York,40.68713724,-73.87854713,1.0,Public Schools,False
Poly Prep COS,Brooklyn,BROOKLYN,3.0,New York,40.61231054,-74.02373162,1.0,Private Schools,False
"Dorot, Inc",Manhattan,MANHATTAN,1.0,New York,40.79500484,-73.9747439,1.0,Businesses & Commercial Spaces,False
Davis Wright Tremaine LLP - Davis Wright Tremaine LLP_New York,Manhattan,MANHATTAN,1.0,New York,40.75963708,-73.98062674,2.0,Businesses & Commercial Spaces,False
"Walt Disney/ABC, Inc.",Manhattan,MANHATTAN,1.0,New York,40.77431062,-73.98103766,1.0,Businesses & Commercial Spaces,False
The Christa McAuliffe School\I.S. 187,Brooklyn,BROOKLYN,3.0,New York,40.62777703,-74.00448516,1.0,School,False
HCZ Promise Academy I - High School,Manhattan,MANHATTAN,1.0,New York,40.8118675,-73.94731465,1.0,School,False
Sentinel Real Estate Corp,Manhattan,MANHATTAN,1.0,New York,40.75963708,-73.98062674,1.0,Businesses & Commercial Spaces,False
P.S. 234 Queens,Queens,QUEENS,4.0,New York,40.76729837,-73.92324529,1.0,Public Schools,False
P721R - Richard H. Hungerford School (R086),Staten Island,STATEN ISLAND,5.0,New York,40.60874845,-74.10234414,1.0,School,False
High School of World Cultures,Bronx,BRONX,2.0,New York,40.83159438,-73.87891119,1.0,School,False
"Cowen Group, Inc",Manhattan,MANHATTAN,1.0,New York,40.76259829,-73.97845996,1.0,Businesses & Commercial Spaces,False
Richmond Condominium,Manhattan,MANHATTAN,1.0,New York,40.77482543,-73.95645343,1.0,Businesses & Commercial Spaces,False
P.S./I.S. 210 - Twenty-first Century Academy for Community Leadership,Manhattan,MANHATTAN,1.0,New York,40.82980867,-73.94474924,1.0,Public Schools,False
P.S. 059 The Community School of Technology,Bronx,BRONX,2.0,New York,40.85276803,-73.89352319,1.0,Public Schools,False
Practicing Law Institute,Manhattan,MANHATTAN,1.0,New York,40.76263186,-73.98214562,4.0,Businesses & Commercial Spaces,False
LEEP Dual Language Academy Charter School II,Brooklyn,BROOKLYN,3.0,New York,40.6438526,-74.01276689,1.0,School,False
Young Israel of Bedford Bay Senior Centers,Brooklyn,BROOKLYN,3.0,New York,40.6001186,-73.93988058,1.0,Senior Centers,False
P.S. 272 Curtis Estabrook,Brooklyn,BROOKLYN,3.0,New York,40.63590848,-73.88641236,1.0,Public Schools,False
"Icon Interiors, Inc.",Manhattan,MANHATTAN,1.0,New York,40.74686168,-73.99361567,1.0,Businesses & Commercial Spaces,False
Amber Charter School - East Harlem,Manhattan,MANHATTAN,1.0,New York,40.79123086,-73.94390742,1.0,School,False
Archer Hotel,Manhattan,MANHATTAN,1.0,New York,40.75159,-73.98421308,1.0,Businesses & Commercial Spaces,False
P.S. 153 Homecrest,Brooklyn,BROOKLYN,3.0,New York,40.60160951,-73.95977905,1.0,Public Schools,False
P.S. 030 Westerleigh,Staten Island,STATEN ISLAND,5.0,New York,40.61843116,-74.13264498,1.0,Public Schools,False
Williamsburg Elementary School,Brooklyn,BROOKLYN,3.0,New York,40.70724395,-73.94398558,1.0,School,False
Vedder Price - New York,Manhattan,MANHATTAN,1.0,New York,40.76156716,-73.98396163,3.0,Businesses & Commercial Spaces,False
New Visions Charter High School for Advanced Math and Science IV,Queens,QUEENS,4.0,New York,40.6756252,-73.78334193,1.0,School,False
SNAP of Eastern Queens,Queens,QUEENS,4.0,New York,40.73767696,-73.73402021,1.0,Senior Centers,False
Broome Street Academy Charter High School,Manhattan,MANHATTAN,1.0,New York,40.72389632,-74.00469008,1.0,School,False
Equinox,Manhattan,MANHATTAN,1.0,New York,40.72381947,-73.99548309,1.0,Health Clubs & Gyms,False
Cultivating Hearts and Minds Pre-K Center at 1222 Prospect Avenue (X493),Bronx,BRONX,2.0,New York,40.82695285,-73.8985764,1.0,Public Schools,False
Harlem Village Academy (132 West),Manhattan,MANHATTAN,1.0,New York,40.80754166,-73.94706523,1.0,School,False
P.S. 038 George Cromwell,Staten Island,STATEN ISLAND,5.0,New York,40.5747399,-74.09991965,1.0,Public Schools,False
JASA West Side Senior Centers,Manhattan,MANHATTAN,1.0,New York,40.78033476,-73.97773925,1.0,Senior Centers,False
P.S. 316 Elijah Stroud,Brooklyn,BROOKLYN,3.0,New York,40.67439306,-73.96025411,1.0,Public Schools,False
Morgan Stanley - CMP072 - 399 Park - New York NY 399 - Floor: 24,Manhattan,MANHATTAN,1.0,New York,40.75953381,-73.97224506,1.0,Businesses & Commercial Spaces,False
Brownsville Academy High School,Brooklyn,BROOKLYN,3.0,New York,40.666511,-73.92405741,1.0,School,False
P.S. 130 The Parkside,Brooklyn,BROOKLYN,3.0,New York,40.6488764,-73.97560666,1.0,Public Schools,False
P.S. 190 Sheffield,Brooklyn,BROOKLYN,3.0,New York,40.66231823,-73.89444111,1.0,Public Schools,False
New York Aquarium,Brooklyn,BROOKLYN,3.0,New York,40.57517621,-73.97579926,1.0,Zoos & Aquariums,False
Congregation Or Zarua,Manhattan,MANHATTAN,1.0,New York,40.7771316,-73.95798645,1.0,Houses of Worship,False
"Interpublic Group of Companies, Inc",Manhattan,MANHATTAN,1.0,New York,40.75873689,-73.96861769,1.0,Businesses & Commercial Spaces,False
Neighborhood Charter School: Harlem,Manhattan,MANHATTAN,1.0,New York,40.8234465,-73.9450436,1.0,School,False
Douglas Elliman [212W72],Manhattan,MANHATTAN,1.0,New York,40.77901813,-73.98262866,1.0,Businesses & Commercial Spaces,False
M.S. 255 Salk School of Science,Manhattan,MANHATTAN,1.0,New York,40.7357441,-73.98165489,1.0,Public Schools,False
NY Chinatown Senior Centers,Manhattan,MANHATTAN,1.0,New York,40.71608481,-73.99920278,1.0,Senior Centers,False
P.S. 082 Hammond,Queens,QUEENS,4.0,New York,40.70406467,-73.81177085,1.0,Public Schools,False
Kingsborough Community College,Brooklyn,BROOKLYN,3.0,New York,40.57848969,-73.9348999,1.0,Colleges & Universities,False
"Cowen Group, Inc",Manhattan,MANHATTAN,1.0,New York,40.75826818,-73.97105441,1.0,Businesses & Commercial Spaces,False
P.S. 071 Rose E. Scala,Bronx,BRONX,2.0,New York,40.84578011,-73.82982704,1.0,Public Schools,False
New Dorp Moravian Church,Staten Island,STATEN ISLAND,5.0,New York,40.57987037,-74.11411116,1.0,Houses of Worship,False
"Hartree Partners, LP",Manhattan,MANHATTAN,1.0,New York,40.75757876,-73.98212532,1.0,Businesses & Commercial Spaces,False
Deutsche Bank,Manhattan,MANHATTAN,1.0,New York,40.70590688,-74.00860938,63.0,Businesses & Commercial Spaces,False
"Anchin, Block & Anchin LLP",Manhattan,MANHATTAN,1.0,New York,40.7523205,-73.98746128,1.0,Businesses & Commercial Spaces,False
I.S. 145 Joseph Pulitzer,Queens,QUEENS,4.0,New York,40.7546536,-73.88711146,1.0,Public Schools,False
P.S. 3 Raul Julia Micro Society,Bronx,BRONX,2.0,New York,40.8498904,-73.892288,1.0,Public Schools,False
"Meredith Operations Corporation - Meredith Corporate Global Security - 225 Liberty St, New York",Manhattan,MANHATTAN,1.0,New York,40.71153017,-74.01567279,18.0,Businesses & Commercial Spaces,False
Morgan Stanley - 750 7th Avenue,Manhattan,MANHATTAN,1.0,New York,40.76074642,-73.98352505,1.0,Businesses & Commercial Spaces,False
P.S. 222 Katherine R. Snyder,Brooklyn,BROOKLYN,3.0,New York,40.61330951,-73.93887097,1.0,Public Schools,False
P.S./I.S. 113 Anthony J. Pranzo,Queens,QUEENS,4.0,New York,40.70550876,-73.86220735,1.0,Public Schools,False
P.S. 089 Elmhurst,Queens,QUEENS,4.0,New York,40.74591551,-73.88020434,1.0,Public Schools,False
Ft. Greene Albany Senior Centers,Brooklyn,BROOKLYN,3.0,New York,40.67387317,-73.93897387,1.0,Senior Centers,False
P.S. 034 Franklin D. Roosevelt,Manhattan,MANHATTAN,1.0,New York,40.72646558,-73.97518128,1.0,Public Schools,False
Taconic Mgmt Company LLC,Manhattan,MANHATTAN,1.0,New York,40.77566742,-73.98750381,1.0,Businesses & Commercial Spaces,False
"Walt Disney/ABC, Inc.",Manhattan,MANHATTAN,1.0,New York,40.77282549,-73.97973833,1.0,Businesses & Commercial Spaces,False
VAN ECK,Manhattan,MANHATTAN,1.0,New York,40.75104199,-73.97425173,4.0,Businesses & Commercial Spaces,False
Emblaze Academy Charter School,Bronx,BRONX,2.0,New York,40.82036689,-73.88828217,1.0,School,False
Brooklyn Prospect Charter - Windsor Terrace Middle School,Brooklyn,BROOKLYN,3.0,New York,40.69215499,-73.98561553,1.0,School,False
Department of Citywide Administrative Services,Queens,QUEENS,4.0,New York,40.71234936,-73.82629134,1.0,Government Buildings & Services,False
SIRIUS XM SATELITE RADIO,Manhattan,MANHATTAN,1.0,New York,40.75909387,-73.98213574,3.0,Businesses & Commercial Spaces,False
M.S. 319 - Maria Teresa,Manhattan,MANHATTAN,1.0,New York,40.83929827,-73.93615799,1.0,Public Schools,False
"Walt Disney/ABC, Inc.",Manhattan,MANHATTAN,1.0,New York,40.77383035,-73.98138801,1.0,Businesses & Commercial Spaces,False
New York French American Charter Middle School,Manhattan,MANHATTAN,1.0,New York,40.8094881,-73.94795955,1.0,School,False
All City Leadership Secondary School,Brooklyn,BROOKLYN,3.0,New York,40.69736279,-73.91317072,1.0,School,False
Bronx Preparatory Charter School,Bronx,BRONX,2.0,New York,40.83888331,-73.9006615,1.0,School,False
I.S. 125 Thom J. McCann Woodside,Queens,QUEENS,4.0,New York,40.74112412,-73.91894512,1.0,Public Schools,False
Herbert Smith Freehills NY LLP,Manhattan,MANHATTAN,1.0,New York,40.7530952,-73.9748537,1.0,Businesses & Commercial Spaces,False
Queens Academy High School (Flushing),Queens,QUEENS,4.0,New York,40.76515425,-73.82879922,1.0,School,False
P256Q @ St. Johns Residence for Boys (QBHF),Queens,QUEENS,4.0,New York,40.58068184,-73.83169671,1.0,Public Schools,False
LYFE Program @ Pathways to Graduation Downtown Brooklyn,Brooklyn,BROOKLYN,3.0,New York,40.69075022,-73.99096708,1.0,School,False
Williamsburg Charter High School,Brooklyn,BROOKLYN,3.0,New York,40.70368802,-73.93596737,1.0,School,False
P.S. 075 Emily Dickinson,Manhattan,MANHATTAN,1.0,New York,40.79514998,-73.97329197,1.0,Public Schools,False
Time Warner Cable,Brooklyn,QUEENS,4.0,New York,40.69668529,-73.81596784,1.0,Businesses & Commercial Spaces,True
MacAndrews & Forbes,Manhattan,MANHATTAN,1.0,New York,40.7659091,-73.96918829,15.0,Businesses & Commercial Spaces,False
J.H.S. 074 Nathaniel Hawthorne,Queens,QUEENS,4.0,New York,40.74519341,-73.76744486,1.0,Public Schools,False
Now Dental,Queens,QUEENS,4.0,New York,40.76016119,-73.83042205,1.0,Health & Social Services,False
P.S. 018 Edward Bush,Brooklyn,BROOKLYN,3.0,New York,40.71060223,-73.94697658,1.0,Public Schools,False
P.S. 006 West Farms,Bronx,BRONX,2.0,New York,40.84074825,-73.88170625,1.0,Public Schools,False
Travers Tool Co.,Queens,QUEENS,4.0,New York,40.77423162,-73.84053881,1.0,Businesses & Commercial Spaces,False
Morgan Stanley - 750 7th Avenue - Floor: 19,Manhattan,MANHATTAN,1.0,New York,40.76074642,-73.98352505,1.0,Businesses & Commercial Spaces,False
Academy For Personal Leadership and Excellence,Bronx,BRONX,2.0,New York,40.85974561,-73.90016025,1.0,Public Schools,False
Fannie Lou Hamer Freedom High School,Bronx,BRONX,2.0,New York,40.83086355,-73.88625894,1.0,Public Schools,False
A. Philip Randolph Campus High School,Manhattan,MANHATTAN,1.0,New York,40.81818176,-73.9503553,10.0,Public Schools,False
The Richmond Pre-K Center at 841 Father Capodanno Boulevard,Staten Island,STATEN ISLAND,5.0,New York,40.57548591,-74.08350968,1.0,Public Schools,False
It Takes a Village Academy,Brooklyn,BROOKLYN,3.0,New York,40.64864945,-73.92217147,1.0,School,False
P.S. 069 Jackson Heights,Queens,QUEENS,4.0,New York,40.74925906,-73.88881693,1.0,Public Schools,False
Columbia University - School of Nursing,Manhattan,MANHATTAN,1.0,New York,40.84079852,-73.93914542,1.0,School,False
Department of Citywide Administrative Services,Bronx,BRONX,2.0,New York,40.89073421,-73.85885973,1.0,Government Buildings & Services,False
Museum Tower,Manhattan,MANHATTAN,1.0,New York,40.76103081,-73.97728007,1.0,Businesses & Commercial Spaces,False
Wilson Major Morris Senior Centers,Manhattan,MANHATTAN,1.0,New York,40.82906399,-73.94299371,1.0,Senior Centers,False
P.S. 089 Bronx,Bronx,BRONX,2.0,New York,40.86304879,-73.85938509,1.0,Public Schools,False
M.S. 429 (Q429),Queens,QUEENS,4.0,New York,40.75000945,-73.91586647,1.0,Public Schools,False
Jack and Pearl Resnick Campus,Bronx,BRONX,2.0,New York,40.85117554,-73.84482139,1.0,School,False
Department of Citywide Administrative Services,Manhattan,MANHATTAN,1.0,New York,40.71299412,-74.0041807,1.0,Government Buildings & Services,False
I.S. 171 Abraham Lincoln,Brooklyn,BROOKLYN,3.0,New York,40.68617226,-73.86962475,1.0,Public Schools,False
Ezra Jack Keats Pre-K Center at 153-36 89th Ave (Q382),Queens,QUEENS,4.0,New York,40.7055093,-73.80250097,1.0,Public Schools,False
J.H.S. 050 John D. Wells,Brooklyn,BROOKLYN,3.0,New York,40.71169728,-73.96027507,1.0,Public Schools,False
Congregation Emanu-El,Manhattan,MANHATTAN,1.0,New York,40.76792123,-73.97003574,1.0,Houses of Worship,False
P.S. 055 Maure,Queens,QUEENS,4.0,New York,40.69399645,-73.81661718,1.0,Public Schools,False
The Museum of Modern Art,Manhattan,MANHATTAN,1.0,New York,40.76099511,-73.97720066,1.0,Museums,False
P.S. 132 Juan Pablo Duarte,Manhattan,MANHATTAN,1.0,New York,40.8506193,-73.9343759,1.0,Public Schools,False
P373R @ 1390 Richmond Terrace (R074),Staten Island,STATEN ISLAND,5.0,New York,40.64175355,-74.11491283,1.0,Public Schools,False
P.S. 098 Shorac Kappock,Manhattan,MANHATTAN,1.0,New York,40.86782032,-73.91705823,1.0,Public Schools,False
Dime Community Bank - Francis Lewis,Queens,QUEENS,4.0,New York,40.77506844,-73.79844142,1.0,Businesses & Commercial Spaces,False
CRG Management - 55 West 125th,Manhattan,MANHATTAN,1.0,New York,40.80726312,-73.94426953,1.0,Businesses & Commercial Spaces,False
The Global Learning Collaborative,Manhattan,MANHATTAN,1.0,New York,40.78579617,-73.9746138,1.0,Public Schools,False
P371K - Lillian Rashkis School (K371),Brooklyn,BROOKLYN,3.0,New York,40.65428607,-74.0058889,1.0,School,False
Jacob K. Javits Convention Center,Manhattan,MANHATTAN,1.0,New York,40.75655629,-74.00380806,1.0,Performance Venues,False
Morgan Stanley - 1585 Broadway,Manhattan,MANHATTAN,1.0,New York,40.76020869,-73.98533366,1.0,Businesses & Commercial Spaces,False
National Hockey League,Manhattan,MANHATTAN,1.0,New York,40.75757876,-73.98212532,1.0,Businesses & Commercial Spaces,False
Epic High School - North,Queens,QUEENS,4.0,New York,40.69299788,-73.82940712,1.0,Public Schools,False
"Osler, Hoskin & Harcourt LLP",Manhattan,MANHATTAN,1.0,New York,40.75603172,-73.99065138,1.0,Businesses & Commercial Spaces,False
Howard L. Zimmerman Architects PC,Manhattan,MANHATTAN,1.0,New York,40.74622160457,-73.98709792941,3.0,Businesses & Commercial Spaces,False
The Equity Project Charter School - Middle,Manhattan,MANHATTAN,1.0,New York,40.86463788,-73.92309274,1.0,School,False
The Richmond Pre-K Center at 104 Housman Ave,Staten Island,STATEN ISLAND,5.0,New York,40.63443554,-74.14867022,1.0,Public Schools,False
FNY Capital Management LP,Manhattan,MANHATTAN,1.0,New York,40.75049672,-73.97886451,1.0,Businesses & Commercial Spaces,False
Broadway Presbyterian Church,Manhattan,MANHATTAN,1.0,New York,40.80681571,-73.96510187,1.0,Houses of Worship,False
P.S. 199X - The Shakespeare School,Bronx,BRONX,2.0,New York,40.8429363,-73.92056265,1.0,Public Schools,False
Dime Community Bank,Brooklyn,BROOKLYN,3.0,New York,40.69519125,-73.99086911,2.0,Businesses & Commercial Spaces,False
Ralph R. McKee Career and Technical Education High School,Staten Island,STATEN ISLAND,5.0,New York,40.6425658,-74.07959065,1.0,Public Schools,False
Morgan Stanley - 1 NY Plaza,Manhattan,MANHATTAN,1.0,New York,40.70253319,-74.01256178,1.0,Businesses & Commercial Spaces,False
Department of Citywide Administrative Services,Manhattan,MANHATTAN,1.0,New York,40.71339484,-74.00463523,1.0,Government Buildings & Services,False
MacAndrews & Forbes,Manhattan,MANHATTAN,1.0,New York,40.76375936,-73.96705222,1.0,Businesses & Commercial Spaces,False
Community High School - Annex,Brooklyn,BROOKLYN,3.0,New York,40.69720829,-73.98705336,1.0,School,False
I.S. 141 The Steinway,Queens,QUEENS,4.0,New York,40.7755822,-73.90508898,1.0,Public Schools,False
High School for Health Professions and Human Services,Manhattan,MANHATTAN,1.0,New York,40.73243962,-73.98303053,1.0,School,False
P.S. 112 Jose Celso Barbosa,Manhattan,MANHATTAN,1.0,New York,40.79666116,-73.93096566,1.0,Public Schools,False
Success Academy Charter School - East Flatbush Middle School,Brooklyn,BROOKLYN,3.0,New York,40.64005885,-73.94725265,1.0,School,False
P.S. 158 Warwick,Brooklyn,BROOKLYN,3.0,New York,40.67257167,-73.88480315,1.0,Public Schools,False
Alfred E. Smith Career and Technical Education High School,Bronx,BRONX,2.0,New York,40.81822492,-73.91986607,1.0,School,False
The Blackstone Group,Manhattan,MANHATTAN,1.0,New York,40.75816441,-73.97324549,1.0,Businesses & Commercial Spaces,False
P.S. 048 William G. Wilcox,Staten Island,STATEN ISLAND,5.0,New York,40.60347686,-74.09123705,1.0,Public Schools,False
Holy Cross High School,Queens,QUEENS,4.0,New York,40.77115685,-73.79516789,1.0,School,False
CC Our Lady of Pompeii Senior Centers,Manhattan,MANHATTAN,1.0,New York,40.73017091,-74.00295503,1.0,Senior Centers,False
P.S. 209 Margaret Mead,Brooklyn,BROOKLYN,3.0,New York,40.58683781,-73.96198057,1.0,Public Schools,False
Trump Parc East Condominium,Manhattan,MANHATTAN,1.0,New York,40.76579556,-73.97656004,1.0,Businesses & Commercial Spaces,False
Edward A. Reynolds West Side High School,Manhattan,MANHATTAN,1.0,New York,40.79273391,-73.94742736,1.0,Public Schools,False
Queens Metropolitan High School,Queens,QUEENS,4.0,New York,40.71135936,-73.85669802,8.0,Public Schools,False
P751M - Manhattan School For Career Development (M751) (Please go in the morning),Manhattan,MANHATTAN,1.0,New York,40.72561951,-73.98806162,1.0,School,False
Gibney Dance,Manhattan,MANHATTAN,1.0,New York,40.71441034,-74.00608902,1.0,Businesses & Commercial Spaces,False
"The Empire State Building Company, LLC",Manhattan,MANHATTAN,1.0,New York,40.7482689007,-73.98469027358,1.0,Businesses & Commercial Spaces,False
PSS Andrew Jackson Senior Centers,Bronx,BRONX,2.0,New York,40.82143221,-73.91799424,1.0,Senior Centers,False
Columbia University - Northwest Corner Building,Manhattan,MANHATTAN,1.0,New York,40.80990759,-73.96060637,1.0,Colleges & Universities,False
League Treatment Center,Brooklyn,BROOKLYN,3.0,New York,40.68611108972,-73.95444912785,1.0,Health & Social Services,False
RXR Realty [237 Park Avenue],Manhattan,MANHATTAN,1.0,New York,40.75389681,-73.97551391,1.0,Businesses & Commercial Spaces,False
City View Racquet Club,Queens,QUEENS,4.0,New York,40.7459691,-73.93238257,1.0,Health Clubs & Gyms,False
International High School at Prospect Heights,Brooklyn,BROOKLYN,3.0,New York,40.67034226,-73.96169487,1.0,School,False
Brooklyn Prospect Charter Gowanus Middle,Brooklyn,BROOKLYN,3.0,New York,40.69732883,-73.98515641,1.0,Public Schools,False
P.S. 133 Fred R Moore,Manhattan,MANHATTAN,1.0,New York,40.8096653,-73.93987119,1.0,Public Schools,False
P.S. 193 Gil Hodges,Brooklyn,BROOKLYN,3.0,New York,40.62150007,-73.95047333,1.0,Public Schools,False
High School for Arts and Business,Queens,QUEENS,4.0,New York,40.73741924,-73.8531776,1.0,Public Schools,False
Brookfield Properties - Space++,Manhattan,MANHATTAN,1.0,New York,40.75227175,-73.99712339,1.0,Businesses & Commercial Spaces,False
P.S. 097 Bronx,Bronx,BRONX,2.0,New York,40.86319797,-73.84723721,1.0,Public Schools,False
The Port Authority of New York & New Jersey - 4 World Trade Center,Manhattan,MANHATTAN,1.0,New York,40.71002653,-74.01147027,24.0,Ferries & Other Transportation,False
League Treatment Center,Brooklyn,BROOKLYN,3.0,New York,40.68311587135,-73.96885893025,1.0,Health & Social Services,False
P.S. 007 Samuel Stern,Manhattan,MANHATTAN,1.0,New York,40.80099986,-73.9393481,1.0,Public Schools,False
Columbia University,Manhattan,MANHATTAN,1.0,New York,40.8413014,-73.9402798,1.0,Colleges & Universities,False
Channel View School For Research,Queens,QUEENS,4.0,New York,40.58605892,-73.82262478,1.0,Public Schools,False
JASA Scheuer House of Coney Island Senior Centers,Brooklyn,BROOKLYN,3.0,New York,40.57313664,-74.00158742,1.0,Senior Centers,False
FTI Consulting,Manhattan,MANHATTAN,1.0,New York,40.75699693,-73.98252614,1.0,Businesses & Commercial Spaces,False
Department of Citywide Administrative Services,Manhattan,MANHATTAN,1.0,New York,40.71299412,-74.0041807,1.0,Government Buildings & Services,False
Renaissance School Of The Arts,Manhattan,MANHATTAN,1.0,New York,40.79729558,-73.93636456,1.0,School,False
Brownsville Ascend Charter Lower School,Brooklyn,BROOKLYN,3.0,New York,40.66859294,-73.9181216,1.0,School,False
P.S. 130 Abram Stevens Hewitt,Bronx,BRONX,2.0,New York,40.81771463,-73.90242017,1.0,Public Schools,False
P.S. 97 The Highlawn,Brooklyn,BROOKLYN,3.0,New York,40.60142634,-73.98613931,1.0,Public Schools,False
Congregation Rodeph Sholom,Manhattan,MANHATTAN,1.0,New York,40.78350349,-73.97114089,1.0,Houses of Worship,False
"14 East 75th Street, Inc.",Manhattan,MANHATTAN,1.0,New York,40.77401033,-73.96470392,1.0,Businesses & Commercial Spaces,False
Transit Tech Career and Technical Education High School,Brooklyn,BROOKLYN,3.0,New York,40.67826884,-73.87596033,1.0,Public Schools,False
Three World Trade Center,Manhattan,MANHATTAN,1.0,New York,40.71096789,-74.01235777,1.0,Businesses & Commercial Spaces,False
"Estee Lauder Companies, Inc.",Manhattan,MANHATTAN,1.0,New York,40.76401348,-73.97318899,7.0,Businesses & Commercial Spaces,False
Columbia University - Geffen Hall,Manhattan,MANHATTAN,1.0,New York,40.81743021,-73.95856064,1.0,Colleges & Universities,False
David Geffen Hall,Manhattan,MANHATTAN,1.0,New York,40.77245264,-73.9824318,1.0,Performance Venues,False
Goldfarb & Fleece LLP,Manhattan,MANHATTAN,1.0,New York,40.75664358,-73.97226431,1.0,Businesses & Commercial Spaces,False
Con Edison - HazMat Trailer,Queens,QUEENS,4.0,New York,40.74359728,-73.95381782,1.0,Businesses & Commercial Spaces,False
Holiday Inn,Manhattan,MANHATTAN,1.0,New York,40.76842669,-73.98695642,2.0,Businesses & Commercial Spaces,False
Bedford Park Elementary School,Bronx,BRONX,2.0,New York,40.87254479,-73.87537234,1.0,School,False
STEM Institute of Manhattan,Manhattan,MANHATTAN,1.0,New York,40.80168223,-73.95490792,1.0,Public Schools,False
Achievement First Legacy Charter School 10,Queens,QUEENS,4.0,New York,40.68832779,-73.76375686,1.0,School,False
P.S. 011 Kathryn Phelan,Queens,QUEENS,4.0,New York,40.74523633,-73.90871964,1.0,Public Schools,False
SunTrust Banks,Manhattan,MANHATTAN,1.0,New York,40.76193878,-73.97469873,2.0,Businesses & Commercial Spaces,False
"Cravath, Swaine & Moore, LLP",Manhattan,MANHATTAN,1.0,New York,40.76206701,-73.98627542,1.0,Businesses & Commercial Spaces,False
J.H.S. 050 John D. Wells,Brooklyn,BROOKLYN,3.0,New York,40.71169728,-73.96027507,1.0,Public Schools,False
New York City Police Pension Fund,Manhattan,MANHATTAN,1.0,New York,40.71225833,-74.00789239,1.0,Government Buildings & Services,False
Thurgood Marshall Academy for Learning and Social Change,Manhattan,MANHATTAN,1.0,New York,40.81544236,-73.94406035,1.0,School,False
P.S. 246 Poe Center,Bronx,BRONX,2.0,New York,40.86558707,-73.89475715,1.0,Public Schools,False
Marymount School,Manhattan,MANHATTAN,1.0,New York,40.78686455,-73.95120209,1.0,School,False
Fordham University Bronx Location,Bronx,BRONX,2.0,New York,40.86072673616,-73.88953366191,1.0,Colleges & Universities,False
Francis Lewis High School - Annex,Queens,QUEENS,4.0,New York,40.74071593,-73.79282959,1.0,School,False
"Walt Disney/ABC, Inc.",Manhattan,MANHATTAN,1.0,New York,40.77324011,-73.98069136,1.0,Businesses & Commercial Spaces,False
I.S. 025 Adrien Block,Queens,QUEENS,4.0,New York,40.76512565,-73.79008196,1.0,Public Schools,False
Garden of Learning and Discovery Pre-K Center at 4197 Third Avenue,Bronx,BRONX,2.0,New York,40.84589251,-73.89657395,1.0,Public Schools,False
Bloomingdale's #153: Upper West Side Outlet,Manhattan,MANHATTAN,1.0,New York,40.77903175,-73.98200399,2.0,Businesses & Commercial Spaces,False
School of Science & Technology,Brooklyn,BROOKLYN,3.0,New York,40.63255507,-73.95472361,1.0,School,False
Churchill School,Manhattan,MANHATTAN,1.0,New York,40.74157883,-73.97801208,5.0,School,False
Empire Fulton Ferry State Park,Brooklyn,BROOKLYN,3.0,New York,40.7037304,-73.99329882,1.0,Parks & Recreation,False
Greenberg Traurig,Manhattan,MANHATTAN,1.0,New York,40.75415504,-73.97655693,1.0,Businesses & Commercial Spaces,False
The Once Clinton,Brooklyn,BROOKLYN,3.0,New York,40.69614647169,-73.99136663814,1.0,Businesses & Commercial Spaces,False
P.S. 75 School of Research and Discovery,Bronx,BRONX,2.0,New York,40.82271202,-73.88943442,1.0,Public Schools,False
Pathways to Graduation @ Workforce Development @ LaGuardia CC,Queens,QUEENS,4.0,New York,40.74520901,-73.93760184,1.0,School,False
Al Hirschfeld Theater,Manhattan,MANHATTAN,1.0,New York,40.75934449,-73.98886412,1.0,Performance Venues,False
"NYC DOE Division of Instructional, Info & Tech [335 Adams]",Brooklyn,BROOKLYN,3.0,New York,40.69355794,-73.98890761,1.0,Government Buildings & Services,False
Australia and New Zealand Banking Group,Manhattan,MANHATTAN,1.0,New York,40.75555731,-73.97513791,1.0,Businesses & Commercial Spaces,False
P.S. 261 Philip Livingston,Brooklyn,BROOKLYN,3.0,New York,40.68745899,-73.98828843,1.0,Public Schools,False
I.S. 059 Springfield Gardens,Queens,QUEENS,4.0,New York,40.68172131,-73.75342902,1.0,Public Schools,False
P.S. 032 State Street,Queens,QUEENS,4.0,New York,40.76475519,-73.79468226,1.0,Public Schools,False
District 30 Pre-K Center at 32-52 37th Street (Q397),Queens,QUEENS,4.0,New York,40.75930133,-73.92094795,1.0,Public Schools,False
Equinox,Brooklyn,BROOKLYN,3.0,New York,40.57850026,-73.97631284,1.0,Health Clubs & Gyms,False
P.S. 056 Norwood Heights,Bronx,BRONX,2.0,New York,40.87514936,-73.87521556,1.0,Public Schools,False
"Vornado Office Management, LLC",Manhattan,MANHATTAN,1.0,New York,40.76412,-73.97103381,1.0,Businesses & Commercial Spaces,False
P.S./I.S. 54 Bronx,Bronx,BRONX,2.0,New York,40.86452105,-73.88782809,1.0,Public Schools,False
HITN TV,Brooklyn,BROOKLYN,3.0,New York,40.69801326,-73.97498635,2.0,Businesses & Commercial Spaces,False
Young Voices Academy of the Bronx,Bronx,BRONX,2.0,New York,40.85440811,-73.86373043,1.0,School,False
JFK AirTrain,Queens,QUEENS,4.0,New York,40.66229143,-73.82359901,6.0,Ferries & Other Transportation,False
P.S. 126 Jacob August Riis,Manhattan,MANHATTAN,1.0,New York,40.71072148,-73.99663102,1.0,Public Schools,False
The Windsor Terrace School,Brooklyn,BROOKLYN,3.0,New York,40.65746494,-73.97618017,1.0,School,False
P037R - The David Marquis School of the Arts MAIN SITE (R840),Staten Island,STATEN ISLAND,5.0,New York,40.56396289,-74.15088459,1.0,School,False
270 Riverside Drive LLC,Manhattan,MANHATTAN,1.0,New York,40.79788374,-73.97321502,1.0,Businesses & Commercial Spaces,False
Esperanza Preparatory Academy,Manhattan,MANHATTAN,1.0,New York,40.79306356,-73.94230235,1.0,School,False
Morgan Stanley - 1 NY Plaza,Manhattan,MANHATTAN,1.0,New York,40.70253319,-74.01256178,2.0,Businesses & Commercial Spaces,False
Project Find Hamilton Senior Centers,Manhattan,MANHATTAN,1.0,New York,40.77861688,-73.97952714,1.0,Senior Centers,False
The Sports Club/LA - Upper East Side,Manhattan,MANHATTAN,1.0,New York,40.76129854,-73.9621369,3.0,Health Clubs & Gyms,False
Bronxwood Preparatory Academy,Bronx,BRONX,2.0,New York,40.8878253,-73.85269224,1.0,Public Schools,False
KIPP Bronx Charter School II (JEROME) - Elementary,Bronx,BRONX,2.0,New York,40.86877517,-73.89637551,1.0,School,False
Fox Networks Group - 1211 New York,Manhattan,MANHATTAN,1.0,New York,40.75838562,-73.98153673,38.0,Businesses & Commercial Spaces,False
Pratt Institute - Higgins Hall,Brooklyn,BROOKLYN,3.0,New York,40.68781097,-73.964674,1.0,Colleges & Universities,False
Red Hook Neighborhood School,Brooklyn,BROOKLYN,3.0,New York,40.67755633,-74.00516631,1.0,School,False
School in the Square Elementary School,Manhattan,MANHATTAN,1.0,New York,40.86881658,-73.92083895,1.0,School,False
Department of Citywide Administrative Services,Manhattan,MANHATTAN,1.0,New York,40.71325748,-74.00706286,1.0,Government Buildings & Services,False
P.S. 058 The Carroll,Brooklyn,BROOKLYN,3.0,New York,40.68040814,-73.99475415,1.0,Public Schools,False
US Department of Labor-Boston/New York Region - OASAM/New York,Manhattan,MANHATTAN,1.0,New York,40.72836203,-74.00536149,1.0,Government Buildings & Services,False
LaGuardia Airport,Queens,QUEENS,4.0,New York,40.77441403,-73.87729335,40.0,Ferries & Other Transportation,False
VOICE Charter School of New York (Upper) [Grades 3-8],Queens,QUEENS,4.0,New York,40.76036931,-73.93942494,1.0,School,False
Corona Arts and Sciences Academy,Queens,QUEENS,4.0,New York,40.74570139,-73.86532865,1.0,Public Schools,False
The Museum of Modern Art,Manhattan,MANHATTAN,1.0,New York,40.72277928,-73.99824305,1.0,Museums,False
Major League Baseball - MLB Advanced Media (MLBAM): 75 Ninth Ave (Chelsea Market),Manhattan,MANHATTAN,1.0,New York,40.74186904,-74.00471301,5.0,Businesses & Commercial Spaces,False
Marks Paneth & Shron LLP,Manhattan,MANHATTAN,1.0,New York,40.74957378,-73.97532422,1.0,Businesses & Commercial Spaces,False
P.S. 189 Manhattan,Manhattan,MANHATTAN,1.0,New York,40.85262438,-73.92760345,1.0,Public Schools,False
JS Capital Management,Manhattan,MANHATTAN,1.0,New York,40.76500854,-73.98041579,1.0,Businesses & Commercial Spaces,False
P.S. 067 Mohegan School,Bronx,BRONX,2.0,New York,40.84393802,-73.88478716,1.0,Public Schools,False
P.S. 748 Brooklyn School for Global Scholars,Brooklyn,BROOKLYN,3.0,New York,40.60722669,-74.00719925,1.0,Public Schools,False
P.S. 78 Staten Island,Staten Island,STATEN ISLAND,5.0,New York,40.6222854,-74.07842446,1.0,Public Schools,False
Saint David's School,Manhattan,MANHATTAN,1.0,New York,40.78318667,-73.95839426,1.0,School,False
Learners and Leaders - Annex,Queens,QUEENS,4.0,New York,40.70730871,-73.91532904,1.0,School,False
Friends Seminary,Manhattan,MANHATTAN,1.0,New York,40.73441897,-73.98577597,1.0,School,False
P.S. 244 Richard R. Green,Brooklyn,BROOKLYN,3.0,New York,40.6484159,-73.92594838,1.0,Public Schools,False
The Museum of Modern Art,Manhattan,MANHATTAN,1.0,New York,40.76099511,-73.97720066,1.0,Museums,False
Forest Hills Senior Centers,Queens,QUEENS,4.0,New York,40.73590304,-73.85021123,1.0,Senior Centers,False
Owl Creek Asset Management,Manhattan,MANHATTAN,1.0,New York,40.75942509,-73.97712179,1.0,Businesses & Commercial Spaces,False
"Kirkland & Ellis, LLP",Manhattan,MANHATTAN,1.0,New York,40.75845753,-73.97091355,1.0,Businesses & Commercial Spaces,False
Martin Van Buren High School,Queens,QUEENS,4.0,New York,40.7330574,-73.73875473,1.0,School,False
"Walt Disney/ABC, Inc.",Manhattan,MANHATTAN,1.0,New York,40.77566742,-73.98750381,1.0,Businesses & Commercial Spaces,False
East Side Middle School,Manhattan,MANHATTAN,1.0,New York,40.78069868,-73.94855265,1.0,School,False
P.S. 009 Sarah Anderson,Manhattan,MANHATTAN,1.0,New York,40.78527989,-73.97342955,1.0,Public Schools,False
Vestar Capital Partners,Manhattan,MANHATTAN,1.0,New York,40.76009981,-73.97476802,1.0,Businesses & Commercial Spaces,False
Greater NY Hospital Association,Manhattan,MANHATTAN,1.0,New York,40.77000254,-73.99065664,1.0,Businesses & Commercial Spaces,False
East River Academy @ OBCC/CPSU,Queens,BRONX,2.0,New York,40.79030532,-73.88441086,1.0,School,True
Parkside Preparatory Academy,Brooklyn,BROOKLYN,3.0,New York,40.65617537,-73.95158278,1.0,School,False
P.S. 212 Lady Deborah Moody,Brooklyn,BROOKLYN,3.0,New York,40.58760906,-73.98594777,1.0,Public Schools,False
Greenwich House Senior Centers,Manhattan,MANHATTAN,1.0,New York,40.73247926,-74.00311029,1.0,Senior Centers,False
P.S. 115 Daniel Mucatel School,Brooklyn,BROOKLYN,3.0,New York,40.63500746,-73.89726234,1.0,Public Schools,False
Tishman Speyer [NY: 300Park],Manhattan,MANHATTAN,1.0,New York,40.75679501,-73.97427116,1.0,Businesses & Commercial Spaces,False
South Bronx Early College Academy Charter School,Bronx,BRONX,2.0,New York,40.81769688,-73.90416159,1.0,School,False
Morgan Stanley - ISG - New York Metro - Floor: 06,Manhattan,MANHATTAN,1.0,New York,40.76074642,-73.98352505,1.0,Businesses & Commercial Spaces,False
Tishman Speyer - The Spiral,Manhattan,MANHATTAN,1.0,New York,40.75548041,-74.00021296,1.0,Businesses & Commercial Spaces,False
"Davidson, Dawson & Clark LLP",Manhattan,MANHATTAN,1.0,New York,40.75252506,-73.97866174,1.0,Businesses & Commercial Spaces,False
P.S. 095 The Gravesend,Brooklyn,BROOKLYN,3.0,New York,40.59569063,-73.97517966,1.0,Public Schools,False
P.S. 046 Edward C. Blum,Brooklyn,BROOKLYN,3.0,New York,40.69462531,-73.97116509,1.0,Public Schools,False
Fordham University Bronx Location,Bronx,BRONX,2.0,New York,40.86072673616,-73.88953366191,1.0,Colleges & Universities,False
New Bridges Elementary,Brooklyn,BROOKLYN,3.0,New York,40.66899331,-73.93463459,1.0,Public Schools,False
Brooklyn High School for Law and Technology,Brooklyn,BROOKLYN,3.0,New York,40.6888239,-73.92090562,1.0,School,False
CNY Group,Manhattan,MANHATTAN,1.0,New York,40.75441492,-73.98904903,4.0,Businesses & Commercial Spaces,False
Brooklyn College Academy - Main Site (K917),Brooklyn,BROOKLYN,3.0,New York,40.64939702,-73.97173608,1.0,School,False
Morgan Stanley - 1 NY Plaza,Manhattan,MANHATTAN,1.0,New York,40.70253319,-74.01256178,1.0,Businesses & Commercial Spaces,False
P.S./M.S. 147 Ronald McNair,Queens,QUEENS,4.0,New York,40.69730063,-73.74094738,1.0,Public Schools,False
P.S. 035 Manhattan (D75),Manhattan,MANHATTAN,1.0,New York,40.76384831,-73.98590683,1.0,Public Schools,False
SONY Corporation,Manhattan,MANHATTAN,1.0,New York,40.76108209,-73.97325154,1.0,Businesses & Commercial Spaces,False
Columbia University,Manhattan,MANHATTAN,1.0,New York,40.80756019,-73.95878716,1.0,Colleges & Universities,False
P.S. 043 Jonas Bronck,Bronx,BRONX,2.0,New York,40.80634384,-73.92119529,1.0,Public Schools,False
P.S. 042 Benjamin Altman,Manhattan,MANHATTAN,1.0,New York,40.7158978,-73.99089512,1.0,Public Schools,False
Macklowe Management Company,Manhattan,MANHATTAN,1.0,New York,40.75393309,-73.97846277,1.0,Businesses & Commercial Spaces,False
P.S. 199 Frederick Wachtel,Brooklyn,BROOKLYN,3.0,New York,40.61662472,-73.96347636,1.0,Public Schools,False
Aspirations Diploma Plus High School,Brooklyn,BROOKLYN,3.0,New York,40.67009278,-73.954972,1.0,School,False
The Urban Assembly School for Global Commerce,Manhattan,MANHATTAN,1.0,New York,40.80737595,-73.93943257,1.0,School,False
I.S. 068 Isaac Bildersee,Brooklyn,BROOKLYN,3.0,New York,40.6355458,-73.91079064,1.0,Public Schools,False
The Richmond Pre-K Center at 2040 Forest Avenue,Staten Island,STATEN ISLAND,5.0,New York,40.62600954,-74.15654075,1.0,Public Schools,False
Abraham Lincoln High School,Brooklyn,BROOKLYN,3.0,New York,40.58167376,-73.96730799,1.0,Public Schools,False
Choice Charter School,Bronx,BRONX,2.0,New York,40.80869382,-73.92190052,1.0,School,False
Broadway Theater,Manhattan,MANHATTAN,1.0,New York,40.76310957,-73.98297937,1.0,Performance Venues,False
P.S. 084 Jose De Diego,Brooklyn,BROOKLYN,3.0,New York,40.71477782,-73.96300032,1.0,Public Schools,False
P.S. 060 Woodhaven,Queens,QUEENS,4.0,New York,40.69217097,-73.85263575,1.0,Public Schools,False
P.S. 101 The Verrazano,Brooklyn,BROOKLYN,3.0,New York,40.59712579,-73.99161355,1.0,Public Schools,False
P.S. 376 Queens,Queens,QUEENS,4.0,New York,40.7549486,-73.77030546,1.0,Public Schools,False
Lower Manhattan Community Middle School,Manhattan,MANHATTAN,1.0,New York,40.70567313,-74.01330176,1.0,School,False
Central Harlem Senior Centers,Manhattan,MANHATTAN,1.0,New York,40.81757259,-73.93927151,1.0,Senior Centers,False
Morgan Stanley - ISG - New York Metro - 750 7th Avenue - Floor: 31,Manhattan,MANHATTAN,1.0,New York,40.76074642,-73.98352505,1.0,Businesses & Commercial Spaces,False
Spruce Street School,Manhattan,MANHATTAN,1.0,New York,40.71112489,-74.00527713,1.0,School,False
Equinox,Brooklyn,BROOKLYN,3.0,New York,40.63215954,-73.9476228,1.0,Health Clubs & Gyms,False
Townsend Harris High School,Queens,QUEENS,4.0,New York,40.73438791,-73.82143097,1.0,School,False
"Carter, Ledyard, & Milburn LLP",Manhattan,MANHATTAN,1.0,New York,40.70771816,-74.01163218,1.0,Businesses & Commercial Spaces,False
Bettina Equities Management - 227 E 85th,Manhattan,MANHATTAN,1.0,New York,40.77782164,-73.95372539,1.0,Businesses & Commercial Spaces,False
P.S. 091 Richard Arkwright,Queens,QUEENS,4.0,New York,40.70387794,-73.88416095,1.0,Public Schools,False
P.S. 177 The Marlboro,Brooklyn,BROOKLYN,3.0,New York,40.60859654,-73.97484711,1.0,Public Schools,False
Trump Parc Condominium,Manhattan,MANHATTAN,1.0,New York,40.76586147,-73.97671525,1.0,Businesses & Commercial Spaces,False
District 30 Pre-K Center at 27-35 Jackson Avenue (Q972),Queens,QUEENS,4.0,New York,40.74794137,-73.9400787,1.0,Public Schools,False
Teachers Preparatory High School,Brooklyn,BROOKLYN,3.0,New York,40.66587085,-73.91170515,1.0,School,False
Eisner Amper LLP,Manhattan,MANHATTAN,1.0,New York,40.75371493,-73.97230885,1.0,Businesses & Commercial Spaces,False
GQG Partners,Manhattan,MANHATTAN,1.0,New York,40.75644922,-73.97449508,1.0,Businesses & Commercial Spaces,False
City College Academy of the Arts,Manhattan,MANHATTAN,1.0,New York,40.86080008,-73.93066022,1.0,School,False
Melrose Academy,Brooklyn,BROOKLYN,3.0,New York,40.70207588,-73.9296466,1.0,School,False
P.S. 129 John H. Finley,Manhattan,MANHATTAN,1.0,New York,40.81463073,-73.95191142,1.0,Public Schools,False
School of Creativity & Innovation UPPER (P.S. 896),Brooklyn,BROOKLYN,3.0,New York,40.6437737,-74.00092608,1.0,Public Schools,False
Andries Hudde,Brooklyn,BROOKLYN,3.0,New York,40.62355402,-73.94627871,1.0,Businesses & Commercial Spaces,False
Internal Revenue Service,Manhattan,MANHATTAN,1.0,New York,40.71480011,-74.00576441,1.0,Government Buildings & Services,False
William E. Grady Career and Technical Education High School,Brooklyn,BROOKLYN,3.0,New York,40.58257839,-73.96347705,1.0,School,False
Uber Technologies - Uber Long Island City GLH,Queens,QUEENS,4.0,New York,40.7430533,-73.93565151,2.0,Businesses & Commercial Spaces,False
P.S. 004 Duke Ellington,Manhattan,MANHATTAN,1.0,New York,40.83489285,-73.94108423,1.0,Public Schools,False
Preston High School,Bronx,BRONX,2.0,New York,40.81424893,-73.81933727,1.0,School,False
P.S. 046 Arthur Tappan,Manhattan,MANHATTAN,1.0,New York,40.83131083,-73.93569953,1.0,Public Schools,False
"The Ludwig Group, Inc.",Manhattan,MANHATTAN,1.0,New York,40.74897277,-73.9757828,1.0,Businesses & Commercial Spaces,False
Equinox,Manhattan,MANHATTAN,1.0,New York,40.74606173,-73.98207068,1.0,Health Clubs & Gyms,False
BNP Paribas-Corporate,Manhattan,MANHATTAN,1.0,New York,40.76194849,-73.9826223,6.0,Businesses & Commercial Spaces,False
"RBC Capital Markets, LLC - WFC - American Express Building",Manhattan,MANHATTAN,1.0,New York,40.71411312,-74.01474995,14.0,Businesses & Commercial Spaces,False
John Adams High School,Queens,QUEENS,4.0,New York,40.6796313,-73.83729753,1.0,Public Schools,False
Jack and Pearl Resnick Campus,Bronx,BRONX,2.0,New York,40.85117554,-73.84482139,1.0,School,False
Martin Van Buren High School,Queens,QUEENS,4.0,New York,40.7330574,-73.73875473,1.0,School,False
P.S. 049 Willis Avenue,Bronx,BRONX,2.0,New York,40.81007799,-73.92310184,1.0,Public Schools,False
Soundview Senior Centers,Bronx,BRONX,2.0,New York,40.81824774,-73.86983107,1.0,Senior Centers,False
New Dorp High School,Staten Island,STATEN ISLAND,5.0,New York,40.56938596,-74.10773667,1.0,School,False
"Nixon Peabody, LLP - New York, NY",Manhattan,MANHATTAN,1.0,New York,40.75675785,-73.9807503,3.0,Businesses & Commercial Spaces,False
P.S. 163 Alfred E. Smith,Manhattan,MANHATTAN,1.0,New York,40.79443531,-73.96913892,1.0,Public Schools,False
Worldwide Plaza,Manhattan,MANHATTAN,1.0,New York,40.76206701,-73.98627542,1.0,Businesses & Commercial Spaces,False
New York Congregation Nursing Center,Brooklyn,BROOKLYN,3.0,New York,40.65242696,-73.95389199,3.0,Nursing Homes,False
Haug Partners LLP,Manhattan,MANHATTAN,1.0,New York,40.76331917,-73.97369465,1.0,Businesses & Commercial Spaces,False
Region 3 Satellite Office (Linden),Queens,QUEENS,4.0,New York,40.77017775,-73.83292364,1.0,Government Buildings & Services,False
I.S. 419 Middle School,Queens,QUEENS,4.0,New York,40.75989271,-73.85921747,1.0,School,False
Columbia University - Jerome Greene Science Building,Manhattan,MANHATTAN,1.0,New York,40.81657078,-73.95765798,1.0,Colleges & Universities,False
P.S. 150 Queens,Queens,QUEENS,4.0,New York,40.74553003,-73.92377571,1.0,Public Schools,False
P.S. 169 Sunset Park,Brooklyn,BROOKLYN,3.0,New York,40.64628242,-74.00190267,1.0,Public Schools,False
Equinox,Manhattan,MANHATTAN,1.0,New York,40.72439045,-73.99763329,1.0,Health Clubs & Gyms,False
"Walt Disney/ABC, Inc.",Manhattan,MANHATTAN,1.0,New York,40.77282549,-73.97973833,1.0,Businesses & Commercial Spaces,False
P.S. 333 Manhattan School for Children,Manhattan,MANHATTAN,1.0,New York,40.79170197,-73.97080146,1.0,Public Schools,False
P.S. 050 Talfourd Lawn Elementary School,Queens,QUEENS,4.0,New York,40.69523015,-73.80736385,1.0,Public Schools,False
P.S./M.S. 47Q,Queens,QUEENS,4.0,New York,40.60634503,-73.82044586,1.0,Public Schools,False
Viking Global,Manhattan,MANHATTAN,1.0,New York,40.76013593,-73.97686165,1.0,Businesses & Commercial Spaces,False
Notre Dame School,Manhattan,MANHATTAN,1.0,New York,40.73964305,-74.00438446,1.0,School,False
Icahn Charter School 6 (Grades 5-8),Bronx,BRONX,2.0,New York,40.83799458,-73.86844066,1.0,School,False
Brooklyn Secondary School for Collaborative Studies,Brooklyn,BROOKLYN,3.0,New York,40.68006241,-74.00137725,1.0,School,False
Reebok Sports Club/NY,Manhattan,MANHATTAN,1.0,New York,40.77431886,-73.98105571,2.0,Health Clubs & Gyms,False
"Office Depot, Inc. - New York City",Manhattan,MANHATTAN,1.0,New York,40.75063902,-73.97664119,1.0,Businesses & Commercial Spaces,False
KIPP Elements Macombs (Elementary),Bronx,BRONX,2.0,New York,40.84320064,-73.91785526,1.0,Public Schools,False
I.S. 73 - The Frank Sansivieri Intermediate School,Queens,QUEENS,4.0,New York,40.72920762,-73.89362396,1.0,School,False
The Museum of Modern Art,Manhattan,MANHATTAN,1.0,New York,40.76099511,-73.97720066,1.0,Museums,False
Zeta Charter School - Tremont Park,Bronx,BRONX,2.0,New York,40.84538467,-73.89349891,1.0,School,False
Cord Meyer,Queens,QUEENS,4.0,New York,40.77827637,-73.77727282,1.0,Businesses & Commercial Spaces,False
P.S. 160 Walter Francis Bishop,Queens,QUEENS,4.0,New York,40.68809555,-73.80041449,1.0,Public Schools,False
Hudson Guild Senior Centers,Manhattan,MANHATTAN,1.0,New York,40.7431646,-74.00376037,1.0,Senior Centers,False
High School of Telecommunication Arts and Technology,Brooklyn,BROOKLYN,3.0,New York,40.63727433,-74.02384863,1.0,School,False
"D.E. Shaw Research, LLC",Manhattan,MANHATTAN,1.0,New York,40.75710961,-73.983544,7.0,Businesses & Commercial Spaces,False
Food and Finance High School,Manhattan,MANHATTAN,1.0,New York,40.76522684,-73.99307601,1.0,School,False
University Settlement Nutrition Program,Manhattan,MANHATTAN,1.0,New York,40.72212551,-73.98896417,1.0,Colleges & Universities,False
Brooklyn Gardens Elementary School,Brooklyn,BROOKLYN,3.0,New York,40.6657906,-73.89772299,1.0,School,False
Northeast Bronx Senior Centers,Bronx,BRONX,2.0,New York,40.83388181,-73.82626191,1.0,Senior Centers,False
"Jeffrey M. Rapport School For Career Development, The",Bronx,BRONX,2.0,New York,40.81115523,-73.90980295,1.0,School,False
P.S. 112 Dutch Kills,Queens,QUEENS,4.0,New York,40.75688351,-73.93452274,1.0,Public Schools,False
130W42 OpCo LLC,Manhattan,MANHATTAN,1.0,New York,40.75527085,-73.98517233,1.0,Businesses & Commercial Spaces,False
P.S. 054 Hillside,Queens,QUEENS,4.0,New York,40.70291241,-73.82422057,1.0,Public Schools,False
P.S. K225 - The Eileen E. Zaglin,Brooklyn,BROOKLYN,3.0,New York,40.57972954,-73.95632913,1.0,Public Schools,False
P.S. 029 John M. Harrigan,Brooklyn,BROOKLYN,3.0,New York,40.68695179,-73.99805289,1.0,Public Schools,False
Citi Health Services - 388 Greenwich,Manhattan,MANHATTAN,1.0,New York,40.72065166,-74.01009762,25.0,Health & Social Services,False
Ember Charter High School,Brooklyn,BROOKLYN,3.0,New York,40.70224419,-73.98154152,1.0,School,False
Edward R. Murrow High School,Brooklyn,BROOKLYN,3.0,New York,40.62051816,-73.95928492,1.0,School,False
Morgan Stanley - 1585 Broadway,Manhattan,MANHATTAN,1.0,New York,40.76020869,-73.98533366,11.0,Businesses & Commercial Spaces,False
Liquidnet,Manhattan,MANHATTAN,1.0,New York,40.75280103,-73.98932,1.0,Businesses & Commercial Spaces,False
P.S./ IS 178 Holliswood,Queens,QUEENS,4.0,New York,40.72447101,-73.77745333,1.0,Public Schools,False
Richard R. Green High School of Teaching,Manhattan,MANHATTAN,1.0,New York,40.70501716,-74.01297702,1.0,School,False
JPMorgan Chase - 5 Manhattan West,Manhattan,MANHATTAN,1.0,New York,40.75355633,-73.99881252,2.0,Businesses & Commercial Spaces,False
Morgan Stanley - ISG - New York Metro - 750 7th Ave - Floor: 20,Manhattan,MANHATTAN,1.0,New York,40.76074642,-73.98352505,1.0,Businesses & Commercial Spaces,False
P.S. 024 Andrew Jackson,Queens,QUEENS,4.0,New York,40.75206282,-73.81878832,1.0,Public Schools,False
P.S. 094 The Henry Longfellow,Brooklyn,BROOKLYN,3.0,New York,40.64365264,-74.00825179,1.0,Public Schools,False
P.S. 082 Hammond - Annex,Queens,QUEENS,4.0,New York,40.69217371,-73.79850906,1.0,Public Schools,False
Brooklyn North Borough Field Support Center,Brooklyn,BROOKLYN,3.0,New York,40.69073628,-73.98860518,1.0,Public Schools,False
P.S. 193 Alfred J. Kennedy,Queens,QUEENS,4.0,New York,40.79247577,-73.80973945,1.0,Public Schools,False
P.S. 045 John Tyler,Staten Island,STATEN ISLAND,5.0,New York,40.62855043,-74.10714805,1.0,Public Schools,False
"Outten & Golden,",Manhattan,MANHATTAN,1.0,New York,40.75161005,-73.9738184,1.0,Businesses & Commercial Spaces,False
P.S. 063 Author's Academy,Bronx,BRONX,2.0,New York,40.83095828,-73.90273673,1.0,Public Schools,False
"Walt Disney/ABC, Inc.",Manhattan,MANHATTAN,1.0,New York,40.77566742,-73.98750381,1.0,Businesses & Commercial Spaces,False
Department of Citywide Administrative Services,Staten Island,STATEN ISLAND,5.0,New York,40.64233543,-74.07525556,1.0,Government Buildings & Services,False
P.S. 396 Bronx,Bronx,BRONX,2.0,New York,40.85469491,-73.91319589,1.0,Public Schools,False
"Cravath, Swaine & Moore LLP",Manhattan,MANHATTAN,1.0,New York,40.75216196,-73.9972028,1.0,Businesses & Commercial Spaces,False
The River School,Manhattan,MANHATTAN,1.0,New York,40.74427302,-73.97259067,1.0,School,False
Challenge Preparatory Charter Elementary School,Queens,QUEENS,4.0,New York,40.59988287,-73.76398818,1.0,School,False
P.S. X114 - Luis Llorens Torres Schools,Bronx,BRONX,2.0,New York,40.83476967,-73.92306596,1.0,Public Schools,False
"United Talent Agency, LLC",Manhattan,MANHATTAN,1.0,New York,40.75252506,-73.97866174,1.0,Businesses & Commercial Spaces,False
Art and Design High School,Manhattan,MANHATTAN,1.0,New York,40.7591454,-73.96699314,4.0,School,False
New York State Department of Labor,Manhattan,MANHATTAN,1.0,New York,40.76432278,-73.98315956,3.0,Government Buildings & Services,False
Band Shell,Manhattan,MANHATTAN,1.0,New York,40.77140701,-73.98320108,1.0,Performance Venues,False
Rose Building,Manhattan,MANHATTAN,1.0,New York,40.76948571,-73.98345068,1.0,Businesses & Commercial Spaces,False
Brooklyn Lab School,Brooklyn,BROOKLYN,3.0,New York,40.69113882,-73.86832767,1.0,Public Schools,False
Macy's Inc. - 71007 - Staten Island,Staten Island,STATEN ISLAND,5.0,New York,40.58429344,-74.16490664,1.0,Businesses & Commercial Spaces,False
Morgan Stanley - ISG - New York Metro - 750 7th Ave - Floor: 34,Manhattan,MANHATTAN,1.0,New York,40.76074642,-73.98352505,1.0,Businesses & Commercial Spaces,False
Herbert Smith Freehills NY LLP,Manhattan,MANHATTAN,1.0,New York,40.76123707,-73.9794567,1.0,Businesses & Commercial Spaces,False
M.S. 390 Bronx,Bronx,BRONX,2.0,New York,40.85469491,-73.91319589,1.0,Public Schools,False
Frederick Douglass Academy VIII Middle School,Brooklyn,BROOKLYN,3.0,New York,40.64725279,-73.8811137,1.0,School,False
Harlem Village Academy West Elementary School,Manhattan,MANHATTAN,1.0,New York,40.80671183,-73.94510443,1.0,School,False
"Soulcycle, Inc",Manhattan,MANHATTAN,1.0,New York,40.77245628,-73.98984395,1.0,Health Clubs & Gyms,False
I.S. 051 Edwin Markham,Staten Island,STATEN ISLAND,5.0,New York,40.62257743,-74.14487934,1.0,Public Schools,False
2 Northside Piers Condominiums,Brooklyn,BROOKLYN,3.0,New York,40.71979279,-73.96386694,1.0,Businesses & Commercial Spaces,False
Fedex Ground,Bronx,BRONX,2.0,New York,40.82051854,-73.84209307,8.0,Businesses & Commercial Spaces,False
New York French American Charter School,Manhattan,MANHATTAN,1.0,New York,40.80732519,-73.95430806,1.0,School,False
Eleven Times Square,Manhattan,MANHATTAN,1.0,New York,40.75689078,-73.9900232,17.0,Businesses & Commercial Spaces,False
Vornado Office Management - 1290 AotA,Manhattan,MANHATTAN,1.0,New York,40.76085011,-73.97971672,1.0,Businesses & Commercial Spaces,False
Lunt Theatre Company,Manhattan,MANHATTAN,1.0,New York,40.75889126,-73.98579599,2.0,Performance Venues,False
The Blackstone Group,Manhattan,MANHATTAN,1.0,New York,40.75816441,-73.97324549,1.0,Businesses & Commercial Spaces,False
"P.S./M.S. 20 P.O.George J. Werdann, III",Bronx,BRONX,2.0,New York,40.86999593,-73.87887353,1.0,Public Schools,False
Philips,Manhattan,MANHATTAN,1.0,New York,40.76259829,-73.97845996,2.0,Businesses & Commercial Spaces,False
Imagine Me Leadership Charter School,Brooklyn,BROOKLYN,3.0,New York,40.66036143,-73.88335736,1.0,School,False
BFFY Bayside Senior Centers,Queens,QUEENS,4.0,New York,40.74968049,-73.75655831,1.0,Senior Centers,False
New York Aquarium,Brooklyn,BROOKLYN,3.0,New York,40.57517621,-73.97579926,1.0,Zoos & Aquariums,False
Young Women's Leadership School - Jamaica,Queens,QUEENS,4.0,New York,40.70751966,-73.80641206,1.0,School,False
P.S. 095 Sheila Mencher,Bronx,BRONX,2.0,New York,40.88289206,-73.89125427,1.0,Public Schools,False
Young Women's Leadership School,Manhattan,MANHATTAN,1.0,New York,40.7975527,-73.96683678,1.0,School,False
The Churchill School,Manhattan,MANHATTAN,1.0,New York,40.74157883,-73.97801208,5.0,School,False
Pathways to Graduation @ Bronx Youth Center,Queens,BRONX,2.0,New York,40.81433688,-73.91776097,1.0,School,True
"Estee Lauder Companies, Inc.",Manhattan,MANHATTAN,1.0,New York,40.76418577,-73.9706439,1.0,Businesses & Commercial Spaces,False
Cultivating Hearts and Minds Pre-K Center at 1946 Boston Road (X484),Bronx,BRONX,2.0,New York,40.83987471,-73.88101029,1.0,Public Schools,False
Origins High School,Brooklyn,BROOKLYN,3.0,New York,40.59411733,-73.93769677,1.0,School,False
Nuasin Next Generation Charter School (formerly Lighthouse),Bronx,BRONX,2.0,New York,40.83458459,-73.92979504,1.0,School,False
P.S. 384 - Hunters Point Elementary,Queens,QUEENS,4.0,New York,40.73907405,-73.96166242,1.0,Public Schools,False
Stuyvesant High School,Manhattan,MANHATTAN,1.0,New York,40.71769239,-74.01398957,1.0,School,False
P.S. 024 Spuyten Duyvil,Bronx,BRONX,2.0,New York,40.88710503,-73.9136959,1.0,Public Schools,False
Allen Christian School,Queens,QUEENS,4.0,New York,40.69098439654,-73.77871223506,1.0,School,False
Mosaic Pre-K Center at 107-17 Northern Blvd (Q412),Queens,QUEENS,4.0,New York,40.75780418,-73.8616656,1.0,Public Schools,False
Rose Building,Manhattan,MANHATTAN,1.0,New York,40.76948571,-73.98345068,1.0,Businesses & Commercial Spaces,False
Vestar Capital Partners,Manhattan,MANHATTAN,1.0,New York,40.75481909,-73.97568321,1.0,Businesses & Commercial Spaces,False
"Amalgamated Warbasse Houses,",Brooklyn,MANHATTAN,1.0,New York,40.76259829,-73.97845996,1.0,Businesses & Commercial Spaces,True
Central Park East High School,Manhattan,MANHATTAN,1.0,New York,40.79375583,-73.94938041,1.0,School,False
P.S./M.S. 11X498 - Van Nest Academy,Bronx,BRONX,2.0,New York,40.84472348,-73.85820595,1.0,Public Schools,False
Saint David's School,Manhattan,MANHATTAN,1.0,New York,40.78318667,-73.95839426,5.0,School,False
Bronx Regional High School,Bronx,BRONX,2.0,New York,40.82352492,-73.8988707,3.0,Public Schools,False
Girl Scouts of the USA,Manhattan,MANHATTAN,1.0,New York,40.75080205,-73.98284538,1.0,Businesses & Commercial Spaces,False
15 W. 81st St. Tenants Corp.,Manhattan,MANHATTAN,1.0,New York,40.78232905,-73.97242329,1.0,Businesses & Commercial Spaces,False
Creo College Preparatory Charter School,Bronx,BRONX,2.0,New York,40.81604003,-73.91976395,1.0,School,False
FedEx Express,Manhattan,MANHATTAN,1.0,New York,40.76043192,-73.99742264,2.0,Businesses & Commercial Spaces,False
P226M @ Julia Richman Education Complex (M480),Manhattan,MANHATTAN,1.0,New York,40.76535184,-73.96005883,1.0,School,False
BFFY Narrows Senior Centers,Brooklyn,BROOKLYN,3.0,New York,40.62797473,-74.00171842,1.0,Senior Centers,False
P.S./I.S. 25 - P025R - Northshore Annex (R119),Staten Island,STATEN ISLAND,5.0,New York,40.60481641,-74.13078117,1.0,Public Schools,False
P.S. 092 Mary McLeod Bethune,Manhattan,MANHATTAN,1.0,New York,40.8150092,-73.94512285,1.0,Public Schools,False
Max Finkelstein Inc.,Queens,QUEENS,4.0,New York,40.76753007,-73.92087316,2.0,Businesses & Commercial Spaces,False
Canon - Canon Solutions America,Manhattan,MANHATTAN,1.0,New York,40.751674,-73.97767668,1.0,Businesses & Commercial Spaces,False
P.S. 041 Gun Hill Road,Bronx,BRONX,2.0,New York,40.87430709,-73.86815519,1.0,Public Schools,False
"WIN - Women in Need, Inc. (Marcus Garvey)",Brooklyn,BROOKLYN,3.0,New York,40.66250232,-73.91082293,1.0,Health & Social Services,False
P.S./I.S. 268 Queens,Queens,QUEENS,4.0,New York,40.70752934,-73.78562559,1.0,Public Schools,False
Department of Citywide Administrative Services,Manhattan,MANHATTAN,1.0,New York,40.71380652,-74.00556953,1.0,Government Buildings & Services,False
St. Ignatius Loyola School,Manhattan,MANHATTAN,1.0,New York,40.77932513,-73.95929577,1.0,School,False
P.S. 051 STEM & Arts Academy,Bronx,BRONX,2.0,New York,40.85065933,-73.88699488,1.0,Public Schools,False
Carmel Richmond Healthcare and Rehabilitation,Staten Island,STATEN ISLAND,5.0,New York,40.59622848,-74.09047813,1.0,Nursing Homes,False
Academy of Arts and Letters,Brooklyn,BROOKLYN,3.0,New York,40.68606863,-73.94522937,1.0,Public Schools,False
Pathways to Graduation @ Future Now @ Bronx CC,Bronx,BRONX,2.0,New York,40.85738754,-73.90969663,1.0,School,False
P.S. 066 School of Higher Expectations,Bronx,BRONX,2.0,New York,40.83115806,-73.88709317,1.0,Public Schools,False
P.S. 145 Andrew Jackson,Brooklyn,BROOKLYN,3.0,New York,40.70161367,-73.9324097,1.0,Public Schools,False
Worldwide Plaza,Manhattan,MANHATTAN,1.0,New York,40.76206701,-73.98627542,1.0,Businesses & Commercial Spaces,False
"Time, Inc.",Manhattan,MANHATTAN,1.0,New York,40.76028202,-73.98015728,1.0,Businesses & Commercial Spaces,False
"Interpublic Group of Companies, Inc",Manhattan,MANHATTAN,1.0,New York,40.75317959,-73.98720847,1.0,Businesses & Commercial Spaces,False
Clay Pit Ponds State Park,Staten Island,STATEN ISLAND,5.0,New York,40.53926622,-74.23223513,1.0,Parks & Recreation,False
Central Park Conservancy,Manhattan,MANHATTAN,1.0,New York,40.76212814,-73.97456149,1.0,Parks & Recreation,False
P.S. 173 Manhattan,Manhattan,MANHATTAN,1.0,New York,40.84546252,-73.94046761,1.0,Public Schools,False
New York & Co.,Manhattan,MANHATTAN,1.0,New York,40.752612,-73.99450301,1.0,Businesses & Commercial Spaces,False
Business Of Sports School,Manhattan,MANHATTAN,1.0,New York,40.76336297,-73.99059981,1.0,School,False
Morgan Stanley - ISG - New York Metro - 522 5th Avenue - Floor: 18,Manhattan,MANHATTAN,1.0,New York,40.75450705,-73.98014457,1.0,Businesses & Commercial Spaces,False
P.S. 032 Belmont,Bronx,BRONX,2.0,New York,40.8520855,-73.88588995,1.0,Public Schools,False
The Blackstone Group,Manhattan,MANHATTAN,1.0,New York,40.75816441,-73.97324549,1.0,Businesses & Commercial Spaces,False
Success Academy Charter School - Bushwick,Brooklyn,BROOKLYN,3.0,New York,40.69570955,-73.91947296,1.0,School,False
Independence High School,Manhattan,MANHATTAN,1.0,New York,40.76833634,-73.98910811,1.0,School,False
P.S. 026 Rufus King,Queens,QUEENS,4.0,New York,40.73691411,-73.77798897,1.0,Public Schools,False
Cort Theater,Manhattan,MANHATTAN,1.0,New York,40.7591351,-73.98254001,1.0,Performance Venues,False
John Bowne High School,Queens,QUEENS,4.0,New York,40.7381317,-73.82494283,1.0,School,False
Allen Senior Centers,Queens,QUEENS,4.0,New York,40.69004592,-73.78314705,1.0,Senior Centers,False
P.S. 204 Vince Lombardi,Brooklyn,BROOKLYN,3.0,New York,40.61415182,-74.00663812,1.0,Public Schools,False
"Abramson Brothers, Inc. Realty Investments",Manhattan,MANHATTAN,1.0,New York,40.75330773,-73.98099313,1.0,Businesses & Commercial Spaces,False
"1095 Park Avenue Corp,/ Brown Harris Stevens",Manhattan,MANHATTAN,1.0,New York,40.78191767,-73.95591436,1.0,Businesses & Commercial Spaces,False
P.S. 56 The Louis Desario School,Staten Island,STATEN ISLAND,5.0,New York,40.54223872,-74.21400043,1.0,Public Schools,False
One World Trade Plaza,Manhattan,MANHATTAN,1.0,New York,40.71327345,-74.01281992,2.0,Businesses & Commercial Spaces,False
Atmosphere Academy Public Charter School - Broadway,Bronx,BRONX,2.0,New York,40.88894808,-73.89853208,1.0,School,False
NYC Department of Design & Construction,Queens,QUEENS,4.0,New York,40.74503532,-73.93619092,1.0,Government Buildings & Services,False
Fordham University - Manhattan Campus - Law School,Manhattan,MANHATTAN,1.0,New York,40.77182173627,-73.98516862681,1.0,School,False
Perkins Eastman,Manhattan,MANHATTAN,1.0,New York,40.73888801,-73.99150181,1.0,Businesses & Commercial Spaces,False
"US Smithsonian Institution, DC, HQ - Cooper-Hewitt National Design Museum",Manhattan,MANHATTAN,1.0,New York,40.78460003,-73.95786616,2.0,Museums,False
Equinox,Brooklyn,BROOKLYN,3.0,New York,40.65200075,-73.95910706,1.0,Health Clubs & Gyms,False
"Abramson Brothers, Inc. Realty Investments",Manhattan,MANHATTAN,1.0,New York,40.7526542,-73.97937634,1.0,Businesses & Commercial Spaces,False
The Museum of Modern Art,Manhattan,MANHATTAN,1.0,New York,40.76099511,-73.97720066,1.0,Museums,False
"Chubb Insurance - NY- New York, NY (1133 AOA)",Manhattan,MANHATTAN,1.0,New York,40.75593483,-73.98332411,10.0,Businesses & Commercial Spaces,False
School of the Future High School,Manhattan,MANHATTAN,1.0,New York,40.73894505,-73.98547909,1.0,School,False
East Harlem Scholars Academy Charter School,Manhattan,MANHATTAN,1.0,New York,40.79025588,-73.9426876,1.0,School,False
Brooklyn Lab School,Brooklyn,BROOKLYN,3.0,New York,40.692632,-73.868909,9.0,Public Schools,False
Douglas Elliman Property,Manhattan,MANHATTAN,1.0,New York,40.77299187,-73.96421345,1.0,Businesses & Commercial Spaces,False
Morgan Stanley - ISG - New York Metro - 750 7th Avenue - Floor: 10,Manhattan,MANHATTAN,1.0,New York,40.76074642,-73.98352505,1.0,Businesses & Commercial Spaces,False
P.S. 102 Jacques Cartier,Manhattan,MANHATTAN,1.0,New York,40.79486226,-73.93871084,1.0,Public Schools,False
Greenwich Condominium,Manhattan,MANHATTAN,1.0,New York,40.736138,-73.99607043,1.0,Businesses & Commercial Spaces,False
Fedex Ground,Brooklyn,BROOKLYN,3.0,New York,40.71777765,-73.93244736,11.0,Businesses & Commercial Spaces,False
Assured Guaranty,Manhattan,MANHATTAN,1.0,New York,40.76199178,-73.97890055,1.0,Businesses & Commercial Spaces,False
Harry S. Truman High School,Bronx,BRONX,2.0,New York,40.87408155,-73.83390182,1.0,School,False
Brooklyn United Methodist Church Home,Brooklyn,BROOKLYN,3.0,New York,40.6709579,-73.86253496,1.0,Houses of Worship,False
"Bressler, Amery & Ross P.C.",Manhattan,MANHATTAN,1.0,New York,40.702791,-74.01424611,1.0,Businesses & Commercial Spaces,False
RXR Realty,Manhattan,MANHATTAN,1.0,New York,40.75975736,-73.97790137,1.0,Businesses & Commercial Spaces,False
P.S. 182 Bronx,Bronx,BRONX,2.0,New York,40.81822063,-73.85630083,1.0,Public Schools,False
Renaissance Charter School 2,Queens,QUEENS,4.0,New York,40.74114651,-73.88155538,1.0,School,False
Academy of Medical Technology: A College Board School,Queens,QUEENS,4.0,New York,40.60200214,-73.76279588,1.0,Public Schools,False
P.S. 139 Rego Park,Queens,QUEENS,4.0,New York,40.72813281,-73.86358194,1.0,Public Schools,False
High School for Climate Justice,Manhattan,MANHATTAN,1.0,New York,40.78361775,-73.94563631,1.0,School,False
ReStart @ Brooklyn Youth HSE Program,Brooklyn,BROOKLYN,3.0,New York,40.69006659,-73.98892261,1.0,School,False
P.S. 022 Graniteville,Staten Island,STATEN ISLAND,5.0,New York,40.62536101,-74.15096989,1.0,Public Schools,False
Marlboro Senior Centers,Brooklyn,BROOKLYN,3.0,New York,40.59207367,-73.97846837,1.0,Senior Centers,False
P.S. 048 Joseph R. Drake,Bronx,BRONX,2.0,New York,40.81441773,-73.88695189,1.0,Public Schools,False
RXR [590 Madison Ave],Manhattan,MANHATTAN,1.0,New York,40.76213864,-73.97247861,1.0,Businesses & Commercial Spaces,False
P.S. 326 Brooklyn,Brooklyn,BROOKLYN,3.0,New York,40.62865199,-73.92793021,1.0,Public Schools,False
MacAndrews & Forbes,Manhattan,MANHATTAN,1.0,New York,40.76534932,-73.96975172,3.0,Businesses & Commercial Spaces,False
Hostos Children's Center,Bronx,BRONX,2.0,New York,40.81794735,-73.92759797,1.0,Schools,False
P.S. 003 The Bedford Village,Brooklyn,BROOKLYN,3.0,New York,40.68265577,-73.95533845,1.0,Public Schools,False
P.S. 206 Jose Celso Barbosa,Manhattan,MANHATTAN,1.0,New York,40.79745983,-73.93086731,1.0,Public Schools,False
Morgan Stanley - 1585 Broadway,Manhattan,MANHATTAN,1.0,New York,40.76020869,-73.98533366,1.0,Businesses & Commercial Spaces,False
District 29 Pre-K at 207-01 Jamaica Avenue (Q483),Queens,QUEENS,4.0,New York,40.71412802,-73.75299124,1.0,Public Schools,False
Department of Citywide Administrative Services,Bronx,BRONX,2.0,New York,40.82592093,-73.91951351,1.0,Government Buildings & Services,False
"Bailey House, Inc",Manhattan,MANHATTAN,1.0,New York,40.73242672,-74.00992261,1.0,Health & Social Services,False
Friedman Kaplan Seiler & Adelman LLP,Manhattan,MANHATTAN,1.0,New York,40.75590782,-73.98668095,1.0,Businesses & Commercial Spaces,False
"Amalgamated Warbasse Houses,",Brooklyn,BROOKLYN,3.0,New York,40.58018177,-73.97172228,1.0,Businesses & Commercial Spaces,False
District 29 Pre-K Center at 134-35 Springfield Boulevard (Q363),Queens,QUEENS,4.0,New York,40.67904091,-73.75401582,1.0,Public Schools,False
Touro College,Brooklyn,BROOKLYN,3.0,New York,40.62528347,-73.96030869,1.0,Colleges & Universities,False
Morgan Stanley - 1585 Broadway,Manhattan,MANHATTAN,1.0,New York,40.76020869,-73.98533366,1.0,Businesses & Commercial Spaces,False
P.S./M.S 042 R. Vernam,Queens,QUEENS,4.0,New York,40.59453042,-73.79530491,1.0,Public Schools,False
Catherine & Count Basie Middle School 72,Queens,QUEENS,4.0,New York,40.673761,-73.77595046,1.0,School,False
Jane Street Capital,Manhattan,MANHATTAN,1.0,New York,40.71452196,-74.0156771,5.0,Businesses & Commercial Spaces,False
P.S. 096 Richard Rodgers,Bronx,BRONX,2.0,New York,40.86080892,-73.8685255,1.0,Public Schools,False
P.S. 033 Timothy Dwight Annex,Bronx,BRONX,2.0,New York,40.86141603,-73.90204127,1.0,Public Schools,False
I.S. 49 Berta A. Dreyfus,Staten Island,STATEN ISLAND,5.0,New York,40.62033984,-74.08164248,1.0,Public Schools,False
PROGRESS High School for Professional Careers,Brooklyn,BROOKLYN,3.0,New York,40.71217688,-73.93972141,1.0,School,False
FINRA - One World Financial Center NY NY,Manhattan,MANHATTAN,1.0,New York,40.71141766,-74.01544191,4.0,Businesses & Commercial Spaces,False
"United Talent Agency, LLC",Manhattan,MANHATTAN,1.0,New York,40.76500854,-73.98041579,1.0,Businesses & Commercial Spaces,False
Unity Center for Urban Technologies,Manhattan,MANHATTAN,1.0,New York,40.74616865,-73.98124058,1.0,Public Schools,False
Morgan Stanley - ISG - New York Metro - 1221 A of A - Floor: 4,Manhattan,MANHATTAN,1.0,New York,40.75909387,-73.98213574,1.0,Businesses & Commercial Spaces,False
Forte Preparatory Academy Charter School,Queens,QUEENS,4.0,New York,40.73793445,-73.87828097,1.0,School,False
Major League Soccer,Manhattan,MANHATTAN,1.0,New York,40.75080205,-73.98284538,1.0,Businesses & Commercial Spaces,False
I.S. 285 Meyer Levin,Brooklyn,BROOKLYN,3.0,New York,40.64687003,-73.92100239,1.0,Public Schools,False
Brookfield Properties - New York - 225 Liberty Street - 44th Floor,Manhattan,MANHATTAN,1.0,New York,40.71153017,-74.01567279,6.0,Businesses & Commercial Spaces,False
Canarsie Ascend Charter Lower School,Brooklyn,BROOKLYN,3.0,New York,40.64381827,-73.90043054,1.0,School,False
"Wachtell, Lipton, Rosen & Katz",Manhattan,MANHATTAN,1.0,New York,40.76064125,-73.97830898,5.0,Businesses & Commercial Spaces,False
Zeta Charter School - Mount Eden Elementary,Bronx,BRONX,2.0,New York,40.8420891,-73.91796145,1.0,School,False
Ft. Greene Senior Action Center,Brooklyn,BROOKLYN,3.0,New York,40.63379236,-73.93140861,1.0,Senior Centers,False
Morgan Stanley - 750 7th Avenue,Manhattan,MANHATTAN,1.0,New York,40.76074642,-73.98352505,1.0,Businesses & Commercial Spaces,False
Equinox,Manhattan,MANHATTAN,1.0,New York,40.75457373,-73.98553342,2.0,Health Clubs & Gyms,False
Roberts & Holland LLP,Manhattan,MANHATTAN,1.0,New York,40.76295588,-73.98307327,1.0,Businesses & Commercial Spaces,False
Leadership and Public Service High School,Manhattan,MANHATTAN,1.0,New York,40.70872267,-74.0123321,1.0,School,False
Achievement First Ujima High School,Brooklyn,BROOKLYN,3.0,New York,40.6890926,-73.90938816,1.0,School,False
P.S./M.S. 200 - The Pomonok School & STAR Academy,Queens,QUEENS,4.0,New York,40.73136132,-73.80511575,1.0,Public Schools,False
I.S. 061 Leonardo Da Vinci,Queens,QUEENS,4.0,New York,40.74266054,-73.86330668,1.0,Public Schools,False
"40 Wall Street, LLC",Manhattan,MANHATTAN,1.0,New York,40.70677685,-74.01013158,1.0,Businesses & Commercial Spaces,False
P.S. X015 Institute for Environmental Learning,Bronx,BRONX,2.0,New York,40.85880386,-73.90974531,1.0,Public Schools,False
CarVal Investors New York - AA023079,Manhattan,MANHATTAN,1.0,New York,40.75227857,-73.98174777,1.0,Businesses & Commercial Spaces,False
Amazon.com Services LLC - UNY5,Brooklyn,BROOKLYN,3.0,New York,40.67319197091,-74.00797066335,2.0,Businesses & Commercial Spaces,False
"Science, Technology and Research Early College High School at Erasmus",Brooklyn,BROOKLYN,3.0,New York,40.64978002,-73.95854985,1.0,Public Schools,False
Lotte New York Palace Hotel,Manhattan,MANHATTAN,1.0,New York,40.75810725,-73.97539324,5.0,Businesses & Commercial Spaces,False
Mott Hall Bronx High School,Bronx,BRONX,2.0,New York,40.83923795,-73.90131511,1.0,School,False
Equinox,Manhattan,MANHATTAN,1.0,New York,40.76011361,-73.97514342,2.0,Health Clubs & Gyms,False
"Jack Resnick & Sons, Inc",Manhattan,MANHATTAN,1.0,New York,40.76262362,-73.96915733,18.0,Businesses & Commercial Spaces,False
Cooperative Technical HS (Coop Tech),Manhattan,MANHATTAN,1.0,New York,40.78363147,-73.94562546,1.0,School,False
Hines [527 Madison],Manhattan,MANHATTAN,1.0,New York,40.76002814,-73.9734144,1.0,Businesses & Commercial Spaces,False
"Cravath, Swaine & Moore, LLP",Manhattan,MANHATTAN,1.0,New York,40.76206701,-73.98627542,1.0,Businesses & Commercial Spaces,False
P.S. 059 Beekman Hill International,Manhattan,MANHATTAN,1.0,New York,40.7592278,-73.96718802,1.0,Public Schools,False
The Wayne Center For Nursing and Rehabilitation,Bronx,BRONX,2.0,New York,40.88113801,-73.87744279,1.0,Nursing Homes,False
Paradise Baptist Church,Manhattan,MANHATTAN,1.0,New York,40.83592941,-73.94468271,1.0,Houses of Worship,False
Morgan Stanley - 750 7th Avenue - Floor: 32,Manhattan,MANHATTAN,1.0,New York,40.76074642,-73.98352505,1.0,Businesses & Commercial Spaces,False
P.S. 130 The Parkside - Annex,Brooklyn,BROOKLYN,3.0,New York,40.64758311,-73.97336208,1.0,Public Schools,False
P.S. 229 Emanuel Kaplan,Queens,QUEENS,4.0,New York,40.73428627,-73.89755611,1.0,Public Schools,False
Ember Charter High School,Brooklyn,BROOKLYN,3.0,New York,40.68016759,-73.94571736,1.0,School,False
The Blackstone Group,Manhattan,MANHATTAN,1.0,New York,40.75816441,-73.97324549,1.0,Businesses & Commercial Spaces,False
P.S. 050 Frank Hankinson,Staten Island,STATEN ISLAND,5.0,New York,40.56168339,-74.12462135,1.0,Public Schools,False
Waterside Children's Studio School,Queens,QUEENS,4.0,New York,40.57977267,-73.83313179,1.0,School,False
Riverdale Avenue Community School,Brooklyn,BROOKLYN,3.0,New York,40.66019634,-73.91393294,1.0,School,False
The Heritage at Trump Place,Manhattan,MANHATTAN,1.0,New York,40.78047072,-73.9873368,1.0,Businesses & Commercial Spaces,False
New Dawn Charter High School II,Queens,QUEENS,4.0,New York,40.70606726,-73.79977617,1.0,School,False
P.S. 129 Patricia Larkin,Queens,QUEENS,4.0,New York,40.79063047,-73.83976987,1.0,Public Schools,False
Conde Nast Building,Manhattan,MANHATTAN,1.0,New York,40.75617401,-73.98624415,1.0,Businesses & Commercial Spaces,False
Brooklyn Prospect Charter - Downtown Elementary Middle School,Brooklyn,BROOKLYN,3.0,New York,40.69215499,-73.98561553,1.0,School,False
"Beresford Apartments, Inc",Manhattan,MANHATTAN,1.0,New York,40.78221905,-73.97158921,1.0,Businesses & Commercial Spaces,False
Litchfield Villa,Brooklyn,BROOKLYN,3.0,New York,40.66738421,-73.97450764,1.0,Parks & Recreation,False
SHEARMAN & STERLING,Manhattan,MANHATTAN,1.0,New York,40.75826818,-73.97105441,4.0,Businesses & Commercial Spaces,False
Long Island Board of Realtors - Jackson Heights,Queens,QUEENS,4.0,New York,40.75858896,-73.89216548,1.0,Businesses & Commercial Spaces,False
"Cohen & Steers Capital Management, Inc.",Manhattan,MANHATTAN,1.0,New York,40.75601562,-73.97483093,5.0,Businesses & Commercial Spaces,False
P.S. 595 Bronx,Bronx,BRONX,2.0,New York,40.84670416,-73.88981366,1.0,Public Schools,False
Trust Company of the West,Manhattan,MANHATTAN,1.0,New York,40.75963708,-73.98062674,1.0,Businesses & Commercial Spaces,False
"Time, Inc.",Manhattan,MANHATTAN,1.0,New York,40.76028202,-73.98015728,1.0,Businesses & Commercial Spaces,False
TBWAWorldHealth,Manhattan,MANHATTAN,1.0,New York,40.75024852,-73.9732559,1.0,Businesses & Commercial Spaces,False
Franklin Delano Roosevelt High School,Brooklyn,BROOKLYN,3.0,New York,40.62043886,-73.98179477,1.0,School,False
P.S. 81Q Jean Paul Richter,Queens,BROOKLYN,3.0,New York,40.70375748,-73.91234365,1.0,Public Schools,True
P.S. 206 The Horace Harding School,Queens,QUEENS,4.0,New York,40.73424297,-73.86154511,1.0,Public Schools,False
The STEAM Bridge School (P.S. 481),Bronx,BRONX,2.0,New York,40.84351633,-73.86549491,1.0,Public Schools,False
William Hodson Senior Centers,Bronx,BRONX,2.0,New York,40.83418263,-73.90853932,1.0,Senior Centers,False
East Brooklyn Ascend Lower School,Brooklyn,BROOKLYN,3.0,New York,40.67804719,-73.88179767,1.0,School,False
KIPP STAR Harlem College Prep School (Middle),Manhattan,MANHATTAN,1.0,New York,40.81050427,-73.9559965,1.0,School,False
Growing Up Green Charter Middle School,Queens,QUEENS,4.0,New York,40.76449438,-73.93887246,1.0,School,False
Zeta Charter School - Inwood 1,Manhattan,MANHATTAN,1.0,New York,40.87112664,-73.9119233,1.0,School,False
JASA Senior Alliance,Brooklyn,BROOKLYN,3.0,New York,40.57801867,-73.95412715,1.0,Senior Centers,False
Inwood Academy for Leadership Charter High School,Manhattan,MANHATTAN,1.0,New York,40.86517811,-73.91840648,1.0,School,False
Marymount School,Manhattan,MANHATTAN,1.0,New York,40.78686455,-73.95120209,1.0,School,False
Rockefeller University,Manhattan,MANHATTAN,1.0,New York,40.76312728,-73.95645028,1.0,Colleges & Universities,False
The Cathedral School (Cathedral of St. John the Divine),Manhattan,MANHATTAN,1.0,New York,40.80402641,-73.96307333,1.0,Private Schools,False
P.S. 103 Hector Fontanez,Bronx,BRONX,2.0,New York,40.89214542,-73.86146453,1.0,Public Schools,False
Harlem Renaissance High School,Manhattan,MANHATTAN,1.0,New York,40.80798012,-73.94006056,1.0,School,False
Little Red School House,Manhattan,MANHATTAN,1.0,New York,40.72677842,-74.00105712,1.0,School,False
NYCDOT Ferry Division,Staten Island,STATEN ISLAND,5.0,New York,40.64372588,-74.0727888,9.0,Ferries & Other Transportation,False
Stuyvesant Gardens Senior Centers,Brooklyn,BROOKLYN,3.0,New York,40.68832761,-73.93014434,1.0,Senior Centers,False
Harlem Renaissance High School,Manhattan,MANHATTAN,1.0,New York,40.80798012,-73.94006056,1.0,School,False
The Laurel Condominium c/o Solstice Residential Group,Manhattan,MANHATTAN,1.0,New York,40.76427802,-73.95831226,1.0,Businesses & Commercial Spaces,False
Homecrest Community Services,Brooklyn,BROOKLYN,3.0,New York,40.60101308,-73.95754313,1.0,Health & Social Services,False
"McDermott, Will, Emery",New York,MANHATTAN,1.0,New York,40.75225544,-73.97546399,1.0,Businesses & Commercial Spaces,True
K2 Integrity,Manhattan,MANHATTAN,1.0,New York,40.75309747,-73.97275667,1.0,Businesses & Commercial Spaces,False
Fordham University Bronx Location,Bronx,BRONX,2.0,New York,40.86072673616,-73.88953366191,1.0,Colleges & Universities,False
The Millburn Corporation,Manhattan,MANHATTAN,1.0,New York,40.76022438,-73.98017174,1.0,Businesses & Commercial Spaces,False
"Estee Lauder Companies, Inc.",Manhattan,MANHATTAN,1.0,New York,40.72331717,-74.0049029,1.0,Businesses & Commercial Spaces,False
207 West 79th Street Condominium,Manhattan,MANHATTAN,1.0,New York,40.78330751,-73.97870239,1.0,Businesses & Commercial Spaces,False
Beginning with Children Charter School II High School (aka Community High School),Brooklyn,BROOKLYN,3.0,New York,40.69689813,-73.98706784,1.0,School,False
P079M @ Horan School,Manhattan,MANHATTAN,1.0,New York,40.80241235,-73.94263375,1.0,School,False
Humanities Preparatory Academy,Manhattan,MANHATTAN,1.0,New York,40.74285998,-74.0021364,1.0,School,False
P.S. 182 Samantha Smith,Queens,QUEENS,4.0,New York,40.70642219,-73.80344324,1.0,Public Schools,False
NYC Department of Design & Construction,Queens,QUEENS,4.0,New York,40.74503532,-73.93619092,1.0,Government Buildings & Services,False
LEEP Dual Language Academy I,Brooklyn,BROOKLYN,3.0,New York,40.64324331,-74.01223347,1.0,School,False
Pathways to Graduation @ Bronx Youth Build,Bronx,BRONX,2.0,New York,40.84254436,-73.91745128,1.0,School,False
Evergreen Middle School for Urban Exploration,Brooklyn,BROOKLYN,3.0,New York,40.68837966,-73.91027616,1.0,School,False
P.S. 234 Independence School,Manhattan,MANHATTAN,1.0,New York,40.71601017,-74.01103843,1.0,Public Schools,False
It Takes a Village Academy,Brooklyn,BROOKLYN,3.0,New York,40.64864945,-73.92217147,1.0,School,False
"Mutual Redevelopment Houses, Inc",Manhattan,MANHATTAN,1.0,New York,40.7491235,-73.99701886,1.0,Businesses & Commercial Spaces,False
The Eagle Academy for Young Men of Staten Island - Annex (R082),Staten Island,STATEN ISLAND,5.0,New York,40.62425592,-74.08266675,1.0,Public Schools,False
Philips Returns AED,Manhattan,QUEENS,4.0,New York,40.70847218,-73.80006469,1.0,Businesses & Commercial Spaces,True
Nelson Mullins Riley,Manhattan,MANHATTAN,1.0,New York,40.75601562,-73.97483093,1.0,Businesses & Commercial Spaces,False
P.S. 091 Bronx,Bronx,BRONX,2.0,New York,40.85809706,-73.90797128,1.0,Public Schools,False
New Amsterdam Theater,Manhattan,MANHATTAN,1.0,New York,40.7563169,-73.98765183,1.0,Performance Venues,False
CFN DAP,Bronx,BRONX,2.0,New York,40.86073227,-73.88958427,1.0,Businesses & Commercial Spaces,False
SIRIUS XM SATELITE RADIO,Manhattan,MANHATTAN,1.0,New York,40.76085011,-73.97971672,3.0,Businesses & Commercial Spaces,False
P.S. 091 Bronx,Bronx,BRONX,2.0,New York,40.85809706,-73.90797128,1.0,Public Schools,False
StepStone Group,Manhattan,MANHATTAN,1.0,New York,40.7530952,-73.9748537,1.0,Businesses & Commercial Spaces,False
"Global Cities, Inc.",Manhattan,MANHATTAN,1.0,New York,40.76453085,-73.97981307,1.0,Businesses & Commercial Spaces,False
Bronx Delta School,Bronx,BRONX,2.0,New York,40.82651925,-73.81841494,1.0,School,False
Brookfield Properties - One Metrotech Center,Brooklyn,BROOKLYN,3.0,New York,40.69287432,-73.98725614,4.0,Businesses & Commercial Spaces,False
P.S. 181 Brooklyn,Brooklyn,BROOKLYN,3.0,New York,40.64813085,-73.94636696,1.0,Public Schools,False
P.S. 048 Joseph R. Drake - Annex,Bronx,BRONX,2.0,New York,40.813331,-73.8871416,1.0,Public Schools,False
Wildlife Conservation SOciety,Bronx,BRONX,2.0,New York,40.85053675,-73.88245508,1.0,Zoos & Aquariums,False
M.S. 890 Brooklyn,Brooklyn,BROOKLYN,3.0,New York,40.64446173,-73.9710319,1.0,Public Schools,False
Hearst Corporation,Manhattan,MANHATTAN,1.0,New York,40.76643902,-73.98332508,1.0,Businesses & Commercial Spaces,False
David Geffen Hall,Manhattan,MANHATTAN,1.0,New York,40.77245264,-73.9824318,1.0,Performance Venues,False
Gibney Dance,Manhattan,MANHATTAN,1.0,New York,40.73859694,-73.98991048,1.0,Businesses & Commercial Spaces,False
P.S. 046 Alley Pond,Queens,QUEENS,4.0,New York,40.74619377,-73.75875092,1.0,Public Schools,False
Loeb & Loeb LLP,Manhattan,MANHATTAN,1.0,New York,40.75816441,-73.97324549,1.0,Businesses & Commercial Spaces,False
Brookfield Properties - New York - 250 Vesey- Retail,Manhattan,MANHATTAN,1.0,New York,40.71452196,-74.0156771,4.0,Businesses & Commercial Spaces,False
Columbia University,Manhattan,MANHATTAN,1.0,New York,40.8072704,-73.96212871,1.0,Colleges & Universities,False
Lenox Hill Senior Centers at St. Peter's,Manhattan,MANHATTAN,1.0,New York,40.75869079,-73.97074379,1.0,Senior Centers,False
"Pillsbury Winthrop Shaw Pittman, LLP - New York",Manhattan,MANHATTAN,1.0,New York,40.76048473,-73.97793723,5.0,Businesses & Commercial Spaces,False
Mendes & Mount LLP,Manhattan,MANHATTAN,1.0,New York,40.76074642,-73.98352505,1.0,Businesses & Commercial Spaces,False
Fordham University Bronx Location,Bronx,BRONX,2.0,New York,40.86072673616,-73.88953366191,1.0,Colleges & Universities,False
"Hawkins, Delafield & Wood LLP",Manhattan,MANHATTAN,1.0,New York,40.71321318,-74.0117089,1.0,Businesses & Commercial Spaces,False
Manhattan West LLC,Manhattan,MANHATTAN,1.0,New York,40.77583508,-73.96308541,1.0,Businesses & Commercial Spaces,False
School Food Services,Queens,QUEENS,4.0,New York,40.7493771,-73.952233,1.0,School,False
Richmond Hill High School,Queens,QUEENS,4.0,New York,40.69571733,-73.83460393,1.0,School,False
Midwood Senior Centers,Brooklyn,BROOKLYN,3.0,New York,40.63040433,-73.92981972,1.0,Senior Centers,False
The Museum of Modern Art,Manhattan,MANHATTAN,1.0,New York,40.76099511,-73.97720066,1.0,Museums,False
J.H.S. 131 Albert Einstein,Bronx,BRONX,2.0,New York,40.8234535,-73.85964613,1.0,Public Schools,False
Van Siclen Community Middle School,Brooklyn,BROOKLYN,3.0,New York,40.66010272,-73.88538703,1.0,School,False
P.S. 69 Vincent D. Grippo School,Brooklyn,BROOKLYN,3.0,New York,40.63237151,-74.00922314,1.0,Public Schools,False
Herbert H. Lehman High School,Bronx,BRONX,2.0,New York,40.8407261,-73.83868378,1.0,School,False
Brooklyn's Daily Discovery Pre-K Center at 10 Bouck Court (K687),Brooklyn,BROOKLYN,3.0,New York,40.58875148,-73.97372768,1.0,Public Schools,False
Time Warner Cable,Manhattan,MANHATTAN,1.0,New York,40.73976572,-73.9853887,1.0,Businesses & Commercial Spaces,False
333 West 57th Street,Manhattan,MANHATTAN,1.0,New York,40.76418601,-73.98671178,1.0,Businesses & Commercial Spaces,False
P.S. 306 Ethan Allen,Brooklyn,BROOKLYN,3.0,New York,40.65598945,-73.88654743,1.0,Public Schools,False
Rose Building,Manhattan,MANHATTAN,1.0,New York,40.76948571,-73.98345068,1.0,Businesses & Commercial Spaces,False
P.S. 035 Franz Siegel,Bronx,BRONX,2.0,New York,40.82729749,-73.91766901,1.0,Public Schools,False
Rudin Management - 845 Third Ave,Manhattan,MANHATTAN,1.0,New York,40.75668147,-73.97012745,1.0,Businesses & Commercial Spaces,False
The Museum of Modern Art,Manhattan,MANHATTAN,1.0,New York,40.76099511,-73.97720066,1.0,Museums,False
Morgan Stanley - 1585 Broadway,Manhattan,MANHATTAN,1.0,New York,40.76020869,-73.98533366,1.0,Businesses & Commercial Spaces,False
The Barbara Esselborn School,Staten Island,STATEN ISLAND,5.0,New York,40.55257292,-74.13705861,1.0,School,False
M.S. 180 Dr. Daniel Hale Williams,Bronx,BRONX,2.0,New York,40.87300547,-73.83380689,1.0,Public Schools,False
"D.E. Shaw & Co., L.P.",Manhattan,MANHATTAN,1.0,New York,40.75699693,-73.98252614,1.0,Businesses & Commercial Spaces,False
Department of Citywide Administrative Services,Bronx,BRONX,2.0,New York,40.82622905,-73.92052848,1.0,Government Buildings & Services,False
School of Performing Arts (X116),Bronx,BRONX,2.0,New York,40.82243627,-73.8939007,1.0,Public Schools,False
The Blackstone Group,Manhattan,MANHATTAN,1.0,New York,40.75816441,-73.97324549,1.0,Businesses & Commercial Spaces,False
George Westinghouse Career and Technical Education High School,Brooklyn,BROOKLYN,3.0,New York,40.69491903,-73.98601522,1.0,Public Schools,False
P.S. 11 Thomas Dongan School,Staten Island,STATEN ISLAND,5.0,New York,40.59047762,-74.09779738,1.0,Public Schools,False
Polsinelli,Manhattan,MANHATTAN,1.0,New York,40.74897277,-73.9757828,1.0,Businesses & Commercial Spaces,False
New Dorp Beach Friendship Club,Staten Island,STATEN ISLAND,5.0,New York,40.56146024,-74.10032799,1.0,Senior Centers,False
Department of Citywide Administrative Services,Bronx,BRONX,2.0,New York,40.82634742,-73.92102336,1.0,Government Buildings & Services,False
Digital Arts and Cinema Technology High School,Brooklyn,BROOKLYN,3.0,New York,40.6854118,-73.99335115,1.0,School,False
"US Attorneys' Office - New York (Dept of Justice) - Federal Plaza, NYC",Manhattan,MANHATTAN,1.0,New York,40.71600786,-74.00474364,3.0,Government Buildings & Services,False
P.S. 163 Bath Beach,Brooklyn,BROOKLYN,3.0,New York,40.60678472,-74.00805994,1.0,Public Schools,False
"Mutual Redevelopment Houses, Inc",Manhattan,MANHATTAN,1.0,New York,40.74681794,-74.00044752,1.0,Businesses & Commercial Spaces,False
JSPOA Conlon Community Center,Queens,QUEENS,4.0,New York,40.70618542,-73.78913574,1.0,Senior Centers,False
Mott Haven Village Preparatory High School,Bronx,BRONX,2.0,New York,40.81824312,-73.91102892,1.0,School,False
P.S. 081 Robert J. Christen,Bronx,BRONX,2.0,New York,40.90354747,-73.90522749,1.0,Public Schools,False
Devanley US- Lacoste,Manhattan,MANHATTAN,1.0,New York,40.76107385,-73.97322988,1.0,Businesses & Commercial Spaces,False
P.S./I.S. 384 Frances E. Carter,Brooklyn,BROOKLYN,3.0,New York,40.69034599,-73.9048033,1.0,Public Schools,False
Jacob K. Javits Convention Center,Manhattan,MANHATTAN,1.0,New York,40.75655629,-74.00380806,1.0,Performance Venues,False
District 25 Pre-K Center at 123-07 22nd Ave (Q454),Queens,QUEENS,4.0,New York,40.78015259,-73.84492978,1.0,Public Schools,False
Imperial Theater,Manhattan,MANHATTAN,1.0,New York,40.75872127,-73.98731208,1.0,Performance Venues,False
New York City Office of Management & Budget,Manhattan,MANHATTAN,1.0,New York,40.71444286,-74.01147464,1.0,Government Buildings & Services,False
M.S. 246 Walt Whitman,Brooklyn,BROOKLYN,3.0,New York,40.6486003,-73.95282075,1.0,Public Schools,False
"CPW Dentistry - New York, NY",Manhattan,MANHATTAN,1.0,New York,40.77418402,-73.97906998,1.0,Health & Social Services,False
Cord Meyer,Queens,QUEENS,4.0,New York,40.71900402,-73.83846366,1.0,Businesses & Commercial Spaces,False
Harlem Village Academy West Middle School,Manhattan,MANHATTAN,1.0,New York,40.82141871,-73.94067347,1.0,School,False
The Museum of Modern Art,Manhattan,MANHATTAN,1.0,New York,40.76133288,-73.97804885,1.0,Museums,False
New World Preparatory Charter School (445 Villa Avenue),Staten Island,STATEN ISLAND,5.0,New York,40.62935114,-74.14303154,1.0,School,False
New York Life - NE-V69-Manhattan,Manhattan,MANHATTAN,1.0,New York,40.70853891,-74.01104079,1.0,Businesses & Commercial Spaces,False
Fordham University - Manhattan Campus,Manhattan,MANHATTAN,1.0,New York,40.77170367552,-73.9848906557,1.0,School,False
Rose Hill Pre-K Center at 3560 Webster Avenue (X373),Bronx,BRONX,2.0,New York,40.88084786,-73.87064828,1.0,Public Schools,False
MarkLogic Corporation - New York,Manhattan,MANHATTAN,1.0,New York,40.75109132,-73.9929259,1.0,Businesses & Commercial Spaces,False
John Adams High School,Queens,QUEENS,4.0,New York,40.6796313,-73.83729753,1.0,Public Schools,False
Success Academy Charter School - Flatbush,Brooklyn,BROOKLYN,3.0,New York,40.64856101,-73.95763888,1.0,School,False
East Side Community School,Manhattan,MANHATTAN,1.0,New York,40.72958225,-73.982555,1.0,School,False
AYSO R611 - FPP - 107th St,Manhattan,MANHATTAN,1.0,New York,40.8001508,-73.96296713,37.0,Health Clubs & Gyms,False
P721X @ Dewitt Clinton HS (X440),Bronx,BRONX,2.0,New York,40.88217149,-73.88690856,1.0,Public Schools,False
Bronx Dance Academy School,Bronx,BRONX,2.0,New York,40.88510988,-73.87767774,1.0,School,False
"The Charles A. Dana Foundation, Inc.",Manhattan,MANHATTAN,1.0,New York,40.76331917,-73.97369465,1.0,Businesses & Commercial Spaces,False
Washington Heights Academy,Manhattan,MANHATTAN,1.0,New York,40.86537764,-73.92113953,1.0,School,False
W. H. Maxwell Career and Technical Education High School,Brooklyn,BROOKLYN,3.0,New York,40.67412808,-73.89643036,1.0,School,False
"EW Howell Co.,LLC",Manhattan,MANHATTAN,1.0,New York,40.75089561,-73.98448033,1.0,Businesses & Commercial Spaces,False
Equinox,Manhattan,MANHATTAN,1.0,New York,40.71153017,-74.01567279,3.0,Health Clubs & Gyms,False
Village Care of New York,Manhattan,MANHATTAN,1.0,New York,40.7327233,-74.00812936,1.0,Nursing Homes,False
New World High School,Bronx,BRONX,2.0,New York,40.8878253,-73.85269224,1.0,Public Schools,False
Atmosphere Academy Charter School - Annex,Bronx,BRONX,2.0,New York,40.88812563,-73.91312313,3.0,School,False
JLL - 330 Madison Avenue,Manhattan,MANHATTAN,1.0,New York,40.75337598,-73.97887081,1.0,Businesses & Commercial Spaces,False
Baccalaureate School for Global Education,Queens,QUEENS,4.0,New York,40.75535848,-73.92716815,1.0,School,False
P.S. 051 Queens,Queens,QUEENS,4.0,New York,40.6990078,-73.83235616,1.0,Public Schools,False
"D.E. Shaw Research, LLC",Manhattan,MANHATTAN,1.0,New York,40.75710961,-73.983544,7.0,Businesses & Commercial Spaces,False
Jacob K. Javits Convention Center,Manhattan,MANHATTAN,1.0,New York,40.75655629,-74.00380806,1.0,Performance Venues,False
"Estee Lauder Companies, Inc.",Manhattan,MANHATTAN,1.0,New York,40.74057342,-74.00659664,1.0,Businesses & Commercial Spaces,False
The Port Authority of New York & New Jersey - Port Authority Bus Terminal,Manhattan,MANHATTAN,1.0,New York,40.75618542,-73.99056473,16.0,Ferries & Other Transportation,False
Department of Citywide Administrative Services,Manhattan,MANHATTAN,1.0,New York,40.71714978,-74.00065294,1.0,Government Buildings & Services,False
High School of World Cultures,Bronx,BRONX,2.0,New York,40.83159438,-73.87891119,1.0,School,False
P.S. 209 Bronx,Bronx,BRONX,2.0,New York,40.85657858,-73.89748993,1.0,Public Schools,False
Thomas C. Giordano Middle School 45,Bronx,BRONX,2.0,New York,40.85868515,-73.88721256,1.0,School,False
Acordia,Manhattan,MANHATTAN,1.0,New York,40.75337598,-73.97887081,1.0,Businesses & Commercial Spaces,False
HSBC,Manhattan,MANHATTAN,1.0,New York,40.75232808,-73.98241548,31.0,Businesses & Commercial Spaces,False
SCHULTE ROTH & ZABEL,Manhattan,MANHATTAN,1.0,New York,40.7591348,-73.96833956,13.0,Businesses & Commercial Spaces,False
P.S. 184 Newport,Brooklyn,BROOKLYN,3.0,New York,40.65995864,-73.9049009,1.0,Public Schools,False
P.S. K315,Brooklyn,BROOKLYN,3.0,New York,40.63322477,-73.9546547,1.0,Public Schools,False
"Walt Disney/ABC, Inc.",Manhattan,MANHATTAN,1.0,New York,40.77566742,-73.98750381,1.0,Businesses & Commercial Spaces,False
P.S. 306 Bronx,Bronx,BRONX,2.0,New York,40.85180865,-73.91117904,1.0,Public Schools,False
P.S. 121 Queens,Queens,QUEENS,4.0,New York,40.68404262,-73.8158334,1.0,Public Schools,False
P.S. 150 Christopher,Brooklyn,BROOKLYN,3.0,New York,40.66895314,-73.90472581,1.0,Public Schools,False
ALC - Prospect,Brooklyn,BROOKLYN,3.0,New York,40.67402175,-73.94510592,1.0,School,False
The Little Brooklyn Pre-K Center at 173-177 25th Street (K749),Brooklyn,BROOKLYN,3.0,New York,40.66103562,-73.99894753,1.0,Public Schools,False
P.S. 086 Kingsbridge Heights,Bronx,BRONX,2.0,New York,40.86982851,-73.89873854,1.0,Public Schools,False
Brilla Veritas Middle School,Bronx,BRONX,2.0,New York,40.81529644,-73.92010083,1.0,School,False
"Walt Disney/ABC, Inc.",Manhattan,MANHATTAN,1.0,New York,40.77298749,-73.98008127,1.0,Businesses & Commercial Spaces,False
P.S. 112 Dutch Kills,Queens,QUEENS,4.0,New York,40.75688351,-73.93452274,1.0,Public Schools,False
J.H.S. 008 Richard S. Grossley,Queens,QUEENS,4.0,New York,40.6971817,-73.78719168,1.0,Public Schools,False
Monsignor McClancy H.S.,Queens,QUEENS,4.0,New York,40.75816165,-73.89608262,1.0,Public Schools,False
"Walt Disney/ABC, Inc.",Manhattan,MANHATTAN,1.0,New York,40.77324011,-73.98069136,1.0,Businesses & Commercial Spaces,False
J.H.S. 162 The Willoughby,Brooklyn,BROOKLYN,3.0,New York,40.70722135,-73.91980526,1.0,Public Schools,False
Con Edison - Van Dam Street,Queens,QUEENS,4.0,New York,40.74077989,-73.93434376,1.0,Businesses & Commercial Spaces,False
Fordham University Bronx Location,Bronx,BRONX,2.0,New York,40.86072673616,-73.88953366191,1.0,Colleges & Universities,False
Yankee Stadium,Bronx,BRONX,2.0,New York,40.82894052,-73.92835563,1.0,Stadiums & Arenas,False
The New York Times,Manhattan,MANHATTAN,1.0,New York,40.75603172,-73.99065138,1.0,Businesses & Commercial Spaces,False
NYS Department of Financial Services,Manhattan,MANHATTAN,1.0,New York,40.70240415,-74.01294766,11.0,Government Buildings & Services,False
P010X @ P817 (X817),Bronx,BRONX,2.0,New York,40.83575873,-73.88758405,1.0,Public Schools,False
District 20 Pre-K Center at 1668 46th Street (K767),Brooklyn,BROOKLYN,3.0,New York,40.63176116,-73.98220959,1.0,Public Schools,False
P.S. 145 Andrew Jackson,Brooklyn,BROOKLYN,3.0,New York,40.70161367,-73.9324097,1.0,Public Schools,False
Morgan Stanley - ISG - New York Metro - 750 7th Avenue - Floor: 32,Manhattan,MANHATTAN,1.0,New York,40.76074642,-73.98352505,1.0,Businesses & Commercial Spaces,False
360 East 72nd Owners Inc.,Manhattan,MANHATTAN,1.0,New York,40.7681393486,-73.95683327837,3.0,Businesses & Commercial Spaces,False
Icahn Charter School I (Grades K-4),Bronx,BRONX,2.0,New York,40.83865918,-73.90501671,1.0,School,False
Rose Building,Manhattan,MANHATTAN,1.0,New York,40.76948571,-73.98345068,1.0,Businesses & Commercial Spaces,False
P.S. 226 Alfred De B.Mason,Brooklyn,BROOKLYN,3.0,New York,40.61524473,-73.97635017,1.0,Public Schools,False
P.S. 270 Johann DeKalb,Brooklyn,BROOKLYN,3.0,New York,40.69019515,-73.96147788,1.0,Public Schools,False
East River Senior Centers,Manhattan,MANHATTAN,1.0,New York,40.78890159,-73.94048588,1.0,Senior Centers,False
Madison Square Garden,Manhattan,MANHATTAN,1.0,New York,40.75000977,-73.99134519,8.0,Performance Venues,False
"Jack Resnick & Sons, Inc.",Manhattan,MANHATTAN,1.0,New York,40.71444286,-74.01147464,1.0,Businesses & Commercial Spaces,False
P.S. 026 Jesse Owens,Brooklyn,BROOKLYN,3.0,New York,40.6921191,-73.93173061,1.0,Public Schools,False
The Bronx Mathematics Preparatory School,Bronx,BRONX,2.0,New York,40.81482572,-73.85657914,1.0,School,False
P.S. 153 Helen Keller,Bronx,BRONX,2.0,New York,40.87260188,-73.83372474,1.0,Public Schools,False
Hearst Offices Sheffield Building,Manhattan,MANHATTAN,1.0,New York,40.7670539,-73.98371482,1.0,Businesses & Commercial Spaces,False
Success Academy Charter School - Hudson Yards,Manhattan,MANHATTAN,1.0,New York,40.75902931,-73.99605463,1.0,School,False
J.H.S. 220 John J. Pershing,Brooklyn,BROOKLYN,3.0,New York,40.64077092,-74.00049004,1.0,Public Schools,False
Morrison Cohen LLP,Manhattan,MANHATTAN,1.0,New York,40.75873689,-73.96861769,1.0,Businesses & Commercial Spaces,False
The New School,Manhattan,MANHATTAN,1.0,New York,40.73221251,-73.98873878,1.0,School,False
Innovatix,Manhattan,MANHATTAN,1.0,New York,40.77000254,-73.99065664,1.0,Businesses & Commercial Spaces,False
The Maxine Greene HS for Imaginative Inquiry,Manhattan,MANHATTAN,1.0,New York,40.77434411,-73.98475286,1.0,School,False
"Fried, Frank, Harris, Shriver & Jacobson LLP",Manhattan,MANHATTAN,1.0,New York,40.70253319,-74.01256178,1.0,Businesses & Commercial Spaces,False
The Harbor View School,Staten Island,STATEN ISLAND,5.0,New York,40.64788248,-74.08340605,1.0,School,False
"Amalgamated Warbasse Houses,",Brooklyn,BROOKLYN,3.0,New York,40.69485298,-73.98467374,1.0,Businesses & Commercial Spaces,False
The Blackstone Group,Manhattan,MANHATTAN,1.0,New York,40.75845753,-73.97091355,1.0,Businesses & Commercial Spaces,False
JLL - 866 UN Plaza,Manhattan,MANHATTAN,1.0,New York,40.7529175,-73.96683382,1.0,Businesses & Commercial Spaces,False
Eleven Times Square,Manhattan,MANHATTAN,1.0,New York,40.75689078,-73.9900232,17.0,Businesses & Commercial Spaces,False
Department of Citywide Administrative Services,Manhattan,MANHATTAN,1.0,New York,40.71445988,-74.00250343,1.0,Government Buildings & Services,False
Columbia University - Russ Berrie Medical Science Pavilion,Manhattan,MANHATTAN,1.0,New York,40.84059838,-73.93956846,1.0,Colleges & Universities,False
P.S. 3 Raul Julia Micro Society,Bronx,BRONX,2.0,New York,40.8498904,-73.892288,1.0,Public Schools,False
P.S. 131 Brooklyn,Brooklyn,BROOKLYN,3.0,New York,40.64114951,-73.99348169,1.0,Public Schools,False
"Cahill, Gordon & Reindel, LLP",Manhattan,MANHATTAN,1.0,New York,40.70588502,-74.0071811,1.0,Businesses & Commercial Spaces,False
St. Francis de Sales School for the Deaf,Brooklyn,BROOKLYN,3.0,New York,40.67113779,-73.960357,2.0,School,False
"Hawkins, Delafield & Wood LLP",Manhattan,MANHATTAN,1.0,New York,40.71321318,-74.0117089,1.0,Businesses & Commercial Spaces,False
Poly Prep COS,Brooklyn,BROOKLYN,3.0,New York,40.61231054,-74.02373162,1.0,Private Schools,False
Brooklyn International High School,Brooklyn,BROOKLYN,3.0,New York,40.69733156,-73.98501576,1.0,School,False
T53 Condominium LLC,Manhattan,MANHATTAN,1.0,New York,40.76314781,-73.98174478,1.0,Businesses & Commercial Spaces,False
West End Secondary School,Manhattan,MANHATTAN,1.0,New York,40.77208278,-73.98767417,1.0,School,False
Jack and Pearl Resnick Campus,Bronx,BRONX,2.0,New York,40.85117554,-73.84482139,1.0,School,False
Grant Avenue Elementary School,Bronx,BRONX,2.0,New York,40.82868907,-73.91766728,1.0,School,False
Macy's Inc. - 71002 - Brooklyn Downtown,Brooklyn,BROOKLYN,3.0,New York,40.69088421,-73.98595116,6.0,Businesses & Commercial Spaces,False
P.S. 005 Huguenot,Staten Island,STATEN ISLAND,5.0,New York,40.53016124,-74.1876332,1.0,Public Schools,False
Samara Community School,Bronx,BRONX,2.0,New York,40.83322823,-73.88496478,1.0,School,False
Department of Citywide Administrative Services,Manhattan,MANHATTAN,1.0,New York,40.71607657,-74.0014249,1.0,Government Buildings & Services,False
P811X - Bronx CMHC,Bronx,BRONX,2.0,New York,40.83058215,-73.8875856,1.0,Public Schools,False
SPARC Group aka Forever 21,Manhattan,MANHATTAN,1.0,New York,40.74939498,-73.99177476,3.0,Businesses & Commercial Spaces,False
"Cravath, Swaine & Moore LLP",Manhattan,MANHATTAN,1.0,New York,40.75216196,-73.9972028,1.0,Businesses & Commercial Spaces,False
P.S. 062 Inocensio Casanova,Bronx,BRONX,2.0,New York,40.81402414,-73.90060843,1.0,Public Schools,False
St. Francis Prep High School,Queens,QUEENS,4.0,New York,40.74266493,-73.77543997,1.0,School,False
P.S. X014 Senator John Calandra,Bronx,BRONX,2.0,New York,40.83577214,-73.82573295,1.0,Public Schools,False
Legacy College Prep High School,Bronx,BRONX,2.0,New York,40.82024724,-73.90811776,1.0,School,False
Irwin Altman Middle School 172,Queens,QUEENS,4.0,New York,40.74193551,-73.71296409,1.0,School,False
Morgan Stanley - 750 7th Avenue - Floor: 05,Manhattan,MANHATTAN,1.0,New York,40.76074642,-73.98352505,1.0,Businesses & Commercial Spaces,False
"P.S./M.S. 20 P.O.George J. Werdann, III",Bronx,BRONX,2.0,New York,40.86999593,-73.87887353,1.0,Public Schools,False
Wildlife Conservation Society,Bronx,BRONX,2.0,New York,40.85053675,-73.88245508,1.0,Zoos & Aquariums,False
Hi-Tech Metals,Queens,QUEENS,4.0,New York,40.72530036,-73.90779458,1.0,Businesses & Commercial Spaces,False
P369K - Coy L. Cox School (K369),Brooklyn,BROOKLYN,3.0,New York,40.68724981,-73.98357934,1.0,School,False
"Walt Disney/ABC, Inc.",Manhattan,MANHATTAN,1.0,New York,40.77282549,-73.97973833,1.0,Businesses & Commercial Spaces,False
Citigroup,Manhattan,MANHATTAN,1.0,New York,40.70453424,-74.01155228,1.0,Businesses & Commercial Spaces,False
"South Ozone Park, Seventh-Day Adventist Church",Queens,QUEENS,4.0,New York,40.67586034,-73.80100644,1.0,Houses of Worship,False
P.S. 099 Isaac Asimov,Brooklyn,BROOKLYN,3.0,New York,40.62155776,-73.96559535,1.0,Public Schools,False
Katsky Korins LLP.,Manhattan,MANHATTAN,1.0,New York,40.74906882,-73.97568171,1.0,Businesses & Commercial Spaces,False
Pratt Institute - 200 Willoughby,Brooklyn,BROOKLYN,3.0,New York,40.69204867,-73.96395776,2.0,Colleges & Universities,False
South Beach Senior Centers,Staten Island,STATEN ISLAND,5.0,New York,40.5954638,-74.07775189,1.0,Senior Centers,False
Amazon.com Services LLC - UNY2,Bronx,BRONX,2.0,New York,40.81220591653,-73.89615325034,1.0,Businesses & Commercial Spaces,False
"Cravath, Swaine & Moore LLP",Manhattan,MANHATTAN,1.0,New York,40.75216196,-73.9972028,1.0,Businesses & Commercial Spaces,False
"Mutual Redevelopment Houses, Inc",Manhattan,MANHATTAN,1.0,New York,40.74949408,-73.99844446,1.0,Businesses & Commercial Spaces,False
North Queens Community High School,Queens,QUEENS,4.0,New York,40.72035133,-73.8197912,1.0,School,False
Digital Arts and Cinema Technology High School,Brooklyn,BROOKLYN,3.0,New York,40.6854118,-73.99335115,1.0,School,False
Brookfield Properties - Brooklyn NY - 2 Metrotech Center - Bridge Street,Brooklyn,BROOKLYN,3.0,New York,40.69371953,-73.98569453,3.0,Businesses & Commercial Spaces,False
P.S. 033 Timothy Dwight,Bronx,BRONX,2.0,New York,40.86184396,-73.90175865,1.0,Public Schools,False
Congragation Kol Torah,Brooklyn,BROOKLYN,3.0,New York,40.61857316,-73.95476195,1.0,Houses of Worship,False
SONY Corporation,Manhattan,MANHATTAN,1.0,New York,40.76108209,-73.97325154,1.0,Businesses & Commercial Spaces,False
SIMPSON THACHER & BARTLETT,Manhattan,MANHATTAN,1.0,New York,40.75241735,-73.97531955,5.0,Businesses & Commercial Spaces,False
Zeta Charter School - Inwood 1,Manhattan,MANHATTAN,1.0,New York,40.87112664,-73.9119233,1.0,School,False
P.S. 095 Eastwood,Queens,QUEENS,4.0,New York,40.71061582,-73.78342254,1.0,Public Schools,False
P.S. 160 William T. Sampson - Annex,Brooklyn,BROOKLYN,3.0,New York,40.63731523,-73.99921453,1.0,Public Schools,False
P.S. 051 Elias Howe,Manhattan,MANHATTAN,1.0,New York,40.76151057,-73.99591009,1.0,Public Schools,False
St. Francis Prep High School,Queens,QUEENS,4.0,New York,40.74266493,-73.77543997,1.0,School,False
Associated Press,Manhattan,MANHATTAN,1.0,New York,40.75355633,-73.99881252,1.0,Businesses & Commercial Spaces,False
P.S. 372 - The Children's School (K834),Brooklyn,BROOKLYN,3.0,New York,40.6766607,-73.98525837,1.0,Public Schools,False
Department of Citywide Administrative Services,Manhattan,MANHATTAN,1.0,New York,40.71630987,-74.001277,1.0,Government Buildings & Services,False
Comcast Enterprise - FreeWheel-NYC,Manhattan,MANHATTAN,1.0,New York,40.7534321,-73.98715067,6.0,Businesses & Commercial Spaces,False
"Bailey House, Inc",Manhattan,MANHATTAN,1.0,New York,40.80287243,-73.94060338,1.0,Health & Social Services,False
P.S. 013 M. L. Lindemeyer,Staten Island,STATEN ISLAND,5.0,New York,40.61320843,-74.0698884,1.0,Public Schools,False
P.S. 054 Samuel C. Barnes,Brooklyn,BROOKLYN,3.0,New York,40.69273364,-73.95298052,1.0,Public Schools,False
Beginning With Children Charter School II - Middle School,Brooklyn,BROOKLYN,3.0,New York,40.70023561,-73.94781435,1.0,School,False
I.S. 339 Bronx,Bronx,BRONX,2.0,New York,40.8408383,-73.90477144,1.0,Public Schools,False
Citigroup,Manhattan,MANHATTAN,1.0,New York,40.72065166,-74.01009762,1.0,Businesses & Commercial Spaces,False
P.S. 327 Dr. Rose B. English,Brooklyn,BROOKLYN,3.0,New York,40.66846791,-73.91235055,1.0,Public Schools,False
P.S. 216 Arturo Toscanini,Brooklyn,BROOKLYN,3.0,New York,40.59055663,-73.96996442,1.0,Public Schools,False
Vornado Office Management LLC,Manhattan,MANHATTAN,1.0,New York,40.76139645,-73.96819409,1.0,Businesses & Commercial Spaces,False
Givaudan Fragrances,Manhattan,MANHATTAN,1.0,New York,40.76353088,-73.97535152,3.0,Businesses & Commercial Spaces,False
Francis Lewis High School,Queens,QUEENS,4.0,New York,40.74071593,-73.79282959,1.0,School,False
P721Q - John F. Kennedy Jr. School (Q722),Queens,QUEENS,4.0,New York,40.73599565,-73.86747731,1.0,School,False
"Sovereign Apartments, Inc.",Manhattan,MANHATTAN,1.0,New York,40.75867715,-73.96170524,1.0,Businesses & Commercial Spaces,False
Red Hook Recreation Center,Brooklyn,BROOKLYN,3.0,New York,40.6719296,-74.00351481,1.0,Parks & Recreation,False
P.S. 042 Benjamin Altman,Manhattan,MANHATTAN,1.0,New York,40.7158978,-73.99089512,1.0,Public Schools,False
J.H.S. 008 Richard S. Grossley,Queens,QUEENS,4.0,New York,40.6971817,-73.78719168,1.0,Public Schools,False
Community Health Academy of the Heights,Manhattan,MANHATTAN,1.0,New York,40.83368018,-73.94207185,1.0,School,False
The Bay Terrace,Queens,QUEENS,4.0,New York,40.77827637,-73.77727282,1.0,Businesses & Commercial Spaces,False
"Major League Baseball, Office of the Commissioner (BOC): Park Avenue",Manhattan,MANHATTAN,1.0,New York,40.75481909,-73.97568321,4.0,Businesses & Commercial Spaces,False
Tilden Towers Senior Centers,Bronx,BRONX,2.0,New York,40.87685744,-73.86157606,1.0,Senior Centers,False
P.S. 748 Brooklyn School for Global Scholars,Brooklyn,BROOKLYN,3.0,New York,40.60722669,-74.00719925,1.0,Public Schools,False
P.S. 174 William Sidney Mount,Queens,QUEENS,4.0,New York,40.72091688,-73.86134923,1.0,Public Schools,False
US Department of State - US Mission to the United Nations,Manhattan,MANHATTAN,1.0,New York,40.75066178,-73.96850962,19.0,Government Buildings & Services,False
Citigroup,Manhattan,MANHATTAN,1.0,New York,40.76187959,-73.96842127,1.0,Businesses & Commercial Spaces,False
P037R - Great Kills Campus (R089),Staten Island,STATEN ISLAND,5.0,New York,40.56396289,-74.15088459,1.0,School,False
Morgan Stanley - 1585 Broadway,Manhattan,MANHATTAN,1.0,New York,40.76020869,-73.98533366,2.0,Businesses & Commercial Spaces,False
Fordham University Bronx Location,Bronx,BRONX,2.0,New York,40.86072673616,-73.88953366191,1.0,Colleges & Universities,False
M.S. 394 Brooklyn,Brooklyn,BROOKLYN,3.0,New York,40.67275515,-73.92797249,1.0,Public Schools,False
P.S./I.S. 104 The Fort Hamilton School - Annex,Brooklyn,BROOKLYN,3.0,New York,40.61992359,-74.0280857,1.0,Public Schools,False
P.S. 280 Queens,Queens,QUEENS,4.0,New York,40.75423347,-73.87376818,1.0,Public Schools,False
P369K @ Academy of Integrated Learning (K313),Brooklyn,BROOKLYN,3.0,New York,40.69467506,-73.98885333,1.0,School,False
P.S. 034 Oliver H. Perry,Brooklyn,BROOKLYN,3.0,New York,40.72612784,-73.94964845,1.0,Public Schools,False
P.S. 049 Dorothy Bonawit Kole,Queens,QUEENS,4.0,New York,40.71985947,-73.87509257,1.0,Public Schools,False
P.S. 35 The Clove Valley School,Staten Island,STATEN ISLAND,5.0,New York,40.61371342,-74.09962524,1.0,Public Schools,False
P.S. Q222 - Fire Fighter Christopher A. Santora School,Queens,QUEENS,4.0,New York,40.75016457,-73.88036269,1.0,Public Schools,False
P.S. 200- The James Mccune Smith School,Manhattan,MANHATTAN,1.0,New York,40.82448812,-73.93699607,1.0,Public Schools,False
British International School,Manhattan,MANHATTAN,1.0,New York,40.73725228,-73.97415965,1.0,School,False
NY State Public Service Commission,Manhattan,MANHATTAN,1.0,New York,40.71257932,-74.00977536,1.0,Government Buildings & Services,False
Morgan Stanley - ISG - New York Metro - 750 7th Ave - Floor: 30,Manhattan,MANHATTAN,1.0,New York,40.76074642,-73.98352505,1.0,Businesses & Commercial Spaces,False
Space Shuttle Columbia School,Staten Island,STATEN ISLAND,5.0,New York,40.58313125,-74.16186165,1.0,School,False
Morgan Stanley - 180 Varick St.,Manhattan,MANHATTAN,1.0,New York,40.72747272,-74.00548048,1.0,Businesses & Commercial Spaces,False
Three World Trade Center,Manhattan,MANHATTAN,1.0,New York,40.71096789,-74.01235777,1.0,Businesses & Commercial Spaces,False
Long Island City High School,Queens,QUEENS,4.0,New York,40.76581945,-73.93279916,1.0,School,False
P.S. 116 Mary Lindley Murray,Manhattan,MANHATTAN,1.0,New York,40.74483139,-73.97811566,1.0,Public Schools,False
910 5th Avenue,Manhattan,MANHATTAN,1.0,New York,40.77240794,-73.96652441,1.0,Businesses & Commercial Spaces,False
Cathedral Towers Senior Centers,Manhattan,MANHATTAN,1.0,New York,40.80155866,-73.96236675,1.0,Senior Centers,False
The Lexington Academy,Manhattan,MANHATTAN,1.0,New York,40.7911723,-73.9477753,1.0,School,False
The Museum of Modern Art,Manhattan,MANHATTAN,1.0,New York,40.76099511,-73.97720066,1.0,Museums,False
P.S. 019 The Curtis School,Staten Island,STATEN ISLAND,5.0,New York,40.63120349,-74.12706462,1.0,Public Schools,False
Cadogan Tate,Brooklyn,BROOKLYN,3.0,New York,40.72794297,-73.93997769,1.0,Businesses & Commercial Spaces,False
P.S. 047 John Randolph,Bronx,BRONX,2.0,New York,40.83289576,-73.8668463,1.0,Public Schools,False
Second Stage theatre,Manhattan,MANHATTAN,1.0,New York,40.75812316,-73.98979922,1.0,Performance Venues,False
P.S. 191 The Riverside School for Makers and Artists,Manhattan,MANHATTAN,1.0,New York,40.77306564,-73.9900677,1.0,Public Schools,False
M.S. 301 Paul L. Dunbar,Bronx,BRONX,2.0,New York,40.82246699,-73.90719334,1.0,Public Schools,False
Mosaic Pre-K Center at 44-15 Judge Street (Q391),Queens,QUEENS,4.0,New York,40.74295648,-73.87744895,1.0,Public Schools,False
P.S. 207 Elizabeth G. Leary - ECC Annex,Brooklyn,BROOKLYN,3.0,New York,40.62112755,-73.93549214,1.0,Public Schools,False
DOARRIECK KALEY & MACK,Manhattan,MANHATTAN,1.0,New York,40.71155288,-74.00846944,1.0,Businesses & Commercial Spaces,False
Van Siclen Community Middle School,Brooklyn,BROOKLYN,3.0,New York,40.66010272,-73.88538703,1.0,School,False
Maxwell-Kates Inc,Manhattan,MANHATTAN,1.0,New York,40.736138,-73.99607043,1.0,Businesses & Commercial Spaces,False
P.S. 019 The Curtis School,Staten Island,STATEN ISLAND,5.0,New York,40.63120349,-74.12706462,1.0,Public Schools,False
P.S. 163 Alfred E. Smith,Manhattan,MANHATTAN,1.0,New York,40.79443531,-73.96913892,1.0,Public Schools,False
P.S. 046 Arthur Tappan,Manhattan,MANHATTAN,1.0,New York,40.83131083,-73.93569953,1.0,Public Schools,False
Columbia University - Mary Wood Lasker Biomedical Research Building,Manhattan,MANHATTAN,1.0,New York,40.83975359,-73.94070404,1.0,Colleges & Universities,False
P.S. 106 Parkchester,Bronx,BRONX,2.0,New York,40.83636746,-73.85517371,1.0,Public Schools,False
Jet Blue Airways Corp.,Queens,QUEENS,4.0,New York,40.65392244,-73.79113256,4.0,Businesses & Commercial Spaces,False
P.S./I.S. 266 Queens,Queens,QUEENS,4.0,New York,40.74622288,-73.72761248,1.0,Public Schools,False
Dominican Academy,Manhattan,MANHATTAN,1.0,New York,40.76902375,-73.96686909,1.0,School,False
Mount Eden Children's Academy,Bronx,BRONX,2.0,New York,40.84248847,-73.91608156,1.0,School,False
Manhattan Comprehensive Night and Day High School (MCNDHS),Manhattan,MANHATTAN,1.0,New York,40.73270884,-73.984665,1.0,School,False
P.S. 134 Hollis,Queens,QUEENS,4.0,New York,40.70798728,-73.75524315,1.0,Public Schools,False
Murry Bergtraum High School For Business Careers,Manhattan,MANHATTAN,1.0,New York,40.71143517,-74.00085127,1.0,School,False
"United Talent Agency, LLC",Manhattan,MANHATTAN,1.0,New York,40.76500854,-73.98041579,1.0,Businesses & Commercial Spaces,False
Ambassador Theater,Manhattan,MANHATTAN,1.0,New York,40.75961586,-73.9855973,1.0,Performance Venues,False
Village Care of New York,Manhattan,MANHATTAN,1.0,New York,40.73447734,-74.00584189,1.0,Nursing Homes,False
"I.S. 349 Math, Science & Tech.",Brooklyn,BROOKLYN,3.0,New York,40.70068293,-73.92748057,1.0,Public Schools,False
P.S. 195 Bronx,Bronx,BRONX,2.0,New York,40.83049245,-73.87770266,1.0,Public Schools,False
Repertory Company High School for Theatre Arts,Manhattan,MANHATTAN,1.0,New York,40.75583616,-73.98438172,1.0,School,False
I.S. 119 The Glendale,Queens,QUEENS,4.0,New York,40.70439826,-73.87518297,1.0,Public Schools,False
American Society of Mechanical Engineers,Manhattan,MANHATTAN,1.0,New York,40.74606997,-73.98209233,1.0,Businesses & Commercial Spaces,False
P.S. 399 Stanley Eugene Clark,Brooklyn,BROOKLYN,3.0,New York,40.64803723,-73.95189141,1.0,Public Schools,False
P.S. 335 Granville T. Woods,Brooklyn,BROOKLYN,3.0,New York,40.67464894,-73.92779379,1.0,Public Schools,False
Cushman Wakefield,Manhattan,MANHATTAN,1.0,New York,40.76107398,-73.97379662,1.0,Businesses & Commercial Spaces,False
Eleven Times Square,Manhattan,MANHATTAN,1.0,New York,40.75689078,-73.9900232,17.0,Businesses & Commercial Spaces,False
John Ericsson Middle School 126,Brooklyn,BROOKLYN,3.0,New York,40.71981168,-73.94862509,1.0,School,False
P.S. 243K- The Weeksville School,Brooklyn,BROOKLYN,3.0,New York,40.67608641,-73.93568753,1.0,Public Schools,False
"JFK Airport, Building 14",Queens,QUEENS,4.0,New York,40.64831283,-73.7882815,40.0,Ferries & Other Transportation,False
FTI Consulting,Manhattan,MANHATTAN,1.0,New York,40.75636894,-73.98671335,1.0,Businesses & Commercial Spaces,False
M.S. 131 Manhattan,Manhattan,MANHATTAN,1.0,New York,40.71654572,-73.99309191,1.0,Public Schools,False
"Walt Disney/ABC, Inc.",Manhattan,MANHATTAN,1.0,New York,40.73768861,-73.99239688,1.0,Businesses & Commercial Spaces,False
Lyons Community School,Brooklyn,BROOKLYN,3.0,New York,40.70993366,-73.94364064,1.0,School,False
M.S. 061 Dr. Gladstone H. Atwell,Brooklyn,BROOKLYN,3.0,New York,40.66399972,-73.94921973,1.0,Public Schools,False
P.S. 506: The School of Journalism & Technology,Brooklyn,BROOKLYN,3.0,New York,40.64211429,-74.01899669,1.0,Public Schools,False
Academy for Excellence Through the Arts,Queens,QUEENS,4.0,New York,40.72609251,-73.84350106,1.0,Public Schools,False
Equinox,Manhattan,MANHATTAN,1.0,New York,40.74606173,-73.98207068,5.0,Health Clubs & Gyms,False
Brooklyn STEAM Center,Brooklyn,BROOKLYN,3.0,New York,40.69785037,-73.97098698,1.0,Public Schools,False
"Traxys North America, LLC",Manhattan,MANHATTAN,1.0,New York,40.7557263,-73.97017119,1.0,Businesses & Commercial Spaces,False
Con Edison - The Learning Center,Queens,QUEENS,4.0,New York,40.75115559,-73.95197546,7.0,Businesses & Commercial Spaces,False
P.S. 189 The Bilingual Center,Brooklyn,BROOKLYN,3.0,New York,40.66555725,-73.92624648,1.0,Public Schools,False
Saint David's School,Manhattan,MANHATTAN,1.0,New York,40.78318667,-73.95839426,5.0,School,False
East Elmhurst Community School,Queens,QUEENS,4.0,New York,40.76154932,-73.87223814,1.0,School,False
I.S. 024 Myra S. Barnes,Staten Island,STATEN ISLAND,5.0,New York,40.54607337,-74.14583904,1.0,Public Schools,False
NYC Department of Design & Construction,Queens,QUEENS,4.0,New York,40.74503532,-73.93619092,1.0,Government Buildings & Services,False
Sports and Therapy Rehabilitation,Manhattan,MANHATTAN,1.0,New York,40.75996664,-73.96898891,1.0,Health Clubs & Gyms,False
Brooklyn Laboratory Charter School (Jay Street Campus),Brooklyn,BROOKLYN,3.0,New York,40.69720829,-73.98705336,1.0,School,False
P.S. 028 Wright Brothers,Manhattan,MANHATTAN,1.0,New York,40.83122093,-73.94214266,1.0,Public Schools,False
Merrick Academy - Queens Public Charter School,Queens,QUEENS,4.0,New York,40.67649747,-73.75319244,1.0,School,False
DREAM Charter Elementary and Middle School,Manhattan,MANHATTAN,1.0,New York,40.78821453,-73.94421332,1.0,School,False
P.S. 196 Ten Eyck,Brooklyn,BROOKLYN,3.0,New York,40.70871588,-73.94000228,1.0,Public Schools,False
I.S. 392 Brooklyn,Brooklyn,BROOKLYN,3.0,New York,40.66595795,-73.91810682,1.0,Public Schools,False
"Time, Inc.",Manhattan,MANHATTAN,1.0,New York,40.76028202,-73.98015728,1.0,Businesses & Commercial Spaces,False
Archbishop Molloy,Queens,QUEENS,4.0,New York,40.71108883,-73.82050168,1.0,School,False
Franklin Delano Roosevelt High School,Brooklyn,BROOKLYN,3.0,New York,40.62043886,-73.98179477,1.0,School,False
Jacob K. Javits Convention Center,Manhattan,MANHATTAN,1.0,New York,40.75655629,-74.00380806,1.0,Performance Venues,False
Morgan Stanley - ISG - New York Metro - 522 5th Avenue - Floor: 23,Manhattan,MANHATTAN,1.0,New York,40.75450705,-73.98014457,1.0,Businesses & Commercial Spaces,False
Success Academy Charter School - Harlem 1 [9-12],Manhattan,MANHATTAN,1.0,New York,40.74616865,-73.98124058,1.0,School,False
Morgan Stanley - 1585 Broadway,Manhattan,MANHATTAN,1.0,New York,40.76020869,-73.98533366,1.0,Businesses & Commercial Spaces,False
CAB E. Roberts Moore Senior Centers,Bronx,BRONX,2.0,New York,40.81234613,-73.90940033,1.0,Senior Centers,False
District 27 Pre-K Center at Q473 (Q473),Queens,QUEENS,4.0,New York,40.67182905,-73.85667514,1.0,Public Schools,False
Fordham University Bronx Location,Bronx,BRONX,2.0,New York,40.86072673616,-73.88953366191,1.0,Colleges & Universities,False
College Point Collaborative,Queens,QUEENS,4.0,New York,40.78531936,-73.8437477,1.0,Public Schools,False
P.S. 236 Mill Basin,Brooklyn,BROOKLYN,3.0,New York,40.61599089,-73.91298882,1.0,Public Schools,False
"Landmark Owners, Inc",Manhattan,MANHATTAN,1.0,New York,40.76053891,-73.96420572,1.0,Businesses & Commercial Spaces,False
Brooklyn Prospect Charter - High School,Brooklyn,BROOKLYN,3.0,New York,40.64839665,-73.97850778,1.0,School,False
P.S. 297 Abraham Stockton,Brooklyn,BROOKLYN,3.0,New York,40.69777355,-73.94780907,1.0,Public Schools,False
P.S. 162 John Golden,Queens,QUEENS,4.0,New York,40.74902802,-73.77721218,1.0,Public Schools,False
Millennium Brooklyn High School,Brooklyn,BROOKLYN,3.0,New York,40.66962217,-73.97928676,1.0,School,False
Brooklyn Technical High School,Brooklyn,BROOKLYN,3.0,New York,40.68882691,-73.97690452,1.0,School,False
P.S. 169 Bay Terrace,Queens,QUEENS,4.0,New York,40.78224052,-73.77906137,1.0,Public Schools,False
P370K - The Jim Thorpe School,Brooklyn,BROOKLYN,3.0,New York,40.57751327,-73.96951673,1.0,School,False
P.S. 145 - The Bloomingdale School,Manhattan,MANHATTAN,1.0,New York,40.79936927,-73.96530805,1.0,Public Schools,False
I.S. 007 Elias Bernstein,Staten Island,STATEN ISLAND,5.0,New York,40.52374941,-74.18593897,1.0,Public Schools,False
Rockefeller University,Manhattan,MANHATTAN,1.0,New York,40.76312728,-73.95645028,1.0,Colleges & Universities,False
"Walt Disney/ABC, Inc.",Manhattan,MANHATTAN,1.0,New York,40.75593483,-73.98332411,1.0,Businesses & Commercial Spaces,False
P233Q @ Q835,Queens,QUEENS,4.0,New York,40.70718891,-73.75412796,1.0,Public Schools,False
130 East 75th Street Owners Corp,Manhattan,MANHATTAN,1.0,New York,40.77262042,-73.96140836,1.0,Businesses & Commercial Spaces,False
P.S. 219 Paul Klapper,Queens,QUEENS,4.0,New York,40.73526982,-73.82374879,1.0,Public Schools,False
Big Six Towers,Queens,QUEENS,4.0,New York,40.74145583012,-73.90417425201,2.0,Businesses & Commercial Spaces,False
"Jack Resnick & Sons, Inc.",Manhattan,MANHATTAN,1.0,New York,40.76169581,-73.96886176,1.0,Businesses & Commercial Spaces,False
P.S. 128 Bensonhurst,Brooklyn,BROOKLYN,3.0,New York,40.60486357,-73.99554519,1.0,Public Schools,False
PS/IS 102Q,Queens,QUEENS,4.0,New York,40.73350669,-73.87785609,1.0,Public Schools,False
P.S. 007 Abraham Lincoln,Brooklyn,BROOKLYN,3.0,New York,40.68968948,-73.87310836,1.0,Public Schools,False
P.S. 119 Amersfort,Brooklyn,BROOKLYN,3.0,New York,40.62565523,-73.93826522,1.0,Public Schools,False
SPEAR Physical Therapy,Manhattan,MANHATTAN,1.0,New York,40.73585242,-73.99324506,1.0,Health Clubs & Gyms,False
M.S. 890 Brooklyn,Brooklyn,BROOKLYN,3.0,New York,40.64446173,-73.9710319,1.0,Public Schools,False
New York Congregation Nursing Center,Brooklyn,BROOKLYN,3.0,New York,40.65242696,-73.95389199,2.0,Nursing Homes,False
Liberty High School Academy for Newcomers,Manhattan,MANHATTAN,1.0,New York,40.74164955,-73.99930713,1.0,School,False
Walter Kerr Theater,Manhattan,MANHATTAN,1.0,New York,40.76100463,-73.98500139,1.0,Performance Venues,False
P.S. 100 The Coney Island School,Brooklyn,BROOKLYN,3.0,New York,40.57731337,-73.97131312,1.0,Public Schools,False
Long Island City High School,Queens,QUEENS,4.0,New York,40.76581945,-73.93279916,1.0,School,False
Columbia University,Manhattan,MANHATTAN,1.0,New York,40.8072704,-73.96212871,2.0,Colleges & Universities,False
P.S. 287 Bailey K. Ashford,Brooklyn,BROOKLYN,3.0,New York,40.69789357,-73.98054016,1.0,Public Schools,False
Department of Citywide Administrative Services,Manhattan,MANHATTAN,1.0,New York,40.71371602,-74.00358556,1.0,Government Buildings & Services,False
P.S. 065 Mother Hale Academy,Bronx,BRONX,2.0,New York,40.80732857,-73.91273051,1.0,Public Schools,False
Oracle,Manhattan,MANHATTAN,1.0,New York,40.74060295,-73.98604529,1.0,Businesses & Commercial Spaces,False
P.S. 021 Edward Hart,Queens,QUEENS,4.0,New York,40.77450479,-73.81928304,1.0,Public Schools,False
"The Queens College School for Math, Science and Technology",Queens,QUEENS,4.0,New York,40.73923889,-73.82205664,1.0,School,False
Hebrew Language Academy Charter School II (NEW),Brooklyn,BROOKLYN,3.0,New York,40.59583601,-73.99700052,1.0,School,False
Brooks Senior Centers,Queens,QUEENS,4.0,New York,40.68855661,-73.8035538,1.0,Senior Centers,False
"40 Wall Street, LLC",Manhattan,MANHATTAN,1.0,New York,40.70677685,-74.01013158,1.0,Businesses & Commercial Spaces,False
Paul Capital Partners,Manhattan,MANHATTAN,1.0,New York,40.75314994,-73.97417151,1.0,Businesses & Commercial Spaces,False
P.S./I.S. 157 The Benjamin Franklin Health & Science Academy,Brooklyn,BROOKLYN,3.0,New York,40.69540956,-73.95957078,1.0,Public Schools,False
Brooklyn Ascend Charter Lower School,Brooklyn,BROOKLYN,3.0,New York,40.6620268,-73.92112855,1.0,School,False
Ft. Hamilton/St. John''s Senior Centers,Brooklyn,BROOKLYN,3.0,New York,40.62211033,-74.04017212,1.0,Senior Centers,False
Bettina Equities Management - 230 E 85th,Manhattan,MANHATTAN,1.0,New York,40.77778044,-73.95367126,2.0,Businesses & Commercial Spaces,False
LYFE Program at Midtown Manhattan Learning Center (M081),Manhattan,MANHATTAN,1.0,New York,40.80600644,-73.9512169,1.0,School,False
P.S. 245 Brooklyn,Brooklyn,BROOKLYN,3.0,New York,40.64500844,-73.96320852,1.0,Public Schools,False
The Joan Snow Pre-K Center at 1340 East 29th Street (K063),Brooklyn,BROOKLYN,3.0,New York,40.61844325,-73.94632967,1.0,Public Schools,False
P.S. 144 Col Jeromus Remsen,Queens,QUEENS,4.0,New York,40.71497002,-73.85337153,1.0,Public Schools,False
Preston High School,Bronx,BRONX,2.0,New York,40.81424893,-73.81933727,1.0,School,False
Morgan Stanley - 750 7th Avenue,Manhattan,MANHATTAN,1.0,New York,40.76074642,-73.98352505,1.0,Businesses & Commercial Spaces,False
Leadership and Public Service High School,Manhattan,MANHATTAN,1.0,New York,40.70872267,-74.0123321,1.0,School,False
"Mutual Redevelopment Houses, Inc",Manhattan,MANHATTAN,1.0,New York,40.74791305,-73.99658944,1.0,Businesses & Commercial Spaces,False
P.S. 97 The Highlawn,Brooklyn,BROOKLYN,3.0,New York,40.60142634,-73.98613931,1.0,Public Schools,False
Brilla Charter School Pax,Bronx,BRONX,2.0,New York,40.86219388,-73.90666046,1.0,School,False
Equinox,Manhattan,MANHATTAN,1.0,New York,40.71416306,-74.00967819,1.0,Health Clubs & Gyms,False
High Rock Park,Staten Island,STATEN ISLAND,5.0,New York,40.58456764,-74.12377856,1.0,Parks & Recreation,False
P.S. 087 William Sherman,Manhattan,MANHATTAN,1.0,New York,40.7819514,-73.9776376,1.0,Public Schools,False
P.S. 132 Ralph Bunche,Queens,QUEENS,4.0,New York,40.68210621,-73.74991944,1.0,Public Schools,False
"WIN - Women in Need, Inc.",Brooklyn,BROOKLYN,3.0,New York,40.68243398,-73.92485765,1.0,Health & Social Services,False
TD Cowen,Manhattan,MANHATTAN,1.0,New York,40.75826818,-73.97105441,1.0,Businesses & Commercial Spaces,False
John Dewey High School,Brooklyn,BROOKLYN,3.0,New York,40.58926083,-73.98173849,1.0,School,False
CB Richard Ellis,Manhattan,MANHATTAN,1.0,New York,40.76085011,-73.97971672,1.0,Businesses & Commercial Spaces,False
Morgan Stanley - ISG - New York Metro - 111 Wall Street - Floor: 2,Manhattan,MANHATTAN,1.0,New York,40.70454561,-74.00663634,1.0,Businesses & Commercial Spaces,False
Port Richmond High School,Staten Island,STATEN ISLAND,5.0,New York,40.634565,-74.14181777,1.0,School,False
P.S. 093 William H. Prescott,Brooklyn,BROOKLYN,3.0,New York,40.67908942,-73.9468395,1.0,Public Schools,False
"WIN - Women in Need, Inc. (Liberty Family)",Brooklyn,BROOKLYN,3.0,New York,40.67398926,-73.90407328,1.0,Health & Social Services,False
School of Performing Arts (X116),Bronx,BRONX,2.0,New York,40.82243627,-73.8939007,1.0,Public Schools,False
Stephens Investments Holdings LLC - New York,Manhattan,MANHATTAN,1.0,New York,40.7607114,-73.97264164,2.0,Businesses & Commercial Spaces,False
AMC Theatre,Manhattan,MANHATTAN,1.0,New York,40.75245828,-73.99413848,3.0,Businesses & Commercial Spaces,False
MiTek Industries - RKL Building Products,Queens,QUEENS,4.0,New York,40.78413892,-73.83766949,1.0,Businesses & Commercial Spaces,False
P.S. 070 Max Schoenfeld,Bronx,BRONX,2.0,New York,40.84424684,-73.90761462,1.0,Public Schools,False
Morgan Stanley - ISG - New York Metro - Floor: 09,Manhattan,MANHATTAN,1.0,New York,40.76074642,-73.98352505,1.0,Businesses & Commercial Spaces,False
Abramson Brothers Inc. Realty Investments,Manhattan,MANHATTAN,1.0,New York,40.74632551,-73.98399058,1.0,Businesses & Commercial Spaces,False
Suspension Hearing Office (Staten Island),Staten Island,STATEN ISLAND,5.0,New York,40.60874845,-74.10234414,1.0,Government Buildings & Services,False
P.S. 075 Mayda Cortiella,Brooklyn,BROOKLYN,3.0,New York,40.69330595,-73.92066589,1.0,Public Schools,False
M.S. 180 Dr. Daniel Hale Williams,Bronx,BRONX,2.0,New York,40.87300547,-73.83380689,1.0,Public Schools,False
The Leona M. and Harry B Helmlsey Charitable Trust,Manhattan,MANHATTAN,1.0,New York,40.75450075,-73.97595043,1.0,Businesses & Commercial Spaces,False
P.S. 226 Bronx,Bronx,BRONX,2.0,New York,40.8565663,-73.9162011,1.0,Public Schools,False
P.S. 165 Ida Posner,Brooklyn,BROOKLYN,3.0,New York,40.65743289,-73.91105319,1.0,Public Schools,False
Brooklyn Theatre Arts High School,Brooklyn,BROOKLYN,3.0,New York,40.63327759,-73.91673477,1.0,School,False
"Cougar Capital, LLC",Manhattan,MANHATTAN,1.0,New York,40.76203509,-73.97582857,1.0,Businesses & Commercial Spaces,False
P.S. 013 Roberto Clemente,Brooklyn,BROOKLYN,3.0,New York,40.66366528,-73.89375412,1.0,Public Schools,False
Conde Nast Building,Manhattan,MANHATTAN,1.0,New York,40.75617401,-73.98624415,1.0,Businesses & Commercial Spaces,False
P.S. 155 The Ronald H. Brown School,Queens,QUEENS,4.0,New York,40.67955186,-73.81060006,1.0,Public Schools,False
Thomas A. Edison Career and Technical Education High School,Queens,QUEENS,4.0,New York,40.71538132,-73.80036854,1.0,School,False
ArchCare Senior Life PACE Staten Island,Staten Island,STATEN ISLAND,5.0,New York,40.59622848,-74.09047813,1.0,Senior Centers,False
Hudson River Park Trust,Manhattan,MANHATTAN,1.0,New York,40.72916313,-74.0106762,1.0,Parks & Recreation,False
Berry Houses Friendship Club,Staten Island,STATEN ISLAND,5.0,New York,40.58665415,-74.10092763,1.0,Senior Centers,False
P.S. 067 Mohegan School,Bronx,BRONX,2.0,New York,40.84393802,-73.88478716,1.0,Public Schools,False
"Science, Technology and Research Early College High School at Erasmus",Brooklyn,BROOKLYN,3.0,New York,40.64978002,-73.95854985,1.0,Public Schools,False
Sentinel Real Estate Corp.,Manhattan,MANHATTAN,1.0,New York,40.75963708,-73.98062674,1.0,Businesses & Commercial Spaces,False
Piper Sandler & Co.,Manhattan,MANHATTAN,1.0,New York,40.75963708,-73.98062674,1.0,Businesses & Commercial Spaces,False
The Michael J. Petrides School,Staten Island,STATEN ISLAND,5.0,New York,40.60874845,-74.10234414,1.0,School,False
United Odd Fellow and Rebekah Home,Bronx,BRONX,2.0,New York,40.82987979,-73.84738988,2.0,Nursing Homes,False
Rockefeller University,Manhattan,MANHATTAN,1.0,New York,40.76312728,-73.95645028,1.0,Colleges & Universities,False
Tishman Speyer Properties,Manhattan,MANHATTAN,1.0,New York,40.75809702,-73.97916529,1.0,Businesses & Commercial Spaces,False
Broome Street Academy Charter High School,Manhattan,MANHATTAN,1.0,New York,40.72389632,-74.00469008,1.0,School,False
P.S. 196 Ten Eyck,Brooklyn,BROOKLYN,3.0,New York,40.70871588,-73.94000228,1.0,Public Schools,False
"Cahill, Gordan & Reindel, LLP",Manhattan,MANHATTAN,1.0,New York,40.70356563,-74.00803562,1.0,Businesses & Commercial Spaces,False
Frank Sinatra School of the Arts High School,Queens,QUEENS,4.0,New York,40.75652643,-73.92512027,1.0,School,False
PJT Partners,Manhattan,MANHATTAN,1.0,New York,40.75601562,-73.97483093,1.0,Businesses & Commercial Spaces,False
Fordham University Bronx Location,Bronx,BRONX,2.0,New York,40.86072673616,-73.88953366191,1.0,Colleges & Universities,False
Platton Hall,Manhattan,MANHATTAN,1.0,New York,40.78334634,-73.98095202,1.0,Businesses & Commercial Spaces,False
P.S. 055 Benjamin Franklin,Bronx,BRONX,2.0,New York,40.83639751,-73.90501273,1.0,Public Schools,False
FDNY - Captain Vernon A. Richards High School for Fire and Life Safety,Brooklyn,BROOKLYN,3.0,New York,40.6674485,-73.89474657,1.0,School,False
P.S. 100 The Coney Island School,Brooklyn,BROOKLYN,3.0,New York,40.57731337,-73.97131312,1.0,Public Schools,False
P.S. 131 Abigail Adams,Queens,QUEENS,4.0,New York,40.71660909,-73.79463635,1.0,Public Schools,False
East Harlem Scholars Academy Charter School,Manhattan,MANHATTAN,1.0,New York,40.79025588,-73.9426876,1.0,School,False
Bronx Academy for Multi-Media,Bronx,BRONX,2.0,New York,40.81544858,-73.88576876,1.0,School,False
Marymount School,Manhattan,MANHATTAN,1.0,New York,40.78686455,-73.95120209,1.0,School,False
P.S. 376 Queens,Queens,QUEENS,4.0,New York,40.7549486,-73.77030546,1.0,Public Schools,False
Bank Street College,Manhattan,MANHATTAN,1.0,New York,40.81109448,-73.96416759,1.0,Colleges & Universities,False
P.S. 163 Flushing Heights,Queens,QUEENS,4.0,New York,40.74055756,-73.80913046,1.0,Public Schools,False
Staten Island Ferry,Staten Island,STATEN ISLAND,5.0,New York,40.64372588,-74.0727888,1.0,Ferries & Other Transportation,False
P.S. 328 Phyllis Wheatley,Brooklyn,BROOKLYN,3.0,New York,40.66815945,-73.8978347,1.0,Public Schools,False
Erik Zalewski,Manhattan,MANHATTAN,1.0,New York,40.70698798,-74.01233539,1.0,Businesses & Commercial Spaces,False
P025R @ Annex D (R025),Staten Island,STATEN ISLAND,5.0,New York,40.5397878,-74.2375473,1.0,Public Schools,False
Concourse Village Elementary School,Bronx,BRONX,2.0,New York,40.82316782,-73.92332512,1.0,School,False
Brooklyn Secondary School for Collaborative Studies,Brooklyn,BROOKLYN,3.0,New York,40.68006241,-74.00137725,1.0,School,False
High School For Community Leadership,Queens,QUEENS,4.0,New York,40.71321019,-73.79723682,1.0,School,False
Lavelle Preparatory Elementary Charter School - building cc3,Staten Island,STATEN ISLAND,5.0,New York,40.60426617,-74.17846815,1.0,Public Schools,False
The Blackstone Group,Manhattan,MANHATTAN,1.0,New York,40.75816441,-73.97324549,1.0,Businesses & Commercial Spaces,False
Fenwick & West LLP - New York,Manhattan,MANHATTAN,1.0,New York,40.73927213,-73.98972634,3.0,Businesses & Commercial Spaces,False
FICO - New York City,Manhattan,MANHATTAN,1.0,New York,40.75793613,-73.97132166,1.0,Businesses & Commercial Spaces,False
"Hanover Insurance Company - New York, NY",Manhattan,MANHATTAN,1.0,New York,40.702791,-74.01424611,1.0,Businesses & Commercial Spaces,False
Humanities Preparatory Academy,Manhattan,MANHATTAN,1.0,New York,40.74285998,-74.0021364,1.0,School,False
AXA Liabilities Managers,Manhattan,MANHATTAN,1.0,New York,40.70210514,-74.0112489,1.0,Businesses & Commercial Spaces,False
Queens Gateway to Health Sciences Secondary School,Queens,QUEENS,4.0,New York,40.71882279,-73.80649814,1.0,School,False
The High School of Fashion Industries,Manhattan,MANHATTAN,1.0,New York,40.74514906,-73.9960735,1.0,School,False
VOICE Charter School of New York (Lower) [Grades K-2],Queens,QUEENS,4.0,New York,40.75882398,-73.93937943,1.0,School,False
P.S. 033 Edward M. Funk,Queens,QUEENS,4.0,New York,40.72712573,-73.73507632,1.0,Public Schools,False
Hearst Corporation,Manhattan,MANHATTAN,1.0,New York,40.76643902,-73.98332508,1.0,Businesses & Commercial Spaces,False
Bronx River Senior Centers,Bronx,BRONX,2.0,New York,40.83394367,-73.87614599,1.0,Senior Centers,False
Mosaic Pre-K Center at 75-01 Broadway (Q364),Queens,QUEENS,4.0,New York,40.74616431,-73.89020796,1.0,Public Schools,False
"Vornado Office Management, LLC",Manhattan,MANHATTAN,1.0,New York,40.76054207,-73.97642111,1.0,Businesses & Commercial Spaces,False
"School of Math, Science, and Healthy Living",Brooklyn,BROOKLYN,3.0,New York,40.63956425,-74.01975984,1.0,School,False
Bank of Nova Scotia - 23rd floor,Manhattan,MANHATTAN,1.0,New York,40.71452196,-74.0156771,3.0,Businesses & Commercial Spaces,False
Bronx Engineering and Technology Academy,Bronx,MANHATTAN,1.0,New York,40.87709942,-73.91225527,1.0,Public Schools,True
Target,Manhattan,MANHATTAN,1.0,New York,40.74943362,-74.00431293,1.0,Businesses & Commercial Spaces,False
P.S. 290 Manhattan New School,Manhattan,MANHATTAN,1.0,New York,40.77507114,-73.95309547,1.0,Public Schools,False
Central Queens Middle Academy Charter School,Queens,QUEENS,4.0,New York,40.73685773,-73.87501006,1.0,School,False
The Museum of Modern Art,Manhattan,MANHATTAN,1.0,New York,40.76099511,-73.97720066,1.0,Museums,False
Young Israel of Queens Valley,Queens,QUEENS,4.0,New York,40.72111991,-73.81982159,1.0,Houses of Worship,False
"Kornstein Veisz Wexler & Pollard, LLP",Manhattan,MANHATTAN,1.0,New York,40.75402777,-73.97205606,1.0,Businesses & Commercial Spaces,False
CIT,Manhattan,MANHATTAN,1.0,New York,40.75365627,-73.98074398,11.0,Businesses & Commercial Spaces,False
New York & Co.,Manhattan,MANHATTAN,1.0,New York,40.752612,-73.99450301,1.0,Businesses & Commercial Spaces,False
Brooklyn Scholars Charter School,Brooklyn,BROOKLYN,3.0,New York,40.66883069,-73.86718951,1.0,School,False
"Amalgamated Warbasse Houses,",Brooklyn,BROOKLYN,3.0,New York,40.58018177,-73.97172228,1.0,Businesses & Commercial Spaces,False
Wildlife Conservation Society,Bronx,BRONX,2.0,New York,40.85053675,-73.88245508,1.0,Zoos & Aquariums,False
The Blackstone Group,Manhattan,MANHATTAN,1.0,New York,40.75816441,-73.97324549,1.0,Businesses & Commercial Spaces,False
Douglas Elliman Property Management,Manhattan,MANHATTAN,1.0,New York,40.79504907,-73.97622826,1.0,Businesses & Commercial Spaces,False
Macy's Inc. - LIC Photo & Content Studio,Queens,QUEENS,4.0,New York,40.74316085,-73.93656804,1.0,Businesses & Commercial Spaces,False
P.S. 153 Adam Clayton Powell,Manhattan,MANHATTAN,1.0,New York,40.82628816,-73.9468443,1.0,Public Schools,False
Riverbay Corp / Co-op City Police Department,Bronx,BRONX,2.0,New York,40.86941384,-73.82902511,1.0,Government Buildings & Services,False
"Walt Disney/ABC, Inc.",Manhattan,MANHATTAN,1.0,New York,40.75684919,-73.98597329,1.0,Businesses & Commercial Spaces,False
ING Direct Cafe,Manhattan,MANHATTAN,1.0,New York,40.75700937,-73.97550915,2.0,Businesses & Commercial Spaces,False
Atmosphere Academy Charter School,Bronx,MANHATTAN,1.0,New York,40.87515474,-73.91042453,1.0,School,True
P.S. 268 Emma Lazarus,Brooklyn,BROOKLYN,3.0,New York,40.65712367,-73.92801827,1.0,Public Schools,False
Morgan Stanley - ISG - New York Metro - 750 7th Avenue - Floor: 16,Manhattan,MANHATTAN,1.0,New York,40.76074642,-73.98352505,1.0,Businesses & Commercial Spaces,False
J.H.S. 127 The Castle Hill,Bronx,BRONX,2.0,New York,40.83792584,-73.85251765,1.0,Public Schools,False
Bronx Arts and Science Charter School,Bronx,BRONX,2.0,New York,40.82584133,-73.83672546,1.0,School,False
Costco Wholesale Corporation - 1070 Rego Park,Queens,QUEENS,4.0,New York,40.73342817,-73.86417003,1.0,Businesses & Commercial Spaces,False
P.S. 046 Edgar Allan Poe,Bronx,BRONX,2.0,New York,40.86761695,-73.89051646,1.0,Public Schools,False
The Museum of Modern Art,Queens,QUEENS,4.0,New York,40.74396236,-73.93183607,1.0,Museums,False
William E. Grady Career and Technical Education High School,Brooklyn,BROOKLYN,3.0,New York,40.58257839,-73.96347705,1.0,School,False
P.S. 11 Thomas Dongan School,Staten Island,STATEN ISLAND,5.0,New York,40.59062521,-74.0985285,1.0,Public Schools,False
South Bronx Classical Charter School III,Bronx,BRONX,2.0,New York,40.82978658,-73.90640257,1.0,School,False
Tishman Speyer 156 West 56th Street,Manhattan,MANHATTAN,1.0,New York,40.76453085,-73.97981307,1.0,Businesses & Commercial Spaces,False
London Fischer LLP,Manhattan,MANHATTAN,1.0,New York,40.70825918,-74.00823096,1.0,Businesses & Commercial Spaces,False
BP - New York,Manhattan,MANHATTAN,1.0,New York,40.76034654,-73.97345398,2.0,Businesses & Commercial Spaces,False
Saint Andrew Avellino Catholic Academy,Queens,QUEENS,4.0,New York,40.76536684,-73.80709162,1.0,School,False
Epstein Becker Green,Manhattan,MANHATTAN,1.0,New York,40.7550112,-73.97556764,1.0,Businesses & Commercial Spaces,False
Rochdale Village Senior Centers,Queens,QUEENS,4.0,New York,40.67261416,-73.77064058,1.0,Senior Centers,False
The Frick Collection,Manhattan,MANHATTAN,1.0,New York,40.77104689,-73.967749,1.0,Museums,False
"D.E. Shaw & Co., L.P.",Manhattan,MANHATTAN,1.0,New York,40.75699693,-73.98252614,1.0,Businesses & Commercial Spaces,False
Columbia University - Hammer Health Sciences Center,Manhattan,MANHATTAN,1.0,New York,40.84218901,-73.94234632,1.0,Colleges & Universities,False
Hannah Charitable,Manhattan,MANHATTAN,1.0,New York,40.74026563,-73.98861472,1.0,Businesses & Commercial Spaces,False
Major League Soccer,Manhattan,MANHATTAN,1.0,New York,40.75080205,-73.98284538,1.0,Businesses & Commercial Spaces,False
P811M The Mickey Mantle School,Manhattan,MANHATTAN,1.0,New York,40.78660411,-73.97951023,1.0,School,False
Department of Citywide Administrative Services,Brooklyn,BROOKLYN,3.0,New York,40.69339325,-73.98891485,1.0,Government Buildings & Services,False
Jacobs Theater,Manhattan,MANHATTAN,1.0,New York,40.75869656,-73.98729403,1.0,Performance Venues,False
Rose Building,Manhattan,MANHATTAN,1.0,New York,40.76948571,-73.98345068,1.0,Businesses & Commercial Spaces,False
Cascades High School,Manhattan,MANHATTAN,1.0,New York,40.72251268,-73.99072826,1.0,School,False
"Cravath, Swaine & Moore LLP",Manhattan,MANHATTAN,1.0,New York,40.75216196,-73.9972028,1.0,Businesses & Commercial Spaces,False
Sisulu-Walker Charter School of Harlem,Manhattan,MANHATTAN,1.0,New York,40.81545182,-73.95290794,1.0,School,False
P.S. 150 Manhattan,Manhattan,MANHATTAN,1.0,New York,40.70697138,-74.01350761,1.0,Public Schools,False
District 27 Pre-K Center at 185 Beach 99th Street (Q464),Queens,QUEENS,4.0,New York,40.58384819,-73.82011776,1.0,Public Schools,False
Brooklyn High School Of The Arts,Brooklyn,BROOKLYN,3.0,New York,40.68355208,-73.98027034,1.0,School,False
P.S. 583 Bronx,Bronx,BRONX,2.0,New York,40.82702214,-73.86003243,1.0,Public Schools,False
RAIN Nereid Senior Centers,Bronx,BRONX,2.0,New York,40.89815207,-73.85356634,1.0,Senior Centers,False
FNY Capital Management LP,Manhattan,MANHATTAN,1.0,New York,40.75049672,-73.97886451,1.0,Businesses & Commercial Spaces,False
Friends Seminary,Manhattan,MANHATTAN,1.0,New York,40.73441897,-73.98577597,1.0,School,False
Manhattan West LLC,Manhattan,MANHATTAN,1.0,New York,40.77583508,-73.96308541,1.0,Businesses & Commercial Spaces,False
Sound View Throgs Neck Community Mental Health Center of AECOM of YU,Bronx,BRONX,2.0,New York,40.84095619,-73.84635603,2.0,Health & Social Services,False
Bronx Charter School For Arts,Bronx,BRONX,2.0,New York,40.82141368,-73.88653891,1.0,Public Schools,False
Federal Emergency Management Agency,Manhattan,MANHATTAN,1.0,New York,40.71600786,-74.00474364,1.0,Businesses & Commercial Spaces,False
Concord High School,Staten Island,STATEN ISLAND,5.0,New York,40.61086061,-74.08737903,1.0,School,False
The Museum of Modern Art,Manhattan,MANHATTAN,1.0,New York,40.76099511,-73.97720066,1.0,Museums,False
Flushing High School,Queens,QUEENS,4.0,New York,40.76515838,-73.82788949,1.0,School,False
Morgan Stanley - 1585 Broadway,Manhattan,MANHATTAN,1.0,New York,40.76020869,-73.98533366,1.0,Businesses & Commercial Spaces,False
Young Women's Leadership School,Manhattan,MANHATTAN,1.0,New York,40.7975527,-73.96683678,1.0,School,False
KIPP Elements Macombs (Elementary),Bronx,BRONX,2.0,New York,40.84320064,-73.91785526,1.0,Public Schools,False
American Museum of Natural History,Manhattan,MANHATTAN,1.0,New York,40.78130521,-73.972254,2.0,Museums,False
"McLauglin & Stern, LLP",Manhattan,MANHATTAN,1.0,New York,40.75070018,-73.98082785,1.0,Businesses & Commercial Spaces,False
Bronx Alliance Middle School,Bronx,BRONX,2.0,New York,40.88494632,-73.84052176,1.0,School,False
A.C.E. Academy for Scholars at the Geraldine Ferraro Campus,Queens,QUEENS,4.0,New York,40.71301518,-73.90830583,1.0,Public Schools,False
Harlem Hebrew Language Academy Charter School,Manhattan,MANHATTAN,1.0,New York,40.80454413,-73.95274953,1.0,School,False
P.S. 030 Wilton,Bronx,BRONX,2.0,New York,40.80936327,-73.91758291,1.0,Public Schools,False
Fordham High School For The Arts,Bronx,BRONX,2.0,New York,40.86003658,-73.88826589,1.0,School,False
Cobble Hill School of American Studies,Brooklyn,BROOKLYN,3.0,New York,40.68451684,-73.99099317,1.0,School,False
P.S./M.S. 138 Sunrise,Queens,QUEENS,4.0,New York,40.65971953,-73.73517564,1.0,Public Schools,False
New World Preparatory Charter School,Staten Island,STATEN ISLAND,5.0,New York,40.63322507,-74.12578227,1.0,School,False
P.S. 312 Bergen Beach,Brooklyn,BROOKLYN,3.0,New York,40.62140599,-73.9089869,1.0,Public Schools,False
Equinox,Brooklyn,BROOKLYN,3.0,New York,40.70860326,-73.95839771,1.0,Health Clubs & Gyms,False
Transit Tech Career and Technical Education High School,Brooklyn,BROOKLYN,3.0,New York,40.67826884,-73.87596033,1.0,Public Schools,False
The Active Learning Elementary School,Queens,QUEENS,4.0,New York,40.75464697,-73.82675812,1.0,School,False
The Science And Medicine Middle School,Brooklyn,BROOKLYN,3.0,New York,40.64731574,-73.89202169,34.0,Public Schools,False
"Walt Disney/ABC, Inc.",Manhattan,MANHATTAN,1.0,New York,40.77324011,-73.98069136,1.0,Businesses & Commercial Spaces,False
P.S. 019 Judith K. Weiss,Bronx,BRONX,2.0,New York,40.89901367,-73.86692314,1.0,Public Schools,False
The Brooklyn School for Social Justice,Brooklyn,BROOKLYN,3.0,New York,40.69717736,-73.91116946,1.0,School,False
Scholars' Academy,Queens,QUEENS,4.0,New York,40.58415058,-73.82573683,1.0,School,False
P.S. 143 Louis Armstrong,Queens,QUEENS,4.0,New York,40.75552775,-73.8563608,1.0,Public Schools,False
Equality Charter School (High School),Bronx,BRONX,2.0,New York,40.82092981,-73.84995768,1.0,School,False
Securitas Security Services USA,Manhattan,MANHATTAN,1.0,New York,40.75280103,-73.98932,1.0,Businesses & Commercial Spaces,False
Friends Seminary,Manhattan,MANHATTAN,1.0,New York,40.73441897,-73.98577597,1.0,School,False
District 20 Pre-K Center at 1423 62nd Street (K678),Brooklyn,BROOKLYN,3.0,New York,40.6258914,-73.99672899,1.0,Public Schools,False
Morgan Stanley - ISG - New York Metro - 750 7th Avenue - Floor: 06,Manhattan,MANHATTAN,1.0,New York,40.76074642,-73.98352505,1.0,Businesses & Commercial Spaces,False
PREP FOR PREP,Manhattan,MANHATTAN,1.0,New York,40.7793781,-73.98561828,1.0,Businesses & Commercial Spaces,False
"Fried, Frank, Harris, Shriver & Jacobson LLP",Manhattan,MANHATTAN,1.0,New York,40.70253319,-74.01256178,1.0,Businesses & Commercial Spaces,False
P.S. 020 Port Richmond,Staten Island,STATEN ISLAND,5.0,New York,40.63659035,-74.13291902,1.0,Public Schools,False
Lost Battalion Hall,Queens,QUEENS,4.0,New York,40.73146237,-73.86604309,1.0,Parks & Recreation,False
OneMain Financial (Formally Springleaf Financial Service - New York,Manhattan,MANHATTAN,1.0,New York,40.75638411,-73.9782057,1.0,Businesses & Commercial Spaces,False
"Davidoff, Hutcher & Citron LLP",Manhattan,MANHATTAN,1.0,New York,40.74906882,-73.97568171,1.0,Businesses & Commercial Spaces,False
The Stahl Organization,Manhattan,MANHATTAN,1.0,New York,40.75594266,-73.98074693,1.0,Businesses & Commercial Spaces,False
Lavelle Preparatory Charter School (CC1),Staten Island,STATEN ISLAND,5.0,New York,40.60426617,-74.17846815,1.0,Public Schools,False
Manhattan West LLC,Manhattan,MANHATTAN,1.0,New York,40.77583488,-73.96246078,1.0,Businesses & Commercial Spaces,False
Hartford Steam Boiler - Hartford Steam Boiler - NYC,Manhattan,MANHATTAN,1.0,New York,40.70496278,-74.00708361,1.0,Businesses & Commercial Spaces,False
Clara Barton High School,Brooklyn,BROOKLYN,3.0,New York,40.66956009,-73.96196208,1.0,School,False
Department of Citywide Administrative Services,Manhattan,MANHATTAN,1.0,New York,40.80141654,-73.93837248,1.0,Government Buildings & Services,False
"Rolex, USA - Jacx Building RUSA (Tower #1)",Queens,QUEENS,4.0,New York,40.74563326,-73.94608967,1.0,Businesses & Commercial Spaces,False
Benjamin N. Cardozo High School,Queens,QUEENS,4.0,New York,40.75232524,-73.75598916,1.0,School,False
Mutual of America,Manhattan,MANHATTAN,1.0,New York,40.75744266,-73.97379805,1.0,Businesses & Commercial Spaces,False
District 20 Pre-K Center at 1355 84th Street (K762),Brooklyn,BROOKLYN,3.0,New York,40.61445885,-74.01142497,1.0,Public Schools,False
Talent Unlimited High School,Manhattan,MANHATTAN,1.0,New York,40.76535184,-73.96005883,1.0,School,False
"ADM Investor Services, Inc",Manhattan,MANHATTAN,1.0,New York,40.75109132,-73.9929259,1.0,Businesses & Commercial Spaces,False
Kinesso [IPG Mediabrands],Manhattan,MANHATTAN,1.0,New York,40.74929316,-73.98867453,1.0,Businesses & Commercial Spaces,False
Morgan Stanley - ISG - New York Metro - 522 5th Avenue - Floor: 13,Manhattan,MANHATTAN,1.0,New York,40.75450705,-73.98014457,1.0,Businesses & Commercial Spaces,False
"W.P. Carey, Inc.",Manhattan,MANHATTAN,1.0,New York,40.75937316,-73.97822998,1.0,Businesses & Commercial Spaces,False
Division Military Naval Affairs,Manhattan,MANHATTAN,1.0,New York,40.81739696,-73.93433653,3.0,Museums,False
Schomburg Senior Centers,Manhattan,MANHATTAN,1.0,New York,40.79730184,-73.94890095,1.0,Senior Centers,False
Brookfield Properties - 375 9th Ave,Manhattan,MANHATTAN,1.0,New York,40.75167065,-73.99755653,7.0,Businesses & Commercial Spaces,False
Staten Island Technical High School,Staten Island,STATEN ISLAND,5.0,New York,40.56786613,-74.11537192,1.0,School,False
"Marsh & McLennan - New York, NY - Marsh USA",Manhattan,MANHATTAN,1.0,New York,40.75699693,-73.98252614,26.0,Businesses & Commercial Spaces,False
Hughes Hubbard & Reed LLP,Manhattan,MANHATTAN,1.0,New York,40.70321093,-74.01441211,1.0,Businesses & Commercial Spaces,False
P.S. 035 Nathaniel Woodhull,Queens,QUEENS,4.0,New York,40.71375054,-73.76943796,1.0,Public Schools,False
Starboard Value,Manhattan,MANHATTAN,1.0,New York,40.75465346,-73.9715974,1.0,Businesses & Commercial Spaces,False
High School M560 - City As School,Manhattan,MANHATTAN,1.0,New York,40.72940499,-74.00624194,1.0,School,False
P.S. 045 Clarence Witherspoon,Queens,QUEENS,4.0,New York,40.67271925,-73.78816407,1.0,Public Schools,False
P.S./I.S. 218 Rafael Hernandez Dual Language Magnet School,Bronx,BRONX,2.0,New York,40.83584078,-73.92002547,1.0,Public Schools,False
Eagle Academy for Young Men,Bronx,BRONX,2.0,New York,40.84495149,-73.89704889,1.0,School,False
Park 79th Corp,Manhattan,MANHATTAN,1.0,New York,40.77531535,-73.96016837,1.0,Businesses & Commercial Spaces,False
P.S. 310 Marble Hill,Bronx,BRONX,2.0,New York,40.87288893,-73.90524243,1.0,Public Schools,False
Our World Neighborhood Charter Elementary School,Queens,QUEENS,4.0,New York,40.75615262,-73.92431938,1.0,School,False
P.S. 106 Edward Everett Hale,Brooklyn,BROOKLYN,3.0,New York,40.69387135,-73.91305628,1.0,Public Schools,False
The Metropolitan Museum of Art,Manhattan,MANHATTAN,1.0,New York,40.77862632,-73.96254586,1.0,Museums,False
Artisan Partners - New York - 220 5th Avenue,Manhattan,MANHATTAN,1.0,New York,40.74360321,-73.98809087,1.0,Businesses & Commercial Spaces,False
P.S. 092 Adrian Hegeman,Brooklyn,BROOKLYN,3.0,New York,40.65603903,-73.95374172,1.0,Public Schools,False
"WIN - Women in Need, Inc. (118th Street)",Manhattan,MANHATTAN,1.0,New York,40.80249392,-73.94673334,1.0,Health & Social Services,False
Fisher Brothers - 299 Park,Manhattan,MANHATTAN,1.0,New York,40.75644922,-73.97449508,1.0,Businesses & Commercial Spaces,False
Friends Seminary,Manhattan,MANHATTAN,1.0,New York,40.73441897,-73.98577597,1.0,School,False
"The Empire State Building Company, LLC",Manhattan,MANHATTAN,1.0,New York,40.7482689007,-73.98469027358,1.0,Businesses & Commercial Spaces,False
Brooklyn Prospect Charter - Clinton Hill Middle School,Brooklyn,BROOKLYN,3.0,New York,40.68132781,-73.95667336,1.0,School,False
Morgan Stanley - 1585 Broadway,Manhattan,MANHATTAN,1.0,New York,40.76020869,-73.98533366,4.0,Businesses & Commercial Spaces,False
Hearst Corporation,Manhattan,MANHATTAN,1.0,New York,40.76643902,-73.98332508,1.0,Businesses & Commercial Spaces,False
New Bridges Elementary,Brooklyn,BROOKLYN,3.0,New York,40.66899331,-73.93463459,1.0,Public Schools,False
Maspeth High School,Queens,QUEENS,4.0,New York,40.72993187,-73.88748183,1.0,School,False
Neighborhood Charter School Bronx,Bronx,BRONX,2.0,New York,40.80904633,-73.90861734,1.0,School,False
The Manne Institute (off shoot of Bronx HS of Science),Bronx,BRONX,2.0,New York,40.87753129,-73.89091954,1.0,Public Schools,False
"Interpublic Group of Companies, Inc",Manhattan,MANHATTAN,1.0,New York,40.75873689,-73.96861769,1.0,Businesses & Commercial Spaces,False
WHIN Music Community Charter School [401],Manhattan,MANHATTAN,1.0,New York,40.83649915,-73.93708945,1.0,School,False
J.H.S. 278 Marine Park,Brooklyn,BROOKLYN,3.0,New York,40.60664259,-73.93917601,1.0,Public Schools,False
P.S. 044 Marcus Garvey,Brooklyn,BROOKLYN,3.0,New York,40.68658516,-73.94074702,1.0,Public Schools,False
"Clark Hill - New York, NY",Manhattan,MANHATTAN,1.0,New York,40.75747172,-73.98217588,1.0,Businesses & Commercial Spaces,False
City Hall Senior Centers,Manhattan,MANHATTAN,1.0,New York,40.71034543,-74.0040074,1.0,Senior Centers,False
Stuyvesant High School,Manhattan,MANHATTAN,1.0,New York,40.71769239,-74.01398957,1.0,School,False
Three World Trade Center,Manhattan,MANHATTAN,1.0,New York,40.71096789,-74.01235777,1.0,Businesses & Commercial Spaces,False
Time Warner Cable,Queens,QUEENS,4.0,New York,40.785544,-73.8582133,1.0,Businesses & Commercial Spaces,False
J.H.S. 022 Jordan L. Mott,Bronx,BRONX,2.0,New York,40.83312465,-73.91402638,1.0,Public Schools,False
High School for Dual Language and Asian Studies,Manhattan,MANHATTAN,1.0,New York,40.71734144,-73.98959626,1.0,School,False
High School for Environmental Studies,Manhattan,MANHATTAN,1.0,New York,40.76778448,-73.98753056,1.0,School,False
"Deloitte - New York, NY",Manhattan,MANHATTAN,1.0,New York,40.75874744,-73.97869222,18.0,Businesses & Commercial Spaces,False
P012X - Lewis and Clark School (X012),Bronx,BRONX,2.0,New York,40.84013839,-73.84441716,1.0,School,False
East New York Family Academy,Brooklyn,BROOKLYN,3.0,New York,40.66131134,-73.88630046,1.0,School,False
"Curtis Mallet-Prevost, Coli & Mosie LLP",Manhattan,MANHATTAN,1.0,New York,40.75098522,-73.97848538,2.0,Businesses & Commercial Spaces,False
International High School at LaGuardia Community College,Queens,QUEENS,4.0,New York,40.74440532,-73.93364006,1.0,School,False
"Prudential - New York, PGIM",Manhattan,MANHATTAN,1.0,New York,40.75783992,-73.98500932,1.0,Businesses & Commercial Spaces,False
Norma Adams Clemons Academy,Brooklyn,BROOKLYN,3.0,New York,40.64858278,-73.95713796,1.0,School,False
P.S. 159 Luis Munoz Marin Biling,Bronx,BRONX,2.0,New York,40.85563286,-73.89280282,1.0,Public Schools,False
Pelham Gardens Middle School,Bronx,BRONX,2.0,New York,40.86372878,-73.83606808,1.0,School,False
District 27 Pre-K Center at 87-40 88th Street (Q477),Queens,QUEENS,4.0,New York,40.6920244,-73.85609065,1.0,Public Schools,False
Madison Square Garden,Manhattan,MANHATTAN,1.0,New York,40.75065484,-73.99194424,8.0,Performance Venues,False
J.H.S. 226 Virgil I. Grissom,Queens,QUEENS,4.0,New York,40.67576338,-73.8169379,1.0,Public Schools,False
P.S./M.S. 280 Mosholu Parkway,Bronx,BRONX,2.0,New York,40.87719563,-73.88177133,1.0,Public Schools,False
Eleven Times Square,Manhattan,MANHATTAN,1.0,New York,40.75689078,-73.9900232,17.0,Businesses & Commercial Spaces,False
Castle Hill Senior Centers,Bronx,BRONX,2.0,New York,40.81974727,-73.84820806,1.0,Senior Centers,False
The National Arts Club,Manhattan,MANHATTAN,1.0,New York,40.7377759,-73.98648252,1.0,Businesses & Commercial Spaces,False
Worldwide Plaza,Manhattan,MANHATTAN,1.0,New York,40.76206701,-73.98627542,1.0,Businesses & Commercial Spaces,False
High School for Law and Public Service,Manhattan,MANHATTAN,1.0,New York,40.85584913,-73.92711914,1.0,School,False
Project Find Hargrave Senior Centers,Manhattan,MANHATTAN,1.0,New York,40.77690418,-73.97969376,1.0,Senior Centers,False
James Weldon Johnson,Manhattan,MANHATTAN,1.0,New York,40.79756992,-73.94127992,1.0,Public Schools,False
P.S. 041 Greenwich Village,Manhattan,MANHATTAN,1.0,New York,40.73567969,-73.99900047,1.0,Public Schools,False
P.S. 110 Theodore Schoenfeld,Bronx,BRONX,2.0,New York,40.83527955,-73.90075002,1.0,Public Schools,False
Fairmont Neighborhood School,Bronx,BRONX,2.0,New York,40.83415024,-73.88751089,1.0,School,False
KIPP Bronx Charter School II (JEROME) - Elementary,Bronx,BRONX,2.0,New York,40.86877517,-73.89637551,1.0,School,False
Perkins Coie LLP,Manhattan,MANHATTAN,1.0,New York,40.75874744,-73.97869222,1.0,Businesses & Commercial Spaces,False
J.H.S. 217 Robert A. Van Wyck,Queens,QUEENS,4.0,New York,40.71002204,-73.81250782,1.0,Public Schools,False
New Utrecht High School,Brooklyn,BROOKLYN,3.0,New York,40.61325441,-74.00340366,1.0,School,False
Sandler O'Neill & Partners Corp.,Manhattan,MANHATTAN,1.0,New York,40.75963708,-73.98062674,1.0,Businesses & Commercial Spaces,False
P.S. 052 Queens,Queens,QUEENS,4.0,New York,40.66111385,-73.76673349,1.0,Public Schools,False
Fulbright & Jaworski L.L.P.,Manhattan,MANHATTAN,1.0,New York,40.76054207,-73.97642111,1.0,Businesses & Commercial Spaces,False
Friends Seminary,Manhattan,MANHATTAN,1.0,New York,40.73441897,-73.98577597,1.0,School,False
Jack and Pearl Resnick Campus,Bronx,BRONX,2.0,New York,40.85117554,-73.84482139,1.0,School,False
"Cahill, Gordon & Reindel, LLP",Manhattan,MANHATTAN,1.0,New York,40.70588502,-74.0071811,1.0,Businesses & Commercial Spaces,False
Baruch College Campus High School,Manhattan,MANHATTAN,1.0,New York,40.74192324,-73.98652137,1.0,School,False
Jacob K. Javits Convention Center,Manhattan,MANHATTAN,1.0,New York,40.75655629,-74.00380806,1.0,Performance Venues,False
PAVE Academy Charter School,Brooklyn,BROOKLYN,3.0,New York,40.67592051,-74.00337082,1.0,School,False
"Vornado Office Management, LLC",Manhattan,MANHATTAN,1.0,New York,40.76112372,-73.97529466,1.0,Businesses & Commercial Spaces,False
"Queens High School of Teaching, Liberal Arts and the Sciences",Queens,QUEENS,4.0,New York,40.74607997,-73.72753367,1.0,School,False
Manhattan Field Support Center,Manhattan,MANHATTAN,1.0,New York,40.74762195,-73.9930598,1.0,Public Schools,False
The Museum of Modern Art,Manhattan,MANHATTAN,1.0,New York,40.72277928,-73.99824305,1.0,Museums,False
Bronx High School for Medical Science,Bronx,BRONX,2.0,New York,40.84041504,-73.9109088,1.0,School,False
Fisher Brothers [1345 Leasehold LLC],Manhattan,MANHATTAN,1.0,New York,40.76259829,-73.97845996,1.0,Businesses & Commercial Spaces,False
M.S. X101 Edward R. Byrne,Bronx,BRONX,2.0,New York,40.82746433,-73.82975121,1.0,Public Schools,False
P.S. 031 William T. Davis,Staten Island,STATEN ISLAND,5.0,New York,40.64158742,-74.08513494,1.0,Public Schools,False
Mosaic Pre-K Center at 104-14 Roosevelt Avenue (Q372),Queens,QUEENS,4.0,New York,40.74999216,-73.86131014,1.0,Public Schools,False
Wildlife Conservation Society,Brooklyn,BROOKLYN,3.0,New York,40.57517621,-73.97579926,1.0,Zoos & Aquariums,False
Department of Citywide Administrative Services,Manhattan,MANHATTAN,1.0,New York,40.71542054,-74.00267301,1.0,Government Buildings & Services,False
American Museum of Natural History,Manhattan,MANHATTAN,1.0,New York,40.78130521,-73.972254,1.0,Museums,False
P.S. 030 Hernandez/Hughes,Manhattan,MANHATTAN,1.0,New York,40.80595735,-73.93520034,1.0,Public Schools,False
"Intercontinental Exchange - New York, NY (11 Wall Street)",Manhattan,MANHATTAN,1.0,New York,40.70739159,-74.01110552,22.0,Businesses & Commercial Spaces,False
Urban Dove Team Charter School,Brooklyn,BROOKLYN,3.0,New York,40.62258877,-73.95475561,1.0,School,False
Morgan Stanley - ISG - New York Metro - 750 7th Ave - Floor: 05,Manhattan,MANHATTAN,1.0,New York,40.76074642,-73.98352505,1.0,Businesses & Commercial Spaces,False
Orsid Realty @ 200 RSB,Manhattan,MANHATTAN,1.0,New York,40.77911764,-73.98818198,1.0,Businesses & Commercial Spaces,False
Battery Park City School,Manhattan,MANHATTAN,1.0,New York,40.70643282,-74.01781763,1.0,School,False
Jack and Pearl Resnick Campus,Bronx,BRONX,2.0,New York,40.85117554,-73.84482139,1.0,School,False
Department of Citywide Administrative Services,Brooklyn,BROOKLYN,3.0,New York,40.69581445,-73.99280196,1.0,Government Buildings & Services,False
Hearst Corporation,Manhattan,MANHATTAN,1.0,New York,40.76643902,-73.98332508,1.0,Businesses & Commercial Spaces,False
Sheridan Academy For Young Leaders,Bronx,BRONX,2.0,New York,40.83198571,-73.9179595,1.0,School,False
Global Community Charter School,Manhattan,MANHATTAN,1.0,New York,40.8167412,-73.93474904,1.0,School,False
Richmond Condominium,Manhattan,MANHATTAN,1.0,New York,40.77482543,-73.95645343,1.0,Businesses & Commercial Spaces,False
Brookfield Properties - One Manhattan - 1MW,Manhattan,MANHATTAN,1.0,New York,40.75227175,-73.99712339,8.0,Businesses & Commercial Spaces,False
"Cravath, Swaine & Moore, LLP",Manhattan,MANHATTAN,1.0,New York,40.76206701,-73.98627542,1.0,Businesses & Commercial Spaces,False
Pathways to Graduation @ Red Hook Community Justice Center,Brooklyn,BROOKLYN,3.0,New York,40.67891196,-74.00961898,1.0,School,False
Minskoff Theater,Manhattan,MANHATTAN,1.0,New York,40.75803215,-73.98571676,2.0,Performance Venues,False
Archbishop Molloy High School,Queens,QUEENS,4.0,New York,40.71108883,-73.82050168,1.0,School,False
P.S. 020 Clinton Hill,Brooklyn,BROOKLYN,3.0,New York,40.69075798,-73.97137591,1.0,Public Schools,False
Trump Park Avenue,Manhattan,MANHATTAN,1.0,New York,40.76300529,-73.96973834,1.0,Businesses & Commercial Spaces,False
Sunset Park High School,Brooklyn,BROOKLYN,3.0,New York,40.65570241,-74.00519705,1.0,School,False
J.H.S. 227 Edward B. Shallow,Brooklyn,BROOKLYN,3.0,New York,40.62190317,-73.99502173,1.0,Public Schools,False
"Intercontinental Exchange - New York, NY (18 Broad Street)",Manhattan,MANHATTAN,1.0,New York,40.70659561,-74.01100079,6.0,Businesses & Commercial Spaces,False
P.S. 189 Manhattan,Manhattan,MANHATTAN,1.0,New York,40.85262438,-73.92760345,1.0,Public Schools,False
Alston & Bird LLP,Manhattan,MANHATTAN,1.0,New York,40.75049672,-73.97886451,1.0,Businesses & Commercial Spaces,False
P.S. 274 Kosciusko,Brooklyn,BROOKLYN,3.0,New York,40.6949137,-73.92793043,1.0,Public Schools,False
"Skadden, Arps, Slate, Meagher & Flom LLP",Manhattan,MANHATTAN,1.0,New York,40.75493886,-73.98616139,1.0,Businesses & Commercial Spaces,False
The Equity Project Charter School - Elementary,Manhattan,MANHATTAN,1.0,New York,40.85584913,-73.92711914,1.0,School,False
P.S. 200 Benson School,Brooklyn,BROOKLYN,3.0,New York,40.60318109,-74.00140807,1.0,Public Schools,False
Harvest Collegiate High School,Manhattan,MANHATTAN,1.0,New York,40.73651124,-73.99485797,1.0,School,False
"Walt Disney/ABC, Inc.",Manhattan,MANHATTAN,1.0,New York,40.77566742,-73.98750381,1.0,Businesses & Commercial Spaces,False
The Kathleen Grimm School for Leadership and Sustainability,Staten Island,STATEN ISLAND,5.0,New York,40.54154785,-74.2179307,1.0,School,False
Brooklyn College Academy - Campus Site (K555),Brooklyn,BROOKLYN,3.0,New York,40.63175276,-73.95266698,1.0,School,False
Morgan Stanley - 1633 Broadway,Manhattan,MANHATTAN,1.0,New York,40.76156716,-73.98396163,1.0,Businesses & Commercial Spaces,False
Jack and Pearl Resnick Campus,Bronx,BRONX,2.0,New York,40.85117554,-73.84482139,1.0,School,False
Juan Morel Campos Secondary School,Brooklyn,BROOKLYN,3.0,New York,40.70361673,-73.95314594,1.0,School,False
Waterside School For Leadership,Queens,QUEENS,4.0,New York,40.58092084,-73.83183651,1.0,School,False
Brownsville Ascend Charter Lower School,Brooklyn,BROOKLYN,3.0,New York,40.66859294,-73.9181216,1.0,School,False
P.S. 033 Chelsea Prep,Manhattan,MANHATTAN,1.0,New York,40.74896984,-73.99953081,1.0,Public Schools,False
P.S. 128 Audubon,Manhattan,MANHATTAN,1.0,New York,40.84135266,-73.93859195,1.0,Public Schools,False
CHRIST THE KING DAYCARE,Queens,QUEENS,4.0,New York,40.7122622,-73.88866606,1.0,School,False
Aviation Career & Technical Education High School - Annex,Queens,QUEENS,4.0,New York,40.65806863,-73.8093163,1.0,School,False
"Pershing Square Capital Management, L.P.",Manhattan,MANHATTAN,1.0,New York,40.76500854,-73.98041579,1.0,Businesses & Commercial Spaces,False
I.S. 303 Herbert S. Eisenberg,Brooklyn,BROOKLYN,3.0,New York,40.58249322,-73.97312173,1.0,Public Schools,False
Morgan Stanley - ISG - New York Metro - 750 7th Ave - Floor: 33,Manhattan,MANHATTAN,1.0,New York,40.76074642,-73.98352505,1.0,Businesses & Commercial Spaces,False
Mark Twain I.S. 239 for the Gifted & Talented,Brooklyn,BROOKLYN,3.0,New York,40.57818129,-73.99202992,1.0,Public Schools,False
"Rolex, USA - 650 5th Ave (7th Floor)",Manhattan,MANHATTAN,1.0,New York,40.75978179,-73.97654411,1.0,Businesses & Commercial Spaces,False
P.S. 011 Sarah J Garnet,Manhattan,MANHATTAN,1.0,New York,40.74434217,-74.00025262,1.0,Public Schools,False
I.S. 027 Anning S. Prall,Staten Island,STATEN ISLAND,5.0,New York,40.62812078,-74.11706161,1.0,Public Schools,False
Davidson Kempner Capital Management LP,Manhattan,MANHATTAN,1.0,New York,40.76009981,-73.97476802,1.0,Businesses & Commercial Spaces,False
P751M @ M323 (M323),Manhattan,MANHATTAN,1.0,New York,40.73099141,-74.00719103,1.0,Public Schools,False
Grover Cleveland High School,Queens,QUEENS,4.0,New York,40.71102563,-73.90881356,1.0,School,False
P.S. 203 Floyd Bennett School,Brooklyn,BROOKLYN,3.0,New York,40.62142922,-73.92598925,1.0,Public Schools,False
SIRIUS XM SATELITE RADIO,Manhattan,MANHATTAN,1.0,New York,40.75185441,-73.99371625,4.0,Businesses & Commercial Spaces,False
JPB Foundation,Manhattan,MANHATTAN,1.0,New York,40.7575953,-73.96945204,1.0,Businesses & Commercial Spaces,False
P.S. 071 Forest,Queens,QUEENS,4.0,New York,40.71119569,-73.90528561,1.0,Public Schools,False
Forest Park Senior Centers,Queens,QUEENS,4.0,New York,40.69044765,-73.85294608,1.0,Senior Centers,False
WHITE & CASE,Manhattan,MANHATTAN,1.0,New York,40.75909387,-73.98213574,10.0,Businesses & Commercial Spaces,False
District 20 Pre-K Center at 2165 71st Street (K491),Brooklyn,BROOKLYN,3.0,New York,40.61097541,-73.98583479,1.0,Public Schools,False
Jack and Pearl Resnick Campus,Bronx,BRONX,2.0,New York,40.85117554,-73.84482139,1.0,School,False
Poly Prep COS,Brooklyn,BROOKLYN,3.0,New York,40.61231054,-74.02373162,1.0,Private Schools,False
Dream Charter School Highbridge ES/MS,Bronx,BRONX,2.0,New York,40.83465086,-73.92190969,1.0,School,False
P.S. 108 Philip J. Abinanti,Bronx,BRONX,2.0,New York,40.85471905,-73.85322493,1.0,Public Schools,False
N.Y.C. Lab School for Collaborative Studies,Manhattan,MANHATTAN,1.0,New York,40.74212163,-74.00219773,1.0,School,False
The Museum of Modern Art,Manhattan,MANHATTAN,1.0,New York,40.76099511,-73.97720066,1.0,Museums,False
DREAM Charter High School,Bronx,BRONX,2.0,New York,40.80735885,-73.92876185,1.0,School,False
Boys And Girls High School,Brooklyn,BROOKLYN,3.0,New York,40.67943315,-73.93240703,1.0,School,False
P721K - Roy Campanella OTC (K722),Brooklyn,BROOKLYN,3.0,New York,40.58931016,-73.98131002,1.0,Public Schools,False
P.S. 123 Mahalia Jackson,Manhattan,MANHATTAN,1.0,New York,40.81976002,-73.94443245,1.0,Public Schools,False
Growing Up Green Charter Middle School,Queens,QUEENS,4.0,New York,40.76043019,-73.94038147,1.0,School,False
JASA Parkchester Senior Centers,Bronx,BRONX,2.0,New York,40.83434742,-73.85744396,1.0,Senior Centers,False
Macy's Inc. - 76153 - Upper West Side Outlet,Manhattan,MANHATTAN,1.0,New York,40.77903175,-73.98200399,2.0,Businesses & Commercial Spaces,False
East River Academy @ RNDC - Main (service call only),Queens,BRONX,2.0,New York,40.79369755,-73.88413408,1.0,School,True
Central Park Conservancy,Manhattan,MANHATTAN,1.0,New York,40.7897272,-73.96609314,1.0,Parks & Recreation,False
Department of Citywide Administrative Services,Manhattan,MANHATTAN,1.0,New York,40.71864001,-73.99358592,1.0,Government Buildings & Services,False
"D.E. Shaw Research, LLC",Manhattan,MANHATTAN,1.0,New York,40.75710961,-73.983544,7.0,Businesses & Commercial Spaces,False
"Nine Eleven Park, Inc.",Manhattan,MANHATTAN,1.0,New York,40.77599607,-73.96023295,1.0,Businesses & Commercial Spaces,False
City College Academy of the Arts,Manhattan,MANHATTAN,1.0,New York,40.86080008,-73.93066022,1.0,School,False
"Walt Disney/ABC, Inc.",Manhattan,MANHATTAN,1.0,New York,40.77431062,-73.98103766,1.0,Businesses & Commercial Spaces,False
P.S. 019 Marino Jeantet,Queens,QUEENS,4.0,New York,40.74910061,-73.86636118,1.0,Public Schools,False
Icahn Enterprises LP,Manhattan,MANHATTAN,1.0,New York,40.76401348,-73.97318899,1.0,Businesses & Commercial Spaces,False
"Rolex, USA - Long Island City II",Queens,QUEENS,4.0,New York,40.75131811,-73.94703789,2.0,Businesses & Commercial Spaces,False
Tolentine Zeiser Senior Centers,Bronx,BRONX,2.0,New York,40.86149625,-73.90607578,1.0,Senior Centers,False
P.S. K134,Brooklyn,BROOKLYN,3.0,New York,40.63227284,-73.97389782,1.0,Public Schools,False
New York State Liquor Authority,Manhattan,MANHATTAN,1.0,New York,40.80828458,-73.94512119,2.0,Government Buildings & Services,False
Pathways to Graduation @ York College,Queens,QUEENS,4.0,New York,40.70252457,-73.79557795,1.0,School,False
The Metropolitan Condominium,Manhattan,MANHATTAN,1.0,New York,40.78162819,-73.95269002,1.0,Businesses & Commercial Spaces,False
Harper Collins Publishers,Manhattan,MANHATTAN,1.0,New York,40.71052901297,-74.00937828022,1.0,Businesses & Commercial Spaces,False
Zeta Global,Manhattan,MANHATTAN,1.0,New York,40.74785419,-73.98287501,1.0,Businesses & Commercial Spaces,False
P.S. 196 Grand Central Parkway,Queens,QUEENS,4.0,New York,40.7227746,-73.8379458,1.0,Public Schools,False
P188X Main Site,Bronx,BRONX,2.0,New York,40.85055453,-73.88374187,1.0,Public Schools,False
P.S. 176 Cambria Heights,Queens,QUEENS,4.0,New York,40.68548372,-73.7299817,1.0,Public Schools,False
Herbert Smith Freehills NY LLP,Manhattan,MANHATTAN,1.0,New York,40.7530952,-73.9748537,1.0,Businesses & Commercial Spaces,False
General Motors,Manhattan,MANHATTAN,1.0,New York,40.76259829,-73.97845996,2.0,Businesses & Commercial Spaces,False
The Queens School for Leadership and Excellence,Queens,QUEENS,4.0,New York,40.70868262,-73.79797925,1.0,School,False
South Bronx Charter School For International Cultures and the Arts,Bronx,BRONX,2.0,New York,40.80303695,-73.91803505,1.0,School,False
Ralph R. McKee Career and Technical Education High School,Staten Island,STATEN ISLAND,5.0,New York,40.6425658,-74.07959065,1.0,Public Schools,False
The School For Human Rights,Brooklyn,BROOKLYN,3.0,New York,40.65888574,-73.9424585,1.0,School,False
Morgan Stanley - 750 7th Avenue - Floor: 14,Manhattan,MANHATTAN,1.0,New York,40.76074642,-73.98352505,1.0,Businesses & Commercial Spaces,False
RXR Realty [237 Park Avenue],Manhattan,MANHATTAN,1.0,New York,40.75389681,-73.97551391,1.0,Businesses & Commercial Spaces,False
Morrison & Foerster LLP,Manhattan,MANHATTAN,1.0,New York,40.76085011,-73.97971672,6.0,Businesses & Commercial Spaces,False
Alpha Phi Alpha Senior Centers,Queens,QUEENS,4.0,New York,40.69509717,-73.74000394,1.0,Senior Centers,False
Jacob Riis Senior Centers,Manhattan,MANHATTAN,1.0,New York,40.72506845,-73.97500862,1.0,Senior Centers,False
Curtis High School,Staten Island,STATEN ISLAND,5.0,New York,40.64472755,-74.081222,1.0,Public Schools,False
Barnard College,Manhattan,MANHATTAN,1.0,New York,40.80907951,-73.96312109,1.0,Colleges & Universities,False
Henry Street Settlement,Manhattan,MANHATTAN,1.0,New York,40.72216748,-73.97614974,1.0,Health & Social Services,False
P.S. 77 Lower Lab School,Manhattan,MANHATTAN,1.0,New York,40.78481902,-73.94961111,1.0,Public Schools,False
The James J. Ambrose School,Queens,QUEENS,4.0,New York,40.74409055,-73.70984392,1.0,School,False
Flatbush Ascend Charter School LOWER (123 Linden),Brooklyn,BROOKLYN,3.0,New York,40.65240788,-73.95422716,1.0,School,False
New York State Department For People With Developmental Disabilities,Staten Island,STATEN ISLAND,5.0,New York,40.59312952,-74.14413828,1.0,Government Buildings & Services,False
RAIN Middletown Senior Centers,Bronx,BRONX,2.0,New York,40.84434858,-73.82880425,1.0,Senior Centers,False
August Martin High School,Queens,QUEENS,4.0,New York,40.6756252,-73.78334193,9.0,School,False
Columbia University - President's House,Manhattan,MANHATTAN,1.0,New York,40.80627582,-73.95925394,1.0,Colleges & Universities,False
P751M @ M323 (M323),Manhattan,MANHATTAN,1.0,New York,40.73099141,-74.00719103,1.0,Public Schools,False
Beacon High School,Manhattan,MANHATTAN,1.0,New York,40.76151606,-73.99596785,1.0,School,False
JSPOA Friendship Center,Queens,QUEENS,4.0,New York,40.66608056,-73.76741896,1.0,Senior Centers,False
Artisan Partners - New York - Avenue of the Americas,Manhattan,MANHATTAN,1.0,New York,40.76209606,-73.97880305,3.0,Businesses & Commercial Spaces,False
P169M - Robert F. Kennedy School,Manhattan,MANHATTAN,1.0,New York,40.78122041,-73.9556729,1.0,School,False
Morgan Stanley - 1585 Broadway,Manhattan,MANHATTAN,1.0,New York,40.76020869,-73.98533366,1.0,Businesses & Commercial Spaces,False
Equinox,Queens,QUEENS,4.0,New York,40.69995504,-73.90766748,1.0,Health Clubs & Gyms,False
Wildlife Conservation Society,Brooklyn,BROOKLYN,3.0,New York,40.66572088,-73.96424238,1.0,Zoos & Aquariums,False
Thurgood Marshall Academy for Learning and Social Change,Manhattan,MANHATTAN,1.0,New York,40.81544236,-73.94406035,1.0,School,False
Empire State Realty Trust,Manhattan,MANHATTAN,1.0,New York,40.76638394,-73.98211934,1.0,Businesses & Commercial Spaces,False
Columbia University - Kravis Hall,Manhattan,MANHATTAN,1.0,New York,40.81773514,-73.95929025,1.0,Colleges & Universities,False
UNIZO Real Estate NY Four LLC,Manhattan,MANHATTAN,1.0,New York,40.75161005,-73.9738184,1.0,Businesses & Commercial Spaces,False
Kenvue - NYC Design - 16th Floor,Manhattan,MANHATTAN,1.0,New York,40.7509267,-74.00595522,2.0,Businesses & Commercial Spaces,False
"Interpublic Group of Companies, Inc.",Manhattan,MANHATTAN,1.0,New York,40.75873689,-73.96861769,1.0,Businesses & Commercial Spaces,False
The Blackstone Group,Manhattan,MANHATTAN,1.0,New York,40.75816441,-73.97324549,1.0,Businesses & Commercial Spaces,False
P.S. 390Q: The CIVIC School of Bayside Hills,Queens,QUEENS,4.0,New York,40.75021355,-73.76473119,1.0,Public Schools,False
P.S. 048 William G. Wilcox,Staten Island,STATEN ISLAND,5.0,New York,40.60347686,-74.09123705,1.0,Public Schools,False
"Walt Disney/ABC, Inc.",Manhattan,MANHATTAN,1.0,New York,40.77324011,-73.98069136,1.0,Businesses & Commercial Spaces,False
Hebrew Language Academy Charter School,Brooklyn,BROOKLYN,3.0,New York,40.61385206,-73.9121416,1.0,School,False
Cambria Heights Academy,Queens,QUEENS,4.0,New York,40.71184095,-73.77119404,1.0,School,False
Yorkville Community School,Manhattan,MANHATTAN,1.0,New York,40.77784921,-73.94762692,1.0,School,False
P.S. 040 Samuel Huntington,Queens,QUEENS,4.0,New York,40.6941167,-73.79067422,1.0,Public Schools,False
P168X @ 842,Bronx,BRONX,2.0,New York,40.88337749,-73.89084843,1.0,Public Schools,False
Morgan Stanley - ISG - New York Metro - Floor: 30,Manhattan,MANHATTAN,1.0,New York,40.76074642,-73.98352505,2.0,Businesses & Commercial Spaces,False
Girl Scouts of the USA,Manhattan,MANHATTAN,1.0,New York,40.75080205,-73.98284538,1.0,Businesses & Commercial Spaces,False
P.S. 124 Osmond A Church,Queens,QUEENS,4.0,New York,40.66505024,-73.81170114,1.0,Public Schools,False
Morgan Stanley - 1585 Broadway,Manhattan,MANHATTAN,1.0,New York,40.76020869,-73.98533366,1.0,Businesses & Commercial Spaces,False
"Intercontinental Exchange - New York, NY (2 Broad Street)",Manhattan,MANHATTAN,1.0,New York,40.70698539,-74.01076281,1.0,Businesses & Commercial Spaces,False
High School for Arts and Business,Queens,QUEENS,4.0,New York,40.73741924,-73.8531776,5.0,Public Schools,False
P.S. 042 Eltingville - Mini School,Staten Island,STATEN ISLAND,5.0,New York,40.55251579,-74.16946275,1.0,Public Schools,False
Urban Dove Team Charter School II,Bronx,BRONX,2.0,New York,40.81550037,-73.90330855,1.0,School,False
Brooklyn Arts and Science Elementary School,Brooklyn,BROOKLYN,3.0,New York,40.67676722,-73.96005801,1.0,School,False
200 Park LP,Manhattan,MANHATTAN,1.0,New York,40.75415504,-73.97655693,1.0,Businesses & Commercial Spaces,False
P.S. 165 Robert E. Simon,Manhattan,MANHATTAN,1.0,New York,40.80291009,-73.96561322,1.0,Public Schools,False
P.S. 093 Albert G. Oliver,Bronx,BRONX,2.0,New York,40.82176882,-73.87691665,1.0,Public Schools,False
Ralph A. Fabrizio School,Brooklyn,BROOKLYN,3.0,New York,40.63002354,-74.01887795,1.0,School,False
J.H.S. 194 William Carr,Queens,QUEENS,4.0,New York,40.78364272,-73.8078365,1.0,Public Schools,False
Teachers College Community School,Manhattan,MANHATTAN,1.0,New York,40.81241355,-73.9533147,1.0,School,False
Department of Citywide Administrative Services,Brooklyn,BROOKLYN,3.0,New York,40.69245194,-73.99049085,1.0,Government Buildings & Services,False
The Blackstone Group,Manhattan,MANHATTAN,1.0,New York,40.75816441,-73.97324549,1.0,Businesses & Commercial Spaces,False
PublicisGroupe,Manhattan,MANHATTAN,1.0,New York,40.7284278,-74.00715106,1.0,Businesses & Commercial Spaces,False
"Time, Inc.",Manhattan,MANHATTAN,1.0,New York,40.76028202,-73.98015728,1.0,Businesses & Commercial Spaces,False
The Stahl Organization,Manhattan,MANHATTAN,1.0,New York,40.77258322,-73.96526068,1.0,Businesses & Commercial Spaces,False
P.S. 026 The Carteret School,Staten Island,STATEN ISLAND,5.0,New York,40.5916946,-74.19064764,1.0,Public Schools,False
Brooklyn Excelsior Charter School,Brooklyn,BROOKLYN,3.0,New York,40.68983432,-73.92550556,1.0,School,False
Bronx Charter School for Excellence Middle School [Grades 5-8],Bronx,BRONX,2.0,New York,40.83416561,-73.85913198,1.0,School,False
Hearst Corporation,Manhattan,MANHATTAN,1.0,New York,40.76707037,-73.98375453,1.0,Businesses & Commercial Spaces,False
Williamsburg Charter High School,Brooklyn,BROOKLYN,3.0,New York,40.70368802,-73.93596737,1.0,School,False
Three World Trade Center,Manhattan,MANHATTAN,1.0,New York,40.71096789,-74.01235777,1.0,Businesses & Commercial Spaces,False
A-Tech High School,Brooklyn,BROOKLYN,3.0,New York,40.7219738,-73.9532809,1.0,School,False
Bronx Studio School for Writers and Artists,Bronx,BRONX,2.0,New York,40.82057187,-73.89312689,1.0,Public Schools,False
Bedford Stuyvesant Collegiate Charter School,Brooklyn,BROOKLYN,3.0,New York,40.68831242,-73.9322754,1.0,School,False
P.S. 132 Juan Pablo Duarte,Manhattan,MANHATTAN,1.0,New York,40.8506193,-73.9343759,1.0,Public Schools,False
Storefront Academy Charter School,Bronx,BRONX,2.0,New York,40.81484863,-73.90850096,1.0,School,False
I.S. 254 Bronx,Bronx,BRONX,2.0,New York,40.85880884,-73.89023096,1.0,Public Schools,False
P.S. 091 The Albany Avenue School,Brooklyn,BROOKLYN,3.0,New York,40.661879,-73.93994004,1.0,Public Schools,False
Marriott Marquis Theater,Manhattan,MANHATTAN,1.0,New York,40.75819138,-73.9860452,2.0,Performance Venues,False
P.S. 221 Toussaint L'Ouverture,Brooklyn,BROOKLYN,3.0,New York,40.66369394,-73.93604916,1.0,Public Schools,False
Macy's Inc. - Backstage - Fordham Place #007,Bronx,BRONX,2.0,New York,40.86162317,-73.89126388,1.0,Businesses & Commercial Spaces,False
Jacob K. Javits Convention Center,Manhattan,MANHATTAN,1.0,New York,40.75655629,-74.00380806,1.0,Performance Venues,False
P.S. 089 Cypress Hills,Brooklyn,BROOKLYN,3.0,New York,40.67769007,-73.88693579,1.0,Public Schools,False
P.S. 086 The Irvington,Brooklyn,BROOKLYN,3.0,New York,40.70076674,-73.91747965,1.0,Public Schools,False
Arturo Schomburg Senior Centers,Bronx,BRONX,2.0,New York,40.83205524,-73.90164019,1.0,Senior Centers,False
"Chubb Insurance - NY- New York, NY (55 Water St.)",Manhattan,MANHATTAN,1.0,New York,40.70360119,-74.00969108,1.0,Businesses & Commercial Spaces,False
Eagletree Capital LP,Manhattan,MANHATTAN,1.0,New York,40.75757876,-73.98212532,1.0,Businesses & Commercial Spaces,False
Brooklyn Preschool of Science/ Carmelo the Science Fellow,Brooklyn,BROOKLYN,3.0,New York,40.68838676,-73.98862361,1.0,School,False
"Cravath, Swaine & Moore, LLP",Manhattan,MANHATTAN,1.0,New York,40.76206701,-73.98627542,1.0,Businesses & Commercial Spaces,False
Petrides - Pre-K/Kindergarten (Building K),Staten Island,STATEN ISLAND,5.0,New York,40.60874845,-74.10234414,1.0,Public Schools,False
District 30 Pre-K Center at 32-52 37th Street (Q397),Queens,QUEENS,4.0,New York,40.75930133,-73.92094795,1.0,Public Schools,False
New Visions Charter High School for Advanced Math and Science II,Bronx,BRONX,2.0,New York,40.82166801,-73.90354524,1.0,School,False
A. Philip Randolph Campus High School,Manhattan,MANHATTAN,1.0,New York,40.81818176,-73.9503553,1.0,Public Schools,False
J.H.S. 067 Louis Pasteur,Queens,QUEENS,4.0,New York,40.7627003,-73.73369247,1.0,Public Schools,False
KPMG LLP,Manhattan,MANHATTAN,1.0,New York,40.75664358,-73.97226431,7.0,Businesses & Commercial Spaces,False
David Geffen Hall,Manhattan,MANHATTAN,1.0,New York,40.77245264,-73.9824318,1.0,Performance Venues,False
Worldwide Brooklyn Robot Foundry,Brooklyn,BROOKLYN,3.0,New York,40.67661751,-73.99296627,1.0,Businesses & Commercial Spaces,False
Brooklyn Technical High School,Brooklyn,BROOKLYN,3.0,New York,40.68882691,-73.97690452,1.0,School,False
District 25 Pre-K Center at 14-45 143rd Street (Q409),Queens,QUEENS,4.0,New York,40.78577989,-73.82615319,1.0,Public Schools,False
Tony Dapolito Recreation Center,Manhattan,MANHATTAN,1.0,New York,40.72936385,-74.00565382,1.0,Parks & Recreation,False
"HS Construction Trades, Engineering & Architecture",Queens,QUEENS,4.0,New York,40.68958318,-73.84071678,1.0,Public Schools,False
Fitness AED program - Citi Fitness LIC,Queens,QUEENS,4.0,New York,40.74669697,-73.94347589,1.0,Health Clubs & Gyms,False
Fisher Brothers,Manhattan,MANHATTAN,1.0,New York,40.74990309,-73.97506063,1.0,Businesses & Commercial Spaces,False
Pathways to Graduation @ Good Shepherd and ACE,Brooklyn,BROOKLYN,3.0,New York,40.66806462,-73.89317033,1.0,School,False
AB Global,Manhattan,MANHATTAN,1.0,New York,40.76259829,-73.97845996,18.0,Businesses & Commercial Spaces,False
M.S. 260 Clinton School Writers & Artists,Manhattan,MANHATTAN,1.0,New York,40.73651113,-73.99272538,1.0,Public Schools,False
Christopher Avenue Community School,Brooklyn,BROOKLYN,3.0,New York,40.67245423,-73.90655211,1.0,School,False
Manhattan West LLC,Manhattan,MANHATTAN,1.0,New York,40.77583508,-73.96308541,1.0,Businesses & Commercial Spaces,False
Family Welcome Center,Manhattan,MANHATTAN,1.0,New York,40.81117578,-73.95359374,1.0,Government Buildings & Services,False
The Maurice Sendak Community School,Brooklyn,BROOKLYN,3.0,New York,40.67075698,-73.98778669,1.0,School,False
Rudin Management - 355 Lexington,Manhattan,MANHATTAN,1.0,New York,40.75023834,-73.97690841,1.0,Businesses & Commercial Spaces,False
The Woodside Community School,Queens,QUEENS,4.0,New York,40.74768556,-73.90642813,1.0,School,False
I.S. 250 The Robert F. Kennedy Community Middle School,Queens,QUEENS,4.0,New York,40.7244503,-73.81021581,1.0,School,False
P.S. 085 Judge Charles Vallone,Queens,QUEENS,4.0,New York,40.77292453,-73.9146243,1.0,Public Schools,False
The Metropolitan Museum of Art,Manhattan,MANHATTAN,1.0,New York,40.77862632,-73.96254586,1.0,Museums,False
"Walt Disney/ABC, Inc.",Manhattan,MANHATTAN,1.0,New York,40.77390445,-73.98133383,1.0,Businesses & Commercial Spaces,False
Chapin Home,Queens,QUEENS,4.0,New York,40.71427094,-73.80109333,1.0,Nursing Homes,False
P.S. 329 Surfside,Brooklyn,BROOKLYN,3.0,New York,40.57720992,-74.00019439,1.0,Public Schools,False
"SoulCycle, Inc",Manhattan,MANHATTAN,1.0,New York,40.73933544,-73.99200335,2.0,Health Clubs & Gyms,False
Trump World Tower Condominium,Manhattan,MANHATTAN,1.0,New York,40.75207229,-73.96746948,1.0,Businesses & Commercial Spaces,False
Time Warner Cable,Queens,QUEENS,4.0,New York,40.75751126,-73.82775411,1.0,Businesses & Commercial Spaces,False
Jacob K. Javits Convention Center,Manhattan,MANHATTAN,1.0,New York,40.75655629,-74.00380806,1.0,Performance Venues,False
Gilder Gagnon Howe & Co,Manhattan,MANHATTAN,1.0,New York,40.75614737,-73.99801838,1.0,Businesses & Commercial Spaces,False
The Frick Collection,Manhattan,MANHATTAN,1.0,New York,40.77104689,-73.967749,2.0,Museums,False
CYO Senior Guild Lunch Program,Staten Island,STATEN ISLAND,5.0,New York,40.63491977,-74.1344217,1.0,Senior Centers,False
Hotel Pennsylvania,Manhattan,MANHATTAN,1.0,New York,40.74978746,-73.99148598,1.0,Businesses & Commercial Spaces,False
P009Q @ 882Q,Queens,QUEENS,4.0,New York,40.70347711,-73.80508938,1.0,Public Schools,False
P.S. 052 Sheepshead Bay,Brooklyn,BROOKLYN,3.0,New York,40.58791287,-73.94053248,1.0,Public Schools,False
"SAP Americas, Inc. - Global Marketing Inc.",Manhattan,MANHATTAN,1.0,New York,40.75245568,-74.00070021,3.0,Businesses & Commercial Spaces,False
Careers in Sports High School,Bronx,BRONX,2.0,New York,40.82230356,-73.92382834,1.0,School,False
Brooklyn's Daily Discovery Pre-K Center at 385 AVENUE W (K662),Brooklyn,BROOKLYN,3.0,New York,40.5928866,-73.96863832,1.0,Public Schools,False
VAN ECK,Manhattan,MANHATTAN,1.0,New York,40.75104199,-73.97425173,4.0,Businesses & Commercial Spaces,False
Stonehenge,Staten Island,STATEN ISLAND,5.0,New York,40.61823188,-74.10516112,1.0,Businesses & Commercial Spaces,False
"Great Lakes Dredge & Dock Company, LLC - Dredge New York.",Staten Island,STATEN ISLAND,5.0,New York,40.63702948,-74.15068292,1.0,Businesses & Commercial Spaces,False
District 29 Pre-K Center at 100-05 Springfield Boulevard (Q387),Queens,QUEENS,4.0,New York,40.71481662,-73.7356052,1.0,Public Schools,False
Morgan Stanley - 1 NY Plaza,Manhattan,MANHATTAN,1.0,New York,40.70253319,-74.01256178,1.0,Businesses & Commercial Spaces,False
RXR [590 Madison Ave],Manhattan,MANHATTAN,1.0,New York,40.76213864,-73.97247861,1.0,Businesses & Commercial Spaces,False
Outreach Development Corporation,Manhattan,QUEENS,4.0,New York,40.75475833,-73.820629,1.0,Health & Social Services,True
P.S. 224 Hale A. Woodruff,Brooklyn,BROOKLYN,3.0,New York,40.66406722,-73.86609245,1.0,Public Schools,False
P.S. 059 The Community School of Technology - Annex,Bronx,BRONX,2.0,New York,40.85103863,-73.89329101,1.0,Public Schools,False
P.S. 001 The Bergen,Brooklyn,BROOKLYN,3.0,New York,40.64903479,-74.01228859,1.0,Public Schools,False
"1745 Broadway Owner, LLC",Manhattan,MANHATTAN,1.0,New York,40.76529152,-73.98205104,1.0,Businesses & Commercial Spaces,False
New York Congregation Nursing Center,Brooklyn,BROOKLYN,3.0,New York,40.65242696,-73.95389199,1.0,Nursing Homes,False
P.S. 264 Bay Ridge Elementary School For The Arts,Brooklyn,BROOKLYN,3.0,New York,40.62094962,-74.03015017,1.0,Public Schools,False
"Investcorp International, Inc",Manhattan,MANHATTAN,1.0,New York,40.75601562,-73.97483093,1.0,Businesses & Commercial Spaces,False
Redeemer Presbyterian Church,Manhattan,MANHATTAN,1.0,New York,40.78512929,-73.97504377,1.0,Houses of Worship,False
Costco Wholesale Corporation - 243 Queens,Queens,QUEENS,4.0,New York,40.76718904,-73.93758478,1.0,Businesses & Commercial Spaces,False
Bushwick Ascend Charter Lower School,Brooklyn,BROOKLYN,3.0,New York,40.69354989,-73.90910441,1.0,School,False
Mutual of America,Manhattan,MANHATTAN,1.0,New York,40.75744266,-73.97379805,1.0,Businesses & Commercial Spaces,False
LM Builders Group LLC,Brooklyn,BROOKLYN,3.0,New York,40.57604524,-73.98575583,1.0,Businesses & Commercial Spaces,False
P.S. 39 Francis J. Murphy Jr.,Staten Island,STATEN ISLAND,5.0,New York,40.59764539,-74.0700521,1.0,Public Schools,False
Queens High School for the Sciences at York College,Queens,QUEENS,4.0,New York,40.70104146,-73.79815036,1.0,Public Schools,False
Petrocelli Electric,Queens,QUEENS,4.0,New York,40.75185929,-73.94229848,2.0,Businesses & Commercial Spaces,False
Columbia University - William Black Building,Manhattan,MANHATTAN,1.0,New York,40.84162844,-73.94108908,1.0,Colleges & Universities,False
M.S. 158 Marie Curie,Queens,QUEENS,4.0,New York,40.75613119,-73.77286051,1.0,Public Schools,False
Union Square Academy for Health Sciences,Manhattan,MANHATTAN,1.0,New York,40.7354869,-73.98765932,1.0,School,False
The Museum of Modern Art,Manhattan,MANHATTAN,1.0,New York,40.76099511,-73.97720066,1.0,Museums,False
P.S. 207 Elizabeth G. Leary,Brooklyn,BROOKLYN,3.0,New York,40.61334568,-73.93012946,1.0,Public Schools,False
Family Life Academy Charter Middle School,Bronx,BRONX,2.0,New York,40.82867585,-73.91459947,1.0,School,False
J.H.S. 216 George J. Ryan,Queens,QUEENS,4.0,New York,40.73750945,-73.7940304,1.0,Public Schools,False
Amistad Dual Language School,Manhattan,MANHATTAN,1.0,New York,40.86669974,-73.92394722,1.0,School,False
P.S. 127 McKinley Park,Brooklyn,BROOKLYN,3.0,New York,40.6242156,-74.0187178,1.0,Public Schools,False
P.S. 58 - The School of Heroes,Queens,QUEENS,4.0,New York,40.72872728,-73.89069862,1.0,Public Schools,False
Centerbridge partners,Manhattan,MANHATTAN,1.0,New York,40.75877913,-73.97280126,1.0,Businesses & Commercial Spaces,False
Fiorello H. LaGuardia High School of Music & Art and Performing Arts,Manhattan,MANHATTAN,1.0,New York,40.77362231,-73.98527293,1.0,School,False
Region 6 Office,Brooklyn,BROOKLYN,3.0,New York,40.62989695,-73.92196646,1.0,Government Buildings & Services,False
Columbia University - Hartley Hall,Manhattan,MANHATTAN,1.0,New York,40.80633969,-73.96141041,1.0,Colleges & Universities,False
"Eisler Capital, LLC",Manhattan,MANHATTAN,1.0,New York,40.75548041,-74.00021296,1.0,Businesses & Commercial Spaces,False
Ralph R. McKee Career and Technical Education High School,Staten Island,STATEN ISLAND,5.0,New York,40.6425658,-74.07959065,1.0,Public Schools,False
Epstein Becker Green,Manhattan,MANHATTAN,1.0,New York,40.7550112,-73.97556764,1.0,Businesses & Commercial Spaces,False
"United Talent Agency, LLC",Manhattan,MANHATTAN,1.0,New York,40.74271137,-73.99029238,1.0,Businesses & Commercial Spaces,False
Department of Citywide Administrative Services,Brooklyn,BROOKLYN,3.0,New York,40.69411513,-73.98890391,1.0,Government Buildings & Services,False
Department of Citywide Administrative Services,Manhattan,MANHATTAN,1.0,New York,40.71299412,-74.0041807,2.0,Government Buildings & Services,False
Astor Collegiate Academy,Bronx,BRONX,2.0,New York,40.85965827,-73.86100465,1.0,School,False
P.S. 340 Bronx,Bronx,BRONX,2.0,New York,40.86900123,-73.89748878,1.0,Public Schools,False
New York State Department of Housing,Staten Island,STATEN ISLAND,5.0,New York,40.64055103,-74.07568953,1.0,Government Buildings & Services,False
Bard High School Early College Queens,Queens,QUEENS,4.0,New York,40.74508771,-73.93663477,1.0,School,False
I.S. 145 Joseph Pulitzer,Queens,QUEENS,4.0,New York,40.7546536,-73.88711146,1.0,Public Schools,False
Charles H. Greenthal Mgmt. Corp,Queens,QUEENS,4.0,New York,40.75119356,-73.93440204,1.0,Businesses & Commercial Spaces,False
Academy for Young Writers,Brooklyn,BROOKLYN,3.0,New York,40.65742639,-73.87473417,1.0,Public Schools,False
P.S. 151 Lyndon B. Johnson,Brooklyn,BROOKLYN,3.0,New York,40.69328602,-73.90863958,1.0,Public Schools,False
Broadway Presbyterian Church,Manhattan,MANHATTAN,1.0,New York,40.80681571,-73.96510187,1.0,Houses of Worship,False
The Museum of Modern Art,Manhattan,MANHATTAN,1.0,New York,40.76125011,-73.97591188,1.0,Museums,False
Jones Lang LaSalle [685 3rd],Manhattan,MANHATTAN,1.0,New York,40.75161005,-73.9738184,1.0,Businesses & Commercial Spaces,False
P.S. 088 Seneca,Queens,QUEENS,4.0,New York,40.70377161,-73.89637331,1.0,Public Schools,False
Morgan Stanley - ISG - New York Metro - 750 7th Avenue - Floor: 18,Manhattan,MANHATTAN,1.0,New York,40.76074642,-73.98352505,1.0,Businesses & Commercial Spaces,False
P.S. 059 Beekman Hill International,Manhattan,MANHATTAN,1.0,New York,40.7592278,-73.96718802,1.0,Public Schools,False
District 20 Pre-K Center at 140 58th Street (K664),Brooklyn,BROOKLYN,3.0,New York,40.64533046,-74.02286416,1.0,Public Schools,False
P.S. 046 Albert V. Maniscalco,Staten Island,STATEN ISLAND,5.0,New York,40.59376282,-74.08058006,1.0,Public Schools,False
ReStart @ Adolescent Skills Center I - Bronx,Bronx,BRONX,2.0,New York,40.82204558,-73.89587769,1.0,School,False
Equinox,Manhattan,BROOKLYN,3.0,New York,40.59136286,-73.94012973,1.0,Health Clubs & Gyms,True
P.S. 017 Henry D. Woodworth,Brooklyn,BROOKLYN,3.0,New York,40.71534379,-73.9567161,1.0,Public Schools,False
M.S. 260 Clinton School Writers & Artists,Manhattan,MANHATTAN,1.0,New York,40.73651113,-73.99272538,1.0,Public Schools,False
Manhattan Center for Science and Mathematics,Manhattan,MANHATTAN,1.0,New York,40.79446964,-73.93356468,1.0,Public Schools,False
Fidelity Investments,Manhattan,MANHATTAN,1.0,New York,40.71141766,-74.01544191,4.0,Businesses & Commercial Spaces,False
W.P. Carey Inc.,Manhattan,MANHATTAN,1.0,New York,40.75227175,-73.99712339,1.0,Businesses & Commercial Spaces,False
J.H.S. 088 Peter Rouget,Brooklyn,BROOKLYN,3.0,New York,40.66001665,-73.98763729,1.0,Public Schools,False
Division Military Naval Affairs,Queens,QUEENS,4.0,New York,40.79674362,-73.81462109,1.0,Museums,False
P.S. 003 The Margaret Gioiosa School,Staten Island,STATEN ISLAND,5.0,New York,40.52069164,-74.21126239,1.0,Public Schools,False
M.S. 429 (Q429),Queens,QUEENS,4.0,New York,40.75000945,-73.91586647,1.0,Public Schools,False
"Soulcycle, Inc",Manhattan,MANHATTAN,1.0,New York,40.71600458,-74.01204848,3.0,Health Clubs & Gyms,False
Marymount School,Manhattan,MANHATTAN,1.0,New York,40.78686455,-73.95120209,1.0,School,False
P.S. 115 Alexander Humboldt,Manhattan,MANHATTAN,1.0,New York,40.84653561,-73.93520403,1.0,Public Schools,False
Vornado Realty Trust,Manhattan,MANHATTAN,1.0,New York,40.75396639,-73.98053816,1.0,Businesses & Commercial Spaces,False
StepStone Group,Manhattan,MANHATTAN,1.0,New York,40.75555731,-73.97513791,1.0,Businesses & Commercial Spaces,False
P.S. 186 Castlewood,Queens,QUEENS,4.0,New York,40.749999,-73.72160572,1.0,Public Schools,False
"AECOM of YU, Div. of Substance Abuse",Bronx,BRONX,2.0,New York,40.82301069,-73.85668428,1.0,Colleges & Universities,False
The Museum of Modern Art,Manhattan,MANHATTAN,1.0,New York,40.76099511,-73.97720066,1.0,Museums,False
The Museum of Modern Art,Manhattan,MANHATTAN,1.0,New York,40.76099511,-73.97720066,1.0,Museums,False
P.S. 288 The Shirley Tanyhill,Brooklyn,BROOKLYN,3.0,New York,40.57440446,-73.99194038,1.0,Public Schools,False
P.S. 335 Granville T. Woods,Brooklyn,BROOKLYN,3.0,New York,40.67464894,-73.92779379,1.0,Public Schools,False
P.S. 247 Brooklyn,Brooklyn,BROOKLYN,3.0,New York,40.61226557,-73.98671333,1.0,Public Schools,False
New York Center For Autism Charter School - East Harlem,Manhattan,MANHATTAN,1.0,New York,40.78525161,-73.94152554,1.0,School,False
Civic Leadership Academy,Queens,QUEENS,4.0,New York,40.74372303,-73.87064127,1.0,School,False
"Kirkland & Ellis, LLP",Manhattan,MANHATTAN,1.0,New York,40.75845753,-73.97091355,1.0,Businesses & Commercial Spaces,False
ALC - CLOISTERS,Manhattan,MANHATTAN,1.0,New York,40.8505856,-73.93304212,1.0,School,False
Pathways to Graduation @ Sheltering Arms Far Rockaway,Queens,QUEENS,4.0,New York,40.59653205,-73.76694918,1.0,School,False
CSE 2,Bronx,BRONX,2.0,New York,40.83211055,-73.82748797,1.0,Government Buildings & Services,False
Epic High School - North,Queens,QUEENS,4.0,New York,40.69299788,-73.82940712,1.0,Public Schools,False
La Guardia Senior Centers,Manhattan,MANHATTAN,1.0,New York,40.71136872,-73.98846096,1.0,Senior Centers,False
Boulevard Senior Centers,Brooklyn,BROOKLYN,3.0,New York,40.66021717,-73.88186183,1.0,Senior Centers,False
National Hockey League,Manhattan,MANHATTAN,1.0,New York,40.75757876,-73.98212532,1.0,Businesses & Commercial Spaces,False
First Citizens Bank,Manhattan,MANHATTAN,1.0,New York,40.75378267,-73.98159937,5.0,Businesses & Commercial Spaces,False
Manhattan Field Support Center,Manhattan,MANHATTAN,1.0,New York,40.74762195,-73.9930598,1.0,Public Schools,False
Success Academy Charter School - South Jamaica,Queens,QUEENS,4.0,New York,40.67571593,-73.80003709,1.0,School,False
Rockefeller University,Manhattan,MANHATTAN,1.0,New York,40.76312728,-73.95645028,1.0,Colleges & Universities,False
PJT Partners,Manhattan,MANHATTAN,1.0,New York,40.75601562,-73.97483093,1.0,Businesses & Commercial Spaces,False
Mosaic Pre-K Center @ The Hall of Science (Q369),Queens,QUEENS,4.0,New York,40.74811117,-73.8540093,1.0,Public Schools,False
Brooklyn Preparatory High School,Brooklyn,BROOKLYN,3.0,New York,40.71506581,-73.95475392,1.0,School,False
Department of Citywide Administrative Services,Manhattan,MANHATTAN,1.0,New York,40.71339484,-74.00463523,1.0,Government Buildings & Services,False
Urban Assembly New York Harbor School,Manhattan,MANHATTAN,1.0,New York,40.70142167,-74.01155174,1.0,Public Schools,False
Columbia University - Lewishohn Hall,Manhattan,MANHATTAN,1.0,New York,40.80837975,-73.96360553,1.0,Colleges & Universities,False
P.S. 183 Robert L. Stevenson,Manhattan,MANHATTAN,1.0,New York,40.76372901,-73.95815016,1.0,Public Schools,False
Edward R. Murrow High School,Brooklyn,BROOKLYN,3.0,New York,40.62051816,-73.95928492,1.0,School,False
"Comcast Enterprise - Spotlight/New York, NY",Manhattan,MANHATTAN,1.0,New York,40.75675785,-73.9807503,2.0,Businesses & Commercial Spaces,False
"Building 141, Federal Circle, JFK Int Airport",Queens,QUEENS,4.0,New York,40.65867863,-73.80940218,1.0,Ferries & Other Transportation,False
P.S. 264 Bay Ridge Elementary School For The Arts,Brooklyn,BROOKLYN,3.0,New York,40.62094962,-74.03015017,1.0,Public Schools,False
Department of Citywide Administrative Services,Brooklyn,BROOKLYN,3.0,New York,40.69411513,-73.98890391,1.0,Government Buildings & Services,False
P.S. 174 William Sidney Mount,Queens,QUEENS,4.0,New York,40.72091688,-73.86134923,1.0,Public Schools,False
CPW Dentistry,Manhattan,MANHATTAN,1.0,New York,40.77014123,-73.98039983,1.0,Health & Social Services,False
P.S. 206 Joseph F Lamb,Brooklyn,BROOKLYN,3.0,New York,40.59736175,-73.94894652,1.0,Public Schools,False
Comcast Enterprise - Xfinity Creative,Manhattan,MANHATTAN,1.0,New York,40.72462926757,-74.00074320617,2.0,Businesses & Commercial Spaces,False
South Bronx Classical Charter School IV,Bronx,BRONX,2.0,New York,40.82371657,-73.92302459,1.0,School,False
The Heritage at Trump Place,Manhattan,MANHATTAN,1.0,New York,40.78047072,-73.9873368,1.0,Businesses & Commercial Spaces,False
Evergreen Middle School for Urban Exploration,Brooklyn,BROOKLYN,3.0,New York,40.68837966,-73.91027616,1.0,School,False
Fordham University - Manhattan Campus - Lowenstein,Manhattan,MANHATTAN,1.0,New York,40.77013368613,-73.98497404952,1.0,School,False
The New American Academy at Roberto Clemente State,Bronx,BRONX,2.0,New York,40.85252977,-73.92146569,1.0,School,False
Hunt's Point Recreation Center,Bronx,BRONX,2.0,New York,40.81585775,-73.88876665,1.0,Parks & Recreation,False
Leonard Covello Senior Centers,Manhattan,MANHATTAN,1.0,New York,40.79229959,-73.94047922,1.0,Senior Centers,False
Time Warner Cable,Staten Island,STATEN ISLAND,5.0,New York,40.63008764,-74.1667315,1.0,Businesses & Commercial Spaces,False
Transatlantic Reinsurance Company,Manhattan,MANHATTAN,1.0,New York,40.709582,-74.01018611,3.0,Businesses & Commercial Spaces,False
The Cathedral School (Cathedral of St. John the Divine),Manhattan,MANHATTAN,1.0,New York,40.80402641,-73.96307333,1.0,Private Schools,False
Hearst Corporation,Manhattan,MANHATTAN,1.0,New York,40.76643902,-73.98332508,1.0,Businesses & Commercial Spaces,False
P.S. 209 Margaret Mead,Brooklyn,BROOKLYN,3.0,New York,40.58683781,-73.96198057,1.0,Public Schools,False
Harlem Teams Senior Centers,Manhattan,MANHATTAN,1.0,New York,40.81619878,-73.94179449,1.0,Senior Centers,False
International High School at Prospect Heights,Brooklyn,BROOKLYN,3.0,New York,40.67034226,-73.96169487,1.0,School,False
Rose Building,Manhattan,MANHATTAN,1.0,New York,40.76948571,-73.98345068,1.0,Businesses & Commercial Spaces,False
Wildlife Conservation Society,Bronx,BRONX,2.0,New York,40.85053675,-73.88245508,1.0,Zoos & Aquariums,False
RXR Realty [237 Park Avenue],Manhattan,MANHATTAN,1.0,New York,40.75389681,-73.97551391,1.0,Businesses & Commercial Spaces,False
Troutman Pepper - NYC,Manhattan,MANHATTAN,1.0,New York,40.7575953,-73.96945204,4.0,Businesses & Commercial Spaces,False
Project Find Coffee House,Manhattan,MANHATTAN,1.0,New York,40.75743723,-73.99335837,1.0,Senior Centers,False
Bronx Charter School for Excellence 5 [Grades K-2],Bronx,BRONX,2.0,New York,40.8477151,-73.89667231,1.0,School,False
Internal Revenue Service,Manhattan,MANHATTAN,1.0,New York,40.71480011,-74.00576441,1.0,Government Buildings & Services,False
Marymount School,Manhattan,MANHATTAN,1.0,New York,40.78686455,-73.95120209,1.0,School,False
Richmond Hill High School,Queens,QUEENS,4.0,New York,40.69571733,-73.83460393,1.0,School,False
Port Richmond School for Visionary Learning,Staten Island,STATEN ISLAND,5.0,New York,40.62476524,-74.14252455,1.0,School,False
Department of Citywide Administrative Services,Manhattan,MANHATTAN,1.0,New York,40.71299412,-74.0041807,2.0,Government Buildings & Services,False
Bronx Latin,Bronx,BRONX,2.0,New York,40.82773644,-73.90010367,1.0,Public Schools,False
P.S. X037 - Multiple Intelligence School,Bronx,BRONX,2.0,New York,40.88025722,-73.91046464,1.0,Public Schools,False
P010X @ Mount Eden Campus (X240),Bronx,BRONX,2.0,New York,40.84248847,-73.91608156,1.0,School,False
Morgan Stanley - 1585 Broadway,Manhattan,MANHATTAN,1.0,New York,40.76020869,-73.98533366,1.0,Businesses & Commercial Spaces,False
P.S. 6 Corporal Allan F. Kivlehan School,Staten Island,STATEN ISLAND,5.0,New York,40.51072805,-74.2311071,1.0,Public Schools,False
Little Red School House,Manhattan,MANHATTAN,1.0,New York,40.72706927,-74.00479855,1.0,School,False
P.S. 057 Hubert H. Humphrey,Staten Island,STATEN ISLAND,5.0,New York,40.61150053,-74.08317674,1.0,Public Schools,False
Stuyvesant High School,Manhattan,MANHATTAN,1.0,New York,40.71769239,-74.01398957,1.0,School,False
P.S. 040 George W. Carver,Brooklyn,BROOKLYN,3.0,New York,40.68045601,-73.922264,1.0,Public Schools,False
The Frick Collection,Manhattan,MANHATTAN,1.0,New York,40.77104689,-73.967749,4.0,Museums,False
Carmel Richmond Healthcare & Rehabilitation Center,Staten Island,STATEN ISLAND,5.0,New York,40.59622848,-74.09047813,1.0,Nursing Homes,False
"Walt Disney/ABC, Inc.",Manhattan,MANHATTAN,1.0,New York,40.77324011,-73.98069136,1.0,Businesses & Commercial Spaces,False
Bronx Community Charter School,Bronx,BRONX,2.0,New York,40.87249815,-73.8753905,1.0,School,False
P.S. 011 Kathryn Phelan,Queens,QUEENS,4.0,New York,40.74523633,-73.90871964,1.0,Public Schools,False
KIPP Freedom Charter Elementary School,Bronx,BRONX,2.0,New York,40.85783597,-73.90420114,1.0,School,False
Congregation Rodeph Sholom,Manhattan,MANHATTAN,1.0,New York,40.78350349,-73.97114089,1.0,Houses of Worship,False
Holy Cross High School,Queens,QUEENS,4.0,New York,40.77115685,-73.79516789,1.0,School,False
P.S. 148 Queens,Queens,QUEENS,4.0,New York,40.75837007,-73.87908813,1.0,Public Schools,False
P.S. 084 Steinway,Queens,QUEENS,4.0,New York,40.77150451,-73.90632955,1.0,Public Schools,False
P751M @ M323 (M323),Manhattan,MANHATTAN,1.0,New York,40.73099141,-74.00719103,1.0,Public Schools,False
Saint David's School,Manhattan,MANHATTAN,1.0,New York,40.78318667,-73.95839426,1.0,School,False
P.S. 234 Independence School,Manhattan,MANHATTAN,1.0,New York,40.71601017,-74.01103843,1.0,Public Schools,False
Special Music School,Manhattan,MANHATTAN,1.0,New York,40.77491199,-73.98274527,1.0,School,False
P.S. 017 Henry D. Woodworth,Brooklyn,BROOKLYN,3.0,New York,40.71534379,-73.9567161,1.0,Public Schools,False
Shiloh dba Camp Shiloh,Manhattan,MANHATTAN,1.0,New York,40.77678138,-73.96113875,1.0,Businesses & Commercial Spaces,False
Tilden Senior Centers,Brooklyn,BROOKLYN,3.0,New York,40.66346404,-73.90527796,1.0,Senior Centers,False
Brookfield Properties - One Pierrepont Plaza,Brooklyn,BROOKLYN,3.0,New York,40.69519125,-73.99086911,3.0,Businesses & Commercial Spaces,False
P.S. 096 Joseph Lanzetta,Manhattan,MANHATTAN,1.0,New York,40.80024958,-73.93755727,1.0,Public Schools,False
I.S. 025 Adrien Block,Queens,QUEENS,4.0,New York,40.76512565,-73.79008196,1.0,Public Schools,False
P.S. 146 Howard Beach,Queens,QUEENS,4.0,New York,40.65986568,-73.83506801,1.0,Public Schools,False
P.S. 9 Ryer Avenue Elementary School,Bronx,BRONX,2.0,New York,40.85706019,-73.89893519,1.0,Public Schools,False
Ft. Greene Grant Square Senior Centers,Brooklyn,BROOKLYN,3.0,New York,40.67690165,-73.95266726,1.0,Senior Centers,False
Dream Charter School Highbridge ES/MS,Bronx,BRONX,2.0,New York,40.83465086,-73.92190969,1.0,School,False
Opportunity Charter School,Manhattan,MANHATTAN,1.0,New York,40.80168223,-73.95490792,1.0,School,False
Newtown High School,Queens,QUEENS,4.0,New York,40.74111454,-73.87472057,1.0,School,False
Goldie Maple Academy,Queens,QUEENS,4.0,New York,40.59395929,-73.78618244,1.0,School,False
Brownsville Ascend Charter Lower School,Brooklyn,BROOKLYN,3.0,New York,40.66859294,-73.9181216,1.0,School,False
"Science, Technology and Research Early College High School at Erasmus",Brooklyn,BROOKLYN,3.0,New York,40.64978002,-73.95854985,9.0,Public Schools,False
New York State Department For People With Developmental Disabilities,Staten Island,STATEN ISLAND,5.0,New York,40.60331013,-74.14179794,1.0,Government Buildings & Services,False
"Risk and Insurance Management Society, Inc. - Avenue of the Americas",Manhattan,MANHATTAN,1.0,New York,40.75393699,-73.98594864,1.0,Businesses & Commercial Spaces,False
P.S. 315 Lab School,Bronx,BRONX,2.0,New York,40.87323283,-73.89972047,1.0,Public Schools,False
Brooklyn Ascend Charter Lower School,Brooklyn,BROOKLYN,3.0,New York,40.6620268,-73.92112855,1.0,School,False
200 Park LP,Manhattan,MANHATTAN,1.0,New York,40.75415504,-73.97655693,1.0,Businesses & Commercial Spaces,False
P.S. 066 School of Higher Expectations,Bronx,BRONX,2.0,New York,40.83115806,-73.88709317,1.0,Public Schools,False
Manhattan West LLC,Manhattan,MANHATTAN,1.0,New York,40.76412,-73.97103381,1.0,Businesses & Commercial Spaces,False
School of Performing Arts (X116),Bronx,BRONX,2.0,New York,40.82243627,-73.8939007,1.0,Public Schools,False
P.S. 126 Jacob August Riis,Manhattan,MANHATTAN,1.0,New York,40.71072148,-73.99663102,1.0,Public Schools,False
Morgan Stanley - 1585 Broadway,Manhattan,MANHATTAN,1.0,New York,40.76020869,-73.98533366,1.0,Businesses & Commercial Spaces,False
Challenge Charter High/Middle School,Queens,QUEENS,4.0,New York,40.6056642,-73.75138813,1.0,School,False
Patterson Houses Senior Centers,Bronx,BRONX,2.0,New York,40.81519082,-73.92217827,1.0,Senior Centers,False
Manhattan West LLC,Manhattan,MANHATTAN,1.0,New York,40.77583508,-73.96308541,1.0,Businesses & Commercial Spaces,False
P.S. 019 Judith K. Weiss,Bronx,BRONX,2.0,New York,40.89901367,-73.86692314,1.0,Public Schools,False
Thomas A. Edison Career and Technical Education High School,Queens,QUEENS,4.0,New York,40.71538132,-73.80036854,1.0,School,False
Jacob K. Javits Convention Center,Manhattan,MANHATTAN,1.0,New York,40.75655629,-74.00380806,1.0,Performance Venues,False
Equinox,Manhattan,MANHATTAN,1.0,New York,40.76129854,-73.9621369,3.0,Health Clubs & Gyms,False
PSP Investments USA LLC,Manhattan,MANHATTAN,1.0,New York,40.7530952,-73.9748537,1.0,Businesses & Commercial Spaces,False
P.S. 199 Jessie Isador Straus,Manhattan,MANHATTAN,1.0,New York,40.77812637,-73.98462922,1.0,Public Schools,False
East Side Community School,Manhattan,MANHATTAN,1.0,New York,40.72958225,-73.982555,1.0,School,False
JS Capital Management,Manhattan,MANHATTAN,1.0,New York,40.76500854,-73.98041579,1.0,Businesses & Commercial Spaces,False
Atmosphere Academy Public Charter School - Broadway,Bronx,BRONX,2.0,New York,40.88894808,-73.89853208,2.0,School,False
P.S. 094 Kings College School - Annex,Bronx,BRONX,2.0,New York,40.88155785,-73.87479846,1.0,Public Schools,False
P.S. 059 The Community School of Technology,Bronx,BRONX,2.0,New York,40.85276803,-73.89352319,1.0,Public Schools,False
P.S. 239 Queens,Queens,QUEENS,4.0,New York,40.69914216,-73.90379893,1.0,Public Schools,False
Institute for Health Professions at Cambria Heights,Queens,QUEENS,4.0,New York,40.69781088,-73.74572742,1.0,Public Schools,False
P.S. 102 The Bayview,Brooklyn,BROOKLYN,3.0,New York,40.63401233,-74.0290356,1.0,Public Schools,False
P.S. 057 Hubert H. Humphrey,Staten Island,STATEN ISLAND,5.0,New York,40.61150053,-74.08317674,1.0,Public Schools,False
Summit Academy Charter School,Brooklyn,BROOKLYN,3.0,New York,40.67755633,-74.00516631,1.0,School,False
P.S. 048 P.O. Michael J. Buczek,Manhattan,MANHATTAN,1.0,New York,40.85345991,-73.93404775,1.0,Public Schools,False
The Blackstone Group,Manhattan,MANHATTAN,1.0,New York,40.75816441,-73.97324549,1.0,Businesses & Commercial Spaces,False
Jacob K. Javits Convention Center,Manhattan,MANHATTAN,1.0,New York,40.75655629,-74.00380806,1.0,Performance Venues,False
Perkins Eastman,Manhattan,MANHATTAN,1.0,New York,40.73888801,-73.99150181,1.0,Businesses & Commercial Spaces,False
Grand Concourse Academy Charter School,Bronx,BRONX,2.0,New York,40.81830286,-73.85842143,1.0,School,False
P.S. 58 - The School of Heroes,Queens,QUEENS,4.0,New York,40.72872728,-73.89069862,1.0,Public Schools,False
The Richmond Pre-K Center at 120 Stuyvesant Place (R077),Staten Island,STATEN ISLAND,5.0,New York,40.64325641,-74.07715919,1.0,Public Schools,False
"Hartree Partners, LP",Manhattan,MANHATTAN,1.0,New York,40.75757876,-73.98212532,1.0,Businesses & Commercial Spaces,False
The Museum of Modern Art,Manhattan,MANHATTAN,1.0,New York,40.76099511,-73.97720066,1.0,Museums,False
P.S. 190 Sheffield,Brooklyn,BROOKLYN,3.0,New York,40.66231823,-73.89444111,1.0,Public Schools,False
P811Q Mini School (Q822),Queens,QUEENS,4.0,New York,40.6996373,-73.75251859,1.0,School,False
P.S. 149 Sojourner Truth,Manhattan,MANHATTAN,1.0,New York,40.80250493,-73.94680918,1.0,Public Schools,False
Yorkville Community School,Manhattan,MANHATTAN,1.0,New York,40.77784921,-73.94762692,1.0,School,False
Morgan Stanley - CMP072 - 399 Park - New York NY 399 - Floor: 12,Manhattan,MANHATTAN,1.0,New York,40.75953381,-73.97224506,2.0,Businesses & Commercial Spaces,False
"Interpublic Group of Companies, Inc",Manhattan,MANHATTAN,1.0,New York,40.75873689,-73.96861769,1.0,Businesses & Commercial Spaces,False
The Museum of Modern Art,Manhattan,MANHATTAN,1.0,New York,40.76099511,-73.97720066,1.0,Museums,False
P.S. 152 Evergreen,Bronx,BRONX,2.0,New York,40.82401732,-73.88003067,1.0,Public Schools,False
Columbia University,Manhattan,MANHATTAN,1.0,New York,40.81794551,-73.95663104,1.0,Colleges & Universities,False
M.S. 224 Manhattan East School for Arts & Academics,Manhattan,MANHATTAN,1.0,New York,40.78566384,-73.94254713,1.0,Public Schools,False
United Senior Citizens Center of Sunset Park,Brooklyn,BROOKLYN,3.0,New York,40.6438526,-74.01276689,1.0,Senior Centers,False
TBWAWorld Health,Manhattan,MANHATTAN,1.0,New York,40.75888115,-73.97485511,1.0,Businesses & Commercial Spaces,False
Success Academy Charter School - Rosedale,Queens,QUEENS,4.0,New York,40.65579454,-73.73879176,1.0,School,False
Sixth Avenue Elementary School,Manhattan,MANHATTAN,1.0,New York,40.738718,-73.99416856,1.0,School,False
Excellence Boys Charter School of Bedford Stuyvesant Middle Academy,Brooklyn,BROOKLYN,3.0,New York,40.68354099,-73.92618686,1.0,School,False
"Pathways to Graduation @ Alpha School - Center for Progressive Living, Inc.",Brooklyn,BROOKLYN,3.0,New York,40.66531784,-73.87491755,1.0,School,False
Adult Education - School 6,Brooklyn,BROOKLYN,3.0,New York,40.6277665,-73.96572903,1.0,School,False
Recursion,Manhattan,MANHATTAN,1.0,New York,40.75548041,-74.00021296,1.0,Businesses & Commercial Spaces,False
Cultural Arts Academy Charter School at Spring Creek (K792),Brooklyn,BROOKLYN,3.0,New York,40.65450482,-73.9083397,1.0,School,False
The Guggenheim Museum,Manhattan,MANHATTAN,1.0,New York,40.70939527,-74.0110734,1.0,Museums,False
P.S./M.S 042 R. Vernam,Queens,QUEENS,4.0,New York,40.59453042,-73.79530491,1.0,Public Schools,False
P.S. 110 Florence Nightingale,Manhattan,MANHATTAN,1.0,New York,40.71590738,-73.97989278,1.0,Public Schools,False
"Vornado Office Managment, LLC",Manhattan,MANHATTAN,1.0,New York,40.75109132,-73.9929259,1.0,Businesses & Commercial Spaces,False
P.S. 316 Elijah Stroud,Brooklyn,BROOKLYN,3.0,New York,40.67439306,-73.96025411,1.0,Public Schools,False
P.S. 273 Queens,Queens,QUEENS,4.0,New York,40.69359867,-73.84463061,1.0,Public Schools,False
MacAndrews & Forbes,Manhattan,MANHATTAN,1.0,New York,40.76385793,-73.96622188,4.0,Businesses & Commercial Spaces,False
Community Lounge Senior Centers,Manhattan,MANHATTAN,1.0,New York,40.73842063,-73.98423426,1.0,Senior Centers,False
Perkins Coie LLP,Manhattan,MANHATTAN,1.0,New York,40.75874744,-73.97869222,1.0,Businesses & Commercial Spaces,False
Greenberg Traurig,Manhattan,MANHATTAN,1.0,New York,40.75415504,-73.97655693,1.0,Businesses & Commercial Spaces,False
P.S. 380 John Wayne Elementary,Brooklyn,BROOKLYN,3.0,New York,40.70241994,-73.95298449,1.0,Public Schools,False
New York City Academy for Discovery,Queens,QUEENS,4.0,New York,40.69175728,-73.84900541,1.0,Public Schools,False
Orchard Collegiate Academy,Manhattan,MANHATTAN,1.0,New York,40.71367683,-73.98633592,1.0,School,False
M.S. 113 Ronald Edmonds Learning Center,Brooklyn,BROOKLYN,3.0,New York,40.68880361,-73.97100896,1.0,Public Schools,False
Cauldwell Wingate,Manhattan,MANHATTAN,1.0,New York,40.75102872,-73.97635953,0.0,Businesses & Commercial Spaces,False
P.S. 124 Silas B. Dutcher,Brooklyn,BROOKLYN,3.0,New York,40.66753766,-73.99104593,1.0,Public Schools,False
RXR [530 Fifth Ave],Manhattan,MANHATTAN,1.0,New York,40.75487205,-73.97987736,1.0,Businesses & Commercial Spaces,False
Brooklyn Prospect Charter - Windsor Terrace Middle School,Brooklyn,BROOKLYN,3.0,New York,40.69215499,-73.98561553,1.0,School,False
Morgan Stanley - ISG - New York Metro - 750 7th Ave - Floor: 5,Manhattan,MANHATTAN,1.0,New York,40.76074642,-73.98352505,1.0,Businesses & Commercial Spaces,False
Forest Hills High School,Queens,QUEENS,4.0,New York,40.72939462,-73.84563646,1.0,School,False
"Wachtell, Lipton, Rosen & Katz",Manhattan,MANHATTAN,1.0,New York,40.76064125,-73.97830898,21.0,Businesses & Commercial Spaces,False
The Heritage School,Manhattan,MANHATTAN,1.0,New York,40.7918744,-73.94655768,1.0,School,False
The American Dream Charter High School,Bronx,BRONX,2.0,New York,40.80911022,-73.90958176,1.0,School,False
Lotte New York Palace Hotel,Manhattan,MANHATTAN,1.0,New York,40.75810725,-73.97539324,5.0,Businesses & Commercial Spaces,False
"Walt Disney/ABC, Inc.",Manhattan,MANHATTAN,1.0,New York,40.77383035,-73.98138801,1.0,Businesses & Commercial Spaces,False
Abraham Lincoln High School,Brooklyn,BROOKLYN,3.0,New York,40.58167376,-73.96730799,1.0,Public Schools,False
All City Leadership Secondary School,Brooklyn,BROOKLYN,3.0,New York,40.69736279,-73.91317072,1.0,School,False
P.S. 198 Brooklyn,Brooklyn,BROOKLYN,3.0,New York,40.63693304,-73.93733957,1.0,Public Schools,False
Shubert Theater,Manhattan,MANHATTAN,1.0,New York,40.7579555,-73.98747105,1.0,Performance Venues,False
Columbia University - The Forum,Manhattan,MANHATTAN,1.0,New York,40.81608532,-73.95864819,1.0,Colleges & Universities,False
Zeta Charter School - South Bronx,Bronx,BRONX,2.0,New York,40.81644629,-73.91597724,1.0,School,False
Dr. Jacqueline Peek-Davis School,Brooklyn,BROOKLYN,3.0,New York,40.67306523,-73.91959414,1.0,School,False
P811Q Marathon School - Main Site (Q811),Queens,QUEENS,4.0,New York,40.75676999,-73.72948586,1.0,School,False
BBDO,Manhattan,MANHATTAN,1.0,New York,40.76074583,-73.97981783,1.0,Businesses & Commercial Spaces,False
"Walt Disney/ABC, Inc.",Manhattan,MANHATTAN,1.0,New York,40.77304791,-73.98027983,1.0,Businesses & Commercial Spaces,False
P.S. 109 Brooklyn,Brooklyn,BROOKLYN,3.0,New York,40.63644784,-73.93358209,1.0,Public Schools,False
Growing Up Green Charter School II,Queens,QUEENS,4.0,New York,40.71306398,-73.80797223,1.0,School,False
I.S. 010 Horace Greeley,Queens,QUEENS,4.0,New York,40.75935589,-73.91290189,1.0,Public Schools,False
Gaynor McCown Expeditionary Learning School,Staten Island,STATEN ISLAND,5.0,New York,40.5813078,-74.15858839,1.0,Public Schools,False
Atmosphere Academy Public Charter School (3983 Waldo),Bronx,MANHATTAN,1.0,New York,40.87515474,-73.91042453,1.0,School,True
Wildflower New York Charter School,Bronx,BRONX,2.0,New York,40.83314041,-73.90281303,1.0,School,False
P.S. 166 The Richard Rodgers School of The Arts and Technology,Manhattan,MANHATTAN,1.0,New York,40.78885867,-73.97184638,1.0,Public Schools,False
P.S. 008 Luis Belliard,Manhattan,MANHATTAN,1.0,New York,40.83894732,-73.93683776,1.0,Public Schools,False
Eleven Times Square,Manhattan,MANHATTAN,1.0,New York,40.75689078,-73.9900232,17.0,Businesses & Commercial Spaces,False
W. H. Maxwell Career and Technical Education High School,Brooklyn,BROOKLYN,3.0,New York,40.67412808,-73.89643036,1.0,School,False
I.S. 340 Brooklyn,Brooklyn,BROOKLYN,3.0,New York,40.6760869,-73.97038,1.0,Public Schools,False
P.S. 006 West Farms,Bronx,BRONX,2.0,New York,40.84074825,-73.88170625,1.0,Public Schools,False
Worldwide Plaza,Manhattan,MANHATTAN,1.0,New York,40.76206701,-73.98627542,1.0,Businesses & Commercial Spaces,False
ReStart @ Dynamite Youth Center - Brooklyn,Brooklyn,BROOKLYN,3.0,New York,40.61308104,-73.96297046,1.0,School,False
Union Square Academy for Health Sciences,Manhattan,MANHATTAN,1.0,New York,40.7354869,-73.98765932,1.0,School,False
Department of Citywide Administrative Services,Manhattan,MANHATTAN,1.0,New York,40.71299412,-74.0041807,1.0,Government Buildings & Services,False
Cotton Incorporated,Manhattan,MANHATTAN,1.0,New York,40.75873689,-73.96861769,1.0,Businesses & Commercial Spaces,False
"Walt Disney/ABC, Inc.",Manhattan,MANHATTAN,1.0,New York,40.77282549,-73.97973833,1.0,Businesses & Commercial Spaces,False
Tag Young Scholars JHS,Manhattan,MANHATTAN,1.0,New York,40.79306356,-73.94230235,1.0,Public Schools,False
Curtis High School,Staten Island,STATEN ISLAND,5.0,New York,40.64472755,-74.081222,1.0,Public Schools,False
"McLaughlin & Stern, LLP",Manhattan,MANHATTAN,1.0,New York,40.75070018,-73.98082785,1.0,Businesses & Commercial Spaces,False
Four Seasons Hotel New York,Manhattan,MANHATTAN,1.0,New York,40.76205064,-73.97179277,1.0,Businesses & Commercial Spaces,False
Department of Citywide Administrative Services,Manhattan,MANHATTAN,1.0,New York,40.71630987,-74.001277,1.0,Government Buildings & Services,False
P.S. 171 Peter G. Van Alst,Queens,QUEENS,4.0,New York,40.77132869,-73.92908576,1.0,Public Schools,False
Platton Hall,Manhattan,MANHATTAN,1.0,New York,40.78334634,-73.98095202,1.0,Businesses & Commercial Spaces,False
I.S. 117 Joseph H. Wade,Bronx,BRONX,2.0,New York,40.84854025,-73.90841468,1.0,Public Schools,False
P723X - Main Site (X701),Bronx,BRONX,2.0,New York,40.88302015,-73.83322483,1.0,Public Schools,False
The Laurel Condominium c/o Solstice Residential Group,Manhattan,MANHATTAN,1.0,New York,40.76427802,-73.95831226,1.0,Businesses & Commercial Spaces,False
The Brooklyn School for Social Justice,Brooklyn,BROOKLYN,3.0,New York,40.69717736,-73.91116946,1.0,School,False
"Fried, Frank, Harris, Shriver & Jacobson LLP",Manhattan,MANHATTAN,1.0,New York,40.70253319,-74.01256178,1.0,Businesses & Commercial Spaces,False
Jacob K. Javits Convention Center,Manhattan,MANHATTAN,1.0,New York,40.75655629,-74.00380806,1.0,Performance Venues,False
Columbia University - Roy and Diana Vagelos Education Center,Manhattan,MANHATTAN,1.0,New York,40.84471146,-73.94243087,1.0,Colleges & Universities,False
State Street Corporation,Manhattan,MANHATTAN,1.0,New York,40.76085011,-73.97971672,4.0,Businesses & Commercial Spaces,False
I.S. 077 Queens,Queens,QUEENS,4.0,New York,40.69950855,-73.90213944,1.0,Public Schools,False
Children's Academy NYC,Manhattan,MANHATTAN,1.0,New York,40.75461406079,-73.96789053469,1.0,School,False
"Nederlander Producing Company, Inc.",Manhattan,MANHATTAN,1.0,New York,40.7549197,-73.9866595,1.0,Businesses & Commercial Spaces,False
Atlantic Terminal Senior Centers,Brooklyn,BROOKLYN,3.0,New York,40.68275406,-73.97077003,1.0,Senior Centers,False
Conde Nast Building,Manhattan,MANHATTAN,1.0,New York,40.75617401,-73.98624415,1.0,Businesses & Commercial Spaces,False
NYCDOT Ferry Division,Staten Island,STATEN ISLAND,5.0,New York,40.64372588,-74.0727888,4.0,Ferries & Other Transportation,False
BFFY Glenwood Senior Centers,Brooklyn,BROOKLYN,3.0,New York,40.63328099,-73.92155537,1.0,Senior Centers,False
P.S. 118 Lorraine Hansberry,Queens,QUEENS,4.0,New York,40.70357658,-73.76583776,1.0,Public Schools,False
Morgan Stanley - 1585 Broadway,Manhattan,MANHATTAN,1.0,New York,40.76020869,-73.98533366,1.0,Businesses & Commercial Spaces,False
P.S. 183 Dr. Richard R. Green,Queens,QUEENS,4.0,New York,40.58950028,-73.80536212,1.0,Public Schools,False
"Jeffrey M. Rapport School For Career Development, The",Bronx,BRONX,2.0,New York,40.81115523,-73.90980295,1.0,School,False
Carver Senior Centers,Manhattan,MANHATTAN,1.0,New York,40.79083331,-73.95085248,1.0,Senior Centers,False
The Amherst,Manhattan,MANHATTAN,1.0,New York,40.76897842,-73.95469549,1.0,Businesses & Commercial Spaces,False
P.S. 232 Lindenwood,Queens,QUEENS,4.0,New York,40.6659016,-73.85121612,1.0,Public Schools,False
Academy for Young Writers,Brooklyn,BROOKLYN,3.0,New York,40.65742639,-73.87473417,2.0,Public Schools,False
P.S. 016 Wakefield,Bronx,BRONX,2.0,New York,40.90219938,-73.85482712,1.0,Public Schools,False
Academy of the City Charter School,Queens,QUEENS,4.0,New York,40.75692405,-73.90267561,1.0,Public Schools,False
AIA Bay Eden Senior Centers,Bronx,BRONX,2.0,New York,40.88400445,-73.84220208,1.0,Senior Centers,False
Brookfield Properties - Corporate Office,Manhattan,MANHATTAN,1.0,New York,40.71452196,-74.0156771,5.0,Businesses & Commercial Spaces,False
"Walt Disney/ABC, Inc.",Manhattan,MANHATTAN,1.0,New York,40.77298749,-73.98008127,1.0,Businesses & Commercial Spaces,False
Con Edison - Astoria,Queens,QUEENS,4.0,New York,40.77956839,-73.90607263,9.0,Businesses & Commercial Spaces,False
P.S. 105 The Blythebourne,Brooklyn,BROOKLYN,3.0,New York,40.63292901,-74.00373973,1.0,Public Schools,False
New York State Department of Housing,Bronx,BRONX,2.0,New York,40.86073227,-73.88958427,1.0,Government Buildings & Services,False
The Blackstone Group,Manhattan,MANHATTAN,1.0,New York,40.75816441,-73.97324549,1.0,Businesses & Commercial Spaces,False
P.S. 376 Brooklyn,Brooklyn,BROOKLYN,3.0,New York,40.69801327,-73.92071075,1.0,Public Schools,False
Equinox,Brooklyn,BROOKLYN,3.0,New York,40.68864773,-73.99102506,1.0,Health Clubs & Gyms,False
New York & Co.,Manhattan,MANHATTAN,1.0,New York,40.752612,-73.99450301,1.0,Businesses & Commercial Spaces,False
The Museum of Modern Art,Manhattan,MANHATTAN,1.0,New York,40.76099511,-73.97720066,1.0,Museums,False
Uber Technologies - Uber Bronx GLH,Manhattan,BRONX,2.0,New York,40.83643409,-73.88497368,1.0,Businesses & Commercial Spaces,True
P.S. 045 John Tyler,Staten Island,STATEN ISLAND,5.0,New York,40.62855043,-74.10714805,1.0,Public Schools,False
Premise Health Insight Health Center,Manhattan,MANHATTAN,1.0,New York,40.71096789,-74.01235777,1.0,Businesses & Commercial Spaces,False
High School of Telecommunication Arts and Technology,Brooklyn,BROOKLYN,3.0,New York,40.63727433,-74.02384863,1.0,School,False
Morgan Stanley - ISG - New York Metro - 750 7th Ave - Floor: 12,Manhattan,MANHATTAN,1.0,New York,40.76074642,-73.98352505,1.0,Businesses & Commercial Spaces,False
Loeb & Loeb LLP,Manhattan,MANHATTAN,1.0,New York,40.75816441,-73.97324549,1.0,Businesses & Commercial Spaces,False
"Proskauer Rose, LLP (Penn Plaza)",Manhattan,MANHATTAN,1.0,New York,40.75000977,-73.99134519,2.0,Businesses & Commercial Spaces,False
Morgan Stanley - ISG - New York Metro - 750 7th Ave - Floor: 34,Manhattan,MANHATTAN,1.0,New York,40.76074642,-73.98352505,1.0,Businesses & Commercial Spaces,False
OGDEN CAP PROPERTIES,Manhattan,MANHATTAN,1.0,New York,40.77569698,-73.98265841,1.0,Businesses & Commercial Spaces,False
Dr. Susan S. McKinney Secondary School of the Arts,Brooklyn,BROOKLYN,3.0,New York,40.69631716,-73.97578036,2.0,Public Schools,False
New York Water Taxi,Brooklyn,BROOKLYN,3.0,New York,40.6742725,-74.01649316,2.0,Ferries & Other Transportation,False
LEEP Dual Language Academy I,Brooklyn,BROOKLYN,3.0,New York,40.64324331,-74.01223347,1.0,School,False
"Intercontinental Exchange - New York, NY (2 Broad Street)",Manhattan,MANHATTAN,1.0,New York,40.70698539,-74.01076281,1.0,Businesses & Commercial Spaces,False
Crotona International High School,Bronx,BRONX,2.0,New York,40.85569163,-73.88271344,1.0,School,False
"United Talent Agency, LLC",Manhattan,MANHATTAN,1.0,New York,40.76500854,-73.98041579,1.0,Businesses & Commercial Spaces,False
Rose Hill Pre-K Center at 5500 Broadway Avenue (X387),Bronx,BRONX,2.0,New York,40.8770562,-73.90618389,1.0,Public Schools,False
Columbia University - Jerome L Greene Law School,Manhattan,MANHATTAN,1.0,New York,40.80622379,-73.9596188,1.0,School,False
Hines,Manhattan,MANHATTAN,1.0,New York,40.76074642,-73.98352505,1.0,Businesses & Commercial Spaces,False
New York City Police Pension Fund,Manhattan,MANHATTAN,1.0,New York,40.71225833,-74.00789239,1.0,Government Buildings & Services,False
"WIN - Women in Need, Inc. (Glenwood Family)",Brooklyn,BROOKLYN,3.0,New York,40.63495928,-73.93206674,1.0,Health & Social Services,False
"P.S./M.S. 20 P.O.George J. Werdann, III",Bronx,BRONX,2.0,New York,40.86999593,-73.87887353,1.0,Public Schools,False
P.S. 092 Harry T. Stewart Sr.,Queens,QUEENS,4.0,New York,40.75541114,-73.86901587,1.0,Public Schools,False
Intercontinental Exchange - 1345 Avenue of the Americas- 6th avenue,Manhattan,MANHATTAN,1.0,New York,40.70535259,-74.00629017,4.0,Businesses & Commercial Spaces,False
Department of Citywide Administrative Services,Manhattan,MANHATTAN,1.0,New York,40.71371602,-74.00358556,1.0,Government Buildings & Services,False
Equinox,Manhattan,MANHATTAN,1.0,New York,40.70733945,-74.01099731,2.0,Health Clubs & Gyms,False
Fordham University Bronx Location,Bronx,BRONX,2.0,New York,40.86072673616,-73.88953366191,1.0,Colleges & Universities,False
Manhattan West LLC,Manhattan,MANHATTAN,1.0,New York,40.77583508,-73.96308541,1.0,Businesses & Commercial Spaces,False
Eagle Academy for Young Men,Bronx,BRONX,2.0,New York,40.84495149,-73.89704889,1.0,School,False
Imagine Me Leadership Charter School,Brooklyn,BROOKLYN,3.0,New York,40.66036143,-73.88335736,1.0,School,False
"Traxys North America, LLC",Manhattan,MANHATTAN,1.0,New York,40.75129947,-73.98765638,1.0,Businesses & Commercial Spaces,False
Origins High School,Brooklyn,BROOKLYN,3.0,New York,40.59411733,-73.93769677,1.0,School,False
The Blackstone Group,Manhattan,MANHATTAN,1.0,New York,40.75816441,-73.97324549,1.0,Businesses & Commercial Spaces,False
P.S. 005 Dr. Ronald Mcnair,Brooklyn,BROOKLYN,3.0,New York,40.6856795,-73.92253192,1.0,Public Schools,False
Brooklyn Preschool of Science,Brooklyn,BROOKLYN,3.0,New York,40.6868665,-73.99292192,1.0,School,False
Cushman & Wakefield,Manhattan,MANHATTAN,1.0,New York,40.75978179,-73.97654411,3.0,Businesses & Commercial Spaces,False
"Skadden, Arps, Slate, Meagher & Flom LLP",Manhattan,MANHATTAN,1.0,New York,40.75699693,-73.98252614,1.0,Businesses & Commercial Spaces,False
Starboard Value,Manhattan,MANHATTAN,1.0,New York,40.75465346,-73.9715974,1.0,Businesses & Commercial Spaces,False
Unity Preparatory Charter School of Brooklyn - High School,Brooklyn,BROOKLYN,3.0,New York,40.71629367,-73.95723854,1.0,School,False
Herbert H. Lehman High School,Bronx,BRONX,2.0,New York,40.8407261,-73.83868378,1.0,School,False
J.H.S. 157 Stephen A. Halsey,Queens,QUEENS,4.0,New York,40.73228186,-73.85382401,1.0,Public Schools,False
Charles H. Greenthal Corp.,Queens,QUEENS,4.0,New York,40.75119356,-73.93440204,1.0,Businesses & Commercial Spaces,False
Loeb & Loeb LLP,Manhattan,MANHATTAN,1.0,New York,40.75816441,-73.97324549,1.0,Businesses & Commercial Spaces,False
"Related Management, Co.",Manhattan,MANHATTAN,1.0,New York,40.76826687,-73.98231017,1.0,Businesses & Commercial Spaces,False
Thurgood Marshall Academy Lower School,Manhattan,MANHATTAN,1.0,New York,40.82611903,-73.93798095,1.0,School,False
Marymount Manhattan College,Manhattan,MANHATTAN,1.0,New York,40.76862359,-73.96004242,7.0,Colleges & Universities,False
P.S. 143 Louis Armstrong,Queens,QUEENS,4.0,New York,40.75552775,-73.8563608,1.0,Public Schools,False
HCZ Promise Academy II - High School,Manhattan,MANHATTAN,1.0,New York,40.80592759,-73.94109551,1.0,School,False
"AECOM of YU, Div. of Substance Abuse",Bronx,BRONX,2.0,New York,40.8256789,-73.91881282,1.0,Colleges & Universities,False
Bard High School Early College,Manhattan,MANHATTAN,1.0,New York,40.71902192,-73.97589113,1.0,School,False
WHIN Music Community Charter School [517],Manhattan,MANHATTAN,1.0,New York,40.8375215,-73.93952428,1.0,School,False
Solstice Residential (1148 5th Avenue),Manhattan,MANHATTAN,1.0,New York,40.78761562,-73.95549889,2.0,Businesses & Commercial Spaces,False
"Mutual Redevelopment Houses, Inc",Manhattan,MANHATTAN,1.0,New York,40.7466066,-74.0002418,1.0,Businesses & Commercial Spaces,False
Churchill School,Manhattan,MANHATTAN,1.0,New York,40.74157883,-73.97801208,5.0,School,False
Equinox,Manhattan,MANHATTAN,1.0,New York,40.78174861,-73.95185943,3.0,Health Clubs & Gyms,False
"Vornado Office Management, LLC",Manhattan,MANHATTAN,1.0,New York,40.75821656,-73.97323103,1.0,Businesses & Commercial Spaces,False
P.S. 163 Bath Beach,Brooklyn,BROOKLYN,3.0,New York,40.60678472,-74.00805994,1.0,Public Schools,False
Rose Terra Associates,Manhattan,MANHATTAN,1.0,New York,40.76138819,-73.96812911,1.0,Businesses & Commercial Spaces,False
P.S. 105 The Bay School,Queens,QUEENS,4.0,New York,40.59575998,-73.78187368,1.0,Public Schools,False
JPMorgan Chase - 237 Park Avenue,Manhattan,MANHATTAN,1.0,New York,40.75389681,-73.97551391,1.0,Businesses & Commercial Spaces,False
FNY Capital Management LP,Manhattan,MANHATTAN,1.0,New York,40.75049672,-73.97886451,1.0,Businesses & Commercial Spaces,False
P053K @ P.S./I.S. 384 Frances E. Carter (K384),Brooklyn,BROOKLYN,3.0,New York,40.69034599,-73.9048033,1.0,Public Schools,False
Ethical Culture Fieldston School,Bronx,BRONX,2.0,New York,40.8902742,-73.90545988,2.0,School,False
"Walt Disney/ABC, Inc.",Manhattan,MANHATTAN,1.0,New York,40.77431062,-73.98103766,1.0,Businesses & Commercial Spaces,False
P.S. 298 Dr. Betty Shabazz,Brooklyn,BROOKLYN,3.0,New York,40.67097887,-73.90819441,1.0,Public Schools,False
Bronx Charter School for Children - Elementary,Bronx,BRONX,2.0,New York,40.81250524,-73.92038959,1.0,School,False
P.S. 065 Brooklyn,Brooklyn,BROOKLYN,3.0,New York,40.68713724,-73.87854713,1.0,Public Schools,False
Sentinel Real Estate Corp.,Manhattan,MANHATTAN,1.0,New York,40.75963708,-73.98062674,1.0,Businesses & Commercial Spaces,False
"Time, Inc.",Manhattan,MANHATTAN,1.0,New York,40.76028202,-73.98015728,1.0,Businesses & Commercial Spaces,False
Conference House,Staten Island,STATEN ISLAND,5.0,New York,40.50247169,-74.25313136,1.0,Museums,False
Poly Prep COS,Brooklyn,BROOKLYN,3.0,New York,40.61231054,-74.02373162,1.0,Private Schools,False
JPMorgan,Manhattan,MANHATTAN,1.0,New York,40.75555731,-73.97513791,1.0,Businesses & Commercial Spaces,False
Waterside Swim & Health Clubs & Gyms,Manhattan,MANHATTAN,1.0,New York,40.73764746,-73.97386721,1.0,Health Clubs & Gyms,False
P.S. 019 Marino Jeantet,Queens,QUEENS,4.0,New York,40.74910061,-73.86636118,1.0,Public Schools,False
League Treatment Center,Brooklyn,BROOKLYN,3.0,New York,40.68311587135,-73.96885893025,1.0,Health & Social Services,False
I.S. 059 Springfield Gardens,Queens,QUEENS,4.0,New York,40.68172131,-73.75342902,1.0,Public Schools,False
Boys And Girls High School,Brooklyn,BROOKLYN,3.0,New York,40.67943315,-73.93240703,1.0,School,False
P.S. 287 Bailey K. Ashford,Brooklyn,BROOKLYN,3.0,New York,40.69789357,-73.98054016,1.0,Public Schools,False
US Realty Advisors LLC,Manhattan,MANHATTAN,1.0,New York,40.76335563,-73.97737313,1.0,Businesses & Commercial Spaces,False
Practicing Law Institute,Manhattan,MANHATTAN,1.0,New York,40.76263186,-73.98214562,4.0,Businesses & Commercial Spaces,False
Norma Adams Clemons Academy,Brooklyn,BROOKLYN,3.0,New York,40.64858278,-73.95713796,1.0,School,False
P.S. 150 Charles James Fox,Bronx,BRONX,2.0,New York,40.82635347,-73.89439668,1.0,Public Schools,False
P.S. 154 Harriet Tubman,Manhattan,MANHATTAN,1.0,New York,40.81092129,-73.94893741,1.0,Public Schools,False
The Frick Collection,Manhattan,MANHATTAN,1.0,New York,40.77104689,-73.967749,1.0,Museums,False
Los Sures Senior Centers,Brooklyn,BROOKLYN,3.0,New York,40.71087381,-73.96016014,1.0,Senior Centers,False
Friends Seminary,Manhattan,MANHATTAN,1.0,New York,40.73441897,-73.98577597,1.0,School,False
KIPP All Middle School,Bronx,BRONX,2.0,New York,40.81844256,-73.92946168,1.0,School,False
Friends Seminary,Manhattan,MANHATTAN,1.0,New York,40.73441897,-73.98577597,1.0,School,False
P.S. 018 John Peter Zenger,Bronx,BRONX,2.0,New York,40.81639926,-73.9232896,1.0,Public Schools,False
Midwood High School,Brooklyn,BROOKLYN,3.0,New York,40.63322956,-73.95292894,1.0,School,False
"Jack Resnick & Sons, Inc.",Manhattan,MANHATTAN,1.0,New York,40.72630333,-74.00748998,1.0,Businesses & Commercial Spaces,False
Morgan Stanley - ISG - New York Metro - 522 5th Avenue - Floor: 2,Manhattan,MANHATTAN,1.0,New York,40.75450705,-73.98014457,1.0,Businesses & Commercial Spaces,False
Brooklyn Technical High School,Brooklyn,BROOKLYN,3.0,New York,40.68882691,-73.97690452,1.0,School,False
P.S. 114 Ryder Elementary,Brooklyn,BROOKLYN,3.0,New York,40.64253772,-73.90852917,1.0,Public Schools,False
The James J. Ambrose School,Queens,QUEENS,4.0,New York,40.74409055,-73.70984392,1.0,School,False
"Bailey House, Inc",Manhattan,MANHATTAN,1.0,New York,40.80287243,-73.94060338,1.0,Health & Social Services,False
Congregation Or Zarua,Manhattan,MANHATTAN,1.0,New York,40.7771316,-73.95798645,1.0,Houses of Worship,False
NYC Department of Design & Construction,Queens,QUEENS,4.0,New York,40.74503532,-73.93619092,1.0,Government Buildings & Services,False
P.S. 272 Curtis Estabrook,Brooklyn,BROOKLYN,3.0,New York,40.63590848,-73.88641236,1.0,Public Schools,False
"Mutual Redevelopment Houses, Inc",Manhattan,MANHATTAN,1.0,New York,40.74772916,-73.99672298,1.0,Businesses & Commercial Spaces,False
Amber Charter School - East Harlem,Manhattan,MANHATTAN,1.0,New York,40.79123086,-73.94390742,1.0,School,False
"Kirkland & Ellis, LLP",Manhattan,MANHATTAN,1.0,New York,40.75845753,-73.97091355,1.0,Businesses & Commercial Spaces,False
P.S. 060 Alice Austen,Staten Island,STATEN ISLAND,5.0,New York,40.61006552,-74.1621289,1.0,Public Schools,False
J.H.S. 210 Elizabeth Blackwell,Queens,QUEENS,4.0,New York,40.68385028,-73.84746937,1.0,Public Schools,False
High School for Climate Justice,Manhattan,MANHATTAN,1.0,New York,40.78361775,-73.94563631,1.0,School,False
P.S. 036 Saint Albans School,Queens,QUEENS,4.0,New York,40.69082037,-73.76390666,1.0,Public Schools,False
AMC Theatre,Manhattan,MANHATTAN,1.0,New York,40.74305532,-73.97704443,3.0,Businesses & Commercial Spaces,False
New York State Department For People With Developmental Disabilities,Queens,QUEENS,4.0,New York,40.73767696,-73.73402021,5.0,Government Buildings & Services,False
Morgan Stanley - 1585 Broadway,Manhattan,MANHATTAN,1.0,New York,40.76020869,-73.98533366,1.0,Businesses & Commercial Spaces,False
School of the Future High School,Manhattan,MANHATTAN,1.0,New York,40.73894505,-73.98547909,1.0,School,False
"Hanover Insurance Company - New York, NY",Manhattan,MANHATTAN,1.0,New York,40.70496278,-74.00708361,1.0,Businesses & Commercial Spaces,False
Tishman Speyer [NY: 300Park],Manhattan,MANHATTAN,1.0,New York,40.75679501,-73.97427116,1.0,Businesses & Commercial Spaces,False
BRC Senion Nutrition Program,Manhattan,MANHATTAN,1.0,New York,40.7197845,-73.99226906,1.0,Senior Centers,False
P.S. 179 Kensington,Brooklyn,BROOKLYN,3.0,New York,40.64045583,-73.97764197,1.0,Public Schools,False
Fordham University Bronx Location,Bronx,BRONX,2.0,New York,40.86072673616,-73.88953366191,1.0,Colleges & Universities,False
Morgan Stanley - 1633 Broadway,Manhattan,MANHATTAN,1.0,New York,40.76156716,-73.98396163,1.0,Businesses & Commercial Spaces,False
J.H.S. 226 Virgil I. Grissom,Queens,QUEENS,4.0,New York,40.67576338,-73.8169379,1.0,Public Schools,False
P.S. 452 Manhattan,Manhattan,MANHATTAN,1.0,New York,40.77195924,-73.98742869,1.0,Public Schools,False
Brilla College Preparatory Charter School (Grades K-4),Bronx,BRONX,2.0,New York,40.81266386,-73.91956573,1.0,School,False
P.S. 191 The Riverside School for Makers and Artists,Manhattan,MANHATTAN,1.0,New York,40.77306564,-73.9900677,1.0,Public Schools,False
New Lane Senior Centers,Staten Island,STATEN ISLAND,5.0,New York,40.61280386,-74.06225591,1.0,Senior Centers,False
Faegre Drinker,Manhattan,MANHATTAN,1.0,New York,40.75724942,-73.98236364,3.0,Businesses & Commercial Spaces,False
Clara Barton High School,Brooklyn,BROOKLYN,3.0,New York,40.66956009,-73.96196208,1.0,School,False
Fiorello H. LaGuardia High School of Music & Art and Performing Arts,Manhattan,MANHATTAN,1.0,New York,40.77362231,-73.98527293,1.0,School,False
New York Aquarium,Brooklyn,BROOKLYN,3.0,New York,40.57517621,-73.97579926,1.0,Zoos & Aquariums,False
P.S. 289 George V. Brower,Brooklyn,BROOKLYN,3.0,New York,40.67478633,-73.9426394,1.0,Public Schools,False
P.S. 130 Queens,Queens,QUEENS,4.0,New York,40.7595096,-73.78402821,1.0,Public Schools,False
"Amalgamated Warbasse Houses,",Brooklyn,QUEENS,4.0,New York,40.6909844,-73.77871224,1.0,Businesses & Commercial Spaces,True
P.S. 053 Basheer Quisim,Bronx,BRONX,2.0,New York,40.83285917,-73.91141764,1.0,Public Schools,False
P.S. 112 Lefferts Park - Annex,Brooklyn,BROOKLYN,3.0,New York,40.61871108,-74.00189828,1.0,Public Schools,False
Passages Academy LSP @ South Ozone Park,Queens,QUEENS,4.0,New York,40.67055976,-73.81215055,1.0,School,False
Mott Hall IV,Brooklyn,BROOKLYN,3.0,New York,40.67779728,-73.91584255,1.0,School,False
CPR123,Manhattan,MANHATTAN,1.0,New York,40.75353552087,-73.98085590901,2.0,Businesses & Commercial Spaces,False
P.S. 060 Woodhaven,Queens,QUEENS,4.0,New York,40.69217097,-73.85263575,1.0,Public Schools,False
P.S./I.S. 113 Anthony J. Pranzo,Queens,QUEENS,4.0,New York,40.70550876,-73.86220735,1.0,Public Schools,False
Morgan Stanley - 750 7th Avenue,Manhattan,MANHATTAN,1.0,New York,40.76074642,-73.98352505,1.0,Businesses & Commercial Spaces,False
I.S. 093 Ridgewood,Queens,QUEENS,4.0,New York,40.70603325,-73.90258428,1.0,Public Schools,False
KIPP Bronx Charter School II (JEROME) - Elementary,Bronx,BRONX,2.0,New York,40.86877517,-73.89637551,1.0,School,False
Bank Street College,Manhattan,MANHATTAN,1.0,New York,40.80561933,-73.966197,1.0,Colleges & Universities,False
Archbishop Molloy High School,Queens,QUEENS,4.0,New York,40.71108883,-73.82050168,1.0,School,False
KIPP Academy Charter Middle School,Bronx,BRONX,2.0,New York,40.82302643,-73.92123688,1.0,School,False
Kosnac Floating Derrick Corp. dba K Tugs NY,Staten Island,STATEN ISLAND,5.0,New York,40.64128555,-74.11628847,2.0,Businesses & Commercial Spaces,False
Bronx High School For The Visual Arts,Bronx,BRONX,2.0,New York,40.85163986,-73.86474101,1.0,School,False
Morgan Stanley - ISG - New York Metro - 1221 A of A - Floor: 35,Manhattan,MANHATTAN,1.0,New York,40.75909387,-73.98213574,1.0,Businesses & Commercial Spaces,False
Morgan Stanley - 750 7th Avenue - Floor: 29,Manhattan,MANHATTAN,1.0,New York,40.76074642,-73.98352505,1.0,Businesses & Commercial Spaces,False
Brooklyn Prospect International Elementary Charter School,Brooklyn,BROOKLYN,3.0,New York,40.68221218,-73.93968009,1.0,School,False
Yankee Stadium,Bronx,BRONX,2.0,New York,40.82900645,-73.92846035,1.0,Stadiums & Arenas,False
PSS Harlem Senior Centers,Manhattan,MANHATTAN,1.0,New York,40.81029666,-73.94550245,1.0,Senior Centers,False
"Walt Disney/ABC, Inc.",Manhattan,MANHATTAN,1.0,New York,40.75757485,-73.97580493,1.0,Businesses & Commercial Spaces,False
P.S. 159 Isaac Pitkin,Brooklyn,BROOKLYN,3.0,New York,40.67575839,-73.86946854,1.0,Public Schools,False
Baruch College Campus High School,Manhattan,MANHATTAN,1.0,New York,40.74192324,-73.98652137,4.0,School,False
Hudson River Park Trust,Manhattan,MANHATTAN,1.0,New York,40.72916313,-74.0106762,1.0,Parks & Recreation,False
Harlem Village Academy (132 West),Manhattan,MANHATTAN,1.0,New York,40.80754166,-73.94706523,1.0,School,False
"Beresford Apartments, Inc",Manhattan,MANHATTAN,1.0,New York,40.78221905,-73.97158921,1.0,Businesses & Commercial Spaces,False
P.S. 132 Juan Pablo Duarte,Manhattan,MANHATTAN,1.0,New York,40.8506193,-73.9343759,1.0,Public Schools,False
ALC - Linden Academy,Queens,QUEENS,4.0,New York,40.77017775,-73.83292364,1.0,School,False
Franklin Delano Roosevelt High School,Brooklyn,BROOKLYN,3.0,New York,40.62043886,-73.98179477,1.0,School,False
P.S. 050 Frank Hankinson,Staten Island,STATEN ISLAND,5.0,New York,40.56168339,-74.12462135,1.0,Public Schools,False
ASME,Manhattan,MANHATTAN,1.0,New York,40.74606997,-73.98209233,1.0,Businesses & Commercial Spaces,False
JPMorgan Chase - 390 Madison,Manhattan,MANHATTAN,1.0,New York,40.75573065,-73.97715194,4.0,Businesses & Commercial Spaces,False
J.H.S. 202 Robert H. Goddard,Queens,QUEENS,4.0,New York,40.67123215,-73.84514073,1.0,Public Schools,False
Fannie Lou Hamer Freedom High School,Bronx,BRONX,2.0,New York,40.83086355,-73.88625894,5.0,Public Schools,False
FedEx Express,Bronx,BRONX,2.0,New York,40.80128464,-73.91642989,12.0,Businesses & Commercial Spaces,False
The Richmond Pre-K Center at 2530 Victory Boulevard,Staten Island,STATEN ISLAND,5.0,New York,40.60994752,-74.14791677,1.0,Public Schools,False
Douglas Leon Senior Centers,Bronx,BRONX,2.0,New York,40.81598717,-73.90784187,1.0,Senior Centers,False
Shearman & Sterling,Manhattan,MANHATTAN,1.0,New York,40.75826818,-73.97105441,2.0,Businesses & Commercial Spaces,False
P.S./I.S. 208 Queens,Queens,QUEENS,4.0,New York,40.7459398,-73.72745485,1.0,Public Schools,False
P.S. 022 Thomas Jefferson,Queens,QUEENS,4.0,New York,40.76124106,-73.81180718,1.0,Public Schools,False
E*Trade Financial,Manhattan,MANHATTAN,1.0,New York,40.75689078,-73.9900232,1.0,Businesses & Commercial Spaces,False
"Estee Lauder Companies, Inc.",Manhattan,MANHATTAN,1.0,New York,40.7245222,-73.9975467,1.0,Businesses & Commercial Spaces,False
It Takes a Village Academy,Brooklyn,BROOKLYN,3.0,New York,40.64864945,-73.92217147,1.0,School,False
Morgan Stanley - 1 NY Plaza,Manhattan,MANHATTAN,1.0,New York,40.70253319,-74.01256178,1.0,Businesses & Commercial Spaces,False
P.S. 214 Michael Friedsam,Brooklyn,BROOKLYN,3.0,New York,40.67650584,-73.86315078,1.0,Public Schools,False
P188X Main Site,Bronx,BRONX,2.0,New York,40.85055453,-73.88374187,1.0,Public Schools,False
The Frick Collection,Manhattan,MANHATTAN,1.0,New York,40.77148855,-73.96688952,1.0,Museums,False
Brookfield Properties - Grace Building,Manhattan,MANHATTAN,1.0,New York,40.75534476,-73.98373213,8.0,Businesses & Commercial Spaces,False
Mosaic Pre-K Center at 68-20 Myrtle Avenue (Q392),Queens,QUEENS,4.0,New York,40.70167636,-73.88389069,1.0,Public Schools,False
PSS Ennis Francis Senior Centers,Manhattan,MANHATTAN,1.0,New York,40.80795428,-73.94907697,1.0,Senior Centers,False
P.S. 041 Greenwich Village,Manhattan,MANHATTAN,1.0,New York,40.73567969,-73.99900047,1.0,Public Schools,False
Rockefeller University,Manhattan,MANHATTAN,1.0,New York,40.76312728,-73.95645028,1.0,Colleges & Universities,False
"Outten & Golden,",Manhattan,MANHATTAN,1.0,New York,40.75161005,-73.9738184,1.0,Businesses & Commercial Spaces,False
Department of Citywide Administrative Services,Manhattan,MANHATTAN,1.0,New York,40.71543977,-74.00189022,1.0,Government Buildings & Services,False
The Museum of Modern Art,Manhattan,MANHATTAN,1.0,New York,40.76099511,-73.97720066,1.0,Museums,False
"HS Construction Trades, Engineering & Architecture",Queens,QUEENS,4.0,New York,40.68958318,-73.84071678,9.0,Public Schools,False
Jackie Robinson Senior Centers,Manhattan,MANHATTAN,1.0,New York,40.81198691,-73.95726352,1.0,Senior Centers,False
I.S. 73 - The Frank Sansivieri Intermediate School,Queens,QUEENS,4.0,New York,40.72920762,-73.89362396,1.0,School,False
Maxwell-Kates [20PlazaStEast],Brooklyn,BROOKLYN,3.0,New York,40.67551872,-73.97030094,1.0,Businesses & Commercial Spaces,False
Paula Hedbavny School,Manhattan,MANHATTAN,1.0,New York,40.87123934,-73.91214009,1.0,School,False
P.S. 008 Isaac Varian,Bronx,BRONX,2.0,New York,40.87260553,-73.88357299,1.0,Public Schools,False
Riverdale Avenue Community School,Brooklyn,BROOKLYN,3.0,New York,40.66019634,-73.91393294,1.0,School,False
P.S. 095 Eastwood,Queens,QUEENS,4.0,New York,40.71061582,-73.78342254,1.0,Public Schools,False
American Museum of Natural History,Manhattan,MANHATTAN,1.0,New York,40.78130521,-73.972254,1.0,Museums,False
Pomonok Senior Centers,Queens,QUEENS,4.0,New York,40.73502504,-73.81472491,1.0,Senior Centers,False
"NYC DOE Division of Instructional, Info & Tech [2 Metro Tech]",Brooklyn,BROOKLYN,3.0,New York,40.69371953,-73.98569453,1.0,Government Buildings & Services,False
Beginning with Children Charter School II High School (aka Community High School),Brooklyn,BROOKLYN,3.0,New York,40.69689813,-73.98706784,1.0,School,False
P.S. 163 Arthur A. Schomburg,Bronx,BRONX,2.0,New York,40.85173502,-73.89849147,1.0,Public Schools,False
P721K - Roy Campanella OTC (K722),Brooklyn,BROOKLYN,3.0,New York,40.58931016,-73.98131002,1.0,Public Schools,False
Inwood Academy for Leadership Middle School,Manhattan,MANHATTAN,1.0,New York,40.86205512,-73.91912615,1.0,School,False
P.S. 142 Amalia Castro,Manhattan,MANHATTAN,1.0,New York,40.71837564,-73.98445186,1.0,Public Schools,False
P.S. 195 Manhattan Beach,Brooklyn,BROOKLYN,3.0,New York,40.57944411,-73.94381958,1.0,Public Schools,False
Drew Hamilton Senior Centers,Manhattan,MANHATTAN,1.0,New York,40.82079314,-73.94112928,1.0,Senior Centers,False
Brooklyn Studio Secondary School,Brooklyn,BROOKLYN,3.0,New York,40.60487175,-73.99440358,1.0,School,False
VIP Community Services - Casa Esperanza,Bronx,BRONX,2.0,New York,40.84211219,-73.89268736,1.0,Health & Social Services,False
Newtown High School,Queens,QUEENS,4.0,New York,40.74111454,-73.87472057,1.0,School,False
Preston High School,Bronx,BRONX,2.0,New York,40.81424893,-73.81933727,1.0,School,False
P.S. 005 Ellen Lurie,Manhattan,MANHATTAN,1.0,New York,40.85898361,-73.92289324,1.0,Public Schools,False
Susan Wagner HS Annex,Staten Island,STATEN ISLAND,5.0,New York,40.59688858,-74.12416878,1.0,Public Schools,False
Edward A. Reynolds West Side High School,Manhattan,MANHATTAN,1.0,New York,40.79273391,-73.94742736,1.0,Public Schools,False
P.S. 083 Luis Munoz Rivera,Manhattan,MANHATTAN,1.0,New York,40.7931872,-73.94254783,1.0,Public Schools,False
P.S. 012 James B. Colgate,Queens,QUEENS,4.0,New York,40.74262602,-73.89280491,1.0,Public Schools,False
Abramson Brothers Inc. Realty Investments,Manhattan,MANHATTAN,1.0,New York,40.75269531,-73.97906954,1.0,Businesses & Commercial Spaces,False
MARKS PANETH-NYC,Manhattan,MANHATTAN,1.0,New York,40.75161005,-73.9738184,1.0,Businesses & Commercial Spaces,False
Bloomingdale's #053: SoHo,Manhattan,MANHATTAN,1.0,New York,40.72230994,-73.99939752,1.0,Businesses & Commercial Spaces,False
Community School District 32 - under construction,Brooklyn,BROOKLYN,3.0,New York,40.69504832,-73.92813944,1.0,School,False
RXR PO Owner LLC - 450 Lexington Avenue,Manhattan,MANHATTAN,1.0,New York,40.7530952,-73.9748537,1.0,Businesses & Commercial Spaces,False
"Ballet Tech, NYC Public School for Dance",Manhattan,MANHATTAN,1.0,New York,40.73859694,-73.98991048,1.0,School,False
Waterline Sq. 1,Manhattan,MANHATTAN,1.0,New York,40.77303566,-73.99298494,1.0,Businesses & Commercial Spaces,False
Lillian Wald Houses Senior Centers,Manhattan,MANHATTAN,1.0,New York,40.72045518,-73.97836901,1.0,Senior Centers,False
Siemens,Manhattan,MANHATTAN,1.0,New York,40.75109132,-73.9929259,2.0,Businesses & Commercial Spaces,False
New World Preparatory Charter School (West Campus),Staten Island,STATEN ISLAND,5.0,New York,40.63008687,-74.14726987,1.0,School,False
L'Oreal USA,Manhattan,MANHATTAN,1.0,New York,40.74505207,-73.98494003,1.0,Businesses & Commercial Spaces,False
I.S. R002 George L. Egbert,Staten Island,STATEN ISLAND,5.0,New York,40.57671819,-74.10072537,1.0,Public Schools,False
Hearst Corporation,Manhattan,MANHATTAN,1.0,New York,40.76643902,-73.98332508,1.0,Businesses & Commercial Spaces,False
M.S. 890 Brooklyn,Brooklyn,BROOKLYN,3.0,New York,40.64446173,-73.9710319,1.0,Public Schools,False
Queens Gateway to Health Sciences Secondary School,Queens,QUEENS,4.0,New York,40.71882279,-73.80649814,1.0,School,False
I.S. 98 Bay Academy,Brooklyn,BROOKLYN,3.0,New York,40.58311845,-73.95403723,1.0,School,False
Millennium High School,Manhattan,MANHATTAN,1.0,New York,40.70453424,-74.01155228,1.0,School,False
P.S. 66 Brooklyn,Brooklyn,BROOKLYN,3.0,New York,40.64882267,-73.90777455,1.0,Public Schools,False
JASA Manhattan Beach Senior Centers,Bronx,BROOKLYN,3.0,New York,40.58017858,-73.95352806,1.0,Senior Centers,True
High School Of Computers And Technology,Bronx,BRONX,2.0,New York,40.87594666,-73.8619685,1.0,School,False
Brooklyn Prospect Charter - Windsor Terrace Middle School,Brooklyn,BROOKLYN,3.0,New York,40.69732883,-73.98515641,1.0,School,False
Philips,Manhattan,MANHATTAN,1.0,New York,40.76259829,-73.97845996,2.0,Businesses & Commercial Spaces,False
"Breezy Point Cooperative, Inc.",Queens,QUEENS,4.0,New York,40.56084309,-73.91365115,1.0,Businesses & Commercial Spaces,False
P.S. 246 Poe Center,Bronx,BRONX,2.0,New York,40.86558707,-73.89475715,1.0,Public Schools,False
Tottenville High School,Staten Island,STATEN ISLAND,5.0,New York,40.52808436,-74.19203027,1.0,Public Schools,False
James Madison High School,Brooklyn,BROOKLYN,3.0,New York,40.60990523,-73.94851191,1.0,School,False
Bronx Studio School for Writers and Artists,Bronx,BRONX,2.0,New York,40.82057187,-73.89312689,1.0,Public Schools,False
P.S. 97 The Highlawn,Brooklyn,BROOKLYN,3.0,New York,40.60142634,-73.98613931,1.0,Public Schools,False
OGDEN CAP PROPERTIES,Manhattan,MANHATTAN,1.0,New York,40.78414627,-73.94894358,3.0,Businesses & Commercial Spaces,False
District 2 Pre-K Center at 252 East 57 Street (M474),Manhattan,MANHATTAN,1.0,New York,40.75972435,-73.96631784,1.0,Public Schools,False
Harper Collins Publishers,Manhattan,MANHATTAN,1.0,New York,40.71052901297,-74.00937828022,1.0,Businesses & Commercial Spaces,False
P.S. 155 William Paca,Manhattan,MANHATTAN,1.0,New York,40.79729558,-73.93636456,1.0,Public Schools,False
Providing Urban Learners Success In Education High School,Bronx,BRONX,2.0,New York,40.84859341,-73.89365279,1.0,School,False
P.S. 047 John Randolph,Bronx,BRONX,2.0,New York,40.83289576,-73.8668463,1.0,Public Schools,False
Channel View School For Research,Queens,QUEENS,4.0,New York,40.58605892,-73.82262478,1.0,Public Schools,False
J.H.S. 131 Albert Einstein,Bronx,BRONX,2.0,New York,40.8234535,-73.85964613,1.0,Public Schools,False
Holy Cross High School,Queens,QUEENS,4.0,New York,40.77115685,-73.79516789,1.0,School,False
Department of Citywide Administrative Services,Bronx,BRONX,2.0,New York,40.84567816,-73.89329241,1.0,Government Buildings & Services,False
University Neighborhood High School,Manhattan,MANHATTAN,1.0,New York,40.71239205,-73.98449655,1.0,School,False
Spektrix,Manhattan,MANHATTAN,1.0,New York,40.7519393,-73.99079633,1.0,Businesses & Commercial Spaces,False
Allen & Company,Manhattan,MANHATTAN,1.0,New York,40.76193878,-73.97469873,1.0,Businesses & Commercial Spaces,False
P.S. 030 Wilton,Bronx,BRONX,2.0,New York,40.80936327,-73.91758291,1.0,Public Schools,False
P.S./I.S. 104 The Fort Hamilton School,Brooklyn,BROOKLYN,3.0,New York,40.61840828,-74.02884148,1.0,Public Schools,False
P.S. 214 Cadwallader Colden,Queens,QUEENS,4.0,New York,40.77038,-73.82861605,1.0,Public Schools,False
The Highbridge Green School,Bronx,BRONX,2.0,New York,40.83821744,-73.92789024,1.0,School,False
Department of Citywide Administrative Services,Manhattan,MANHATTAN,1.0,New York,40.71375986,-74.00542885,1.0,Government Buildings & Services,False
Equinox,Manhattan,MANHATTAN,1.0,New York,40.76156716,-73.98396163,1.0,Health Clubs & Gyms,False
The School of Science and Applied Learning,Bronx,BRONX,2.0,New York,40.84622973,-73.88740363,1.0,School,False
Helen Hayes Theatre,Manhattan,MANHATTAN,1.0,New York,40.75796099,-73.98753241,1.0,Performance Venues,False
Charles H. Greenthal Corp.,Manhattan,MANHATTAN,1.0,New York,40.75596432,-73.97905768,1.0,Businesses & Commercial Spaces,False
"D.E. Shaw & Co., L.P.",Manhattan,MANHATTAN,1.0,New York,40.75699693,-73.98252614,1.0,Businesses & Commercial Spaces,False
HCZ Promise Academy I - High School,Manhattan,MANHATTAN,1.0,New York,40.8118675,-73.94731465,1.0,School,False
Department of Citywide Administrative Services,Bronx,BRONX,2.0,New York,40.82622905,-73.92052848,1.0,Government Buildings & Services,False
Beacon High School,Manhattan,MANHATTAN,1.0,New York,40.76151606,-73.99596785,1.0,School,False
In-Tech Academy (M.S. / High School 368),Bronx,BRONX,2.0,New York,40.87936199,-73.90989449,1.0,Public Schools,False
P.S. 377 Alejandrina B. De Gautier,Brooklyn,BROOKLYN,3.0,New York,40.69401024,-73.91526306,1.0,Public Schools,False
BFFY The Bay Senior Centers,Brooklyn,BROOKLYN,3.0,New York,40.59495889,-73.94082504,1.0,Senior Centers,False
Eisner Amper LLP,Manhattan,MANHATTAN,1.0,New York,40.75371493,-73.97230885,1.0,Businesses & Commercial Spaces,False
Challenge Preparatory Charter Elementary - Annex,Queens,QUEENS,4.0,New York,40.60959898,-73.75080797,1.0,School,False
P.S. 69 Vincent D. Grippo School,Brooklyn,BROOKLYN,3.0,New York,40.63237151,-74.00922314,1.0,Public Schools,False
Murry Bergtraum High School For Business Careers,Manhattan,MANHATTAN,1.0,New York,40.71143517,-74.00085127,1.0,School,False
15 W. 81st St. Tenants Corp.,Manhattan,MANHATTAN,1.0,New York,40.78232905,-73.97242329,1.0,Businesses & Commercial Spaces,False
P.S. 197 - The Kings Highway Academy,Brooklyn,BROOKLYN,3.0,New York,40.61261581,-73.95190623,1.0,Public Schools,False
Robert F. Kennedy Community High School,Queens,QUEENS,4.0,New York,40.72559566,-73.81069599,1.0,School,False
"WIN - Women in Need, Inc. (Junius Family)",Brooklyn,BROOKLYN,3.0,New York,40.67491445,-73.90430628,1.0,Health & Social Services,False
George Westinghouse Career and Technical Education High School,Brooklyn,BROOKLYN,3.0,New York,40.69491903,-73.98601522,1.0,Public Schools,False
Success Academy Charter School-Washington Heights,Manhattan,MANHATTAN,1.0,New York,40.85779444,-73.93509903,1.0,School,False
P.S. 139 Alexine A. Fenty,Brooklyn,BROOKLYN,3.0,New York,40.64192952,-73.96552355,1.0,Public Schools,False
gershwin theater,Manhattan,MANHATTAN,1.0,New York,40.76225886,-73.98413113,1.0,Performance Venues,False
Benjamin Banneker Academy,Brooklyn,BROOKLYN,3.0,New York,40.69532473,-73.96924268,1.0,School,False
P.S./I.S. 54 Bronx,Bronx,BRONX,2.0,New York,40.86452105,-73.88782809,1.0,Public Schools,False
Time Warner Cable,Brooklyn,BROOKLYN,3.0,New York,40.65777205,-73.9971491,1.0,Businesses & Commercial Spaces,False
P.S. 066 Jacqueline Kennedy Onassis,Queens,QUEENS,4.0,New York,40.69782822,-73.84655732,1.0,Public Schools,False
Bard High School Early College Queens,Queens,QUEENS,4.0,New York,40.74508771,-73.93663477,1.0,School,False
Morgan Stanley - 1 NY Plaza,Manhattan,MANHATTAN,1.0,New York,40.70253319,-74.01256178,1.0,Businesses & Commercial Spaces,False
Harlem Hebrew Language Academy Charter School,Manhattan,MANHATTAN,1.0,New York,40.80454413,-73.95274953,1.0,School,False
Fordham University Bronx Location,Bronx,BRONX,2.0,New York,40.86072673616,-73.88953366191,1.0,Colleges & Universities,False
Catholic Kolping Society,Bronx,BRONX,2.0,New York,40.87132905,-73.88893384,1.0,Businesses & Commercial Spaces,False
Department of Citywide Administrative Services,Manhattan,MANHATTAN,1.0,New York,40.7650751,-73.98499686,1.0,Government Buildings & Services,False
Madame Tussads,Manhattan,MANHATTAN,1.0,New York,40.75673969,-73.98865882,1.0,Museums,False
Newcomers High School,Queens,QUEENS,4.0,New York,40.75134896,-73.93744448,1.0,School,False
ICSC,Manhattan,MANHATTAN,1.0,New York,40.75963708,-73.98062674,1.0,Businesses & Commercial Spaces,False
Epstein Becker Green,Manhattan,MANHATTAN,1.0,New York,40.7575953,-73.96945204,1.0,Businesses & Commercial Spaces,False
P.S. 021 Philip H. Sheridan,Bronx,BRONX,2.0,New York,40.8875761,-73.85973085,1.0,Public Schools,False
"Hawkins, Delafield & Wood LLP",Manhattan,MANHATTAN,1.0,New York,40.71321318,-74.0117089,1.0,Businesses & Commercial Spaces,False
Marymount School,Manhattan,MANHATTAN,1.0,New York,40.78686455,-73.95120209,1.0,School,False
The Waverly Academy of Empowered Learners,Staten Island,STATEN ISLAND,5.0,New York,40.61810608,-74.08473747,1.0,School,False
District Council 37,Manhattan,MANHATTAN,1.0,New York,40.76073635,-73.99217404,1.0,Businesses & Commercial Spaces,False
Robert Couche Senior Citizen Center,Queens,QUEENS,4.0,New York,40.67250215,-73.76413758,1.0,Senior Centers,False
"Cowen Group, Inc",Manhattan,MANHATTAN,1.0,New York,40.75826818,-73.97105441,1.0,Businesses & Commercial Spaces,False
Equinox,Manhattan,MANHATTAN,1.0,New York,40.75407059,-73.97993536,2.0,Health Clubs & Gyms,False
Marks Paneth & Shron LLP,Manhattan,MANHATTAN,1.0,New York,40.74957378,-73.97532422,1.0,Businesses & Commercial Spaces,False
Lighthouse Elementary School,Queens,QUEENS,4.0,New York,40.59377404,-73.76720009,1.0,School,False
John Bowne High School,Queens,QUEENS,4.0,New York,40.7381317,-73.82494283,1.0,School,False
MacAndrews & Forbes,Manhattan,MANHATTAN,1.0,New York,40.76536305,-73.96978059,8.0,Businesses & Commercial Spaces,False
J.H.S. 054 Booker T. Washington,Manhattan,MANHATTAN,1.0,New York,40.80011233,-73.96283712,1.0,Public Schools,False
P004Q @ P179Q (Q179),Queens,QUEENS,4.0,New York,40.74184445,-73.77979489,1.0,Public Schools,False
P.S. 145 - The Bloomingdale School,Manhattan,MANHATTAN,1.0,New York,40.79936927,-73.96530805,1.0,Public Schools,False
JSPOA Rockaway Blvd Senior Centers,Queens,QUEENS,4.0,New York,40.67451434,-73.79572542,1.0,Senior Centers,False
P.S. 173 Manhattan,Manhattan,MANHATTAN,1.0,New York,40.84546252,-73.94046761,1.0,Public Schools,False
P.S. 110 The Monitor,Brooklyn,BROOKLYN,3.0,New York,40.72389014,-73.94231196,1.0,Public Schools,False
DREAM Charter Elementary and Middle School,Manhattan,MANHATTAN,1.0,New York,40.78821453,-73.94421332,1.0,School,False
P.S. 020 Anna Silver,Manhattan,MANHATTAN,1.0,New York,40.7215324,-73.98664817,1.0,Public Schools,False
"High School for Mathematics, Science and Engineering at City College",Manhattan,MANHATTAN,1.0,New York,40.82073382,-73.94909605,1.0,School,False
P.S. 026 Rufus King,Queens,QUEENS,4.0,New York,40.73691411,-73.77798897,1.0,Public Schools,False
W. H. Maxwell Career and Technical Education High School,Brooklyn,BROOKLYN,3.0,New York,40.67412808,-73.89643036,1.0,School,False
Aging in America Senior Centers,Bronx,BRONX,2.0,New York,40.85701952,-73.84312311,1.0,Senior Centers,False
Taconic Management,Manhattan,MANHATTAN,1.0,New York,40.74186904,-74.00471301,1.0,Businesses & Commercial Spaces,False
St. Regis Hotel,Manhattan,MANHATTAN,1.0,New York,40.76155177,-73.97468083,1.0,Businesses & Commercial Spaces,False
Greater NY Hospital Association,Manhattan,MANHATTAN,1.0,New York,40.77000254,-73.99065664,1.0,Businesses & Commercial Spaces,False
P.S. 78 Staten Island,Staten Island,STATEN ISLAND,5.0,New York,40.6222854,-74.07842446,1.0,Public Schools,False
Brooklyn Preschool of Science,Brooklyn,BROOKLYN,3.0,New York,40.67899779,-73.97650414,1.0,School,False
M.S. 224 Manhattan East School for Arts & Academics,Manhattan,MANHATTAN,1.0,New York,40.78566384,-73.94254713,1.0,Public Schools,False
Epstein Becker & Green,Manhattan,MANHATTAN,1.0,New York,40.7550112,-73.97556764,1.0,Businesses & Commercial Spaces,False
Department of Justice-Office of the Inspector General - Battery Park 29th Floor,Manhattan,MANHATTAN,1.0,New York,40.70303785,-74.01566717,2.0,Government Buildings & Services,False
One World Trade Plaza,Manhattan,MANHATTAN,1.0,New York,40.71327345,-74.01281992,1.0,Businesses & Commercial Spaces,False
"Vornado Office Management, LLC",Manhattan,MANHATTAN,1.0,New York,40.75942509,-73.97712179,1.0,Businesses & Commercial Spaces,False
Brooklyn United Methodist Church Home,Brooklyn,BROOKLYN,3.0,New York,40.6709579,-73.86253496,1.0,Houses of Worship,False
1025 5th Avenue Inc.,Manhattan,MANHATTAN,1.0,New York,40.77994348,-73.96155936,1.0,Businesses & Commercial Spaces,False
I.S. 096 Seth Low,Brooklyn,BROOKLYN,3.0,New York,40.6075333,-73.98466145,1.0,Public Schools,False
P.S. 014 Fairview,Queens,QUEENS,4.0,New York,40.74055224,-73.85413058,1.0,Public Schools,False
Harry S. Truman High School,Bronx,BRONX,2.0,New York,40.87408155,-73.83390182,1.0,School,False
"Fried, Frank, Harris, Shriver & Jacobson LLP",Manhattan,MANHATTAN,1.0,New York,40.70253319,-74.01256178,1.0,Businesses & Commercial Spaces,False
The Museum of Modern Art,Manhattan,MANHATTAN,1.0,New York,40.76099511,-73.97720066,1.0,Museums,False
NYCDOT Ferry Division,Staten Island,STATEN ISLAND,5.0,New York,40.64372588,-74.0727888,4.0,Ferries & Other Transportation,False
Major R. Owens Health & Wellness Community Centere,Brooklyn,BROOKLYN,3.0,New York,40.66893751,-73.95568292,3.0,Health Clubs & Gyms,False
P.S. 185 Walter Kassenbrock,Brooklyn,BROOKLYN,3.0,New York,40.62397884,-74.0337791,1.0,Public Schools,False
School of Adult and Continuing Education - Central Office (K743),Brooklyn,BROOKLYN,3.0,New York,40.68122617,-73.94973656,1.0,School,False
Storefront Academy Harlem,Manhattan,MANHATTAN,1.0,New York,40.79491783,-73.93495109,1.0,School,False
P.S./M.S. 147 Ronald McNair,Queens,QUEENS,4.0,New York,40.69730063,-73.74094738,1.0,Public Schools,False
Leadership and Public Service High School,Manhattan,MANHATTAN,1.0,New York,40.70872267,-74.0123321,1.0,School,False
P.S. 206 Jose Celso Barbosa,Manhattan,MANHATTAN,1.0,New York,40.79745983,-73.93086731,1.0,Public Schools,False
P.S. 095 The Gravesend,Brooklyn,BROOKLYN,3.0,New York,40.59569063,-73.97517966,1.0,Public Schools,False
Pio Mendez Senior Centers,Bronx,BRONX,2.0,New York,40.81673756,-73.88747901,1.0,Senior Centers,False
UM NY Global Headquarters,Manhattan,MANHATTAN,1.0,New York,40.74929316,-73.98867453,1.0,Businesses & Commercial Spaces,False
Pioneer Academy,Queens,QUEENS,4.0,New York,40.74883022,-73.86515989,1.0,School,False
P.S. 254 Dag Hammarskjold,Brooklyn,BROOKLYN,3.0,New York,40.59041591,-73.95175306,1.0,Public Schools,False
P.S. 156 Laurelton,Queens,QUEENS,4.0,New York,40.67306094,-73.74317246,1.0,Public Schools,False
P.S. 190 Sheffield,Brooklyn,BROOKLYN,3.0,New York,40.66231823,-73.89444111,1.0,Public Schools,False
Morgan Stanley - 1585 Broadway,Manhattan,MANHATTAN,1.0,New York,40.76020869,-73.98533366,1.0,Businesses & Commercial Spaces,False
Benjamin Flores Senior Centers,Manhattan,MANHATTAN,1.0,New York,40.80080255,-73.93491642,1.0,Senior Centers,False
P.S. 071 Rose E. Scala,Bronx,BRONX,2.0,New York,40.84578011,-73.82982704,1.0,Public Schools,False
Marymount School,Manhattan,MANHATTAN,1.0,New York,40.78686455,-73.95120209,1.0,School,False
The Matilda Avenue School (P.S. 483),Bronx,BRONX,2.0,New York,40.90142209,-73.85439835,1.0,Public Schools,False
I.S. 49 Berta A. Dreyfus,Staten Island,STATEN ISLAND,5.0,New York,40.62033984,-74.08164248,1.0,Public Schools,False
P.S. 023 Carter G. Woodson,Brooklyn,BROOKLYN,3.0,New York,40.6940625,-73.94755956,1.0,Public Schools,False
Bronx Engineering and Technology Academy,Bronx,MANHATTAN,1.0,New York,40.87709942,-73.91225527,1.0,Public Schools,True
P.S. 096 Richard Rodgers,Bronx,BRONX,2.0,New York,40.86080892,-73.8685255,1.0,Public Schools,False
Berwyn Editorial,Manhattan,MANHATTAN,1.0,New York,40.72754124,-74.00727364,1.0,Businesses & Commercial Spaces,False
Time Warner Cable,Queens,QUEENS,4.0,New York,40.785544,-73.8582133,1.0,Businesses & Commercial Spaces,False
Eleanor Roosevelt High School,Manhattan,MANHATTAN,1.0,New York,40.77002359,-73.95323262,1.0,School,False
Canarsie Ascend Charter Lower School,Brooklyn,BROOKLYN,3.0,New York,40.64381827,-73.90043054,1.0,School,False
Lower Manhattan Community Middle School,Manhattan,MANHATTAN,1.0,New York,40.70567313,-74.01330176,1.0,School,False
"The Marie Curie School for Medicine, Nursing, and Health Professions",Bronx,BRONX,2.0,New York,40.87591014,-73.90110859,1.0,School,False
Congregation Emanu-El,Manhattan,MANHATTAN,1.0,New York,40.76792123,-73.97003574,1.0,Houses of Worship,False
Unity Center for Urban Technologies,Manhattan,MANHATTAN,1.0,New York,40.74616865,-73.98124058,1.0,Public Schools,False
I.S. 034 Tottenville,Staten Island,STATEN ISLAND,5.0,New York,40.50827607,-74.24342599,1.0,Public Schools,False
International Community High School,Bronx,BRONX,2.0,New York,40.81003314,-73.91779159,1.0,School,False
Department of Citywide Administrative Services,Queens,QUEENS,4.0,New York,40.71234936,-73.82629134,1.0,Government Buildings & Services,False
P.S. 207 Rockwood Park,Queens,QUEENS,4.0,New York,40.65808094,-73.84443252,1.0,Public Schools,False
"Jack Resnick & Sons, Inc.",Manhattan,MANHATTAN,1.0,New York,40.75881803,-73.97487679,1.0,Businesses & Commercial Spaces,False
Naples Street Elementary School,Staten Island,STATEN ISLAND,5.0,New York,40.6022224,-74.09135417,1.0,Public Schools,False
Morvillo Abramowitz Grand Iason & Anello PC,Manhattan,MANHATTAN,1.0,New York,40.75587638,-73.97850545,1.0,Businesses & Commercial Spaces,False
P.S. 177 The Marlboro,Brooklyn,BROOKLYN,3.0,New York,40.60859654,-73.97484711,1.0,Public Schools,False
"Royce and Associates, LLC",Manhattan,MANHATTAN,1.0,New York,40.76331917,-73.97369465,1.0,Businesses & Commercial Spaces,False
Eugene O''Neill Theater,Manhattan,MANHATTAN,1.0,New York,40.76104856,-73.98514938,1.0,Performance Venues,False
The Webster Apartments,Manhattan,MANHATTAN,1.0,New York,40.75371275,-73.9970764,1.0,Businesses & Commercial Spaces,False
"Dot Dash Meredith - Meredith Corporate Global Security - 225 Liberty St, New York",Manhattan,MANHATTAN,1.0,New York,40.71153017,-74.01567279,19.0,Businesses & Commercial Spaces,False
Carlyle Hotel,Manhattan,MANHATTAN,1.0,New York,40.77425965,-73.96328486,1.0,Businesses & Commercial Spaces,False
P.S./M.S. 200 - The Pomonok School & STAR Academy,Queens,QUEENS,4.0,New York,40.73136132,-73.80511575,1.0,Public Schools,False
Internal Revenue Service,Manhattan,MANHATTAN,1.0,New York,40.71480011,-74.00576441,1.0,Government Buildings & Services,False
Pathways to Graduation @ Monroe College,Bronx,BRONX,2.0,New York,40.86405476,-73.90007421,1.0,School,False
Equinox,Manhattan,MANHATTAN,1.0,New York,40.74606173,-73.98207068,1.0,Health Clubs & Gyms,False
Polsinelli,Manhattan,MANHATTAN,1.0,New York,40.74897277,-73.9757828,1.0,Businesses & Commercial Spaces,False
"Jack Resnick & Sons, Inc.",Manhattan,MANHATTAN,1.0,New York,40.76262362,-73.96915733,1.0,Businesses & Commercial Spaces,False
Federal Home Loan Bank of New York,Manhattan,MANHATTAN,1.0,New York,40.75098522,-73.97848538,1.0,Businesses & Commercial Spaces,False
Brooklyn Prospect Charter - Downtown Elementary Middle School,Brooklyn,BROOKLYN,3.0,New York,40.69215499,-73.98561553,1.0,School,False
P.S. 129 Patricia Larkin,Queens,QUEENS,4.0,New York,40.79063047,-73.83976987,1.0,Public Schools,False
P.S. 076 William Hallet,Queens,QUEENS,4.0,New York,40.76084504,-73.94114276,1.0,Public Schools,False
YM-YWHA of Washington Heights,Manhattan,MANHATTAN,1.0,New York,40.8599867,-73.92912824,1.0,Health Clubs & Gyms,False
Sisulu-Walker Charter School of Harlem,Manhattan,MANHATTAN,1.0,New York,40.81545182,-73.95290794,1.0,School,False
Richards Kibbe & Orbe LLP,Manhattan,MANHATTAN,1.0,New York,40.71141766,-74.01544191,1.0,Businesses & Commercial Spaces,False
J.H.S. 074 Nathaniel Hawthorne,Queens,QUEENS,4.0,New York,40.74519341,-73.76744486,1.0,Public Schools,False
Channel View School For Research,Queens,QUEENS,4.0,New York,40.58605892,-73.82262478,1.0,Public Schools,False
Great Oaks Charter School,Manhattan,MANHATTAN,1.0,New York,40.71966095,-73.99185781,1.0,School,False
FNY Capital Management LP,Manhattan,MANHATTAN,1.0,New York,40.75783992,-73.98500932,1.0,Businesses & Commercial Spaces,False
Owen Dolen Golden Age Center,Bronx,BRONX,2.0,New York,40.84038811,-73.84236015,1.0,Senior Centers,False
William E. Grady Career and Technical Education High School,Brooklyn,BROOKLYN,3.0,New York,40.58257839,-73.96347705,1.0,School,False
P.S. 059 Beekman Hill International,Manhattan,MANHATTAN,1.0,New York,40.7592278,-73.96718802,1.0,Public Schools,False
Comcast Enterprise - 30 Rockefeller,Manhattan,MANHATTAN,1.0,New York,40.75874744,-73.97869222,63.0,Businesses & Commercial Spaces,False
Department of Citywide Administrative Services,Manhattan,MANHATTAN,1.0,New York,40.71034543,-74.0040074,1.0,Government Buildings & Services,False
Fort Hamilton High School,Brooklyn,BROOKLYN,3.0,New York,40.62789091,-74.03998467,1.0,School,False
P.S. 130 The Parkside - Annex,Brooklyn,BROOKLYN,3.0,New York,40.64758311,-73.97336208,1.0,Public Schools,False
Dover Corporation,Manhattan,MANHATTAN,1.0,New York,40.75601562,-73.97483093,1.0,Businesses & Commercial Spaces,False
Brooklyn Theatre Arts High School,Brooklyn,BROOKLYN,3.0,New York,40.63327759,-73.91673477,1.0,School,False
P.S. 131 Brooklyn,Brooklyn,BROOKLYN,3.0,New York,40.64114951,-73.99348169,1.0,Public Schools,False
Morrison Cohen LLP,Manhattan,MANHATTAN,1.0,New York,40.75873689,-73.96861769,1.0,Businesses & Commercial Spaces,False
MUSEUM TOWER,Manhattan,MANHATTAN,1.0,New York,40.76103081,-73.97728007,2.0,Businesses & Commercial Spaces,False
The Museum of Modern Art,Manhattan,MANHATTAN,1.0,New York,40.76099511,-73.97720066,1.0,Museums,False
I.S. 285 Meyer Levin,Brooklyn,BROOKLYN,3.0,New York,40.64687003,-73.92100239,1.0,Public Schools,False
Martin Van Buren High School,Queens,QUEENS,4.0,New York,40.7330574,-73.73875473,1.0,School,False
Waterside Children's Studio School,Queens,QUEENS,4.0,New York,40.57977267,-73.83313179,1.0,School,False
"40 Wall Street, LLC",Manhattan,MANHATTAN,1.0,New York,40.70677685,-74.01013158,1.0,Businesses & Commercial Spaces,False
The Walton Avenue School,Bronx,BRONX,2.0,New York,40.84008919,-73.91556779,1.0,School,False
Robert F. Kennedy Community High School,Queens,QUEENS,4.0,New York,40.72559566,-73.81069599,1.0,School,False
"JFK International Airport, Terminal 7",Queens,QUEENS,4.0,New York,40.64831283,-73.7882815,20.0,Ferries & Other Transportation,False
Zeta Charter School - Tremont Park,Bronx,BRONX,2.0,New York,40.84538467,-73.89349891,1.0,School,False
NYCDOT Ferry Division,Manhattan,MANHATTAN,1.0,New York,40.70142167,-74.01155174,2.0,Ferries & Other Transportation,False
The Blackstone Group,Manhattan,MANHATTAN,1.0,New York,40.75816441,-73.97324549,1.0,Businesses & Commercial Spaces,False
District 2 Pre-K Center at 1683 Third Avenue (M491),Manhattan,MANHATTAN,1.0,New York,40.78409737,-73.95011359,1.0,Public Schools,False
Corona Arts and Sciences Academy,Queens,QUEENS,4.0,New York,40.74570139,-73.86532865,1.0,Public Schools,False
P.S. 098 Shorac Kappock,Manhattan,MANHATTAN,1.0,New York,40.86782032,-73.91705823,1.0,Public Schools,False
Century Elevator Maintenance Corp.,Manhattan,QUEENS,4.0,New York,40.76394985,-73.90501176,1.0,Businesses & Commercial Spaces,True
Empire State Realty Trust,Manhattan,MANHATTAN,1.0,New York,40.75129947,-73.98765638,1.0,Businesses & Commercial Spaces,False
Port Richmond High School,Staten Island,STATEN ISLAND,5.0,New York,40.634565,-74.14181777,1.0,School,False
Academy For Personal Leadership and Excellence,Bronx,BRONX,2.0,New York,40.85974561,-73.90016025,1.0,Public Schools,False
P.S. 109 Sedgwick - Mini School (X899),Bronx,BRONX,2.0,New York,40.85140788,-73.91853188,1.0,Public Schools,False
Benjamin Banneker Academy,Brooklyn,BROOKLYN,3.0,New York,40.69532473,-73.96924268,1.0,School,False
P369K - Coy L. Cox School (K369),Brooklyn,BROOKLYN,3.0,New York,40.68724981,-73.98357934,1.0,School,False
Jack and Pearl Resnick Campus,Bronx,BRONX,2.0,New York,40.85117554,-73.84482139,1.0,School,False
"D.E. Shaw Research, LLC",Manhattan,MANHATTAN,1.0,New York,40.75772163,-73.98307821,7.0,Businesses & Commercial Spaces,False
Brooklyn RISE Charter School,Brooklyn,BROOKLYN,3.0,New York,40.68906391,-73.98228438,1.0,School,False
New World Preparatory Charter School,Staten Island,STATEN ISLAND,5.0,New York,40.63322507,-74.12578227,1.0,School,False
The Equity Project Charter School - Middle,Manhattan,MANHATTAN,1.0,New York,40.86463788,-73.92309274,1.0,School,False
Stapleton Senior Centers,Staten Island,STATEN ISLAND,5.0,New York,40.62311671,-74.08283824,1.0,Senior Centers,False
Platton Hall,Manhattan,MANHATTAN,1.0,New York,40.78334634,-73.98095202,1.0,Businesses & Commercial Spaces,False
Brooklyn Gardens Elementary School,Brooklyn,BROOKLYN,3.0,New York,40.6657906,-73.89772299,1.0,School,False
J.H.S. 118 William W. Niles,Bronx,BRONX,2.0,New York,40.84833213,-73.8930785,1.0,Public Schools,False
P.S. 108 Captain Vincent G. Fowler,Queens,QUEENS,4.0,New York,40.67957633,-73.83154712,1.0,Public Schools,False
Equinox,Brooklyn,BROOKLYN,3.0,New York,40.67695961,-73.98333312,1.0,Health Clubs & Gyms,False
P.S. 054 Hillside,Queens,QUEENS,4.0,New York,40.70291241,-73.82422057,1.0,Public Schools,False
"McDermott, Will, Emery",New York,MANHATTAN,1.0,New York,40.75225544,-73.97546399,1.0,Businesses & Commercial Spaces,True
"The Empire State Building Company, LLC",Manhattan,MANHATTAN,1.0,New York,40.7482689007,-73.98469027358,1.0,Businesses & Commercial Spaces,False
P.S. 103 Hector Fontanez,Bronx,BRONX,2.0,New York,40.89214542,-73.86146453,1.0,Public Schools,False
Arthur A. Schomburg Elementary School - ANNEX,Bronx,BRONX,2.0,New York,40.84446974,-73.89853152,1.0,School,False
PSS Highbridge Senior Centers,Bronx,BRONX,2.0,New York,40.8372252,-73.92570489,1.0,Senior Centers,False
Dock Street School,Brooklyn,BROOKLYN,3.0,New York,40.70309906,-73.99254871,1.0,School,False
P.S./I.S. 045 Horace E. Greene,Brooklyn,BROOKLYN,3.0,New York,40.68673861,-73.91069304,1.0,Public Schools,False
NEA,Manhattan,MANHATTAN,1.0,New York,40.73705186,-73.99286244,1.0,Businesses & Commercial Spaces,False
Bank Street College,Manhattan,MANHATTAN,1.0,New York,40.72447712,-73.98348715,1.0,Colleges & Universities,False
P.S. 069 Journey Prep School,Bronx,BRONX,2.0,New York,40.81668649,-73.86090327,1.0,Public Schools,False
"Vornado Office Management, LLC",Manhattan,MANHATTAN,1.0,New York,40.76054207,-73.97642111,1.0,Businesses & Commercial Spaces,False
P.S. 144 Col Jeromus Remsen,Queens,QUEENS,4.0,New York,40.71527346,-73.85241132,1.0,Public Schools,False
Citi Health Services - 388 Greenwich,Manhattan,MANHATTAN,1.0,New York,40.72065166,-74.01009762,18.0,Health & Social Services,False
The New York Times,Manhattan,MANHATTAN,1.0,New York,40.75603172,-73.99065138,1.0,Businesses & Commercial Spaces,False
New York Life - NE-V79-Brooklyn,Brooklyn,BROOKLYN,3.0,New York,40.71002743,-73.96558918,1.0,Businesses & Commercial Spaces,False
It Takes a Village Academy,Brooklyn,BROOKLYN,3.0,New York,40.64864945,-73.92217147,1.0,School,False
P.S. 015 Patrick F. Daly,Brooklyn,BROOKLYN,3.0,New York,40.67733628,-74.01155836,1.0,Public Schools,False
"Walt Disney/ABC, Inc.",Manhattan,MANHATTAN,1.0,New York,40.77298749,-73.98008127,1.0,Businesses & Commercial Spaces,False
Queens Satellite High School for Opportunity,Queens,QUEENS,4.0,New York,40.70847218,-73.80006469,1.0,School,False
"Skadden, Arps, Slate, Meagher & Flom LLP",Manhattan,MANHATTAN,1.0,New York,40.75460407,-73.98676062,1.0,Businesses & Commercial Spaces,False
P.S. 094 The Henry Longfellow,Brooklyn,BROOKLYN,3.0,New York,40.64365264,-74.00825179,1.0,Public Schools,False
"Pillsbury Winthrop Shaw Pittman, LLP - New York",Manhattan,MANHATTAN,1.0,New York,40.76048473,-73.97793723,5.0,Businesses & Commercial Spaces,False
Our World Neighborhood Charter School 3,Queens,QUEENS,4.0,New York,40.75085028,-73.85825494,1.0,School,False
P.S. 173 Fresh Meadows,Queens,QUEENS,4.0,New York,40.73456417,-73.79548288,1.0,Public Schools,False
The High School of Fashion Industries,Manhattan,MANHATTAN,1.0,New York,40.74514906,-73.9960735,1.0,School,False
P.S. 063 Author's Academy,Bronx,BRONX,2.0,New York,40.83095828,-73.90273673,1.0,Public Schools,False
Empire State Realty Trust,Manhattan,MANHATTAN,1.0,New York,40.75252506,-73.97866174,1.0,Businesses & Commercial Spaces,False
Lyric Theater (Foxwood Theater),Manhattan,MANHATTAN,1.0,New York,40.75698107,-73.98713554,2.0,Performance Venues,False
FDNY - Captain Vernon A. Richards High School for Fire and Life Safety,Brooklyn,BROOKLYN,3.0,New York,40.6674485,-73.89474657,1.0,School,False
Brooklyn Prospect Charter - Clinton Hill Middle School,Brooklyn,BROOKLYN,3.0,New York,40.68132781,-73.95667336,1.0,School,False
P224Q @ P710Q Montessori (Q809),Queens,QUEENS,4.0,New York,40.77026814,-73.76403188,1.0,Public Schools,False
Bronx Delta School,Bronx,BRONX,2.0,New York,40.82651925,-73.81841494,1.0,School,False
P.S. X114 - Luis Llorens Torres Schools,Bronx,BRONX,2.0,New York,40.83476967,-73.92306596,1.0,Public Schools,False
Anchin Block & Anchin,Manhattan,MANHATTAN,1.0,New York,40.7523205,-73.98746128,1.0,Businesses & Commercial Spaces,False
"Cravath, Swaine & Moore LLP",Manhattan,MANHATTAN,1.0,New York,40.75216196,-73.9972028,1.0,Businesses & Commercial Spaces,False
Brooklyn Lab School,Brooklyn,BROOKLYN,3.0,New York,40.69113882,-73.86832767,1.0,Public Schools,False
Growing Up Green Charter Elementary School,Queens,QUEENS,4.0,New York,40.7534971,-73.93561972,1.0,School,False
P.S. 122 Mamie Fay,Queens,QUEENS,4.0,New York,40.7803396,-73.91665488,1.0,Public Schools,False
The Bay Terrace,Queens,QUEENS,4.0,New York,40.77827637,-73.77727282,1.0,Businesses & Commercial Spaces,False
Art and Design High School,Manhattan,MANHATTAN,1.0,New York,40.7591454,-73.96699314,1.0,School,False
Foodtown - 505,Bronx,BRONX,2.0,New York,40.84836255,-73.85563907,1.0,Businesses & Commercial Spaces,False
PSAL Office,Queens,QUEENS,4.0,New York,40.7493771,-73.952233,1.0,Public Schools,False
Fisk Building Assoc. LLC,Manhattan,MANHATTAN,1.0,New York,40.76638394,-73.98211934,1.0,Businesses & Commercial Spaces,False
The Port Authority of New York & New Jersey - 120 Broadway,Manhattan,MANHATTAN,1.0,New York,40.70853891,-74.01104079,1.0,Ferries & Other Transportation,False
Marymount School,Manhattan,MANHATTAN,1.0,New York,40.78000933,-73.96150877,1.0,School,False
P.S. 205 Fiorello Laguardia,Bronx,BRONX,2.0,New York,40.85525634,-73.88113811,1.0,Public Schools,False
Premise Health Insight Health Center,Manhattan,MANHATTAN,1.0,New York,40.75816441,-73.97324549,3.0,Businesses & Commercial Spaces,False
Townsend Harris High School,Queens,QUEENS,4.0,New York,40.73438791,-73.82143097,1.0,School,False
"Zubatkin Owner Representation, LLC",Manhattan,MANHATTAN,1.0,New York,40.76418601,-73.98671178,1.0,Businesses & Commercial Spaces,False
Eleven Times Square,Manhattan,MANHATTAN,1.0,New York,40.75689078,-73.9900232,17.0,Businesses & Commercial Spaces,False
American Society of Mechanical Engineers,Manhattan,MANHATTAN,1.0,New York,40.74606997,-73.98209233,1.0,Businesses & Commercial Spaces,False
Astor Collegiate Academy,Bronx,BRONX,2.0,New York,40.85965827,-73.86100465,9.0,School,False
Archer Elementary School,Bronx,BRONX,2.0,New York,40.837624,-73.8660345,1.0,School,False
Madison Square Garden,Manhattan,MANHATTAN,1.0,New York,40.74939498,-73.99177476,2.0,Performance Venues,False
I.S. 051 Edwin Markham,Staten Island,STATEN ISLAND,5.0,New York,40.62257743,-74.14487934,1.0,Public Schools,False
P004K - Main @ P.S. 273 (K273),Brooklyn,BROOKLYN,3.0,New York,40.65791443,-73.87935381,1.0,Public Schools,False
New York Aquarium,Brooklyn,BROOKLYN,3.0,New York,40.57517621,-73.97579926,1.0,Zoos & Aquariums,False
301 East 78th Street Owners Corporation,Manhattan,MANHATTAN,1.0,New York,40.77250563,-73.95519132,1.0,Businesses & Commercial Spaces,False
Jean Nuzzi Intermediate School,Queens,QUEENS,4.0,New York,40.72070517,-73.7469998,1.0,School,False
Fordham University Bronx Location,Bronx,BRONX,2.0,New York,40.86072673616,-73.88953366191,1.0,Colleges & Universities,False
Hellenic Classical Charter School,Brooklyn,BROOKLYN,3.0,New York,40.66263831,-73.99208467,1.0,School,False
Hess Corporation,Manhattan,MANHATTAN,1.0,New York,40.75757876,-73.98212532,1.0,Businesses & Commercial Spaces,False
District 75 school,Queens,QUEENS,4.0,New York,40.73954973,-73.92888876,1.0,School,False
The Peck Slip School,Manhattan,MANHATTAN,1.0,New York,40.70875899,-74.00240583,1.0,Public Schools,False
P.S. 019 Marino Jeantet,Queens,QUEENS,4.0,New York,40.74910061,-73.86636118,1.0,Public Schools,False
"JFK Airport, Building 14",Queens,QUEENS,4.0,New York,40.64831283,-73.7882815,37.0,Ferries & Other Transportation,False
AYSO - FPP - 3A1328,Queens,QUEENS,4.0,New York,40.74649695968,-73.91326523108,2.0,Health Clubs & Gyms,False
Pathways to Graduation @ NMIC YouthBuild,Manhattan,MANHATTAN,1.0,New York,40.84618013,-73.93762242,1.0,School,False
Riverdale / Kingsbridge Academy (Middle School / High School 141),Bronx,BRONX,2.0,New York,40.88833176,-73.91348454,1.0,School,False
The Museum of Modern Art,Manhattan,MANHATTAN,1.0,New York,40.76099511,-73.97720066,1.0,Museums,False
Nuasin Next Generation Charter School (formerly Lighthouse),Bronx,BRONX,2.0,New York,40.83458459,-73.92979504,1.0,School,False
District 13 Pre-K Center at 25 Dock Street (K611),Brooklyn,BROOKLYN,3.0,New York,40.70302495,-73.99255232,1.0,Public Schools,False
P.S. 101 The Verrazano,Brooklyn,BROOKLYN,3.0,New York,40.59712579,-73.99161355,1.0,Public Schools,False
P.S. 192 Jacob H. Schiff,Manhattan,MANHATTAN,1.0,New York,40.82094606,-73.95114449,1.0,Public Schools,False
Bronx Regional High School,Bronx,BRONX,2.0,New York,40.82352492,-73.8988707,1.0,Public Schools,False
Academy of Arts and Letters,Brooklyn,BROOKLYN,3.0,New York,40.68606863,-73.94522937,1.0,Public Schools,False
Icahn Charter School I (Grades 5-8),Bronx,BRONX,2.0,New York,40.83855491,-73.90504939,1.0,School,False
P.S. 056 Lewis H. Latimer,Brooklyn,BROOKLYN,3.0,New York,40.68504293,-73.96065879,1.0,Public Schools,False
Worldwide Plaza,Manhattan,MANHATTAN,1.0,New York,40.76206701,-73.98627542,1.0,Businesses & Commercial Spaces,False
P.S. 111 Adolph S. Ochs,Manhattan,MANHATTAN,1.0,New York,40.76587152,-73.98882332,1.0,Public Schools,False
FNY Capital Management LP,Manhattan,MANHATTAN,1.0,New York,40.75049672,-73.97886451,1.0,Businesses & Commercial Spaces,False
Friends Seminary,Manhattan,MANHATTAN,1.0,New York,40.73443269,-73.98576514,1.0,School,False
P.S. 214 Bronx,Bronx,BRONX,2.0,New York,40.83955838,-73.88035672,1.0,Public Schools,False
PROGRESS High School for Professional Careers,Brooklyn,BROOKLYN,3.0,New York,40.71217688,-73.93972141,1.0,School,False
Design Works High School,Brooklyn,BROOKLYN,3.0,New York,40.69106228,-73.983463,1.0,School,False
P.S. 041 Gun Hill Road,Bronx,BRONX,2.0,New York,40.87430709,-73.86815519,1.0,Public Schools,False
P.S. 235 Janice Marie Knight School,Brooklyn,BROOKLYN,3.0,New York,40.65469651,-73.941089,1.0,Public Schools,False
Uber Technologies - Uber New York City,Manhattan,MANHATTAN,1.0,New York,40.7524473,-74.00577129,1.0,Businesses & Commercial Spaces,False
Sound View Throgs Neck Community Mental Health Center of AECOM of YU,Bronx,BRONX,2.0,New York,40.82301069,-73.85668428,2.0,Health & Social Services,False
Morgan Stanley - E52,Manhattan,MANHATTAN,1.0,New York,40.75882057,-73.97397799,1.0,Businesses & Commercial Spaces,False
City College of New York,Manhattan,MANHATTAN,1.0,New York,40.81918902,-73.95022087,2.0,Colleges & Universities,False
"Walt Disney/ABC, Inc.",Manhattan,MANHATTAN,1.0,New York,40.77431062,-73.98103766,1.0,Businesses & Commercial Spaces,False
Talent Unlimited High School,Manhattan,MANHATTAN,1.0,New York,40.76535184,-73.96005883,1.0,School,False
Harriet Tubman Charter School Elementary Academy,Bronx,BRONX,2.0,New York,40.8320035,-73.90539123,1.0,School,False
The Museum of Modern Art,Manhattan,MANHATTAN,1.0,New York,40.76099511,-73.97720066,1.0,Museums,False
JFK AirTrain,Queens,QUEENS,4.0,New York,40.65985038,-73.80349049,1.0,Ferries & Other Transportation,False
Staten Island Hebrew Public Charter School,Staten Island,STATEN ISLAND,5.0,New York,40.57567829,-74.08317875,1.0,School,False
Bay Street Co OP Board,Staten Island,STATEN ISLAND,5.0,New York,40.63798601,-74.07361483,2.0,Businesses & Commercial Spaces,False
Tower 31,Manhattan,MANHATTAN,1.0,New York,40.74680343,-73.98657451,1.0,Businesses & Commercial Spaces,False
Goodman Management Group - Bronx NY,Bronx,BRONX,2.0,New York,40.88213055,-73.91984661,2.0,Businesses & Commercial Spaces,False
Outreach Development Corporation,Manhattan,QUEENS,4.0,New York,40.70002816,-73.83188113,1.0,Health & Social Services,True
FTI Consulting,Manhattan,MANHATTAN,1.0,New York,40.75636894,-73.98671335,1.0,Businesses & Commercial Spaces,False
P.S. 295 Brooklyn,Brooklyn,BROOKLYN,3.0,New York,40.66096916,-73.98829671,1.0,Public Schools,False
P.S./M.S. 11X498 - Van Nest Academy,Bronx,BRONX,2.0,New York,40.84472348,-73.85820595,1.0,Public Schools,False
Janklow & Nesbit Associates,Manhattan,MANHATTAN,1.0,New York,40.76118311,-73.97104231,1.0,Businesses & Commercial Spaces,False
M.S. 131 Manhattan,Manhattan,MANHATTAN,1.0,New York,40.71654572,-73.99309191,1.0,Public Schools,False
High School of World Cultures,Bronx,BRONX,2.0,New York,40.83159438,-73.87891119,1.0,School,False
Marymount School,Manhattan,MANHATTAN,1.0,New York,40.78686455,-73.95120209,1.0,School,False
The Bronx Mathematics Preparatory School,Bronx,BRONX,2.0,New York,40.81482572,-73.85657914,1.0,School,False
W.P. Carey Inc.,Manhattan,MANHATTAN,1.0,New York,40.75227175,-73.99712339,1.0,Businesses & Commercial Spaces,False
P.S. 115 Alexander Humboldt,Manhattan,MANHATTAN,1.0,New York,40.84653561,-73.93520403,1.0,Public Schools,False
Department of Citywide Administrative Services,Manhattan,MANHATTAN,1.0,New York,40.71380652,-74.00556953,1.0,Government Buildings & Services,False
P.S. 89 Manhattan,Manhattan,MANHATTAN,1.0,New York,40.71666041,-74.01354204,1.0,Public Schools,False
P.S. 319 Brooklyn,Brooklyn,BROOKLYN,3.0,New York,40.70966663,-73.95421655,1.0,Public Schools,False
ALC - Royal Academy,Queens,QUEENS,4.0,New York,40.70347161,-73.80508579,1.0,School,False
Brookfield Properties - 1100 Avenue of the Americas,Manhattan,MANHATTAN,1.0,New York,40.75493035,-73.98403543,5.0,Businesses & Commercial Spaces,False
Friends Seminary,Manhattan,MANHATTAN,1.0,New York,40.73441897,-73.98577597,1.0,School,False
Morgan Stanley - 1 NY Plaza,Manhattan,MANHATTAN,1.0,New York,40.70253319,-74.01256178,1.0,Businesses & Commercial Spaces,False
Department of Citywide Administrative Services,Manhattan,MANHATTAN,1.0,New York,40.71325748,-74.00706286,1.0,Government Buildings & Services,False
P.S. 209 Clearview Gardens,Queens,QUEENS,4.0,New York,40.78360068,-73.79465281,1.0,Public Schools,False
Health Opportunities High School,Bronx,BRONX,2.0,New York,40.81593168,-73.93038561,1.0,School,False
Harlem Village Academy High School,Manhattan,MANHATTAN,1.0,New York,40.8063216,-73.94412584,1.0,School,False
Equinox,Brooklyn,BROOKLYN,3.0,New York,40.66484679,-73.92275086,1.0,Health Clubs & Gyms,False
Mosaic Pre-K Center at 108-18 Roosevelt Avenue (Q422),Queens,QUEENS,4.0,New York,40.75083661,-73.85830189,1.0,Public Schools,False
Morgan Stanley - ISG - New York Metro - 750 7th Avenue - Floor: 11,Manhattan,MANHATTAN,1.0,New York,40.76074642,-73.98352505,1.0,Businesses & Commercial Spaces,False
Professor Juan Bosch Public School,Manhattan,MANHATTAN,1.0,New York,40.85923656,-73.92779144,1.0,School,False
Atmosphere Academy Charter School - Annex,Bronx,BRONX,2.0,New York,40.88812563,-73.91312313,1.0,School,False
Frederick Douglass Academy,Manhattan,MANHATTAN,1.0,New York,40.82431252,-73.93711908,1.0,School,False
RZB Finance,Manhattan,MANHATTAN,1.0,New York,40.75593483,-73.98332411,1.0,Businesses & Commercial Spaces,False
Success Academy Ozone Park Middle School,Queens,QUEENS,4.0,New York,40.68379525,-73.81392673,1.0,School,False
Morgan Stanley - 1 NY Plaza,Manhattan,MANHATTAN,1.0,New York,40.70253319,-74.01256178,1.0,Businesses & Commercial Spaces,False
Vestar Capital Partners,Manhattan,MANHATTAN,1.0,New York,40.75481909,-73.97568321,1.0,Businesses & Commercial Spaces,False
IPG Mediabrands,Manhattan,MANHATTAN,1.0,New York,40.74929316,-73.98867453,1.0,Businesses & Commercial Spaces,False
Lenox Hill Senior Centers,Manhattan,MANHATTAN,1.0,New York,40.76691835,-73.95794959,1.0,Senior Centers,False
P.S. 009 Sarah Anderson,Manhattan,MANHATTAN,1.0,New York,40.78527989,-73.97342955,1.0,Public Schools,False
New World High School,Bronx,BRONX,2.0,New York,40.8878253,-73.85269224,1.0,Public Schools,False
Newtown Senior Centers,Queens,QUEENS,4.0,New York,40.73719759,-73.87968602,1.0,Senior Centers,False
P.S. 030 Westerleigh,Staten Island,STATEN ISLAND,5.0,New York,40.61843116,-74.13264498,1.0,Public Schools,False
P.S./M.S. 194,Bronx,BRONX,2.0,New York,40.8347754,-73.84663055,1.0,Public Schools,False
P.S. 244 Richard R. Green,Brooklyn,BROOKLYN,3.0,New York,40.6484159,-73.92594838,1.0,Public Schools,False
P.S. 191 Paul Robeson,Brooklyn,BROOKLYN,3.0,New York,40.67199799,-73.92432872,1.0,Public Schools,False
Merrick Academy - Queens Public Charter School,Queens,QUEENS,4.0,New York,40.67649747,-73.75319244,1.0,School,False
Brookfield Properties - New York - 300 Madison Ave,Manhattan,MANHATTAN,1.0,New York,40.75222882,-73.97971214,8.0,Businesses & Commercial Spaces,False
P.S. 197 John B. Russwurm,Manhattan,MANHATTAN,1.0,New York,40.81317721,-73.93732111,1.0,Public Schools,False
P.S. 002 Alfred Zimberg,Queens,QUEENS,4.0,New York,40.76984747,-73.89458411,1.0,Public Schools,False
"Walt Disney/ABC, Inc.",Manhattan,MANHATTAN,1.0,New York,40.77566742,-73.98750381,1.0,Businesses & Commercial Spaces,False
Academy of Medical Technology: A College Board School,Queens,QUEENS,4.0,New York,40.60200214,-73.76279588,1.0,Public Schools,False
Fordham University Bronx Location,Bronx,BRONX,2.0,New York,40.86072673616,-73.88953366191,1.0,Colleges & Universities,False
Red Hook Senior Centers,Brooklyn,BROOKLYN,3.0,New York,40.67591779,-74.0019612,1.0,Senior Centers,False
The Lowell School,Queens,QUEENS,4.0,New York,40.77721332,-73.8242331,1.0,School,False
P.S. 150 Manhattan,Manhattan,MANHATTAN,1.0,New York,40.70697138,-74.01350761,1.0,Public Schools,False
"Davidson, Dawson & Clark LLP",Manhattan,MANHATTAN,1.0,New York,40.75252506,-73.97866174,1.0,Businesses & Commercial Spaces,False
JCC South Shore Senior Centers,Staten Island,STATEN ISLAND,5.0,New York,40.56533111,-74.18377328,1.0,Senior Centers,False
Brooklyn Ascend Charter Middle School,Brooklyn,BROOKLYN,3.0,New York,40.66405845,-73.92188309,1.0,School,False
Taconic Management,Manhattan,MANHATTAN,1.0,New York,40.74186904,-74.00471301,1.0,Businesses & Commercial Spaces,False
Morgan Stanley - ISG - New York Metro - 522 5th Avenue - Floor: 4,Manhattan,MANHATTAN,1.0,New York,40.75450705,-73.98014457,1.0,Businesses & Commercial Spaces,False
Neighborhood Charter School: Harlem,Manhattan,MANHATTAN,1.0,New York,40.8234465,-73.9450436,1.0,School,False
P.S. 139 Rego Park,Queens,QUEENS,4.0,New York,40.72813281,-73.86358194,1.0,Public Schools,False
Melrose Academy,Brooklyn,BROOKLYN,3.0,New York,40.70207588,-73.9296466,1.0,School,False
P.S./I.S. 30 Mary White Ovington - Annex,Brooklyn,BROOKLYN,3.0,New York,40.63343724,-74.02324918,1.0,Public Schools,False
J.H.S. 291 Roland Hayes,Brooklyn,BROOKLYN,3.0,New York,40.69535509,-73.91514234,1.0,Public Schools,False
Morgan Stanley - ISG - New York Metro - 750 7th Avenue - Floor: 33,Manhattan,MANHATTAN,1.0,New York,40.76074642,-73.98352505,1.0,Businesses & Commercial Spaces,False
VOICE Charter School of New York (Upper) [Grades 3-8],Queens,QUEENS,4.0,New York,40.76036931,-73.93942494,1.0,School,False
P.S. 217 Colonel David Marcus School,Brooklyn,BROOKLYN,3.0,New York,40.6339727,-73.9665581,1.0,Public Schools,False
P.S./I.S. 137 Rachel Jean Mitchell,Brooklyn,BROOKLYN,3.0,New York,40.68245058,-73.91708777,1.0,Public Schools,False
SONY Corporation,Manhattan,MANHATTAN,1.0,New York,40.76108209,-73.97325154,1.0,Businesses & Commercial Spaces,False
P.S. 117 J. Keld / Briarwood School,Queens,QUEENS,4.0,New York,40.70945529,-73.8133751,1.0,Public Schools,False
P.S. 175 The Lynn Gross Discovery School,Queens,QUEENS,4.0,New York,40.73093334,-73.85316308,1.0,Public Schools,False
Brooklyn Technical High School,Brooklyn,BROOKLYN,3.0,New York,40.68882691,-73.97690452,1.0,School,False
P.S. 222 Katherine R. Snyder,Brooklyn,BROOKLYN,3.0,New York,40.61330951,-73.93887097,1.0,Public Schools,False
Warner Media,Manhattan,MANHATTAN,1.0,New York,40.75371004,-73.99977983,30.0,Businesses & Commercial Spaces,False
I.S. 068 Isaac Bildersee,Brooklyn,BROOKLYN,3.0,New York,40.6355458,-73.91079064,1.0,Public Schools,False
"Anchin, Block & Anchin LLP",Manhattan,MANHATTAN,1.0,New York,40.7523205,-73.98746128,1.0,Businesses & Commercial Spaces,False
Townsend Harris High School,Queens,QUEENS,4.0,New York,40.73438791,-73.82143097,1.0,School,False
ReStart @ Seton Residence I - requests appointment,Bronx,BRONX,2.0,New York,40.82914952,-73.86478691,1.0,School,False
P226M @ P.S. 185 (M208),Manhattan,MANHATTAN,1.0,New York,40.79786761,-73.94969872,1.0,Public Schools,False
P811X - Bronx CMHC,Bronx,BRONX,2.0,New York,40.83058215,-73.8875856,1.0,Public Schools,False
Bushwick Ascend Charter Middle School,Brooklyn,BROOKLYN,3.0,New York,40.68113892,-73.90681751,1.0,School,False
Success Academy Charter School - Hudson Yards,Manhattan,MANHATTAN,1.0,New York,40.75902931,-73.99605463,1.0,School,False
P.S. 091 Richard Arkwright,Queens,QUEENS,4.0,New York,40.70387794,-73.88416095,1.0,Public Schools,False
Wadleigh Secondary School for the Performing & Visual Arts,Manhattan,MANHATTAN,1.0,New York,40.80220068,-73.95414182,1.0,School,False
P.S. 101 The Verrazano,Brooklyn,BROOKLYN,3.0,New York,40.59712579,-73.99161355,1.0,Public Schools,False
Morgan Stanley - 1221 A of A - Floor: 4,Manhattan,MANHATTAN,1.0,New York,40.75909387,-73.98213574,1.0,Businesses & Commercial Spaces,False
Taconic Mgmt Company LLC,Manhattan,MANHATTAN,1.0,New York,40.77566742,-73.98750381,1.0,Businesses & Commercial Spaces,False
PROGRESS High School for Professional Careers,Brooklyn,BROOKLYN,3.0,New York,40.71217688,-73.93972141,1.0,School,False
Choice Charter School,Bronx,BRONX,2.0,New York,40.80869382,-73.92190052,1.0,School,False
Bronx Charter School for Excellence Middle School [Grades 5-8],Bronx,BRONX,2.0,New York,40.83416561,-73.85913198,1.0,School,False
"Colonnade Management, Inc",Manhattan,MANHATTAN,1.0,New York,40.71155288,-74.00846944,1.0,Businesses & Commercial Spaces,False
Bohemian Benevolent & Literary Association,Manhattan,MANHATTAN,1.0,New York,40.76919072,-73.95716834,1.0,Businesses & Commercial Spaces,False
I.S. 061 Leonardo Da Vinci,Queens,QUEENS,4.0,New York,40.74266054,-73.86330668,1.0,Public Schools,False
"SoulCycle, Inc",Manhattan,MANHATTAN,1.0,New York,40.75384154,-73.97382113,1.0,Health Clubs & Gyms,False
Rosetta Gaston Senior Centers,Brooklyn,BROOKLYN,3.0,New York,40.66513304,-73.90222251,1.0,Senior Centers,False
Williamsburg Charter High School,Brooklyn,BROOKLYN,3.0,New York,40.70368802,-73.93596737,1.0,School,False
Eisner Amper LLP,Manhattan,MANHATTAN,1.0,New York,40.75371493,-73.97230885,1.0,Businesses & Commercial Spaces,False
P.S. 116 Mary Lindley Murray,Manhattan,MANHATTAN,1.0,New York,40.74483139,-73.97811566,1.0,Public Schools,False
"Everest Global Services, Inc. - New York",Manhattan,MANHATTAN,1.0,New York,40.75227857,-73.98174777,6.0,Businesses & Commercial Spaces,False
P.S. 100 Glen Morris,Queens,QUEENS,4.0,New York,40.67997648,-73.82207838,1.0,Public Schools,False
Clara Barton High School,Brooklyn,BROOKLYN,3.0,New York,40.66956009,-73.96196208,1.0,School,False
SNCL Rail & Transit Inc,Manhattan,MANHATTAN,1.0,New York,40.75187224,-73.98109099,1.0,Health Clubs & Gyms,False
John Jay School for Law,Brooklyn,BROOKLYN,3.0,New York,40.66962217,-73.97928676,1.0,School,False
BNP Paribas-Corporate,Manhattan,MANHATTAN,1.0,New York,40.76194849,-73.9826223,6.0,Businesses & Commercial Spaces,False
P.S. 309 The George E. Wibecan Preparatory Academy,Brooklyn,BROOKLYN,3.0,New York,40.68841209,-73.92483286,1.0,Public Schools,False
"Science, Technology and Research Early College High School at Erasmus",Brooklyn,BROOKLYN,3.0,New York,40.64978002,-73.95854985,1.0,Public Schools,False
CSI High School for International Studies,Staten Island,STATEN ISLAND,5.0,New York,40.5813078,-74.15858839,1.0,School,False
Jack and Pearl Resnick Campus,Bronx,BRONX,2.0,New York,40.85117554,-73.84482139,1.0,School,False
Hawkins Delafield & Wood LLP,Manhattan,MANHATTAN,1.0,New York,40.70903575,-74.01062607,1.0,Businesses & Commercial Spaces,False
"Cravath, Swaine & Moore, LLP",Manhattan,MANHATTAN,1.0,New York,40.76206701,-73.98627542,1.0,Businesses & Commercial Spaces,False
Brooklyn Collegiate: A College Board School,Brooklyn,BROOKLYN,3.0,New York,40.6740954,-73.91327323,1.0,School,False
The Heritage at Trump Place,Manhattan,MANHATTAN,1.0,New York,40.78047072,-73.9873368,1.0,Businesses & Commercial Spaces,False
"Goetz Fitzpatrick, LLP",Manhattan,MANHATTAN,1.0,New York,40.75109132,-73.9929259,1.0,Businesses & Commercial Spaces,False
"JFK Airport, Terminal 1",Queens,QUEENS,4.0,New York,40.64831283,-73.7882815,25.0,Ferries & Other Transportation,False
John Adams High School,Queens,QUEENS,4.0,New York,40.6796313,-73.83729753,1.0,Public Schools,False
Amazon.com Services LLC - JFK8,Staten Island,STATEN ISLAND,5.0,New York,40.61593604,-74.17910099,26.0,Businesses & Commercial Spaces,False
"Nixon Peabody, LLP - New York, NY",Manhattan,MANHATTAN,1.0,New York,40.75675785,-73.9807503,3.0,Businesses & Commercial Spaces,False
Rose Hill Pre-K Center at 2512 Marion Avenue (X444),Bronx,BRONX,2.0,New York,40.86130937,-73.8932347,1.0,Public Schools,False
P.S. 101 School in the Gardens,Queens,QUEENS,4.0,New York,40.71557783,-73.84389739,1.0,Public Schools,False
Girl Scouts of the USA,Manhattan,MANHATTAN,1.0,New York,40.75080205,-73.98284538,1.0,Businesses & Commercial Spaces,False
Paradise Baptist Church,Manhattan,MANHATTAN,1.0,New York,40.83592941,-73.94468271,1.0,Houses of Worship,False
P.S. K225 - The Eileen E. Zaglin,Brooklyn,BROOKLYN,3.0,New York,40.57972954,-73.95632913,1.0,Public Schools,False
The Maxine Greene HS for Imaginative Inquiry,Manhattan,MANHATTAN,1.0,New York,40.77434411,-73.98475286,1.0,School,False
New Dawn Charter High School II,Queens,QUEENS,4.0,New York,40.70606726,-73.79977617,1.0,School,False
P.S. 161 Juan Ponce De Leon School,Bronx,BRONX,2.0,New York,40.81490934,-73.90551678,1.0,Public Schools,False
Sentinel Real Estate Corp.,Manhattan,MANHATTAN,1.0,New York,40.75963708,-73.98062674,1.0,Businesses & Commercial Spaces,False
"Ballard Spahr - New York, NY",Manhattan,MANHATTAN,1.0,New York,40.76295588,-73.98307327,1.0,Businesses & Commercial Spaces,False
Notre Dame School,Manhattan,MANHATTAN,1.0,New York,40.73964305,-74.00438446,1.0,School,False
Brooklyn Secondary School for Collaborative Studies,Brooklyn,BROOKLYN,3.0,New York,40.68006241,-74.00137725,1.0,School,False
"Maxwell-Kates, Inc.",Manhattan,MANHATTAN,1.0,New York,40.76502078,-73.96319251,1.0,Businesses & Commercial Spaces,False
Broadhurst Theater,Manhattan,MANHATTAN,1.0,New York,40.75801864,-73.98762264,1.0,Performance Venues,False
I.S. 136 Charles O. Dewey,Brooklyn,BROOKLYN,3.0,New York,40.65196942,-74.00686174,1.0,Public Schools,False
Irwin Altman Middle School 172,Queens,QUEENS,4.0,New York,40.74193551,-73.71296409,1.0,School,False
Reebok Sports Club/NY,Manhattan,MANHATTAN,1.0,New York,40.77431886,-73.98105571,2.0,Health Clubs & Gyms,False
P.S. 375 Jackie Robinson School,Brooklyn,BROOKLYN,3.0,New York,40.66501372,-73.95903417,1.0,Public Schools,False
Morgan Stanley - 750 7th Avenue - Floor: 33,Manhattan,MANHATTAN,1.0,New York,40.76074642,-73.98352505,1.0,Businesses & Commercial Spaces,False
"Time, Inc.",Manhattan,MANHATTAN,1.0,New York,40.76028202,-73.98015728,1.0,Businesses & Commercial Spaces,False
Viking Global,Manhattan,MANHATTAN,1.0,New York,40.76013593,-73.97686165,1.0,Businesses & Commercial Spaces,False
P.S. 74 Future Leaders Elementary School,Staten Island,STATEN ISLAND,5.0,New York,40.6390797,-74.07992156,1.0,Public Schools,False
P.S. 333 Manhattan School for Children,Manhattan,MANHATTAN,1.0,New York,40.79170197,-73.97080146,1.0,Public Schools,False
Neighborhood School,Manhattan,MANHATTAN,1.0,New York,40.7241097,-73.98638067,1.0,School,False
Macy's - Macy's #112 W 34th,Manhattan,MANHATTAN,1.0,New York,40.75005618,-73.98845424,3.0,Businesses & Commercial Spaces,False
Success Academy Ozone Park Middle School,Queens,QUEENS,4.0,New York,40.68379525,-73.81392673,1.0,School,False
Soho House New York,Manhattan,MANHATTAN,1.0,New York,40.74036212,-74.0057991,1.0,Businesses & Commercial Spaces,False
Jack and Pearl Resnick Campus,Bronx,BRONX,2.0,New York,40.85117554,-73.84482139,1.0,School,False
P.S. 072 Dr. William Dorney,Bronx,BRONX,2.0,New York,40.82259673,-73.81824503,1.0,Public Schools,False
P.S. 092 Mary McLeod Bethune,Manhattan,MANHATTAN,1.0,New York,40.8150092,-73.94512285,1.0,Public Schools,False
Rockefeller University,Manhattan,MANHATTAN,1.0,New York,40.76312728,-73.95645028,1.0,Colleges & Universities,False
P.S. 052 Queens,Queens,QUEENS,4.0,New York,40.66111385,-73.76673349,1.0,Public Schools,False
CAB Heights Senior Centers,Bronx,BRONX,2.0,New York,40.85197755,-73.91680334,1.0,Senior Centers,False
Pathways to Graduation @ St. George Referral Center/Hub,Staten Island,STATEN ISLAND,5.0,New York,40.63893879,-74.07727308,1.0,School,False
Vornado Office Management - 731 Lexington,Manhattan,MANHATTAN,1.0,New York,40.76187959,-73.96842127,1.0,Businesses & Commercial Spaces,False
Fordham University Bronx Location,Bronx,BRONX,2.0,New York,40.86072673616,-73.88953366191,1.0,Colleges & Universities,False
Fordham University Bronx Location,Bronx,BRONX,2.0,New York,40.86072673616,-73.88953366191,1.0,Colleges & Universities,False
P.S. 044 Thomas C. Brown,Staten Island,STATEN ISLAND,5.0,New York,40.63178197,-74.15643905,1.0,Public Schools,False
Food and Finance High School,Manhattan,MANHATTAN,1.0,New York,40.76522684,-73.99307601,1.0,School,False
Wilson Sonsini Goodrich & Rosati - Wilson Sonsini - New York City,Manhattan,MANHATTAN,1.0,New York,40.76123707,-73.9794567,2.0,Businesses & Commercial Spaces,False
Concourse Village Elementary School,Bronx,BRONX,2.0,New York,40.82316782,-73.92332512,1.0,School,False
475 Park Avenue Corporaton,Manhattan,MANHATTAN,1.0,New York,40.76212439,-73.97035964,1.0,Businesses & Commercial Spaces,False
Korean American Senior Centers of Flushing,Queens,QUEENS,4.0,New York,40.75938268,-73.80033362,1.0,Senior Centers,False
The Richmond Pre-K Center at 1 Teleport Drive (R068),Staten Island,STATEN ISLAND,5.0,New York,40.60426617,-74.17846815,1.0,Public Schools,False
I.S. 313 School of Leadership Development,Bronx,BRONX,2.0,New York,40.8408383,-73.90477144,1.0,School,False
Macklowe Management Company,Manhattan,MANHATTAN,1.0,New York,40.76494511,-73.97871911,1.0,Businesses & Commercial Spaces,False
8 E 96Th St Inc,Manhattan,MANHATTAN,1.0,New York,40.78771162,-73.95533994,1.0,Businesses & Commercial Spaces,False
Brown Harris Stevens - 201 East 80th,Manhattan,MANHATTAN,1.0,New York,40.77482543,-73.95645343,1.0,Businesses & Commercial Spaces,False
KOLPING SOCIETY,Manhattan,MANHATTAN,1.0,New York,40.78049784,-73.95390768,1.0,Businesses & Commercial Spaces,False
Bank of China NY Branch,Manhattan,MANHATTAN,1.0,New York,40.75312173,-73.98536049,1.0,Businesses & Commercial Spaces,False
Katsky Korins Llp,Manhattan,MANHATTAN,1.0,New York,40.74906882,-73.97568171,1.0,Businesses & Commercial Spaces,False
Harlem Prep Charter - High School,Manhattan,MANHATTAN,1.0,New York,40.80163976,-73.93501674,1.0,School,False
P.S. 160 William T. Sampson - Annex,Brooklyn,BROOKLYN,3.0,New York,40.63731523,-73.99921453,1.0,Public Schools,False
The Children's Workshop School,Manhattan,MANHATTAN,1.0,New York,40.7278853,-73.97852534,1.0,School,False
J.H.S. 217 Robert A. Van Wyck,Queens,QUEENS,4.0,New York,40.71002204,-73.81250782,1.0,Public Schools,False
American Museum of Natural History,Manhattan,MANHATTAN,1.0,New York,40.78130521,-73.972254,1.0,Museums,False
Macy's Inc. - 71022 Parkchester,Bronx,BRONX,2.0,New York,40.83632521735,-73.86097407983,1.0,Businesses & Commercial Spaces,False
Humanities Preparatory Academy,Manhattan,MANHATTAN,1.0,New York,40.74285998,-74.0021364,1.0,School,False
The Stahl Organization,Manhattan,MANHATTAN,1.0,New York,40.77578478,-73.96038833,1.0,Businesses & Commercial Spaces,False
British International School,Manhattan,MANHATTAN,1.0,New York,40.73725228,-73.97415965,2.0,School,False
J.H.S. 227 Edward B. Shallow,Brooklyn,BROOKLYN,3.0,New York,40.62190317,-73.99502173,1.0,Public Schools,False
P.S. 091 Bronx,Bronx,BRONX,2.0,New York,40.85809706,-73.90797128,1.0,Public Schools,False
Orsid Realty @ 200 RSB,Manhattan,MANHATTAN,1.0,New York,40.77911764,-73.98818198,1.0,Businesses & Commercial Spaces,False
Lincoln Center Theater,Manhattan,MANHATTAN,1.0,New York,40.7738692,-73.98423306,1.0,Performance Venues,False
J.H.S. 194 William Carr,Queens,QUEENS,4.0,New York,40.78364272,-73.8078365,1.0,Public Schools,False
Morgan Stanley - 750 7th Avenue - Floor: Building,Manhattan,MANHATTAN,1.0,New York,40.76074642,-73.98352505,1.0,Businesses & Commercial Spaces,False
Morgan Stanley - E52,Manhattan,MANHATTAN,1.0,New York,40.75882057,-73.97397799,1.0,Businesses & Commercial Spaces,False
P.S. 396 Bronx,Bronx,BRONX,2.0,New York,40.85469491,-73.91319589,1.0,Public Schools,False
Hearst Corporation,Manhattan,MANHATTAN,1.0,New York,40.76643902,-73.98332508,1.0,Businesses & Commercial Spaces,False
"Cravath, Swaine & Moore, LLP",Manhattan,MANHATTAN,1.0,New York,40.76206701,-73.98627542,1.0,Businesses & Commercial Spaces,False
The School of Integrated Learning,Brooklyn,BROOKLYN,3.0,New York,40.67270553,-73.93692371,1.0,School,False
Columbia University,Manhattan,MANHATTAN,1.0,New York,40.8072704,-73.96212871,1.0,Colleges & Universities,False
Mitchell Senior Citizen Center,Bronx,BRONX,2.0,New York,40.80986703,-73.92793191,1.0,Senior Centers,False
Elmhurst Jackson Heights Senior Centers,Queens,QUEENS,4.0,New York,40.74616431,-73.89020796,1.0,Senior Centers,False
P.S. 034 Oliver H. Perry,Brooklyn,BROOKLYN,3.0,New York,40.72612784,-73.94964845,1.0,Public Schools,False
I.S. 5 - The Walter Crowley Intermediate School,Queens,QUEENS,4.0,New York,40.73791083,-73.88740696,1.0,School,False
I.S. 181 Pablo Casals,Bronx,BRONX,2.0,New York,40.87528646,-73.83388795,1.0,Public Schools,False
The Third Commonwealth Corp.,Manhattan,MANHATTAN,1.0,New York,40.78424753,-73.954797,2.0,Businesses & Commercial Spaces,False
P.S. 290 Manhattan New School,Manhattan,MANHATTAN,1.0,New York,40.77507114,-73.95309547,1.0,Public Schools,False
Mutual of America,Manhattan,MANHATTAN,1.0,New York,40.75744266,-73.97379805,1.0,Businesses & Commercial Spaces,False
Medgar Evers College Preparatory School,Brooklyn,BROOKLYN,3.0,New York,40.66718725,-73.95116742,1.0,School,False
Hebrew Language Academy Charter School II (NEW),Brooklyn,BROOKLYN,3.0,New York,40.59583601,-73.99700052,1.0,School,False
Wildlife Conservation Society,Queens,QUEENS,4.0,New York,40.74378034,-73.84798484,1.0,Zoos & Aquariums,False
Central Queens Middle Academy Charter School,Queens,QUEENS,4.0,New York,40.73685773,-73.87501006,1.0,School,False
I.S. 303 Herbert S. Eisenberg,Brooklyn,BROOKLYN,3.0,New York,40.58249322,-73.97312173,1.0,Public Schools,False
P.S. 153 Adam Clayton Powell,Manhattan,MANHATTAN,1.0,New York,40.82628816,-73.9468443,1.0,Public Schools,False
Muscota,Manhattan,MANHATTAN,1.0,New York,40.86669974,-73.92394722,1.0,Businesses & Commercial Spaces,False
Friends Seminary,Manhattan,MANHATTAN,1.0,New York,40.73441897,-73.98577597,1.0,School,False
P.S. 033 Chelsea Prep,Manhattan,MANHATTAN,1.0,New York,40.74896984,-73.99953081,1.0,Public Schools,False
P.S. 345 Patrolman Robert Bolden,Brooklyn,BROOKLYN,3.0,New York,40.67612159,-73.8803374,1.0,Public Schools,False
Department of Citywide Administrative Services,Queens,QUEENS,4.0,New York,40.71234936,-73.82629134,1.0,Government Buildings & Services,False
P.S./I.S. 323 Brooklyn,Brooklyn,BROOKLYN,3.0,New York,40.66653721,-73.91090403,1.0,Public Schools,False
Columbia University - Irving Cancer Research Center,Manhattan,MANHATTAN,1.0,New York,40.83994249,-73.9397606,1.0,Colleges & Universities,False
Coney Island Preparatory Public Charter School Upper Elementary School,Brooklyn,BROOKLYN,3.0,New York,40.59084533,-73.9873693,1.0,School,False
JASA Bartow Senior Centers,Brooklyn,BRONX,2.0,New York,40.86941384,-73.82902511,1.0,Senior Centers,True
Elm Tree Elementary School,Queens,QUEENS,4.0,New York,40.7421592,-73.86410886,1.0,School,False
DLA Piper US LLP,Manhattan,MANHATTAN,1.0,New York,40.75963708,-73.98062674,7.0,Businesses & Commercial Spaces,False
"Pershing Square Capital Management, L.P.",Manhattan,MANHATTAN,1.0,New York,40.76500854,-73.98041579,1.0,Businesses & Commercial Spaces,False
District 27 Pre-K Center at 100-02 Rockaway Blvd (Q468),Queens,QUEENS,4.0,New York,40.67993069,-73.83939873,1.0,Public Schools,False
Morgan Stanley - ISG - New York Metro - 750 7th Ave - Floor: 29,Manhattan,MANHATTAN,1.0,New York,40.76074642,-73.98352505,1.0,Businesses & Commercial Spaces,False
"HUgh O'Kane Electric Company, Inc.",Manhattan,MANHATTAN,1.0,New York,40.71745443,-74.0018975,1.0,Businesses & Commercial Spaces,False
Long Island City High School,Queens,QUEENS,4.0,New York,40.76581945,-73.93279916,1.0,School,False
J.H.S. 185 Edward Bleeker,Queens,QUEENS,4.0,New York,40.77524597,-73.81934601,1.0,Public Schools,False
"East Side Elementary School, PS 267",Manhattan,MANHATTAN,1.0,New York,40.76383537,-73.96422199,1.0,School,False
TD Cowen,Manhattan,MANHATTAN,1.0,New York,40.75826818,-73.97105441,1.0,Businesses & Commercial Spaces,False
Time Warner Cable,Manhattan,MANHATTAN,1.0,New York,40.73976572,-73.9853887,1.0,Businesses & Commercial Spaces,False
South Bronx Early College Academy Charter School,Bronx,BRONX,2.0,New York,40.81769688,-73.90416159,1.0,School,False
Epstein Becker Green,Manhattan,MANHATTAN,1.0,New York,40.7550112,-73.97556764,1.0,Businesses & Commercial Spaces,False
P.S. 120 Carlos Tapia,Brooklyn,BROOKLYN,3.0,New York,40.70060145,-73.93833981,1.0,Public Schools,False
PS/IS 102Q,Queens,QUEENS,4.0,New York,40.73350669,-73.87785609,1.0,Public Schools,False
"D.E. Shaw & Co., L.P.",Manhattan,MANHATTAN,1.0,New York,40.75699693,-73.98252614,1.0,Businesses & Commercial Spaces,False
University Heights Secondary School,Bronx,BRONX,2.0,New York,40.81824312,-73.91102892,1.0,School,False
Fort Hamilton High School,Brooklyn,BROOKLYN,3.0,New York,40.62789091,-74.03998467,1.0,School,False
Union Square Academy for Health Sciences,Manhattan,MANHATTAN,1.0,New York,40.7354869,-73.98765932,1.0,School,False
Mott Hall High School,Manhattan,MANHATTAN,1.0,New York,40.8173654,-73.94771131,1.0,School,False
Pratt Institute - Design Center,Brooklyn,BROOKLYN,3.0,New York,40.6900693,-73.96272561,1.0,Colleges & Universities,False
P.S. 106 Parkchester,Bronx,BRONX,2.0,New York,40.83636746,-73.85517371,1.0,Public Schools,False
"Royce and Associates, LLC",Manhattan,MANHATTAN,1.0,New York,40.76331917,-73.97369465,1.0,Businesses & Commercial Spaces,False
I.S. 119 The Glendale,Queens,QUEENS,4.0,New York,40.70439826,-73.87518297,1.0,Public Schools,False
Rose Building,Manhattan,MANHATTAN,1.0,New York,40.76948571,-73.98345068,1.0,Businesses & Commercial Spaces,False
The SEEALL Academy,Brooklyn,BROOKLYN,3.0,New York,40.62702184,-73.98967163,1.0,School,False
Hyde Leadership Charter School - Livonia Avenue,Brooklyn,BROOKLYN,3.0,New York,40.66527608,-73.89043173,1.0,School,False
K2 Intelligence,Manhattan,MANHATTAN,1.0,New York,40.75668147,-73.97012745,1.0,Businesses & Commercial Spaces,False
P.S. 083 Donald Hertz - Annex,Bronx,BRONX,2.0,New York,40.84821522,-73.8585527,1.0,Public Schools,False
The Guggenheim Museum,Manhattan,MANHATTAN,1.0,New York,40.78291804,-73.95939106,1.0,Museums,False
Bard High School Early College Queens,Queens,QUEENS,4.0,New York,40.74508771,-73.93663477,1.0,School,False
Achievement First Endeavor Elementary School,Brooklyn,BROOKLYN,3.0,New York,40.6826374,-73.96576202,1.0,School,False
Satellite Academy High School,Manhattan,MANHATTAN,1.0,New York,40.74761353,-73.99045407,1.0,School,False
P.S. 032 Samuel Mills Sprole,Brooklyn,BROOKLYN,3.0,New York,40.68043817,-73.99194915,1.0,Public Schools,False
Brooklyn High School Of The Arts,Brooklyn,BROOKLYN,3.0,New York,40.68355208,-73.98027034,1.0,School,False
P.S. 186 Castlewood,Queens,QUEENS,4.0,New York,40.749999,-73.72160572,1.0,Public Schools,False
P.S. 109 Sedgwick,Bronx,BRONX,2.0,New York,40.85140788,-73.91853188,1.0,Public Schools,False
American Museum of Natural History,Manhattan,MANHATTAN,1.0,New York,40.78130521,-73.972254,2.0,Museums,False
Bronx Alliance Middle School,Bronx,BRONX,2.0,New York,40.88494632,-73.84052176,1.0,School,False
The Brooklyn Academy of Global Finance,Brooklyn,BROOKLYN,3.0,New York,40.69126663,-73.93369675,1.0,School,False
P.S. 123 Mahalia Jackson,Manhattan,MANHATTAN,1.0,New York,40.81976002,-73.94443245,1.0,Public Schools,False
Jack and Pearl Resnick Campus,Bronx,BRONX,2.0,New York,40.85117554,-73.84482139,1.0,School,False
Brooklyn Laboratory Charter School (Sands Campus),Brooklyn,BROOKLYN,3.0,New York,40.70008487,-73.98752885,1.0,School,False
Tottenville High School,Staten Island,STATEN ISLAND,5.0,New York,40.52808436,-74.19203027,16.0,Public Schools,False
The Museum of Modern Art,Manhattan,MANHATTAN,1.0,New York,40.76099511,-73.97720066,1.0,Museums,False
Fordham University Bronx Location,Bronx,BRONX,2.0,New York,40.86072673616,-73.88953366191,1.0,Colleges & Universities,False
P.S. 066 Jacqueline Kennedy Onassis,Queens,QUEENS,4.0,New York,40.69782822,-73.84655732,1.0,Public Schools,False
John Jay School for Law,Brooklyn,BROOKLYN,3.0,New York,40.66962217,-73.97928676,1.0,School,False
"Robert F. Wagner, Jr. Secondary School for Arts and Technology",Queens,QUEENS,4.0,New York,40.7428316,-73.93678127,1.0,School,False
P.S. 156 Waverly,Brooklyn,BROOKLYN,3.0,New York,40.66595795,-73.91810682,1.0,Public Schools,False
Franklin Delano Roosevelt High School,Brooklyn,BROOKLYN,3.0,New York,40.62043886,-73.98179477,1.0,School,False
Rockefeller University,Manhattan,MANHATTAN,1.0,New York,40.76312728,-73.95645028,1.0,Colleges & Universities,False
Morgan Stanley - CMP073 - 590 Madison - NEW YORK NY 101 - Floor: 23,Manhattan,MANHATTAN,1.0,New York,40.75098522,-73.97848538,1.0,Businesses & Commercial Spaces,False
PAL Senior Centers,Queens,QUEENS,4.0,New York,40.70250608,-73.75659419,1.0,Senior Centers,False
Worldwide Plaza,Manhattan,MANHATTAN,1.0,New York,40.76206701,-73.98627542,1.0,Businesses & Commercial Spaces,False
JLL - 330 Madison Avenue,Manhattan,MANHATTAN,1.0,New York,40.75337598,-73.97887081,1.0,Businesses & Commercial Spaces,False
Transit Tech Career and Technical Education High School,Brooklyn,BROOKLYN,3.0,New York,40.67826884,-73.87596033,1.0,Public Schools,False
River Terrace Apartments C/O Garthchester Realty,Bronx,BRONX,2.0,New York,40.88198874,-73.92116314,1.0,Businesses & Commercial Spaces,False
P025R @ P.S. 003 Annex (R826),Staten Island,STATEN ISLAND,5.0,New York,40.50907658,-74.22092791,1.0,Public Schools,False
"Time, Inc.",Manhattan,MANHATTAN,1.0,New York,40.76028202,-73.98015728,1.0,Businesses & Commercial Spaces,False
47 American Sign Language & English Lower School,Manhattan,MANHATTAN,1.0,New York,40.73852741,-73.98242274,2.0,Public Schools,False
"Nederlander Producing Company of America, Inc. - Alvin Nederlander Associates",Manhattan,MANHATTAN,1.0,New York,40.76301914,-73.98399016,2.0,Performance Venues,False
Tishman Speyer [11 West 42nd Street],Manhattan,MANHATTAN,1.0,New York,40.75378267,-73.98159937,1.0,Businesses & Commercial Spaces,False
Morgan Stanley - 1585 Broadway,Manhattan,MANHATTAN,1.0,New York,40.76020869,-73.98533366,1.0,Businesses & Commercial Spaces,False
P.S. 002 Alfred Zimberg,Queens,QUEENS,4.0,New York,40.76984747,-73.89458411,1.0,Public Schools,False
P.S. 226 Bronx,Bronx,BRONX,2.0,New York,40.8565663,-73.9162011,1.0,Public Schools,False
P.S. 132 Garret A. Morgan,Bronx,BRONX,2.0,New York,40.83182059,-73.90660567,1.0,Public Schools,False
Friends Seminary,Manhattan,MANHATTAN,1.0,New York,40.73441897,-73.98577597,1.0,School,False
P.S. 020 John Bowne,Queens,QUEENS,4.0,New York,40.7586816,-73.82483086,1.0,Public Schools,False
P.S. 052 John C. Thompson,Staten Island,STATEN ISLAND,5.0,New York,40.58273664,-74.08850853,1.0,Public Schools,False
Con Edison - 110th Street - New York,Manhattan,MANHATTAN,1.0,New York,40.79256997,-73.93792204,1.0,Businesses & Commercial Spaces,False
South Brooklyn Community High School,Brooklyn,BROOKLYN,3.0,New York,40.67796177,-74.01436337,1.0,School,False
Liberty Mutual Insurance - NY - Ironshore,Manhattan,MANHATTAN,1.0,New York,40.77258322,-73.96526068,2.0,Businesses & Commercial Spaces,False
"Highpoint-on-Hudson Owners, Inc",Manhattan,BRONX,2.0,New York,40.88304477,-73.92016375,1.0,Businesses & Commercial Spaces,True
Ralph R. McKee Career and Technical Education High School,Staten Island,STATEN ISLAND,5.0,New York,40.6425658,-74.07959065,1.0,Public Schools,False
P.S. 236 Mill Basin,Brooklyn,BROOKLYN,3.0,New York,40.61599089,-73.91298882,1.0,Public Schools,False
P.S. 219 Paul Klapper,Queens,QUEENS,4.0,New York,40.73526982,-73.82374879,1.0,Public Schools,False
NYC Department of Design & Construction,Queens,QUEENS,4.0,New York,40.74503532,-73.93619092,1.0,Government Buildings & Services,False
P.S. 146 Edward Collins,Bronx,BRONX,2.0,New York,40.82501875,-73.90614192,1.0,Public Schools,False
P.S. 340 Annex,Bronx,BRONX,2.0,New York,40.86939232,-73.89591897,1.0,Public Schools,False
Friedman Kaplan Seiler & Adelman LLP,Manhattan,MANHATTAN,1.0,New York,40.75590782,-73.98668095,1.0,Businesses & Commercial Spaces,False
RXR Realty,Manhattan,MANHATTAN,1.0,New York,40.7509267,-74.00595522,1.0,Businesses & Commercial Spaces,False
24 Hour Fitness,Bronx,BRONX,2.0,New York,40.86274274,-73.89692363,1.0,Health Clubs & Gyms,False
P.S. 012 James B. Colgate,Queens,QUEENS,4.0,New York,40.74262602,-73.89280491,1.0,Public Schools,False
District 20 Pre-K Center at 21 Bay 11th Street (K747),Brooklyn,BROOKLYN,3.0,New York,40.60996863,-74.00860777,1.0,Public Schools,False
"Bailey House, Inc",Manhattan,MANHATTAN,1.0,New York,40.73242672,-74.00992261,1.0,Health & Social Services,False
I.S. 204 Oliver W. Holmes,Queens,QUEENS,4.0,New York,40.7570581,-73.93266365,1.0,Public Schools,False
P.S. 145 Andrew Jackson,Brooklyn,BROOKLYN,3.0,New York,40.70161367,-73.9324097,1.0,Public Schools,False
Hughes Hubbard & Reed LLP,Manhattan,MANHATTAN,1.0,New York,40.70321093,-74.01441211,1.0,Businesses & Commercial Spaces,False
August Martin High School,Queens,QUEENS,4.0,New York,40.6756252,-73.78334193,1.0,School,False
Brooklyn High School for Law and Technology,Brooklyn,BROOKLYN,3.0,New York,40.6888239,-73.92090562,1.0,School,False
The New York Times,Manhattan,MANHATTAN,1.0,New York,40.75603172,-73.99065138,1.0,Businesses & Commercial Spaces,False
The Museum of Modern Art,Queens,QUEENS,4.0,New York,40.74396236,-73.93183607,1.0,Museums,False
"SoulCycle, Inc",Manhattan,MANHATTAN,1.0,New York,40.75789406,-73.9679467,1.0,Health Clubs & Gyms,False
200 Park LP,Manhattan,MANHATTAN,1.0,New York,40.75415504,-73.97655693,1.0,Businesses & Commercial Spaces,False
Artisan Partners - New York - Avenue of the Americas,Manhattan,MANHATTAN,1.0,New York,40.76209606,-73.97880305,2.0,Businesses & Commercial Spaces,False
Thomas Dubinski,Manhattan,MANHATTAN,1.0,New York,40.86360304,-73.92717569,1.0,Businesses & Commercial Spaces,False
Lower East Side Preparatory High School,Manhattan,MANHATTAN,1.0,New York,40.72057435,-73.98564545,1.0,School,False
"TIG Advisors - New York, NY ( 26th Floor )",Manhattan,MANHATTAN,1.0,New York,40.76009981,-73.97476802,2.0,Businesses & Commercial Spaces,False
"The Empire State Building Company, LLC",Manhattan,MANHATTAN,1.0,New York,40.7482689007,-73.98469027358,1.0,Businesses & Commercial Spaces,False
St Vincents Catholic Medical Center,Staten Island,STATEN ISLAND,5.0,New York,40.62112933,-74.07510188,1.0,Health & Social Services,False
HSBC,Brooklyn,BROOKLYN,3.0,New York,40.68508594,-73.9777279,3.0,Businesses & Commercial Spaces,False
Allen & Company,Manhattan,MANHATTAN,1.0,New York,40.76193878,-73.97469873,1.0,Businesses & Commercial Spaces,False
Haug Partners LLP,Manhattan,MANHATTAN,1.0,New York,40.76331917,-73.97369465,1.0,Businesses & Commercial Spaces,False
1000 Park Owners Corp. [Brown Harris],Manhattan,MANHATTAN,1.0,New York,40.77905294,-73.95803217,1.0,Businesses & Commercial Spaces,False
"Mutual Redevelopment Houses, Inc",Manhattan,MANHATTAN,1.0,New York,40.74891768,-73.99954525,1.0,Businesses & Commercial Spaces,False
Spruce Street School,Manhattan,MANHATTAN,1.0,New York,40.71112489,-74.00527713,1.0,School,False
Urban Dove Team Charter School II,Bronx,BRONX,2.0,New York,40.81550037,-73.90330855,1.0,School,False
New York City Office of Management & Budget,Manhattan,MANHATTAN,1.0,New York,40.71444286,-74.01147464,1.0,Government Buildings & Services,False
Greenhill & Co.,Manhattan,MANHATTAN,1.0,New York,40.76028202,-73.98015728,1.0,Businesses & Commercial Spaces,False
Maspeth High School,Queens,QUEENS,4.0,New York,40.72993187,-73.88748183,1.0,School,False
P.S. 124 Yung Wing,Manhattan,MANHATTAN,1.0,New York,40.71417436,-73.99545128,1.0,Public Schools,False
High School Of Computers And Technology,Bronx,BRONX,2.0,New York,40.87594666,-73.8619685,1.0,School,False
P.S. X037 - Multiple Intelligence School,Bronx,BRONX,2.0,New York,40.88025722,-73.91046464,1.0,Public Schools,False
Neighborhood Charter School Bronx,Bronx,BRONX,2.0,New York,40.80904633,-73.90861734,1.0,School,False
CSX Transportation - CSX-New York-Bronx-Yard Office,Bronx,BRONX,2.0,New York,40.81511084,-73.89422673,2.0,Businesses & Commercial Spaces,False
P.S. 270 Johann DeKalb,Brooklyn,BROOKLYN,3.0,New York,40.69019515,-73.96147788,1.0,Public Schools,False
P.S. 226 Alfred De B.Mason,Brooklyn,BROOKLYN,3.0,New York,40.61524473,-73.97635017,1.0,Public Schools,False
Kingsbridge International High School,Bronx,BRONX,2.0,New York,40.87028649,-73.89830757,1.0,School,False
P.S. 022 Graniteville,Staten Island,STATEN ISLAND,5.0,New York,40.62536101,-74.15096989,1.0,Public Schools,False
Staten Island Technical High School,Staten Island,STATEN ISLAND,5.0,New York,40.56786613,-74.11537192,1.0,School,False
P.S. 054 Charles W. Leng,Staten Island,STATEN ISLAND,5.0,New York,40.60322421,-74.13798047,1.0,Public Schools,False
Innovatix,Manhattan,MANHATTAN,1.0,New York,40.77000254,-73.99065664,3.0,Businesses & Commercial Spaces,False
RAIN Gunhill Senior Centers,Bronx,BRONX,2.0,New York,40.87611192,-73.86475974,1.0,Senior Centers,False
P.S. 112 Bronxwood,Bronx,BRONX,2.0,New York,40.88500214,-73.84319064,1.0,Public Schools,False
Beacon High School,Manhattan,MANHATTAN,1.0,New York,40.76151606,-73.99596785,1.0,School,False
West Brooklyn Community High School,Brooklyn,BROOKLYN,3.0,New York,40.64282654,-73.99294823,1.0,Public Schools,False
ALC Battery Park,Manhattan,MANHATTAN,1.0,New York,40.70644172,-74.01276089,1.0,School,False
High School for Environmental Studies,Manhattan,MANHATTAN,1.0,New York,40.76778448,-73.98753056,1.0,School,False
Haddad Brands,Manhattan,MANHATTAN,1.0,New York,40.74929316,-73.98867453,1.0,Businesses & Commercial Spaces,False
Morgan Stanley - 1 NY Plaza,Manhattan,MANHATTAN,1.0,New York,40.70253319,-74.01256178,1.0,Businesses & Commercial Spaces,False
IHG,Manhattan,MANHATTAN,1.0,New York,40.75554333,-73.97397927,2.0,Businesses & Commercial Spaces,False
P.S. 229 Emanuel Kaplan,Queens,QUEENS,4.0,New York,40.73428627,-73.89755611,1.0,Public Schools,False
Ethical Culture Fieldston School,Manhattan,MANHATTAN,1.0,New York,40.77073128,-73.97997003,1.0,School,False
P.S. 089 Bronx,Bronx,BRONX,2.0,New York,40.862849,-73.859239,2.0,Public Schools,False
East New York Family Academy,Brooklyn,BROOKLYN,3.0,New York,40.66131134,-73.88630046,1.0,School,False
Williamsbridge Oval Recreation Center,Bronx,BRONX,2.0,New York,40.87634726,-73.87890169,1.0,Parks & Recreation,False
The Michael J. Petrides School,Staten Island,STATEN ISLAND,5.0,New York,40.60874845,-74.10234414,1.0,School,False
Edge Fund Advisors,Manhattan,MANHATTAN,1.0,New York,40.75783992,-73.98500932,1.0,Businesses & Commercial Spaces,False
P.S. 015 Jackie Robinson,Queens,QUEENS,4.0,New York,40.68603914,-73.75742255,1.0,Public Schools,False
David Geffen Hall,Manhattan,MANHATTAN,1.0,New York,40.77245264,-73.9824318,1.0,Performance Venues,False
"Cravath, Swaine & Moore, LLP",Manhattan,MANHATTAN,1.0,New York,40.76206701,-73.98627542,1.0,Businesses & Commercial Spaces,False
Harlem Renaissance High School,Manhattan,MANHATTAN,1.0,New York,40.80798012,-73.94006056,1.0,School,False
Aviation Career & Technical Education High School,Queens,QUEENS,4.0,New York,40.74350231,-73.9290758,1.0,School,False
High School for Dual Language and Asian Studies,Manhattan,MANHATTAN,1.0,New York,40.71734144,-73.98959626,1.0,School,False
Opportunity Charter School,Manhattan,MANHATTAN,1.0,New York,40.80168223,-73.95490792,1.0,School,False
P.S. 070 Max Schoenfeld,Bronx,BRONX,2.0,New York,40.84424684,-73.90761462,1.0,Public Schools,False
Fort Hamilton High School,Brooklyn,BROOKLYN,3.0,New York,40.62789091,-74.03998467,1.0,School,False
SNAP Rosedale Senior Centers,Queens,QUEENS,4.0,New York,40.67371397,-73.73227908,1.0,Senior Centers,False
Conde Nast Building,Manhattan,MANHATTAN,1.0,New York,40.75617401,-73.98624415,1.0,Businesses & Commercial Spaces,False
P.S. 11 Thomas Dongan School,Staten Island,STATEN ISLAND,5.0,New York,40.59062521,-74.0985285,1.0,Public Schools,False
"WIN - Women in Need, Inc. (Powers Family)",Bronx,BRONX,2.0,New York,40.80793747,-73.91215896,1.0,Health & Social Services,False
Validus Preparatory Academy,Bronx,BRONX,2.0,New York,40.83923795,-73.90131511,1.0,School,False
James Monroe Senior Centers,Bronx,BRONX,2.0,New York,40.82323323,-73.8659588,1.0,Senior Centers,False
Wildlife Conservation Society,Manhattan,MANHATTAN,1.0,New York,40.76770452,-73.97051599,1.0,Zoos & Aquariums,False
Wildlife Conservation Society,Bronx,BRONX,2.0,New York,40.85053675,-73.88245508,1.0,Zoos & Aquariums,False
P.S. 165 Ida Posner,Brooklyn,BROOKLYN,3.0,New York,40.65743289,-73.91105319,1.0,Public Schools,False
Bronx International High School,Bronx,BRONX,2.0,New York,40.82763585,-73.90447243,1.0,School,False
Democracy Prep Harlem Charter - Middle School,Manhattan,MANHATTAN,1.0,New York,40.8142517,-73.94521379,1.0,School,False
Brooklyn Technical High School,Brooklyn,BROOKLYN,3.0,New York,40.68882691,-73.97690452,1.0,School,False
Ridgewood Older Adult Center,Queens,QUEENS,4.0,New York,40.70118378,-73.90002355,1.0,Senior Centers,False
Con Edison - 4 Irving Pl,Manhattan,MANHATTAN,1.0,New York,40.73415579,-73.98862659,9.0,Businesses & Commercial Spaces,False
"Cohen & Steers Capital Management, Inc.",Manhattan,MANHATTAN,1.0,New York,40.75601562,-73.97483093,5.0,Businesses & Commercial Spaces,False
P037R - The David Marquis School of the Arts MAIN SITE (R840),Staten Island,STATEN ISLAND,5.0,New York,40.56396289,-74.15088459,1.0,School,False
Success Academy Charter Schools,Manhattan,MANHATTAN,1.0,New York,40.70507813,-74.00587898,2.0,School,False
Brooklyn High School Of The Arts,Brooklyn,BROOKLYN,3.0,New York,40.68355208,-73.98027034,1.0,School,False
"HS Construction Trades, Engineering & Architecture",Queens,QUEENS,4.0,New York,40.68958318,-73.84071678,1.0,Public Schools,False
East River Academy @ GRVC,Queens,BRONX,2.0,New York,40.79457041,-73.88416145,1.0,Private Schools,True
P.S. 131 Abigail Adams,Queens,QUEENS,4.0,New York,40.71660909,-73.79463635,1.0,Public Schools,False
Comcast Enterprise - FreeWheel-NYC,Manhattan,MANHATTAN,1.0,New York,40.7534321,-73.98715067,6.0,Businesses & Commercial Spaces,False
Middle Village Senior Centers,Queens,QUEENS,4.0,New York,40.70927733,-73.87666347,1.0,Senior Centers,False
Warner Media,Manhattan,MANHATTAN,1.0,New York,40.76862486,-73.99336808,1.0,Businesses & Commercial Spaces,False
A. Philip Randolph Senior Centers,Manhattan,MANHATTAN,1.0,New York,40.82133404,-73.9363162,1.0,Senior Centers,False
"Soulcycle, Inc",Manhattan,MANHATTAN,1.0,New York,40.73031066,-74.00793062,2.0,Health Clubs & Gyms,False
P.S. 147 Isaac Remsen,Brooklyn,BROOKLYN,3.0,New York,40.70519677,-73.93940674,1.0,Public Schools,False
P.S. 35 The Clove Valley School,Staten Island,STATEN ISLAND,5.0,New York,40.61371342,-74.09962524,1.0,Public Schools,False
P.S. Q222 - Fire Fighter Christopher A. Santora School,Queens,QUEENS,4.0,New York,40.75016457,-73.88036269,1.0,Public Schools,False
"AECI - The NYC Charter High School for Architecture, Engineering & Construction Industries",Bronx,BRONX,2.0,New York,40.82200879,-73.91087572,4.0,School,False
Intercontinental Exchange,Manhattan,MANHATTAN,1.0,New York,40.75882057,-73.97397799,3.0,Businesses & Commercial Spaces,False
KIPP Elements Macombs (Elementary),Bronx,BRONX,2.0,New York,40.84320064,-73.91785526,1.0,Public Schools,False
"Chubb Insurance - NY- New York, NY (550 Madison)",Manhattan,MANHATTAN,1.0,New York,40.76108209,-73.97325154,11.0,Businesses & Commercial Spaces,False
The Cloisters at Fort Tryon Park,Manhattan,MANHATTAN,1.0,New York,40.86509299,-73.93091242,1.0,Parks & Recreation,False
High School of American Studies at Lehman College,Bronx,BRONX,2.0,New York,40.87393161,-73.8953803,1.0,School,False
P.S. 180 Hugo Newman,Manhattan,MANHATTAN,1.0,New York,40.80783621,-73.95556841,1.0,Public Schools,False
P.S. 033 Timothy Dwight,Bronx,BRONX,2.0,New York,40.86184396,-73.90175865,1.0,Public Schools,False
BFFY Richmond Hill Senior Centers,Queens,QUEENS,4.0,New York,40.69932777,-73.83155833,1.0,Senior Centers,False
"Bailey House, Inc",Manhattan,MANHATTAN,1.0,New York,40.80287243,-73.94060338,1.0,Health & Social Services,False
P721Q - John F. Kennedy Jr. School (Q722),Queens,QUEENS,4.0,New York,40.73599565,-73.86747731,1.0,School,False
Marymount School,Manhattan,MANHATTAN,1.0,New York,40.78686455,-73.95120209,1.0,School,False
"Cravath, Swaine & Moore LLP",Manhattan,MANHATTAN,1.0,New York,40.75216196,-73.9972028,1.0,Businesses & Commercial Spaces,False
M.S. 51 William Alexander,Brooklyn,BROOKLYN,3.0,New York,40.67200813,-73.9839472,1.0,Public Schools,False
P.S. 107 Thomas A Dooley,Queens,QUEENS,4.0,New York,40.75600552,-73.7997049,1.0,Public Schools,False
Max Finkelstein Inc.,Queens,QUEENS,4.0,New York,40.76753007,-73.92087316,2.0,Businesses & Commercial Spaces,False
The River School,Manhattan,MANHATTAN,1.0,New York,40.74427302,-73.97259067,1.0,School,False
Department of Citywide Administrative Services,Manhattan,MANHATTAN,1.0,New York,40.71542054,-74.00267301,1.0,Government Buildings & Services,False
Polsinelli,Manhattan,MANHATTAN,1.0,New York,40.74897277,-73.9757828,1.0,Businesses & Commercial Spaces,False
Jacob K. Javits Convention Center,Manhattan,MANHATTAN,1.0,New York,40.75655629,-74.00380806,1.0,Performance Venues,False
Hope Gardens Senior Centers,Brooklyn,BROOKLYN,3.0,New York,40.69536229,-73.91748636,1.0,Senior Centers,False
York Early College Academy,Queens,QUEENS,4.0,New York,40.6971817,-73.78719168,1.0,School,False
Sheridan Academy For Young Leaders,Bronx,BRONX,2.0,New York,40.83198571,-73.9179595,1.0,School,False
Citigroup,Manhattan,MANHATTAN,1.0,New York,40.72065166,-74.01009762,1.0,Businesses & Commercial Spaces,False
45 Park Avenue Condo,Manhattan,MANHATTAN,1.0,New York,40.74877323,-73.98009215,1.0,Businesses & Commercial Spaces,False
Equinox,Bronx,BRONX,2.0,New York,40.81691117,-73.91737482,1.0,Health Clubs & Gyms,False
Wall Street Plaza,Manhattan,MANHATTAN,1.0,New York,40.70535259,-74.00629017,3.0,Businesses & Commercial Spaces,False
P.S. 235 Janice Marie Knight School ANNEX (K855),Brooklyn,BROOKLYN,3.0,New York,40.64351629,-73.9215577,1.0,Public Schools,False
"Jack Resnick & Sons, Inc.",Manhattan,MANHATTAN,1.0,New York,40.76560446,-73.98232171,1.0,Businesses & Commercial Spaces,False
Houlihan Lokey,Manhattan,MANHATTAN,1.0,New York,40.75481909,-73.97568321,1.0,Businesses & Commercial Spaces,False
The High School of Fashion Industries,Manhattan,MANHATTAN,1.0,New York,40.74514906,-73.9960735,1.0,School,False
"Unicredit Bank AG, New York Branch",Manhattan,MANHATTAN,1.0,New York,40.75118773,-73.97548243,1.0,Businesses & Commercial Spaces,False
Taconic Management,Manhattan,MANHATTAN,1.0,New York,40.74186904,-74.00471301,1.0,Businesses & Commercial Spaces,False
"McDermott, Will, Emery",New York,MANHATTAN,1.0,New York,40.75225544,-73.97546399,1.0,Businesses & Commercial Spaces,True
P037R - Great Kills Campus (R089),Staten Island,STATEN ISLAND,5.0,New York,40.56396289,-74.15088459,1.0,School,False
US Realty Advisors LLC,Manhattan,MANHATTAN,1.0,New York,40.70518201,-74.0115055,1.0,Businesses & Commercial Spaces,False
Great Oaks Charter School,Manhattan,MANHATTAN,1.0,New York,40.73060734,-74.00265197,1.0,School,False
Sunset Park High School,Brooklyn,BROOKLYN,3.0,New York,40.65570241,-74.00519705,1.0,School,False
BOX NYC,Manhattan,MANHATTAN,1.0,New York,40.74279582,-73.98446779,1.0,Businesses & Commercial Spaces,False
Asser Levy Recreation Center,Manhattan,MANHATTAN,1.0,New York,40.7361301,-73.97615915,1.0,Parks & Recreation,False
The Blackstone Group,Manhattan,MANHATTAN,1.0,New York,40.75816441,-73.97324549,1.0,Businesses & Commercial Spaces,False
The Bay Terrace,Queens,QUEENS,4.0,New York,40.77827637,-73.77727282,1.0,Businesses & Commercial Spaces,False
Lighthouse Elementary School,Queens,QUEENS,4.0,New York,40.59377404,-73.76720009,1.0,School,False
Manhattan Valley Senior Centers,Manhattan,MANHATTAN,1.0,New York,40.79991247,-73.96445897,1.0,Senior Centers,False
J.H.S. 098 Herman Ridder,Bronx,BRONX,2.0,New York,40.83589325,-73.89045684,1.0,Public Schools,False
P.S. 046 Alley Pond,Queens,QUEENS,4.0,New York,40.74619377,-73.75875092,1.0,Public Schools,False
Frederick Douglass Academy,Manhattan,MANHATTAN,1.0,New York,40.82431252,-73.93711908,1.0,School,False
Agudath Moriah Senior Centers,Manhattan,MANHATTAN,1.0,New York,40.85301053,-73.93537844,1.0,Senior Centers,False
NYWRRT,Manhattan,BRONX,2.0,New York,40.81419355,-73.81729626,2.0,Businesses & Commercial Spaces,True
"Abramson Brothers, Inc. Realty Investments",Manhattan,MANHATTAN,1.0,New York,40.76418601,-73.98671178,1.0,Businesses & Commercial Spaces,False
P.S. 048 William G. Wilcox,Staten Island,STATEN ISLAND,5.0,New York,40.60347686,-74.09123705,1.0,Public Schools,False
Hyde Leadership Charter School - Brooklyn,Brooklyn,BROOKLYN,3.0,New York,40.66815945,-73.8978347,1.0,School,False
P.S. 019 The Curtis School,Staten Island,STATEN ISLAND,5.0,New York,40.63120349,-74.12706462,1.0,Public Schools,False
Morgan Stanley - 1585 Broadway,Manhattan,MANHATTAN,1.0,New York,40.76020869,-73.98533366,1.0,Businesses & Commercial Spaces,False
"SoulCycle, Inc",Manhattan,MANHATTAN,1.0,New York,40.72175,-73.99873733,2.0,Health Clubs & Gyms,False
JSPOA Theododora Jackson Senior Centers,Queens,QUEENS,4.0,New York,40.70438556,-73.7940574,1.0,Senior Centers,False
Achievement First Bushwick Middle School,Brooklyn,BROOKLYN,3.0,New York,40.69777383,-73.919777,1.0,School,False
P.S. 282 Park Slope,Brooklyn,BROOKLYN,3.0,New York,40.67633278,-73.97736672,1.0,Public Schools,False
PSS Parkside Senior Centers,Bronx,BRONX,2.0,New York,40.86966409,-73.86910452,1.0,Senior Centers,False
Robin Sue Ward School (P177Q),Queens,QUEENS,4.0,New York,40.74390226,-73.78813174,1.0,School,False
Morgan Stanley - ISG - New York Metro - 750 7th Avenue - Floor: 15,Manhattan,MANHATTAN,1.0,New York,40.76074642,-73.98352505,1.0,Businesses & Commercial Spaces,False
Chelsea Career and Technical Education High School,Manhattan,MANHATTAN,1.0,New York,40.72439313,-74.00462518,1.0,School,False
P.S. 005 Dr. Ronald Mcnair,Brooklyn,BROOKLYN,3.0,New York,40.6856795,-73.92253192,1.0,Public Schools,False
P.S. 195 Manhattan Beach,Brooklyn,BROOKLYN,3.0,New York,40.57944411,-73.94381958,1.0,Public Schools,False
The Museum of Modern Art,Manhattan,MANHATTAN,1.0,New York,40.76099511,-73.97720066,1.0,Museums,False
R4 Capital,Manhattan,MANHATTAN,1.0,New York,40.75474952,-73.97155405,1.0,Businesses & Commercial Spaces,False
XTX Markets,Manhattan,MANHATTAN,1.0,New York,40.75245568,-74.00070021,1.0,Businesses & Commercial Spaces,False
Ampark Neighborhood Program,Bronx,BRONX,2.0,New York,40.88289206,-73.89125427,1.0,Businesses & Commercial Spaces,False
Fundation - New York,Manhattan,MANHATTAN,1.0,New York,40.74931739,-73.98458537,1.0,Businesses & Commercial Spaces,False
"JFK Airport, Police Buildings - Fire Tower",Queens,QUEENS,4.0,New York,40.64831283,-73.7882815,7.0,Ferries & Other Transportation,False
P721Q @ Queens College,Queens,QUEENS,4.0,New York,40.73745145,-73.81474339,1.0,School,False
Yankee Stadium,Bronx,BRONX,2.0,New York,40.82891579,-73.92831952,1.0,Stadiums & Arenas,False
District 20 Pre-K Center at 7415 Fort Hamilton Parkway (K780),Brooklyn,BROOKLYN,3.0,New York,40.6261511,-74.01589402,1.0,Public Schools,False
Morgan Stanley - ISG - New York Metro - 1221 A of A - Floor: 3,Manhattan,MANHATTAN,1.0,New York,40.75909387,-73.98213574,1.0,Businesses & Commercial Spaces,False
DOARRIECK KALEY & MACK,Manhattan,MANHATTAN,1.0,New York,40.71155288,-74.00846944,1.0,Businesses & Commercial Spaces,False
Girls Prep Lower East Side Charter Elementary School,Manhattan,MANHATTAN,1.0,New York,40.71959049,-73.97790392,1.0,School,False
Trump Tower Residential,Manhattan,MANHATTAN,1.0,New York,40.76238336,-73.97437368,1.0,Businesses & Commercial Spaces,False
P.S. 030 Hernandez/Hughes,Manhattan,MANHATTAN,1.0,New York,40.80595735,-73.93520034,1.0,Public Schools,False
TD Bank - 444 Madison Avenue,Manhattan,MANHATTAN,1.0,New York,40.75757485,-73.97580493,3.0,Businesses & Commercial Spaces,False
Renaissance Charter School,Queens,QUEENS,4.0,New York,40.75130343,-73.88553269,1.0,School,False
Dominican Academy,Manhattan,MANHATTAN,1.0,New York,40.76902375,-73.96686909,1.0,School,False
Sisulu-Walker Charter School of Harlem,Manhattan,MANHATTAN,1.0,New York,40.81545182,-73.95290794,1.0,School,False
P.S. 068 Bronx,Bronx,BRONX,2.0,New York,40.89172567,-73.83846912,1.0,Public Schools,False
Mark Twain I.S. 239 for the Gifted & Talented,Brooklyn,BROOKLYN,3.0,New York,40.57818129,-73.99202992,1.0,Public Schools,False
P811M The Mickey Mantle School,Manhattan,MANHATTAN,1.0,New York,40.78660411,-73.97951023,1.0,School,False
"Bailey House, Inc",Manhattan,MANHATTAN,1.0,New York,40.80028734,-73.94150506,1.0,Health & Social Services,False
ASME,Manhattan,MANHATTAN,1.0,New York,40.74606997,-73.98209233,1.0,Businesses & Commercial Spaces,False
Manhattan Center for Science and Mathematics,Manhattan,MANHATTAN,1.0,New York,40.79446964,-73.93356468,1.0,Public Schools,False
P.S. 197 John B. Russwurm,Manhattan,MANHATTAN,1.0,New York,40.81317721,-73.93732111,1.0,Public Schools,False
Department of Citywide Administrative Services,Bronx,BRONX,2.0,New York,40.82634742,-73.92102336,1.0,Government Buildings & Services,False
P.S. 8 Shirlee Solomon,Staten Island,STATEN ISLAND,5.0,New York,40.5476851,-74.15175444,1.0,Public Schools,False
Cypress Hills Ascend Charter Lower School,Brooklyn,BROOKLYN,3.0,New York,40.6812394,-73.86681137,1.0,School,False
"Passerelle Building, Flushing Meadows-Corona Park",Queens,QUEENS,4.0,New York,40.75186022,-73.84337532,1.0,Parks & Recreation,False
Blueprint Middle School (Pugsley Prep Academy),Bronx,BRONX,2.0,New York,40.82922485,-73.85673228,1.0,School,False
Cord Meyer,Queens,QUEENS,4.0,New York,40.77965655245,-73.77284856108,1.0,Businesses & Commercial Spaces,False
JASA Throggs Neck Luncheon Club,Bronx,BRONX,2.0,New York,40.82165517,-73.82705993,1.0,Senior Centers,False
P.S. 134 Hollis,Queens,QUEENS,4.0,New York,40.70798728,-73.75524315,1.0,Public Schools,False
St. Francis Prep High School,Queens,QUEENS,4.0,New York,40.74266493,-73.77543997,9.0,School,False
"JFK Airport, Terminal 5",Queens,QUEENS,4.0,New York,40.64831283,-73.7882815,31.0,Ferries & Other Transportation,False
MacAndrews & Forbes,Manhattan,MANHATTAN,1.0,New York,40.76527791,-73.96958208,8.0,Businesses & Commercial Spaces,False
Eleven Times Square,Manhattan,MANHATTAN,1.0,New York,40.75689078,-73.9900232,17.0,Businesses & Commercial Spaces,False
P811K - Connie Lekas School (K286),Brooklyn,BROOKLYN,3.0,New York,40.59110156,-73.93910021,1.0,School,False
J.H.S. 292 Margaret S. Douglas,Brooklyn,BROOKLYN,3.0,New York,40.67197935,-73.89389583,1.0,Public Schools,False
John Ericsson Middle School 126,Brooklyn,BROOKLYN,3.0,New York,40.71981168,-73.94862509,1.0,School,False
South Bronx Charter School For International Cultures and the Arts,Bronx,BRONX,2.0,New York,40.80303695,-73.91803505,1.0,School,False
Leadership Prep Bedford Stuyvesant Charter School Elementary Academy,Brooklyn,BROOKLYN,3.0,New York,40.68156456,-73.94544581,1.0,School,False
Professor Juan Bosch Public School,Manhattan,MANHATTAN,1.0,New York,40.85923656,-73.92779144,1.0,School,False
P.S. 088 Seneca,Queens,QUEENS,4.0,New York,40.70377161,-73.89637331,1.0,Public Schools,False
M.S. 061 Dr. Gladstone H. Atwell,Brooklyn,BROOKLYN,3.0,New York,40.66399972,-73.94921973,1.0,Public Schools,False
P.S. 025 Bilingual School,Bronx,BRONX,2.0,New York,40.81261244,-73.90606194,1.0,Public Schools,False
Three World Trade Center,Manhattan,MANHATTAN,1.0,New York,40.71096789,-74.01235777,1.0,Businesses & Commercial Spaces,False
John Paul II Friendship Center,Manhattan,MANHATTAN,1.0,New York,40.72667589,-73.98501636,1.0,Senior Centers,False
St. Gabriel's Senior Centers,Brooklyn,BROOKLYN,3.0,New York,40.6579118,-73.94921717,1.0,Senior Centers,False
DeWitt Clinton High School,Bronx,BRONX,2.0,New York,40.88217149,-73.88690856,1.0,Public Schools,False
P.S. 144 Col Jeromus Remsen,Queens,QUEENS,4.0,New York,40.71527346,-73.85241132,1.0,Public Schools,False
Archbishop Molloy,Queens,QUEENS,4.0,New York,40.71108883,-73.82050168,2.0,School,False
P.S. 213 The Carl Ullman School,Queens,QUEENS,4.0,New York,40.74773844,-73.74574545,1.0,Public Schools,False
P.S. 138 Samuel Randall,Bronx,BRONX,2.0,New York,40.82265791,-73.85336457,1.0,Public Schools,False
Village Care of New York,Manhattan,MANHATTAN,1.0,New York,40.7327233,-74.00812936,1.0,Nursing Homes,False
FORTRESS INVESTMENTS,Manhattan,MANHATTAN,1.0,New York,40.76259829,-73.97845996,9.0,Businesses & Commercial Spaces,False
"SoulCycle, Inc",Brooklyn,BROOKLYN,3.0,New York,40.67619155,-73.97175712,1.0,Health Clubs & Gyms,False
New Heights Academy Charter School,Manhattan,MANHATTAN,1.0,New York,40.82849143,-73.94523816,1.0,School,False
Harper Collins Publishers,Manhattan,MANHATTAN,1.0,New York,40.71052901297,-74.00937828022,1.0,Businesses & Commercial Spaces,False
Griffon Corporation,Manhattan,MANHATTAN,1.0,New York,40.76248784,-73.97519307,2.0,Businesses & Commercial Spaces,False
Jacob K. Javits Convention Center,Manhattan,MANHATTAN,1.0,New York,40.75655629,-74.00380806,1.0,Performance Venues,False
Richmond Hill High School,Queens,QUEENS,4.0,New York,40.69571733,-73.83460393,1.0,School,False
Morgan Stanley - ISG - New York Metro - New York NY 1290 - Floor: 12,Manhattan,MANHATTAN,1.0,New York,40.76085011,-73.97971672,2.0,Businesses & Commercial Spaces,False
Unity Center for Urban Technologies,Manhattan,MANHATTAN,1.0,New York,40.74616865,-73.98124058,1.0,Public Schools,False
Department of Citywide Administrative Services,Queens,QUEENS,4.0,New York,40.74605195,-73.94346561,1.0,Government Buildings & Services,False
Columbia University - Haven Towers,Manhattan,MANHATTAN,1.0,New York,40.84449192,-73.94250335,1.0,Colleges & Universities,False
Warner Media,Manhattan,MANHATTAN,1.0,New York,40.74036452,-73.98945913,4.0,Businesses & Commercial Spaces,False
PSAL Office,Queens,QUEENS,4.0,New York,40.7493771,-73.952233,1.0,Public Schools,False
J.H.S. 008 Richard S. Grossley,Queens,QUEENS,4.0,New York,40.6971817,-73.78719168,1.0,Public Schools,False
Khalil Gibran International Academy,Brooklyn,BROOKLYN,3.0,New York,40.68649162,-73.97964928,1.0,School,False
P.S. 162 John Golden,Queens,QUEENS,4.0,New York,40.74902802,-73.77721218,1.0,Public Schools,False
Morgan Stanley - New York One,Manhattan,MANHATTAN,1.0,New York,40.75109132,-73.9929259,1.0,Businesses & Commercial Spaces,False
Jet Blue Airways Corp.,Queens,QUEENS,4.0,New York,40.71491868,-73.83195526,5.0,Businesses & Commercial Spaces,False
P.S. 123 Queens,Queens,QUEENS,4.0,New York,40.67828823,-73.79562008,1.0,Public Schools,False
Department of Citywide Administrative Services,Queens,QUEENS,4.0,New York,40.71372424,-73.82612181,1.0,Government Buildings & Services,False
Cardinal McCloskey  Community Charter School,Bronx,BRONX,2.0,New York,40.85096475,-73.8877679,1.0,School,False
New York State Department For People With Developmental Disabilities,Staten Island,STATEN ISLAND,5.0,New York,40.59312952,-74.14413828,1.0,Government Buildings & Services,False
Carlyle Hotel,Manhattan,MANHATTAN,1.0,New York,40.77425965,-73.96328486,1.0,Businesses & Commercial Spaces,False
John Jay School for Law,Brooklyn,BROOKLYN,3.0,New York,40.66962217,-73.97928676,1.0,School,False
P.S. 166 Henry Gradstein,Queens,QUEENS,4.0,New York,40.7573015,-73.92673287,1.0,Public Schools,False
Walt Disney,Manhattan,MANHATTAN,1.0,New York,40.7563169,-73.98765183,2.0,Businesses & Commercial Spaces,False
Lefrak Senior Centers,Queens,QUEENS,4.0,New York,40.73698594,-73.86463546,1.0,Senior Centers,False
New-York Historical Society,Manhattan,MANHATTAN,1.0,New York,40.77925798,-73.97374249,1.0,Museums,False
"APHIS PPQ & Field Ops - JFK Insp Bldg C STE 100, NY",Queens,QUEENS,4.0,New York,40.65030099,-73.75694755,1.0,Ferries & Other Transportation,False
"Jack Resnick & Sons, Inc.",Manhattan,MANHATTAN,1.0,New York,40.76262362,-73.96915733,1.0,Businesses & Commercial Spaces,False
The School For Human Rights,Brooklyn,BROOKLYN,3.0,New York,40.65888574,-73.9424585,1.0,School,False
Community Math and Science Prep,Manhattan,MANHATTAN,1.0,New York,40.83649915,-73.93708945,1.0,School,False
Salesforce - New York Tower,Manhattan,MANHATTAN,1.0,New York,40.7546806,-73.98424122,8.0,Businesses & Commercial Spaces,False
Fordham University Bronx Location,Bronx,BRONX,2.0,New York,40.86072673616,-73.88953366191,1.0,Colleges & Universities,False
Theatre Arts Production Company School,Bronx,BRONX,2.0,New York,40.85495355,-73.89731893,1.0,School,False
"Breezy Point Cooperative, Inc.",Queens,QUEENS,4.0,New York,40.56464902,-73.91221736,1.0,Businesses & Commercial Spaces,False
P.S. 035 Nathaniel Woodhull,Queens,QUEENS,4.0,New York,40.71375054,-73.76943796,1.0,Public Schools,False
"Walt Disney/ABC, Inc.",Manhattan,MANHATTAN,1.0,New York,40.77324011,-73.98069136,1.0,Businesses & Commercial Spaces,False
Rochdale Early Advantage Charter School,Queens,QUEENS,4.0,New York,40.6798458,-73.77857628,1.0,School,False
P.S. 032 Belmont,Bronx,BRONX,2.0,New York,40.8520855,-73.88588995,1.0,Public Schools,False
Rose Building,Manhattan,MANHATTAN,1.0,New York,40.76948571,-73.98345068,1.0,Businesses & Commercial Spaces,False
POLY PREP CDS,Brooklyn,BROOKLYN,3.0,New York,40.61231054,-74.02373162,1.0,Private Schools,False
Anchin Block & Anchin,Manhattan,MANHATTAN,1.0,New York,40.7523205,-73.98746128,1.0,Businesses & Commercial Spaces,False
P.S. 212 Lady Deborah Moody,Brooklyn,BROOKLYN,3.0,New York,40.58760906,-73.98594777,1.0,Public Schools,False
BFFY St. Mary''s Senior Centers,Queens,QUEENS,4.0,New York,40.74331712,-73.95334887,1.0,Senior Centers,False
Bronx Arts and Science Charter School,Bronx,BRONX,2.0,New York,40.82584133,-73.83672546,35.0,Public Schools,False
Acta Realty,Manhattan,MANHATTAN,1.0,New York,40.70240415,-74.01294766,3.0,Businesses & Commercial Spaces,False
New World Preparatory Charter School,Staten Island,STATEN ISLAND,5.0,New York,40.63322507,-74.12578227,1.0,School,False
P.S. 312 Bergen Beach,Brooklyn,BROOKLYN,3.0,New York,40.62140599,-73.9089869,1.0,Public Schools,False
Bronx Arena High School,Bronx,BRONX,2.0,New York,40.82118588,-73.88112333,1.0,School,False
Major League Soccer,Manhattan,MANHATTAN,1.0,New York,40.75080205,-73.98284538,1.0,Businesses & Commercial Spaces,False
Alcoholism Council of New York,Manhattan,MANHATTAN,1.0,New York,40.70511839,-74.01559192,1.0,Government Buildings & Services,False
P.S. 124 Osmond A Church,Queens,QUEENS,4.0,New York,40.66505024,-73.81170114,1.0,Public Schools,False
Fedex Express,Manhattan,MANHATTAN,1.0,New York,40.72727843,-73.97711483,5.0,Businesses & Commercial Spaces,False
Park East High School,Manhattan,MANHATTAN,1.0,New York,40.79053666,-73.94435582,1.0,School,False
Macklowe Management Company,Manhattan,MANHATTAN,1.0,New York,40.76350696,-73.9792755,1.0,Businesses & Commercial Spaces,False
P.S. 221 Toussaint L'Ouverture,Brooklyn,BROOKLYN,3.0,New York,40.66369394,-73.93604916,1.0,Public Schools,False
SHEARMAN & STERLING,Manhattan,MANHATTAN,1.0,New York,40.76556778,-73.96575532,1.0,Businesses & Commercial Spaces,False
Charter High School for Law and Social Justice,Bronx,BRONX,2.0,New York,40.85418617,-73.91192413,1.0,School,False
The Blackstone Group,Manhattan,MANHATTAN,1.0,New York,40.75816441,-73.97324549,1.0,Businesses & Commercial Spaces,False
"P.S. 279 Captain Manuel Rivera, Jr.",Bronx,BRONX,2.0,New York,40.8544254,-73.90556526,1.0,Public Schools,False
MS 936 Arts Off 3rd,Brooklyn,BROOKLYN,3.0,New York,40.64320365,-74.0208023,1.0,School,False
New Visions Charter High School for Advanced Math and Science II,Bronx,BRONX,2.0,New York,40.82166801,-73.90354524,1.0,School,False
Democracy Prep Harlem Charter - High School,Manhattan,MANHATTAN,1.0,New York,40.80600644,-73.9512169,1.0,School,False
P.S. 068 Bronx,Bronx,BRONX,2.0,New York,40.89172567,-73.83846912,1.0,Public Schools,False
Teachers College Community School,Manhattan,MANHATTAN,1.0,New York,40.81241355,-73.9533147,1.0,School,False
P.S. 253 Brooklyn,Brooklyn,BROOKLYN,3.0,New York,40.57959983,-73.96207111,1.0,Public Schools,False
P.S. 181 Brooklyn,Brooklyn,BROOKLYN,3.0,New York,40.64813085,-73.94636696,1.0,Public Schools,False
P.S. 090 Horace Mann,Queens,QUEENS,4.0,New York,40.69702491,-73.83921314,1.0,Public Schools,False
P.S. 257 John F. Hylan,Brooklyn,BROOKLYN,3.0,New York,40.70237925,-73.94204212,1.0,Public Schools,False
"Chubb Insurance - NY- New York, NY (1155 AOA)",Manhattan,MANHATTAN,1.0,New York,40.75662369,-73.98282583,1.0,Businesses & Commercial Spaces,False
P.S. 144 Col Jeromus Remsen,Queens,QUEENS,4.0,New York,40.71497002,-73.85337153,1.0,Public Schools,False
PublicisGroupe,Manhattan,MANHATTAN,1.0,New York,40.7284278,-74.00715106,1.0,Businesses & Commercial Spaces,False
"Collibra, Inc.",Manhattan,MANHATTAN,1.0,New York,40.70698798,-74.01233539,1.0,Businesses & Commercial Spaces,False
Columbia University - Georgian Building,Manhattan,MANHATTAN,1.0,New York,40.84139209,-73.94048934,1.0,Colleges & Universities,False
Eleven Times Square,Manhattan,MANHATTAN,1.0,New York,40.75689078,-73.9900232,17.0,Businesses & Commercial Spaces,False
"Vornado Office Management, LLC",Manhattan,MANHATTAN,1.0,New York,40.76054207,-73.97642111,1.0,Businesses & Commercial Spaces,False
Eisner Amper LLP,Manhattan,MANHATTAN,1.0,New York,40.75371493,-73.97230885,1.0,Businesses & Commercial Spaces,False
P.S. 089 Elmhurst,Queens,QUEENS,4.0,New York,40.74591551,-73.88020434,1.0,Public Schools,False
"Great Lakes Dredge & Dock Company, LLC - Wolf River",Staten Island,STATEN ISLAND,5.0,New York,40.63702948,-74.15068292,1.0,Businesses & Commercial Spaces,False
"Hawkins, Delafield & Wood LLP",Manhattan,MANHATTAN,1.0,New York,40.71321318,-74.0117089,1.0,Businesses & Commercial Spaces,False
The Gordon Parks School,Queens,QUEENS,4.0,New York,40.67482216,-73.73671251,1.0,School,False
Equinox,Manhattan,MANHATTAN,1.0,New York,40.76453047,-73.96648868,6.0,Health Clubs & Gyms,False
Leadership and Public Service High School,Manhattan,MANHATTAN,1.0,New York,40.70872267,-74.0123321,1.0,School,False
P.S. 091 The Albany Avenue School,Brooklyn,BROOKLYN,3.0,New York,40.661879,-73.93994004,1.0,Public Schools,False
John Dewey High School,Brooklyn,BROOKLYN,3.0,New York,40.58926083,-73.98173849,1.0,School,False
P.S. 140 Nathan Straus,Manhattan,MANHATTAN,1.0,New York,40.71924279,-73.98305555,1.0,Public Schools,False
Sunset Park Avenues Elementary School (P.S. 516),Brooklyn,BROOKLYN,3.0,New York,40.6507781,-74.00810492,1.0,Public Schools,False
P.S./I.S. 116 William C. Hughley,Queens,QUEENS,4.0,New York,40.700598,-73.78230113,1.0,Public Schools,False
Jack and Pearl Resnick Campus,Bronx,BRONX,2.0,New York,40.85117554,-73.84482139,1.0,School,False
Syska & Hennessy,Manhattan,MANHATTAN,1.0,New York,40.75757876,-73.98212532,1.0,Businesses & Commercial Spaces,False
Dominican Academy,Manhattan,MANHATTAN,1.0,New York,40.76652654,-73.9687187,1.0,School,False
P.S. 197 The Ocean School,Queens,QUEENS,4.0,New York,40.60019119,-73.74396879,1.0,Public Schools,False
P.S./M.S. 47Q,Queens,QUEENS,4.0,New York,40.60634503,-73.82044586,1.0,Public Schools,False
Queens Vocational and Technical High School,Queens,QUEENS,4.0,New York,40.74219801,-73.92821831,1.0,School,False
"Soulcycle, Inc",Manhattan,MANHATTAN,1.0,New York,40.73817708,-73.99106166,2.0,Health Clubs & Gyms,False
J.H.S. 080 The Mosholu Parkway,Bronx,BRONX,2.0,New York,40.87629236,-73.88153067,1.0,Public Schools,False
Fedex Ground,Queens,QUEENS,4.0,New York,40.7271463,-73.92484673,7.0,Businesses & Commercial Spaces,False
"Sunbelt Rentals, Inc - 1639",Brooklyn,BROOKLYN,3.0,New York,40.66050264,-73.8766675,1.0,Businesses & Commercial Spaces,False
P.S./I.S. 187 Hudson Cliffs,Manhattan,MANHATTAN,1.0,New York,40.85673332,-73.93705578,1.0,Public Schools,False
Maria Isabel Senior Centers,Bronx,BRONX,2.0,New York,40.81279431,-73.90694316,1.0,Senior Centers,False
P.S. 595 Bronx,Bronx,BRONX,2.0,New York,40.84670416,-73.88981366,1.0,Public Schools,False
P.S. 062 Inocensio Casanova,Bronx,BRONX,2.0,New York,40.81402414,-73.90060843,1.0,Public Schools,False
Madabolic Brooklyn,Brooklyn,BROOKLYN,3.0,New York,40.71880636,-73.95334806,1.0,Health Clubs & Gyms,False
"Science, Technology and Research Early College High School at Erasmus",Brooklyn,BROOKLYN,3.0,New York,40.64978002,-73.95854985,1.0,Public Schools,False
Department of Citywide Administrative Services,Manhattan,MANHATTAN,1.0,New York,40.71607657,-74.0014249,1.0,Government Buildings & Services,False
Zeta Global,Manhattan,MANHATTAN,1.0,New York,40.74673687,-73.98157606,1.0,Businesses & Commercial Spaces,False
"Related Management, Co.",Manhattan,MANHATTAN,1.0,New York,40.76826687,-73.98231017,1.0,Businesses & Commercial Spaces,False
P.S. 007 Louis F. Simeone,Queens,QUEENS,4.0,New York,40.7391081,-73.88248643,1.0,Public Schools,False
"Walt Disney/ABC, Inc.",Manhattan,MANHATTAN,1.0,New York,40.77615325,-73.98759398,1.0,Businesses & Commercial Spaces,False
P721R - Richard H. Hungerford School (R086),Staten Island,STATEN ISLAND,5.0,New York,40.60874845,-74.10234414,1.0,School,False
I.S. 281 Joseph B Cavallaro,Brooklyn,BROOKLYN,3.0,New York,40.59533357,-73.99345738,1.0,Public Schools,False
Piper Sandler & Co.,Manhattan,MANHATTAN,1.0,New York,40.75963708,-73.98062674,1.0,Businesses & Commercial Spaces,False
High School for Law and Public Service,Manhattan,MANHATTAN,1.0,New York,40.85584913,-73.92711914,1.0,School,False
"The Ludwig Group, Inc.",Manhattan,MANHATTAN,1.0,New York,40.75104199,-73.97425173,1.0,Businesses & Commercial Spaces,False
P.S. 056 Norwood Heights,Bronx,BRONX,2.0,New York,40.87514936,-73.87521556,1.0,Public Schools,False
P.S. 039 Henry Bristow,Brooklyn,BROOKLYN,3.0,New York,40.66890916,-73.98319456,1.0,Public Schools,False
P.S. 205 Fiorello Laguardia - Annex,Bronx,BRONX,2.0,New York,40.85279503,-73.88183295,1.0,Public Schools,False
Department of Justice-Office of the Inspector General - NYFO,Manhattan,MANHATTAN,1.0,New York,40.70303785,-74.01566717,1.0,Government Buildings & Services,False
P.S. 031 William T. Davis,Staten Island,STATEN ISLAND,5.0,New York,40.64158742,-74.08513494,1.0,Public Schools,False
P.S. 154 Jonathan D. Hyatt,Bronx,BRONX,2.0,New York,40.80803245,-73.92621804,1.0,Public Schools,False
Institute for Health Professions at Cambria Heights,Queens,QUEENS,4.0,New York,40.69781088,-73.74572742,1.0,Public Schools,False
P.S. 102 The Bayview,Brooklyn,BROOKLYN,3.0,New York,40.63401233,-74.0290356,1.0,Public Schools,False
District 27 Pre-K Center at 160-06 Crossbay Boulevard (Q486),Queens,QUEENS,4.0,New York,40.65716821,-73.83939247,1.0,Public Schools,False
Holwell Shuster & Goldberg LLP,Manhattan,MANHATTAN,1.0,New York,40.75241735,-73.97531955,2.0,Businesses & Commercial Spaces,False
Market Distributors,Bronx,BRONX,2.0,New York,40.80762192,-73.87147025,1.0,Businesses & Commercial Spaces,False
Mendes & Mount LLP,Manhattan,MANHATTAN,1.0,New York,40.76074642,-73.98352505,1.0,Businesses & Commercial Spaces,False
P.S. 001 Tottenville,Staten Island,STATEN ISLAND,5.0,New York,40.50902942,-74.24411561,1.0,Public Schools,False
"Walt Disney/ABC, Inc.",Manhattan,MANHATTAN,1.0,New York,40.77390445,-73.98133383,1.0,Businesses & Commercial Spaces,False
High School for Law Enforcement and Public Safety,Queens,QUEENS,4.0,New York,40.68619962,-73.78414397,1.0,School,False
P.S. 001 Alfred E. Smith,Manhattan,MANHATTAN,1.0,New York,40.71275263,-73.99748942,1.0,Public Schools,False
"Chubb Insurance - NY- New York, NY (55 Water St.)",Manhattan,MANHATTAN,1.0,New York,40.70360119,-74.00969108,1.0,Businesses & Commercial Spaces,False
Gilder Gagnon Howe & Co,Manhattan,MANHATTAN,1.0,New York,40.75614737,-73.99801838,1.0,Businesses & Commercial Spaces,False
I.S. 250 The Robert F. Kennedy Community Middle School,Queens,QUEENS,4.0,New York,40.7244503,-73.81021581,1.0,School,False
P.S. 163 Flushing Heights,Queens,QUEENS,4.0,New York,40.74055756,-73.80913046,1.0,Public Schools,False
Marriott International.,Manhattan,MANHATTAN,1.0,New York,40.76155177,-73.97468083,4.0,Businesses & Commercial Spaces,False
The Frick Collection,Manhattan,MANHATTAN,1.0,New York,40.77104689,-73.967749,1.0,Museums,False
"Vornado Office Management, LLC",Manhattan,MANHATTAN,1.0,New York,40.76112372,-73.97529466,1.0,Businesses & Commercial Spaces,False
Pathways College Preparatory School: A College Board School,Queens,QUEENS,4.0,New York,40.70645213,-73.75357885,1.0,School,False
P.S. 063 Old South,Queens,QUEENS,4.0,New York,40.67640277,-73.84677265,1.0,Public Schools,False
Big Six Towers,Queens,QUEENS,4.0,New York,40.73992445,-73.90441824,1.0,Businesses & Commercial Spaces,False
Christopher Avenue Community School,Brooklyn,BROOKLYN,3.0,New York,40.67245423,-73.90655211,1.0,School,False
PJT Partners,Manhattan,MANHATTAN,1.0,New York,40.75601562,-73.97483093,1.0,Businesses & Commercial Spaces,False
P233Q Mini Building (Q875),Queens,QUEENS,4.0,New York,40.68299427,-73.80114011,1.0,Public Schools,False
Eleven Times Square,Manhattan,MANHATTAN,1.0,New York,40.75689078,-73.9900232,17.0,Businesses & Commercial Spaces,False
Broadway Presbyterian Church,Manhattan,MANHATTAN,1.0,New York,40.80681571,-73.96510187,1.0,Houses of Worship,False
AXA Liabilities Managers,Manhattan,MANHATTAN,1.0,New York,40.70210514,-74.0112489,1.0,Businesses & Commercial Spaces,False
P.S. 001 The Bergen,Brooklyn,BROOKLYN,3.0,New York,40.64903479,-74.01228859,1.0,Public Schools,False
Morgan Stanley - 1585 Broadway,Manhattan,MANHATTAN,1.0,New York,40.76020869,-73.98533366,1.0,Businesses & Commercial Spaces,False
"Investcorp International, Inc",Manhattan,MANHATTAN,1.0,New York,40.75601562,-73.97483093,1.0,Businesses & Commercial Spaces,False
P.S. 033 Edward M. Funk,Queens,QUEENS,4.0,New York,40.72712573,-73.73507632,1.0,Public Schools,False
P.S. 220 Edward Mandel,Queens,QUEENS,4.0,New York,40.73651674,-73.85145476,1.0,Public Schools,False
The Museum of Modern Art,Manhattan,MANHATTAN,1.0,New York,40.76099511,-73.97720066,1.0,Museums,False
P.S. 033 Edward M. Funk,Queens,QUEENS,4.0,New York,40.72712573,-73.73507632,1.0,Public Schools,False
"SoulCycle, Inc",Manhattan,MANHATTAN,1.0,New York,40.74466554,-73.98922387,2.0,Health Clubs & Gyms,False
P.S. 112 Lefferts Park - Annex,Brooklyn,BROOKLYN,3.0,New York,40.61871108,-74.00189828,1.0,Public Schools,False
Storefront Academy Harlem,Manhattan,MANHATTAN,1.0,New York,40.80794062,-73.93802325,1.0,School,False
Hearst Corporation,Manhattan,MANHATTAN,1.0,New York,40.76643902,-73.98332508,1.0,Businesses & Commercial Spaces,False
Columbia University - William and June Warren Hall,Manhattan,MANHATTAN,1.0,New York,40.80629303,-73.96141766,1.0,Colleges & Universities,False
Ft. Greene Hazel Brooks Senior Centers,Queens,BROOKLYN,3.0,New York,40.6352431,-73.95024692,1.0,Senior Centers,True
Morgan Stanley - 1 NY Plaza,Manhattan,MANHATTAN,1.0,New York,40.70253319,-74.01256178,1.0,Businesses & Commercial Spaces,False
Queens High School for the Sciences at York College,Queens,QUEENS,4.0,New York,40.700882,-73.798364,3.0,Public Schools,False
Wildlife Conservation SOciety,Bronx,BRONX,2.0,New York,40.85053675,-73.88245508,1.0,Zoos & Aquariums,False
Queens Adult Learning Center (Q972),Queens,QUEENS,4.0,New York,40.74794137,-73.9400787,1.0,School,False
"Walt Disney/ABC, Inc.",Manhattan,MANHATTAN,1.0,New York,40.75684919,-73.98597329,1.0,Businesses & Commercial Spaces,False
Bronx Academy for Multi-Media,Bronx,BRONX,2.0,New York,40.81544858,-73.88576876,1.0,School,False
RXR [590 Madison Ave],Manhattan,MANHATTAN,1.0,New York,40.76213864,-73.97247861,1.0,Businesses & Commercial Spaces,False
Department of Citywide Administrative Services,Staten Island,STATEN ISLAND,5.0,New York,40.62657663,-74.07675797,1.0,Government Buildings & Services,False
Congregation Rodeph Sholom,Manhattan,MANHATTAN,1.0,New York,40.78269791,-73.97729431,1.0,Houses of Worship,False
Kennedy Senior Centers,Manhattan,MANHATTAN,1.0,New York,40.81269538,-73.93964447,1.0,Senior Centers,False
P.S. 099 Kew Gardens,Queens,QUEENS,4.0,New York,40.71141142,-73.82862758,1.0,Public Schools,False
P.S. 938,Brooklyn,BROOKLYN,3.0,New York,40.68127485,-73.87640539,1.0,Public Schools,False
Bushwick Ascend Charter Lower School,Brooklyn,BROOKLYN,3.0,New York,40.69354989,-73.90910441,1.0,School,False
The Richmond Pre-K Center (R112) at 375 Tompkins Avenue,Staten Island,STATEN ISLAND,5.0,New York,40.616258,-74.07408064,1.0,Public Schools,False
Greenberg Traurig,Manhattan,MANHATTAN,1.0,New York,40.75415504,-73.97655693,1.0,Businesses & Commercial Spaces,False
Davidson Kempner Capital Management LP,Manhattan,MANHATTAN,1.0,New York,40.76009981,-73.97476802,1.0,Businesses & Commercial Spaces,False
Columbia University - William Black Building,Manhattan,MANHATTAN,1.0,New York,40.84162844,-73.94108908,1.0,Colleges & Universities,False
"Walt Disney/ABC, Inc.",Manhattan,MANHATTAN,1.0,New York,40.77566742,-73.98750381,1.0,Businesses & Commercial Spaces,False
P.S. 128 Audubon,Manhattan,MANHATTAN,1.0,New York,40.84135266,-73.93859195,1.0,Public Schools,False
Ralph R. McKee Career and Technical Education High School,Staten Island,STATEN ISLAND,5.0,New York,40.64278598,-74.07872971,1.0,School,False
Fedex Express,Queens,QUEENS,4.0,New York,40.72586413,-73.9091684,4.0,Businesses & Commercial Spaces,False
Croud - NYC,Manhattan,MANHATTAN,1.0,New York,40.72324031,-74.00495701,1.0,Businesses & Commercial Spaces,False
"WIN - Women in Need, Inc. (Stone House)",Brooklyn,BROOKLYN,3.0,New York,40.67280876,-73.90377577,1.0,Health & Social Services,False
Fordham University Bronx Location,Bronx,BRONX,2.0,New York,40.86072673616,-73.88953366191,1.0,Colleges & Universities,False
The Stahl Organization,Manhattan,MANHATTAN,1.0,New York,40.79509235,-73.97330644,1.0,Businesses & Commercial Spaces,False
I.S. 072 Rocco Laurie,Staten Island,STATEN ISLAND,5.0,New York,40.59299732,-74.15898712,1.0,Public Schools,False
Morgan Stanley - ISG - New York Metro - 750 7th Ave - Floor: 32,Manhattan,MANHATTAN,1.0,New York,40.76074642,-73.98352505,1.0,Businesses & Commercial Spaces,False
Department of Citywide Administrative Services,Manhattan,MANHATTAN,1.0,New York,40.71299412,-74.0041807,1.0,Government Buildings & Services,False
Columbia University - School of Social Work,Manhattan,MANHATTAN,1.0,New York,40.81046947,-73.95836992,1.0,School,False
M.S. 301 Paul L. Dunbar,Bronx,BRONX,2.0,New York,40.82246699,-73.90719334,1.0,Public Schools,False
P.S. 203 Floyd Bennett School,Brooklyn,BROOKLYN,3.0,New York,40.62142922,-73.92598925,1.0,Public Schools,False
P.S. 011 Sarah J Garnet,Manhattan,MANHATTAN,1.0,New York,40.74434217,-74.00025262,1.0,Public Schools,False
Park Childrens Day School,Manhattan,MANHATTAN,1.0,New York,40.77889854603,-73.97432757675,1.0,School,False
"Ingram Yusek Gainen Carroll & Bertolotti, LLP",Manhattan,MANHATTAN,1.0,New York,40.7550112,-73.97556764,1.0,Businesses & Commercial Spaces,False
Department of Citywide Administrative Services,Brooklyn,BROOKLYN,3.0,New York,40.69006659,-73.98892261,1.0,Government Buildings & Services,False
P.S. 178 Saint Clair Mckelway,Brooklyn,BROOKLYN,3.0,New York,40.67501677,-73.91577758,1.0,Public Schools,False
SIRIUS XM SATELITE RADIO,Manhattan,MANHATTAN,1.0,New York,40.75185441,-73.99371625,4.0,Businesses & Commercial Spaces,False
VIP Community Services - Al Walsh Apartment,Bronx,BRONX,2.0,New York,40.82271801,-73.89891529,1.0,Health & Social Services,False
P.S. 135 Sheldon A. Brookner,Brooklyn,BROOKLYN,3.0,New York,40.65363265,-73.93311442,1.0,Public Schools,False
Brookfield Properties - 450 W 33rd St,Manhattan,MANHATTAN,1.0,New York,40.75355633,-73.99881252,3.0,Businesses & Commercial Spaces,False
"Pershing Square Capital Management, L.P.",Manhattan,MANHATTAN,1.0,New York,40.76500854,-73.98041579,1.0,Businesses & Commercial Spaces,False
The Joan Snow Pre-K Center at 1139 Coney Island Avenue (K765),Brooklyn,BROOKLYN,3.0,New York,40.63009422,-73.96620698,1.0,Public Schools,False
P.S. 109 Brooklyn,Brooklyn,BROOKLYN,3.0,New York,40.63644784,-73.93358209,1.0,Public Schools,False
Manhattan Comprehensive Night and Day High School (MCNDHS),Manhattan,MANHATTAN,1.0,New York,40.73270884,-73.984665,1.0,School,False
"Nederlander Producing Company of America, Inc. - HQ",Manhattan,MANHATTAN,1.0,New York,40.75709624,-73.98619342,1.0,Businesses & Commercial Spaces,False
Brookfield Properties - 200 Liberty Street - Tower A,Manhattan,MANHATTAN,1.0,New York,40.71141766,-74.01544191,4.0,Businesses & Commercial Spaces,False
Boro Park Y Senior Centers,Brooklyn,BROOKLYN,3.0,New York,40.63356269,-73.99005972,1.0,Senior Centers,False
"LSV Advisors, LLC",Manhattan,MANHATTAN,1.0,New York,40.76107398,-73.97379662,1.0,Businesses & Commercial Spaces,False
Department of Citywide Administrative Services,Staten Island,STATEN ISLAND,5.0,New York,40.64289977,-74.07688852,1.0,Government Buildings & Services,False
P721K - Roy Campanella OTC (K722),Brooklyn,BROOKLYN,3.0,New York,40.58931016,-73.98131002,1.0,Public Schools,False
P.S. 166 The Richard Rodgers School of The Arts and Technology,Manhattan,MANHATTAN,1.0,New York,40.78885867,-73.97184638,1.0,Public Schools,False
M.S. 260 Clinton School Writers & Artists,Manhattan,MANHATTAN,1.0,New York,40.73651113,-73.99272538,1.0,Public Schools,False
"AECOM of YU, Div. of Substance Abuse",Bronx,BRONX,2.0,New York,40.81678955,-73.86446168,1.0,Colleges & Universities,False
P.S. 053 Basheer Quisim,Bronx,BRONX,2.0,New York,40.83285917,-73.91141764,1.0,Public Schools,False
Carmel Richmond Healthcare and Rehabilitation,Staten Island,STATEN ISLAND,5.0,New York,40.59622848,-74.09047813,1.0,Nursing Homes,False
Launch Expeditionary Learning Charter School,Brooklyn,BROOKLYN,3.0,New York,40.67608641,-73.93568753,1.0,School,False
Caoch Inc.,Manhattan,MANHATTAN,1.0,New York,40.75355633,-73.99881252,1.0,Businesses & Commercial Spaces,False
Equinox,Manhattan,BRONX,2.0,New York,40.87739631,-73.90589412,0.0,Health Clubs & Gyms,True
P.S. 229 Dyker,Brooklyn,BROOKLYN,3.0,New York,40.6109563,-74.01337645,1.0,Public Schools,False
J.H.S. 088 Peter Rouget,Brooklyn,BROOKLYN,3.0,New York,40.66001665,-73.98763729,1.0,Public Schools,False
"Walt Disney/ABC, Inc.",Manhattan,MANHATTAN,1.0,New York,40.73768861,-73.99239688,1.0,Businesses & Commercial Spaces,False
Learners and Leaders,Queens,QUEENS,4.0,New York,40.70711359,-73.91499746,1.0,School,False
Manhattan West LLC,Manhattan,MANHATTAN,1.0,New York,40.77583508,-73.96308541,1.0,Businesses & Commercial Spaces,False
P.S. 100 Isaac Clason,Bronx,BRONX,2.0,New York,40.82140171,-73.8629745,1.0,Public Schools,False
Pratt Institute - Cafeteria,Brooklyn,BROOKLYN,3.0,New York,40.69200762,-73.96432199,1.0,Colleges & Universities,False
P.S. 105 The Bay School,Queens,QUEENS,4.0,New York,40.59575998,-73.78187368,1.0,Public Schools,False
"D.E. Shaw Research, LLC",Manhattan,MANHATTAN,1.0,New York,40.75710961,-73.983544,7.0,Businesses & Commercial Spaces,False
"McLauglin & Stern, LLP",Manhattan,MANHATTAN,1.0,New York,40.75070018,-73.98082785,1.0,Businesses & Commercial Spaces,False
Curtis High School,Staten Island,STATEN ISLAND,5.0,New York,40.64472755,-74.081222,1.0,Public Schools,False
Borinquen Plaza Senior Centers,Brooklyn,BROOKLYN,3.0,New York,40.70435909,-73.94377522,1.0,Senior Centers,False
NYS Department of State,Manhattan,MANHATTAN,1.0,New York,40.70910465,-74.00689289,2.0,Government Buildings & Services,False
Morgan Stanley,Manhattan,MANHATTAN,1.0,New York,40.70253319,-74.01256178,1.0,Businesses & Commercial Spaces,False
Success Academy Charter School - Flatbush,Brooklyn,BROOKLYN,3.0,New York,40.64856101,-73.95763888,1.0,School,False
P.S. 019 Asher Levy,Manhattan,MANHATTAN,1.0,New York,40.72962909,-73.98381781,1.0,Public Schools,False
APHIS FO - Asian Longhorned Beetle Program NY-East Region,Queens,QUEENS,4.0,New York,40.70840049,-73.79675375,2.0,Ferries & Other Transportation,False
P.S. 032 State Street,Queens,QUEENS,4.0,New York,40.76475519,-73.79468226,1.0,Public Schools,False
PREP FOR PREP,Manhattan,MANHATTAN,1.0,New York,40.7793781,-73.98561828,1.0,Businesses & Commercial Spaces,False
Icahn Charter School IV (Grades K-8),Bronx,BRONX,2.0,New York,40.85701952,-73.84312311,1.0,School,False
RAIN Bailey Senior Centers,Bronx,BRONX,2.0,New York,40.87074113,-73.90685813,1.0,Senior Centers,False
P.S. 057 Crescent,Bronx,BRONX,2.0,New York,40.84846507,-73.8885601,1.0,Public Schools,False
John Adams High School,Queens,QUEENS,4.0,New York,40.6796313,-73.83729753,1.0,Public Schools,False
P.S. 013 Roberto Clemente,Brooklyn,BROOKLYN,3.0,New York,40.66366528,-73.89375412,1.0,Public Schools,False
Longwood Preparatory Academy,Bronx,BRONX,2.0,New York,40.81750512,-73.8982115,1.0,Public Schools,False
ReStart @ Promesa Inc. - requests appointment,Bronx,BRONX,2.0,New York,40.84662374,-73.90421012,1.0,Health & Social Services,False
LM Builders Group LLC,Queens,QUEENS,4.0,New York,40.59358681,-73.77654817,1.0,Businesses & Commercial Spaces,False
Herbert Smith Freehills NY LLP,Manhattan,MANHATTAN,1.0,New York,40.7530952,-73.9748537,1.0,Businesses & Commercial Spaces,False
Morgan Stanley - 750 7th Avenue - Floor: 09,Manhattan,MANHATTAN,1.0,New York,40.76074642,-73.98352505,1.0,Businesses & Commercial Spaces,False
Fisher Brothers - 605 3rd,Manhattan,MANHATTAN,1.0,New York,40.74906882,-73.97568171,1.0,Businesses & Commercial Spaces,False
UJC Adult Luncheon Club,Manhattan,MANHATTAN,1.0,New York,40.71565262,-73.98297711,1.0,Senior Centers,False
P.S. 132 The Conselyea School,Brooklyn,BROOKLYN,3.0,New York,40.7146531,-73.94610761,1.0,Public Schools,False
The School For Future Leaders,Brooklyn,BROOKLYN,3.0,New York,40.63247044,-74.00764513,1.0,Public Schools,False
"Ember Charter School for Mindful Education, Innovation, and Transformation (500 Macon)",Brooklyn,BROOKLYN,3.0,New York,40.68323372,-73.93081312,1.0,School,False
Sebco Senior Centers,Bronx,BRONX,2.0,New York,40.8189062,-73.89354867,1.0,Senior Centers,False
Jacob K. Javits Convention Center,Manhattan,MANHATTAN,1.0,New York,40.75655629,-74.00380806,1.0,Performance Venues,False
The Brooklyn School for Social Justice,Brooklyn,BROOKLYN,3.0,New York,40.69717736,-73.91116946,1.0,School,False
Barnard College,Manhattan,MANHATTAN,1.0,New York,40.80907951,-73.96312109,1.0,Colleges & Universities,False
East Harlem Coalition Senior Centers,Manhattan,MANHATTAN,1.0,New York,40.79431219,-73.93664913,1.0,Senior Centers,False
P075Q - Robert E. Peary School (Q075),Queens,QUEENS,4.0,New York,40.6984684,-73.90555621,1.0,School,False
WHITE & CASE,Manhattan,MANHATTAN,1.0,New York,40.75909387,-73.98213574,10.0,Businesses & Commercial Spaces,False
RXR 1330 Owner LLC (1330 AOA),Manhattan,MANHATTAN,1.0,New York,40.76209606,-73.97880305,1.0,Businesses & Commercial Spaces,False
Our World Neighborhood Charter School 3,Queens,QUEENS,4.0,New York,40.73785255,-73.86634774,1.0,School,False
Brooklyn Excelsior Charter School,Brooklyn,BROOKLYN,3.0,New York,40.68983432,-73.92550556,1.0,School,False
One World Trade Plaza,Manhattan,MANHATTAN,1.0,New York,40.71327345,-74.01281992,1.0,Businesses & Commercial Spaces,False
"The Empire State Building Company, LLC",Manhattan,MANHATTAN,1.0,New York,40.7482689007,-73.98469027358,1.0,Businesses & Commercial Spaces,False
P.S. 208 Elsa Ebeling,Brooklyn,BROOKLYN,3.0,New York,40.64202381,-73.93115148,1.0,Public Schools,False
Francis Lewis High School,Queens,QUEENS,4.0,New York,40.74071593,-73.79282959,1.0,School,False
Soros Capital Management LLC,Manhattan,MANHATTAN,1.0,New York,40.76500893,-73.98289585,1.0,Businesses & Commercial Spaces,False
"Deloitte - New York, NY - (330 Hudson St)",Manhattan,MANHATTAN,1.0,New York,40.72685504,-74.0073818,4.0,Businesses & Commercial Spaces,False
Perkins Eastman,Manhattan,MANHATTAN,1.0,New York,40.73888801,-73.99150181,1.0,Businesses & Commercial Spaces,False
Tishman Speyer - The Spiral,Manhattan,MANHATTAN,1.0,New York,40.75548041,-74.00021296,1.0,Businesses & Commercial Spaces,False
"Interpublic Group of Companies, Inc.",Manhattan,MANHATTAN,1.0,New York,40.75873689,-73.96861769,1.0,Businesses & Commercial Spaces,False
P.S. 390Q: The CIVIC School of Bayside Hills,Queens,QUEENS,4.0,New York,40.75021355,-73.76473119,1.0,Public Schools,False
The Little Brooklyn Pre-K Center at 219 25th Street (K661),Brooklyn,BROOKLYN,3.0,New York,40.65989102,-73.99704449,1.0,Public Schools,False
The Bellaire School,Queens,QUEENS,4.0,New York,40.72014568,-73.75736647,1.0,School,False
"Vornado Office Management, LLC",Manhattan,MANHATTAN,1.0,New York,40.73567673,-73.9928662,1.0,Businesses & Commercial Spaces,False
Tocqueville Asset Management,Manhattan,MANHATTAN,1.0,New York,40.76353088,-73.97535152,1.0,Businesses & Commercial Spaces,False
Jay Senior Centers,Brooklyn,BROOKLYN,3.0,New York,40.59815048,-73.9511857,1.0,Senior Centers,False
Brilla College Preparatory Charter School (Grades K-4),Bronx,BRONX,2.0,New York,40.81266386,-73.91956573,1.0,School,False
ALC - CLOISTERS,Manhattan,MANHATTAN,1.0,New York,40.8505856,-73.93304212,1.0,School,False
Cambria Heights Academy,Queens,QUEENS,4.0,New York,40.71184095,-73.77119404,1.0,School,False
Our World Neighborhood Charter Elementary School,Queens,QUEENS,4.0,New York,40.75615262,-73.92431938,1.0,School,False
"The Capital Group Companies, Inc.",Manhattan,MANHATTAN,1.0,New York,40.75953381,-73.97224506,5.0,Businesses & Commercial Spaces,False
Morgan Stanley - 1585 Broadway,Manhattan,MANHATTAN,1.0,New York,40.76020869,-73.98533366,1.0,Businesses & Commercial Spaces,False
Teachers Preparatory High School,Brooklyn,BROOKLYN,3.0,New York,40.66587085,-73.91170515,1.0,School,False
"AECOM of YU, Div. of Substance Abuse",Bronx,BRONX,2.0,New York,40.8256789,-73.91881282,1.0,Colleges & Universities,False
Columbia Secondary School,Manhattan,MANHATTAN,1.0,New York,40.8104246,-73.95580871,1.0,School,False
Morgan Stanley - 1585 Broadway,Manhattan,MANHATTAN,1.0,New York,40.76020869,-73.98533366,1.0,Businesses & Commercial Spaces,False
"National Holdings Corporation - New York, NY",Manhattan,MANHATTAN,1.0,New York,40.71443965,-74.01549311,1.0,Businesses & Commercial Spaces,False
Equinox,Manhattan,MANHATTAN,1.0,New York,40.74060295,-73.98604529,2.0,Health Clubs & Gyms,False
P.S. X088 - S. Silverstein Little Sparrow School,Bronx,BRONX,2.0,New York,40.83726886,-73.91357288,1.0,Public Schools,False
I.S. 061 William A Morris,Staten Island,STATEN ISLAND,5.0,New York,40.63400168,-74.09782538,1.0,Public Schools,False
Aviation Career & Technical Education High School,Queens,QUEENS,4.0,New York,40.74350231,-73.9290758,1.0,School,False
P.S. 133 Queens,Queens,QUEENS,4.0,New York,40.73172061,-73.71785769,1.0,Public Schools,False
P.S. 004 Maurice Wollin,Staten Island,STATEN ISLAND,5.0,New York,40.55296711,-74.19459582,1.0,Public Schools,False
I.S. 075 Frank D. Paulo,Staten Island,STATEN ISLAND,5.0,New York,40.54437298,-74.19789528,1.0,Public Schools,False
P.S. 076 A. Philip Randolph,Manhattan,MANHATTAN,1.0,New York,40.80676118,-73.95106102,1.0,Public Schools,False
Hearst Corporation,Manhattan,MANHATTAN,1.0,New York,40.76707037,-73.98375453,1.0,Businesses & Commercial Spaces,False
P.S. 042 Eltingville,Staten Island,STATEN ISLAND,5.0,New York,40.55251579,-74.16946275,1.0,Public Schools,False
P.S. 138 Brooklyn,Brooklyn,BROOKLYN,3.0,New York,40.6743732,-73.95144334,1.0,Public Schools,False
J.H.S. 220 John J. Pershing,Brooklyn,BROOKLYN,3.0,New York,40.64077092,-74.00049004,1.0,Public Schools,False
P.S. 021 Edward Hart,Queens,QUEENS,4.0,New York,40.77450479,-73.81928304,1.0,Public Schools,False
J.H.S. 218 James P. Sinnott,Brooklyn,BROOKLYN,3.0,New York,40.67071604,-73.87420804,1.0,Public Schools,False
P.S. Q016 The Nancy DeBenedittis School,Queens,QUEENS,4.0,New York,40.74897924,-73.86122925,1.0,Public Schools,False
Brooklyn Preschool of Science,Brooklyn,BROOKLYN,3.0,New York,40.68838676,-73.98862361,1.0,School,False
Edward A. Reynolds West Side High School,Manhattan,MANHATTAN,1.0,New York,40.79273391,-73.94742736,3.0,Public Schools,False
Harbor Sciences and Arts Charter School,Manhattan,MANHATTAN,1.0,New York,40.79566394,-73.94452849,1.0,School,False
BFFY St. Louis Senior Centers,Brooklyn,BROOKLYN,3.0,New York,40.67181341,-73.94198227,1.0,Senior Centers,False
Grand Coalition of Seniors,Manhattan,MANHATTAN,1.0,New York,40.71832045,-73.98244974,1.0,Senior Centers,False
P.S. 251 Queens,Queens,QUEENS,4.0,New York,40.66421031,-73.76024889,1.0,Public Schools,False
I.S. 117 Joseph H. Wade,Bronx,BRONX,2.0,New York,40.84854025,-73.90841468,1.0,Public Schools,False
The Metropolitan Museum of Art,Manhattan,MANHATTAN,1.0,New York,40.77862632,-73.96254586,1.0,Museums,False
Macy's Inc. - 77907 - MBS Fordham Place,Bronx,BRONX,2.0,New York,40.86162317,-73.89126388,1.0,Businesses & Commercial Spaces,False
Blink Fitness,Brooklyn,BROOKLYN,3.0,New York,40.64078652,-73.9051193,1.0,Health Clubs & Gyms,False
I.S. 007 Elias Bernstein,Staten Island,STATEN ISLAND,5.0,New York,40.52374941,-74.18593897,1.0,Public Schools,False
"Curtis Mallet-Prevost, Coli & Mosie LLP",Manhattan,MANHATTAN,1.0,New York,40.75098522,-73.97848538,1.0,Businesses & Commercial Spaces,False
UBA Beatrice Lewis Senior Centers,Manhattan,MANHATTAN,1.0,New York,40.80445875,-73.9352596,1.0,Senior Centers,False
"Young Women's Leadership School, Astoria",Queens,QUEENS,4.0,New York,40.7712078,-73.92459103,1.0,School,False
St. Francis Prep High School,Queens,QUEENS,4.0,New York,40.74266493,-73.77543997,1.0,School,False
Central Brooklyn Ascend Charter Lower School,Brooklyn,BROOKLYN,3.0,New York,40.63921438,-73.94929631,1.0,School,False
Morgan Stanley - ISG - New York Metro - 750 7th Ave - Floor: 12,Manhattan,MANHATTAN,1.0,New York,40.76074642,-73.98352505,1.0,Businesses & Commercial Spaces,False
Macy's Inc. - 71136 - Staten Island Furniture,Staten Island,STATEN ISLAND,5.0,New York,40.58550565,-74.1655973,1.0,Businesses & Commercial Spaces,False
I.S. 228 David A. Boody,Brooklyn,BROOKLYN,3.0,New York,40.60129311,-73.97695292,1.0,Public Schools,False
Success Academy Charter School-Washington Heights,Manhattan,MANHATTAN,1.0,New York,40.85779444,-73.93509903,1.0,School,False
Luisa Pineiro Fuentes School of Science and Discovery,Bronx,BRONX,2.0,New York,40.86929021,-73.90152343,1.0,School,False
IMAGINE SOFTWARE,Manhattan,MANHATTAN,1.0,New York,40.71021597,-74.01089679,1.0,Businesses & Commercial Spaces,False
The Stephanie A. Vierno School,Staten Island,STATEN ISLAND,5.0,New York,40.57403691,-74.10928124,1.0,School,False
Fairmont Neighborhood School,Bronx,BRONX,2.0,New York,40.83415024,-73.88751089,1.0,School,False
Harlem Village Academy West Middle School,Manhattan,MANHATTAN,1.0,New York,40.82141871,-73.94067347,1.0,School,False
Manhattan West LLC,Manhattan,MANHATTAN,1.0,New York,40.77583508,-73.96308541,1.0,Businesses & Commercial Spaces,False
Friends Seminary,Manhattan,MANHATTAN,1.0,New York,40.73441897,-73.98577597,1.0,School,False
The Frick Collection,Manhattan,MANHATTAN,1.0,New York,40.77104689,-73.967749,1.0,Museums,False
Piper Sandler & Co.,Manhattan,MANHATTAN,1.0,New York,40.75963708,-73.98062674,1.0,Businesses & Commercial Spaces,False
Hostos-Lincoln Academy of Science,Bronx,BRONX,2.0,New York,40.81551851,-73.91222478,1.0,School,False
Little Red School House,Manhattan,MANHATTAN,1.0,New York,40.72677842,-74.00105712,1.0,School,False
Jacob K. Javits Convention Center,Manhattan,MANHATTAN,1.0,New York,40.75655629,-74.00380806,1.0,Performance Venues,False
Citigroup Corporation Investment Bank-Medical Department:388 Greenwich Street,Manhattan,MANHATTAN,1.0,New York,40.72065166,-74.01009762,1.0,Businesses & Commercial Spaces,False
P.S. 102 The Bayview,Brooklyn,BROOKLYN,3.0,New York,40.63401233,-74.0290356,1.0,Public Schools,False
Morgan Stanley - ISG - New York Metro - 750 7th Ave - Floor: 18,Manhattan,MANHATTAN,1.0,New York,40.76074642,-73.98352505,1.0,Businesses & Commercial Spaces,False
Brooklyn Scholars Charter School,Brooklyn,BROOKLYN,3.0,New York,40.66883069,-73.86718951,1.0,School,False
The Woodside Community School,Queens,QUEENS,4.0,New York,40.74768556,-73.90642813,1.0,School,False
P.S. 90 Edna Cohen School,Brooklyn,BROOKLYN,3.0,New York,40.57824838,-73.9796284,1.0,Public Schools,False
P.S. 158 Warwick,Brooklyn,BROOKLYN,3.0,New York,40.67257167,-73.88480315,1.0,Public Schools,False
Carmel Richmond Healthcare & Rehabilitation Center,Staten Island,STATEN ISLAND,5.0,New York,40.59622848,-74.09047813,1.0,Nursing Homes,False
"Mutual Redevelopment Houses, Inc",Manhattan,MANHATTAN,1.0,New York,40.74949408,-73.99844446,1.0,Businesses & Commercial Spaces,False
Time Warner Cable,Manhattan,MANHATTAN,1.0,New York,40.74677387,-74.00598011,1.0,Businesses & Commercial Spaces,False
P.S. 067 Charles A. Dorsey,Brooklyn,BROOKLYN,3.0,New York,40.69562596,-73.97821482,1.0,Public Schools,False
Erik Zalewski,Manhattan,MANHATTAN,1.0,New York,40.70698798,-74.01233539,1.0,Businesses & Commercial Spaces,False
"Queens High School of Teaching, Liberal Arts and the Sciences",Queens,QUEENS,4.0,New York,40.74607997,-73.72753367,1.0,School,False
Baruch College Campus High School,Manhattan,MANHATTAN,1.0,New York,40.74192324,-73.98652137,1.0,School,False
Morgan Stanley - 1 NY Plaza,Manhattan,MANHATTAN,1.0,New York,40.70253319,-74.01256178,1.0,Businesses & Commercial Spaces,False
P.S. 191 The Riverside School for Makers and Artists,Manhattan,MANHATTAN,1.0,New York,40.77306564,-73.9900677,1.0,Public Schools,False
Maria Gallagher,Queens,QUEENS,4.0,New York,40.71108883,-73.82050168,1.0,School,False
Hotel Pennsylvania,Manhattan,MANHATTAN,1.0,New York,40.74978746,-73.99148598,1.0,Businesses & Commercial Spaces,False
P.S. 111 Jacob Blackwell,Queens,QUEENS,4.0,New York,40.75882398,-73.93937943,1.0,Public Schools,False
Bronx Preparatory Charter School,Bronx,BRONX,2.0,New York,40.83888331,-73.9006615,1.0,School,False
CSI High School for International Studies,Staten Island,STATEN ISLAND,5.0,New York,40.5813078,-74.15858839,1.0,School,False
Sheridan Academy For Young Leaders,Bronx,BRONX,2.0,New York,40.83198571,-73.9179595,1.0,School,False
BFFY Catherine Sheridan Senior Centers,Queens,QUEENS,4.0,New York,40.75154038,-73.88370239,1.0,Senior Centers,False
P.S. 249 The Caton,Brooklyn,BROOKLYN,3.0,New York,40.64970289,-73.96604566,1.0,Public Schools,False
Deutsche Bank,Manhattan,MANHATTAN,1.0,New York,40.75816441,-73.97324549,1.0,Businesses & Commercial Spaces,False
P.S. 006 Lillie D. Blake,Manhattan,MANHATTAN,1.0,New York,40.77744821,-73.9607123,1.0,Public Schools,False
Careers in Sports High School,Bronx,BRONX,2.0,New York,40.82230356,-73.92382834,1.0,School,False
Morgan Stanley - 1585 Broadway,Manhattan,MANHATTAN,1.0,New York,40.76020869,-73.98533366,1.0,Businesses & Commercial Spaces,False
Mott Haven Academy Charter Middle School,Bronx,BRONX,2.0,New York,40.806374,-73.9211483,1.0,School,False
Battery Park City School,Manhattan,MANHATTAN,1.0,New York,40.70643282,-74.01781763,1.0,School,False
Mott Hall V,Bronx,BRONX,2.0,New York,40.83140928,-73.87778408,1.0,School,False
The Barbara Esselborn School,Staten Island,STATEN ISLAND,5.0,New York,40.55257292,-74.13705861,1.0,School,False
Outfront Media,Manhattan,MANHATTAN,1.0,New York,40.75049672,-73.97886451,1.0,Businesses & Commercial Spaces,False
Bronx Engineering and Technology Academy,Bronx,MANHATTAN,1.0,New York,40.87709942,-73.91225527,1.0,Public Schools,True
Division Military Naval Affairs,Manhattan,MANHATTAN,1.0,New York,40.74107473,-73.98361293,3.0,Museums,False
The Equity Project Charter School - Elementary,Manhattan,MANHATTAN,1.0,New York,40.85584913,-73.92711914,1.0,School,False
SONY Corporation,Manhattan,MANHATTAN,1.0,New York,40.76108209,-73.97325154,20.0,Businesses & Commercial Spaces,False
Alice Tully Hall,Manhattan,MANHATTAN,1.0,New York,40.77315252,-73.98221138,1.0,Businesses & Commercial Spaces,False
Congreagation Kol Torah,Brooklyn,BROOKLYN,3.0,New York,40.61858689,-73.95477995,1.0,Houses of Worship,False
KIPP Bronx Charter School II (JEROME) - Elementary,Bronx,BRONX,2.0,New York,40.86877517,-73.89637551,1.0,School,False
New York Aquarium,Brooklyn,BROOKLYN,3.0,New York,40.57517621,-73.97579926,1.0,Zoos & Aquariums,False
Queens Academy High School,Queens,QUEENS,4.0,New York,40.68413394,-73.80147923,1.0,School,False
P.S. 216 Arturo Toscanini,Brooklyn,BROOKLYN,3.0,New York,40.59055663,-73.96996442,1.0,Public Schools,False
Hebrew Language Academy Charter School II (OLD),Brooklyn,BROOKLYN,3.0,New York,40.60085542,-73.98605301,1.0,School,False
T-Mobile USA,Manhattan,MANHATTAN,1.0,New York,40.72007284,-74.00518405,2.0,Businesses & Commercial Spaces,False
"Pilot Fiber, Inc.",Manhattan,MANHATTAN,1.0,New York,40.72674247,-74.00792297,1.0,Businesses & Commercial Spaces,False
High School M560 - City As School,Manhattan,MANHATTAN,1.0,New York,40.72940499,-74.00624194,1.0,School,False
New York Congregation Nursing Center,Brooklyn,BROOKLYN,3.0,New York,40.65242696,-73.95389199,1.0,Nursing Homes,False
Equinox,Manhattan,MANHATTAN,1.0,New York,40.77045879,-73.95716392,3.0,Health Clubs & Gyms,False
Macy's Inc. - LIC Photo & Content Studio,Queens,QUEENS,4.0,New York,40.74316085,-73.93656804,1.0,Businesses & Commercial Spaces,False
One Beacon Court,Manhattan,MANHATTAN,1.0,New York,40.76138819,-73.96812911,1.0,Businesses & Commercial Spaces,False
Equinox,Brooklyn,BROOKLYN,3.0,New York,40.67009459,-73.93101065,1.0,Health Clubs & Gyms,False
Pom Wonderful,Manhattan,BROOKLYN,3.0,New York,40.73807782,-73.9544712,1.0,Businesses & Commercial Spaces,True
Department of Citywide Administrative Services,Manhattan,MANHATTAN,1.0,New York,40.7422252,-73.98682083,1.0,Government Buildings & Services,False
P.S. 046 Edgar Allan Poe,Bronx,BRONX,2.0,New York,40.86761695,-73.89051646,1.0,Public Schools,False
"WIN - Women in Need, Inc. (Bay Family)",Brooklyn,BROOKLYN,3.0,New York,40.58404739,-73.93403402,1.0,Health & Social Services,False
Urban Assembly New York Harbor School,Manhattan,MANHATTAN,1.0,New York,40.70142167,-74.01155174,1.0,Public Schools,False
New York State Department of Housing,Manhattan,MANHATTAN,1.0,New York,40.70497609,-74.01204648,7.0,Government Buildings & Services,False
BFFY Peter Dellamonica Senior Centers,Queens,QUEENS,4.0,New York,40.76427798,-73.93001022,1.0,Senior Centers,False
P.S. 127 McKinley Park,Brooklyn,BROOKLYN,3.0,New York,40.6242156,-74.0187178,1.0,Public Schools,False
Marsh & McLennan - Global Security Holding,Manhattan,MANHATTAN,1.0,New York,40.75699693,-73.98252614,30.0,Businesses & Commercial Spaces,False
Fiorello H. LaGuardia High School of Music & Art and Performing Arts,Manhattan,MANHATTAN,1.0,New York,40.77362231,-73.98527293,1.0,School,False
Anacostia Rail Holdings - NEW YORK & ATLANTIC RAILWAY (NYA),Queens,QUEENS,4.0,New York,40.70621597,-73.88637866,1.0,Businesses & Commercial Spaces,False
John Adams High School,Queens,QUEENS,4.0,New York,40.6796313,-73.83729753,1.0,Public Schools,False
Jack and Pearl Resnick Campus,Bronx,BRONX,2.0,New York,40.85117554,-73.84482139,0.0,School,False
Mariners Harbor Senior Centers,Staten Island,STATEN ISLAND,5.0,New York,40.63347472,-74.16290296,1.0,Senior Centers,False
Pathways to Graduation @ Opportunities for a Better Tomorrow I,Brooklyn,BROOKLYN,3.0,New York,40.65745635,-74.00441869,1.0,School,False
Jack and Pearl Resnick Campus,Manhattan,BRONX,2.0,New York,40.85117554,-73.84482139,1.0,School,True
Mosaic Pre-K Center at 106-02 Northern Blvd (Q414),Queens,QUEENS,4.0,New York,40.75774774,-73.86265836,1.0,Public Schools,False
M.S. 158 Marie Curie,Queens,QUEENS,4.0,New York,40.75613119,-73.77286051,1.0,Public Schools,False
"Walt Disney/ABC, Inc.",Manhattan,MANHATTAN,1.0,New York,40.75240612,-73.99396524,1.0,Businesses & Commercial Spaces,False
"NYC DOE Division of Instructional, Info & Tech [335 Adams]",Brooklyn,BROOKLYN,3.0,New York,40.69355794,-73.98890761,1.0,Government Buildings & Services,False
McKool Smith,Manhattan,MANHATTAN,1.0,New York,40.75517461,-73.98388016,1.0,Businesses & Commercial Spaces,False
POLY PREP CDS,Brooklyn,BROOKLYN,3.0,New York,40.61231054,-74.02373162,6.0,Private Schools,False
Mosaic Pre-K Center at 98-22 55th Avenue (Q437),Queens,QUEENS,4.0,New York,40.73918441,-73.86226013,1.0,Public Schools,False
N.Y.C. Lab School for Collaborative Studies,Manhattan,MANHATTAN,1.0,New York,40.74212163,-74.00219773,1.0,School,False
Morgan Stanley - ISG - New York Metro - 750 7th Avenue - Floor: 18,Manhattan,MANHATTAN,1.0,New York,40.76074642,-73.98352505,1.0,Businesses & Commercial Spaces,False
"Gunderson, Dettmer, Stough, Villeneuve, Franklin",Manhattan,MANHATTAN,1.0,New York,40.74756389,-73.98801797,5.0,Businesses & Commercial Spaces,False
The Museum of Modern Art,Manhattan,MANHATTAN,1.0,New York,40.76099511,-73.97720066,1.0,Museums,False
Uber Technologies - Uber Brooklyn GLH,Brooklyn,BROOKLYN,3.0,New York,40.66374889,-73.96046954,1.0,Businesses & Commercial Spaces,False
P.S. 046 Arthur Tappan,Manhattan,MANHATTAN,1.0,New York,40.83131083,-73.93569953,1.0,Public Schools,False
High School for Excellence and Innovation,Manhattan,MANHATTAN,1.0,New York,40.86604708,-73.92483377,1.0,School,False
Selfhelp Maspeth Senior Centers,Queens,QUEENS,4.0,New York,40.72701174,-73.89355532,1.0,Senior Centers,False
Department of Citywide Administrative Services,Manhattan,MANHATTAN,1.0,New York,40.71864001,-73.99358592,1.0,Government Buildings & Services,False
The Stahl Organization,Manhattan,MANHATTAN,1.0,New York,40.75555731,-73.97513791,1.0,Businesses & Commercial Spaces,False
Columbia University,Manhattan,MANHATTAN,1.0,New York,40.8413014,-73.9402798,1.0,Colleges & Universities,False
Waterline Sq. 2,Manhattan,MANHATTAN,1.0,New York,40.7734939,-73.99108579,1.0,Businesses & Commercial Spaces,False
P.S. 221 The North Hills School,Queens,QUEENS,4.0,New York,40.7593955,-73.73129806,1.0,Public Schools,False
U.S Department of Justice,Manhattan,MANHATTAN,1.0,New York,40.71600786,-74.00474364,1.0,Government Buildings & Services,False
Flushing High School,Queens,QUEENS,4.0,New York,40.76515838,-73.82788949,1.0,School,False
Concord High School,Staten Island,STATEN ISLAND,5.0,New York,40.61086061,-74.08737903,1.0,School,False
P.S. 108 Assemblyman Angelo Del Toro Educational Complex,Manhattan,MANHATTAN,1.0,New York,40.79513874,-73.94836809,1.0,Public Schools,False
P723X @ X909 (X909),Bronx,BRONX,2.0,New York,40.84649897,-73.89643204,1.0,Public Schools,False
Saint David's School,Manhattan,MANHATTAN,1.0,New York,40.78318667,-73.95839426,5.0,School,False
Morgan Stanley - 1585 Broadway,Manhattan,MANHATTAN,1.0,New York,40.76020869,-73.98533366,1.0,Businesses & Commercial Spaces,False
Liberation Diploma Plus,Brooklyn,BROOKLYN,3.0,New York,40.57720082,-73.98595357,1.0,School,False
Art and Design High School,Manhattan,MANHATTAN,1.0,New York,40.7591454,-73.96699314,1.0,School,False
COTHOA Senior Centers,Manhattan,MANHATTAN,1.0,New York,40.83431914,-73.94095103,1.0,Senior Centers,False
Armstrong Teasdale - New York,Manhattan,MANHATTAN,1.0,New York,40.7591348,-73.96833956,1.0,Businesses & Commercial Spaces,False
Alexandria Real Estate Equities,Manhattan,MANHATTAN,1.0,New York,40.74004101,-73.97436787,5.0,Businesses & Commercial Spaces,False
Surf Solomon Senior Centers,Brooklyn,BROOKLYN,3.0,New York,40.57316956,-74.00250891,1.0,Senior Centers,False
District 27 Pre-K Center at Q473 (Q473),Queens,QUEENS,4.0,New York,40.67182905,-73.85667514,1.0,Public Schools,False
Jacob K. Javits Convention Center,Manhattan,MANHATTAN,1.0,New York,40.75655629,-74.00380806,1.0,Performance Venues,False
Edward J Minskoff [1325 AotA],Manhattan,MANHATTAN,1.0,New York,40.76199178,-73.97890055,1.0,Businesses & Commercial Spaces,False
"Walt Disney/ABC, Inc.",Manhattan,MANHATTAN,1.0,New York,40.77324011,-73.98069136,1.0,Businesses & Commercial Spaces,False
Rego Park Senior Centers,Queens,QUEENS,4.0,New York,40.73146237,-73.86604309,1.0,Senior Centers,False
CSE 2,Bronx,BRONX,2.0,New York,40.83211055,-73.82748797,1.0,Government Buildings & Services,False
The Dr. Emmett W. Bassett School,Bronx,BRONX,2.0,New York,40.82851101,-73.8565676,1.0,Public Schools,False
P.S. 084 Lillian Weber,Manhattan,MANHATTAN,1.0,New York,40.78951903,-73.9675739,1.0,Public Schools,False
Silverstein Properties,Manhattan,MANHATTAN,1.0,New York,40.75720889,-73.97182732,1.0,Businesses & Commercial Spaces,False
"Royce & Associates, LLC",Manhattan,MANHATTAN,1.0,New York,40.76331917,-73.97369465,4.0,Businesses & Commercial Spaces,False
Bay Street Co OP Board,Staten Island,STATEN ISLAND,5.0,New York,40.63792795,-74.07427413,1.0,Businesses & Commercial Spaces,False
Williamsburg Charter High School,Brooklyn,BROOKLYN,3.0,New York,40.70368802,-73.93596737,1.0,School,False
"Walt Disney/ABC, Inc.",Manhattan,MANHATTAN,1.0,New York,40.77324011,-73.98069136,1.0,Businesses & Commercial Spaces,False
"Walt Disney/ABC, Inc.",Manhattan,MANHATTAN,1.0,New York,40.77298749,-73.98008127,1.0,Businesses & Commercial Spaces,False
Lavelle Preparatory Charter School (CC1),Staten Island,STATEN ISLAND,5.0,New York,40.60426617,-74.17846815,1.0,Public Schools,False
Talent Unlimited High School,Manhattan,MANHATTAN,1.0,New York,40.76535184,-73.96005883,1.0,School,False
P.S. 130 The Parkside,Brooklyn,BROOKLYN,3.0,New York,40.6488764,-73.97560666,1.0,Public Schools,False
P.S. 087 Bronx,Bronx,BRONX,2.0,New York,40.89509824,-73.84596635,1.0,Public Schools,False
John V. Lindsay Wildcat Academy Charter School,Manhattan,MANHATTAN,1.0,New York,40.70487681,-74.01592729,1.0,School,False
P.S. 044 David C. Farragut,Bronx,BRONX,2.0,New York,40.84207777,-73.89111524,1.0,Public Schools,False
Pathways to Graduation @ Community Mediation Services,Queens,QUEENS,4.0,New York,40.70663237,-73.79803237,1.0,School,False
"W.P. Carey, Inc.",Manhattan,MANHATTAN,1.0,New York,40.75937316,-73.97822998,1.0,Businesses & Commercial Spaces,False
Mosaic Pre-K Center at 50-15 44th Street (Q777),Queens,QUEENS,4.0,New York,40.73712697,-73.92178987,1.0,Public Schools,False
Morgan Stanley - ISG - New York Metro - 522 5th Avenue - Floor: 08,Manhattan,MANHATTAN,1.0,New York,40.75450705,-73.98014457,1.0,Businesses & Commercial Spaces,False
Riverdale / Kingsbridge Academy (Middle School / High School 141),Bronx,BRONX,2.0,New York,40.88833176,-73.91348454,1.0,School,False
Academy of the City Charter School,Queens,QUEENS,4.0,New York,40.75692405,-73.90267561,1.0,Public Schools,False
BFFY Wakefield Senior Centers,Queens,QUEENS,4.0,New York,40.67025546,-73.82095446,1.0,Senior Centers,False
"Nederlander Producing Company of America, Inc. - Palace Theatre",Manhattan,MANHATTAN,1.0,New York,40.75869058,-73.98343532,4.0,Performance Venues,False
Morgan Stanley - 1585 Broadway,Manhattan,MANHATTAN,1.0,New York,40.76020869,-73.98533366,1.0,Businesses & Commercial Spaces,False
Neil Simon Theater,Manhattan,MANHATTAN,1.0,New York,40.75596569,-73.98888635,0.0,Performance Venues,False
Bronx Charter School for Better Learning I,Bronx,BRONX,2.0,New York,40.88433662,-73.84025199,1.0,School,False
P186X - Walter J. Damrosch,Bronx,BRONX,2.0,New York,40.83181334,-73.89807389,1.0,Public Schools,False
P.S. 026 Jesse Owens,Brooklyn,BROOKLYN,3.0,New York,40.6921191,-73.93173061,1.0,Public Schools,False
P.S. 238 Anne Sullivan,Brooklyn,BROOKLYN,3.0,New York,40.60885473,-73.96505809,1.0,Public Schools,False
Columbia University - Dodge Hall,Manhattan,MANHATTAN,1.0,New York,40.80818766,-73.96374652,1.0,Colleges & Universities,False
McClancy High School,Queens,QUEENS,4.0,New York,40.75816165,-73.89608262,6.0,School,False
M.S. 255 Salk School of Science,Manhattan,MANHATTAN,1.0,New York,40.7357441,-73.98165489,1.0,Public Schools,False
The Jermaine L. Green STEM Institute of Queens,Queens,QUEENS,4.0,New York,40.68030159,-73.77443215,1.0,Public Schools,False
Benjamin N. Cardozo High School,Queens,QUEENS,4.0,New York,40.75232524,-73.75598916,1.0,School,False
Poly Prep COS,Brooklyn,BROOKLYN,3.0,New York,40.66922835,-73.97299292,1.0,School,False
P.S. 250 George H. Lindsay,Brooklyn,BROOKLYN,3.0,New York,40.70709645,-73.94547533,1.0,Public Schools,False
The Museum of Modern Art,Manhattan,MANHATTAN,1.0,New York,40.76099511,-73.97720066,1.0,Museums,False
The Blackstone Group,Manhattan,MANHATTAN,1.0,New York,40.75816441,-73.97324549,1.0,Businesses & Commercial Spaces,False
Brightwood Capital Advisors,Manhattan,MANHATTAN,1.0,New York,40.76263186,-73.98214562,1.0,Businesses & Commercial Spaces,False
AYSO- FPP - R266,Brooklyn,BROOKLYN,3.0,New York,40.58725196,-73.95366714,1.0,Health Clubs & Gyms,False
Cushman & Wakefield [2 Park Ave],Manhattan,MANHATTAN,1.0,New York,40.74606997,-73.98209233,1.0,Businesses & Commercial Spaces,False
P751M @ M323 (M323),Manhattan,MANHATTAN,1.0,New York,40.73099141,-74.00719103,1.0,Public Schools,False
"The Queens College School for Math, Science and Technology",Queens,QUEENS,4.0,New York,40.73923889,-73.82205664,1.0,School,False
I.S. 125 Thom J. McCann Woodside,Queens,QUEENS,4.0,New York,40.74112412,-73.91894512,1.0,Public Schools,False
Network Medical Systems,Manhattan,MANHATTAN,1.0,New York,40.74762687,-73.98665374,1.0,Businesses & Commercial Spaces,False
Morgan Stanley - ISG - New York Metro - Floor: 17,Brooklyn,MANHATTAN,1.0,New York,40.76074642,-73.98352505,2.0,Businesses & Commercial Spaces,True
Fox Networks Group - New York,Manhattan,MANHATTAN,1.0,New York,40.76639019,-73.96252388,10.0,Businesses & Commercial Spaces,False
Hudson River Park Trust,Manhattan,MANHATTAN,1.0,New York,40.72916313,-74.0106762,4.0,Parks & Recreation,False
SIRIUS XM SATELITE RADIO,Manhattan,MANHATTAN,1.0,New York,40.75909387,-73.98213574,3.0,Businesses & Commercial Spaces,False
P.S. 185 - The Locke School of Arts and Engineering,Manhattan,MANHATTAN,1.0,New York,40.79851791,-73.94923952,1.0,Public Schools,False
LYFE Program at Midtown Manhattan Learning Center (M081),Manhattan,MANHATTAN,1.0,New York,40.80600644,-73.9512169,1.0,School,False
"Walt Disney/ABC, Inc.",Manhattan,MANHATTAN,1.0,New York,40.77615325,-73.98759398,1.0,Businesses & Commercial Spaces,False
Brilla Charter School Pax,Bronx,BRONX,2.0,New York,40.86219388,-73.90666046,1.0,School,False
Urban Scholars Community School,Bronx,BRONX,2.0,New York,40.82841218,-73.90072055,1.0,School,False
P.S. 048 P.O. Michael J. Buczek,Manhattan,MANHATTAN,1.0,New York,40.85345991,-73.93404775,1.0,Public Schools,False
P.S. 024 Andrew Jackson,Queens,QUEENS,4.0,New York,40.75206282,-73.81878832,1.0,Public Schools,False
Hearst Communication,Manhattan,MANHATTAN,1.0,New York,40.76643902,-73.98332508,0.0,Businesses & Commercial Spaces,False
P.S. 093 Albert G. Oliver,Bronx,BRONX,2.0,New York,40.82176882,-73.87691665,1.0,Public Schools,False
"Amalgamated Warbasse Houses,",Brooklyn,BROOKLYN,3.0,New York,40.58018177,-73.97172228,1.0,Businesses & Commercial Spaces,False
Fisher Brothers - 299 Park,Manhattan,MANHATTAN,1.0,New York,40.75644922,-73.97449508,1.0,Businesses & Commercial Spaces,False
P.S. 110 Queens,Queens,QUEENS,4.0,New York,40.74598806,-73.86637106,1.0,Public Schools,False
Carter Ledyard & Milburn LLP,Manhattan,MANHATTAN,1.0,New York,40.70810817,-74.00876837,1.0,Businesses & Commercial Spaces,False
Pathways to Graduation @ DREAMS,Brooklyn,BROOKLYN,3.0,New York,40.68112233,-73.8749635,1.0,School,False
Pelham Gardens Middle School,Bronx,BRONX,2.0,New York,40.86372878,-73.83606808,1.0,School,False
Brookfield Properties,Manhattan,MANHATTAN,1.0,New York,40.7530897,-73.99770085,4.0,Businesses & Commercial Spaces,False
Three World Trade Center,Manhattan,MANHATTAN,1.0,New York,40.71096789,-74.01235777,1.0,Businesses & Commercial Spaces,False
Bronx Studio School for Writers and Artists,Bronx,BRONX,2.0,New York,40.82057187,-73.89312689,1.0,Public Schools,False
New Bridges Elementary,Brooklyn,BROOKLYN,3.0,New York,40.66899331,-73.93463459,1.0,Public Schools,False
Achievement First Crown Heights Charter Elementary School,Brooklyn,BROOKLYN,3.0,New York,40.66170438,-73.93677556,1.0,School,False
Vornado [90 Park],Manhattan,MANHATTAN,1.0,New York,40.75049672,-73.97886451,1.0,Businesses & Commercial Spaces,False
Bryan Cave Leighton Paisner LLP,Manhattan,MANHATTAN,1.0,New York,40.76085011,-73.97971672,1.0,Businesses & Commercial Spaces,False
TD Cowen,Manhattan,MANHATTAN,1.0,New York,40.75826818,-73.97105441,1.0,Businesses & Commercial Spaces,False
Morgan Stanley - 750 7th Avenue,Manhattan,MANHATTAN,1.0,New York,40.76074642,-73.98352505,1.0,Businesses & Commercial Spaces,False
The Blackstone Group,Manhattan,MANHATTAN,1.0,New York,40.75816441,-73.97324549,1.0,Businesses & Commercial Spaces,False
Pathways in Technology Early College High School (P-Tech),Brooklyn,BROOKLYN,3.0,New York,40.67560506,-73.93884249,1.0,School,False
Fisher Brothers [1345 Leasehold LLC],Manhattan,MANHATTAN,1.0,New York,40.76259829,-73.97845996,1.0,Businesses & Commercial Spaces,False
Samara Community School,Bronx,BRONX,2.0,New York,40.83322823,-73.88496478,1.0,School,False
P.S. 055 Maure,Queens,QUEENS,4.0,New York,40.69399645,-73.81661718,1.0,Public Schools,False
BFFY St. Charles Jubilee Senior Centers,Brooklyn,BROOKLYN,3.0,New York,40.69577615,-73.99511717,1.0,Senior Centers,False
I.S. 254 Bronx,Bronx,BRONX,2.0,New York,40.85880884,-73.89023096,1.0,Public Schools,False
Equinox,Manhattan,MANHATTAN,1.0,New York,40.75782815,-73.96779152,2.0,Health Clubs & Gyms,False
I.S. 227 Louis Armstrong,Queens,QUEENS,4.0,New York,40.75840079,-73.87447135,1.0,Public Schools,False
Staten Island Borough Office,Staten Island,STATEN ISLAND,5.0,New York,40.60874845,-74.10234414,1.0,Government Buildings & Services,False
Brooklyn International High School,Brooklyn,BROOKLYN,3.0,New York,40.69733156,-73.98501576,1.0,School,False
Anchin Block & Anchin,Manhattan,MANHATTAN,1.0,New York,40.7523205,-73.98746128,1.0,Businesses & Commercial Spaces,False
"New Explorations into Science, Technology and Math High School",Manhattan,MANHATTAN,1.0,New York,40.7188881,-73.97930747,1.0,School,False
"Mutual Redevelopment Houses, Inc",Manhattan,MANHATTAN,1.0,New York,40.74677127,-73.99804392,1.0,Businesses & Commercial Spaces,False
A. Philip Randolph Campus High School,Manhattan,MANHATTAN,1.0,New York,40.81818176,-73.9503553,1.0,Public Schools,False
"Zweig-DiMenna Associates, LLC",Manhattan,MANHATTAN,1.0,New York,40.75858322,-73.96875854,1.0,Businesses & Commercial Spaces,False
Worldwide Plaza,Manhattan,MANHATTAN,1.0,New York,40.76206701,-73.98627542,1.0,Businesses & Commercial Spaces,False
District 7 Office,Bronx,BRONX,2.0,New York,40.81538975,-73.92008265,1.0,Government Buildings & Services,False
Equinox,Manhattan,MANHATTAN,1.0,New York,40.77798373,-73.95410802,2.0,Health Clubs & Gyms,False
Caoch Inc.,Manhattan,MANHATTAN,1.0,New York,40.75497812,-74.00011911,3.0,Businesses & Commercial Spaces,False
Harbor Sciences and Arts Charter School,Manhattan,MANHATTAN,1.0,New York,40.79566394,-73.94452849,1.0,School,False
P.S. 028 Wright Brothers,Manhattan,MANHATTAN,1.0,New York,40.83122093,-73.94214266,1.0,Public Schools,False
Cobble Hill School of American Studies,Brooklyn,BROOKLYN,3.0,New York,40.68451684,-73.99099317,1.0,School,False
P.S. 070 Queens,Queens,QUEENS,4.0,New York,40.76153028,-73.91361017,1.0,Public Schools,False
Cougar Capital,Manhattan,MANHATTAN,1.0,New York,40.76203509,-73.97582857,1.0,Businesses & Commercial Spaces,False
Eleven Times Square,Manhattan,MANHATTAN,1.0,New York,40.75689078,-73.9900232,17.0,Businesses & Commercial Spaces,False
Department of Citywide Administrative Services,Queens,QUEENS,4.0,New York,40.71332174,-73.828601,1.0,Government Buildings & Services,False
One Chase Metrotech Center,Brooklyn,BROOKLYN,3.0,New York,40.69405165,-73.98574134,1.0,Businesses & Commercial Spaces,False
P.S. 059 The Community School of Technology,Bronx,BRONX,2.0,New York,40.85276803,-73.89352319,1.0,Public Schools,False
"Jack Resnick & Sons, Inc.",Manhattan,MANHATTAN,1.0,New York,40.76573615,-73.98195345,1.0,Businesses & Commercial Spaces,False
P.S. 078 Anne Hutchinson,Bronx,BRONX,2.0,New York,40.87857086,-73.85116148,1.0,Public Schools,False
Morgan Stanley - ISG - New York Metro - 522 5th Avenue - Floor: 5,Manhattan,MANHATTAN,1.0,New York,40.75450705,-73.98014457,1.0,Businesses & Commercial Spaces,False
J.H.S. 202 Robert H. Goddard,Queens,QUEENS,4.0,New York,40.67123215,-73.84514073,1.0,Public Schools,False
P.S. 361 East Flatbush Early Childhood School,Brooklyn,BROOKLYN,3.0,New York,40.63770424,-73.94815889,1.0,Public Schools,False
Smith Houses Senior Centers,Manhattan,MANHATTAN,1.0,New York,40.71195117,-73.99782491,1.0,Senior Centers,False
P.S. 205 Alexander Graham Bell,Queens,QUEENS,4.0,New York,40.73766985,-73.75679,1.0,Public Schools,False
Trump Park Avenue,Manhattan,MANHATTAN,1.0,New York,40.76300529,-73.96973834,1.0,Businesses & Commercial Spaces,False
P.S. 140 Edward K Ellington,Queens,QUEENS,4.0,New York,40.68678974,-73.78124663,1.0,Public Schools,False
Music Box Theater,Manhattan,MANHATTAN,1.0,New York,40.75865263,-73.98714605,1.0,Performance Venues,False
Brooklyn Academy High School,Brooklyn,BROOKLYN,3.0,New York,40.68499632,-73.94715207,1.0,School,False
Practicing Law Institute,Manhattan,MANHATTAN,1.0,New York,40.76263186,-73.98214562,4.0,Businesses & Commercial Spaces,False
Jacob K. Javits Convention Center,Manhattan,MANHATTAN,1.0,New York,40.75655629,-74.00380806,1.0,Performance Venues,False
"Cravath, Swaine & Moore, LLP",Manhattan,MANHATTAN,1.0,New York,40.76206701,-73.98627542,1.0,Businesses & Commercial Spaces,False
International Leadership Charter School,Bronx,BRONX,2.0,New York,40.88084694,-73.90995395,1.0,School,False
P.S. 112 Lefferts Park,Brooklyn,BROOKLYN,3.0,New York,40.61977332,-74.00079246,1.0,Public Schools,False
P.S. 030 Westerleigh,Staten Island,STATEN ISLAND,5.0,New York,40.61843116,-74.13264498,1.0,Public Schools,False
Brooklyn Technical High School,Brooklyn,BROOKLYN,3.0,New York,40.68882691,-73.97690452,1.0,School,False
P.S. 159 Queens,Queens,QUEENS,4.0,New York,40.76935217,-73.78394201,1.0,Public Schools,False
Morgan Stanley - ISG - New York Metro - 750 7th Avenue - Floor: 12,Manhattan,MANHATTAN,1.0,New York,40.76074642,-73.98352505,1.0,Businesses & Commercial Spaces,False
Perkins Eastman,Manhattan,MANHATTAN,1.0,New York,40.73888801,-73.99150181,1.0,Businesses & Commercial Spaces,False
Brooklyn United Methodist Church Home,Brooklyn,BROOKLYN,3.0,New York,40.6709579,-73.86253496,1.0,Houses of Worship,False
P.S. 048 P.O. Michael J. Buczek,Manhattan,MANHATTAN,1.0,New York,40.85345991,-73.93404775,1.0,Public Schools,False
Morgan Stanley - 1585 Broadway,Manhattan,MANHATTAN,1.0,New York,40.76020869,-73.98533366,1.0,Businesses & Commercial Spaces,False
Epstein Becker Green,Manhattan,MANHATTAN,1.0,New York,40.7550112,-73.97556764,1.0,Businesses & Commercial Spaces,False
P.S. 161 Arthur Ashe School,Queens,QUEENS,4.0,New York,40.69079026,-73.82165636,1.0,Public Schools,False
Brooklyn Preschool of Science/ Carmelo the Science Fellow,Brooklyn,BROOKLYN,3.0,New York,40.67899779,-73.97650414,1.0,School,False
Harry S. Truman High School,Bronx,BRONX,2.0,New York,40.87408155,-73.83390182,1.0,School,False
Brooklyn Excelsior Charter School,Brooklyn,BROOKLYN,3.0,New York,40.68983432,-73.92550556,1.0,School,False
P.S. 212 Queens,Queens,QUEENS,4.0,New York,40.75307043,-73.88490523,1.0,Public Schools,False
Morgan Stanley - 1633 Broadway,Manhattan,MANHATTAN,1.0,New York,40.76156716,-73.98396163,1.0,Businesses & Commercial Spaces,False
Academy of Medical Technology: A College Board School,Queens,QUEENS,4.0,New York,40.60200214,-73.76279588,1.0,Public Schools,False
New Utrecht High School,Brooklyn,BROOKLYN,3.0,New York,40.61325441,-74.00340366,1.0,School,False
Herbert H. Lehman High School,Bronx,BRONX,2.0,New York,40.8407261,-73.83868378,1.0,School,False
Laurelton Senior Centers,Queens,QUEENS,4.0,New York,40.67614097,-73.73728411,1.0,Senior Centers,False
Brilla Veritas College Preparatory Charter Elementary School (Grades K-4),Bronx,BRONX,2.0,New York,40.81893914,-73.90956474,1.0,School,False
Selfhelp Ben Rosenthal Senior Centers,Queens,QUEENS,4.0,New York,40.75175783,-73.82033032,1.0,Senior Centers,False
Overlook,Queens,QUEENS,4.0,New York,40.71094613,-73.83514674,1.0,Businesses & Commercial Spaces,False
P.S. 156 Laurelton,Queens,QUEENS,4.0,New York,40.67306094,-73.74317246,1.0,Public Schools,False
P.S. 273 Queens,Queens,QUEENS,4.0,New York,40.69359867,-73.84463061,1.0,Public Schools,False
P.S. 452 Manhattan,Manhattan,MANHATTAN,1.0,New York,40.77195924,-73.98742869,1.0,Public Schools,False
JASA Shorefront Senior Centers,Brooklyn,BROOKLYN,3.0,New York,40.57555861,-73.95946002,1.0,Senior Centers,False
East River Academy @ EMTC,Queens,BRONX,2.0,New York,40.78897962,-73.88443122,1.0,School,True
"Amalgamated Warbasse Houses,",Brooklyn,BROOKLYN,3.0,New York,40.58018177,-73.97172228,1.0,Businesses & Commercial Spaces,False
P.S. 032 Belmont,Bronx,BRONX,2.0,New York,40.8520855,-73.88588995,1.0,Public Schools,False
Mott Hall IV,Brooklyn,BROOKLYN,3.0,New York,40.67779728,-73.91584255,1.0,School,False
Cornerstone Research,Manhattan,MANHATTAN,1.0,New York,40.75826818,-73.97105441,5.0,Businesses & Commercial Spaces,False
Ford Foundation,Manhattan,MANHATTAN,1.0,New York,40.75014915,-73.97093524,1.0,Businesses & Commercial Spaces,False
Wildlife Conservation Society,Brooklyn,BROOKLYN,3.0,New York,40.57517621,-73.97579926,1.0,Zoos & Aquariums,False
P138M @ M380 (M380),Manhattan,MANHATTAN,1.0,New York,40.83049748,-73.94449572,1.0,Public Schools,False
Bryan Cave Leighton Paisner LLP,Manhattan,MANHATTAN,1.0,New York,40.76085011,-73.97971672,1.0,Businesses & Commercial Spaces,False
P.S. 154 Harriet Tubman,Manhattan,MANHATTAN,1.0,New York,40.81092129,-73.94893741,1.0,Public Schools,False
Kingsborough Community College,Brooklyn,BROOKLYN,3.0,New York,40.57848969,-73.9348999,1.0,Colleges & Universities,False
The Blackstone Group,Manhattan,MANHATTAN,1.0,New York,40.75816441,-73.97324549,1.0,Businesses & Commercial Spaces,False
P.S. 085 Great Expectations,Bronx,BRONX,2.0,New York,40.85882442,-73.89516556,1.0,Public Schools,False
Bayswater Point State Park,Queens,QUEENS,4.0,New York,40.61264253,-73.7689277,1.0,Parks & Recreation,False
John V. Lindsay Wildcat Academy Charter School,Manhattan,MANHATTAN,1.0,New York,40.70487681,-74.01592729,1.0,School,False
Belasco Theater,Manhattan,MANHATTAN,1.0,New York,40.75638777,-73.98374992,1.0,Performance Venues,False
P.S. 170 Bronx,Bronx,BRONX,2.0,New York,40.84426799,-73.91363242,1.0,Public Schools,False
P. S. 62 - Chester Park School,Queens,QUEENS,4.0,New York,40.68856942,-73.83616143,1.0,Public Schools,False
Brooklyn Technical High School,Brooklyn,BROOKLYN,3.0,New York,40.68882691,-73.97690452,1.0,School,False
"Walt Disney/ABC, Inc.",Manhattan,MANHATTAN,1.0,New York,40.77566742,-73.98750381,1.0,Businesses & Commercial Spaces,False
P.S./I.S. 157 The Benjamin Franklin Health & Science Academy,Brooklyn,BROOKLYN,3.0,New York,40.69540956,-73.95957078,1.0,Public Schools,False
Morgan Stanley - 750 7th Avenue,Manhattan,MANHATTAN,1.0,New York,40.76074642,-73.98352505,2.0,Businesses & Commercial Spaces,False
OGDEN CAP PROPERTIES,Manhattan,MANHATTAN,1.0,New York,40.74298748,-73.98134975,2.0,Businesses & Commercial Spaces,False
Richards Kibbe & Orbe LLP,Manhattan,MANHATTAN,1.0,New York,40.71141766,-74.01544191,1.0,Businesses & Commercial Spaces,False
I.S. 034 Tottenville,Staten Island,STATEN ISLAND,5.0,New York,40.50827607,-74.24342599,1.0,Public Schools,False
M.S. 250 West Side Collaborative Middle School,Manhattan,MANHATTAN,1.0,New York,40.79514998,-73.97329197,1.0,Public Schools,False
P396K - Sid Miller Academy (formerly Ramon Betances School),Brooklyn,BROOKLYN,3.0,New York,40.66884878,-73.91149932,1.0,School,False
P.S. 041 Francis White,Brooklyn,BROOKLYN,3.0,New York,40.66029826,-73.90735495,1.0,Public Schools,False
P.S. 009 Sarah Smith Garnet School,Brooklyn,BROOKLYN,3.0,New York,40.67828961,-73.96554073,1.0,Public Schools,False
Taconic Management,Manhattan,MANHATTAN,1.0,New York,40.74186904,-74.00471301,1.0,Businesses & Commercial Spaces,False
P.S. 198 Brooklyn,Brooklyn,BROOKLYN,3.0,New York,40.63693304,-73.93733957,1.0,Public Schools,False
"H.E.R.O. High (Health, Education, and Research Occupations High School)",Bronx,BRONX,2.0,New York,40.81079619,-73.9070146,1.0,School,False
The Woodside Community School,Queens,QUEENS,4.0,New York,40.74768556,-73.90642813,1.0,School,False
I.S. 061 Leonardo Da Vinci,Queens,QUEENS,4.0,New York,40.74266054,-73.86330668,1.0,Public Schools,False
P.S. 254 - The Rosa Parks School,Queens,QUEENS,4.0,New York,40.6979536,-73.8479599,1.0,Public Schools,False
P.S. 185 - The Locke School of Arts and Engineering,Manhattan,MANHATTAN,1.0,New York,40.79851791,-73.94923952,1.0,Public Schools,False
P.S. 094 Kings College School,Bronx,BRONX,2.0,New York,40.88051585,-73.87571897,1.0,Public Schools,False
I.S. 093 Ridgewood,Queens,QUEENS,4.0,New York,40.70603325,-73.90258428,1.0,Public Schools,False
P.S. 159 Isaac Pitkin,Brooklyn,BROOKLYN,3.0,New York,40.67575839,-73.86946854,1.0,Public Schools,False
Amico Senior Centers,Brooklyn,BROOKLYN,3.0,New York,40.62932516,-73.99802216,1.0,Senior Centers,False
"Wachtell, Lipton, Rosen & Katz",Manhattan,MANHATTAN,1.0,New York,40.76064125,-73.97830898,21.0,Businesses & Commercial Spaces,False
"Science, Technology and Research Early College High School at Erasmus",Brooklyn,BROOKLYN,3.0,New York,40.64978002,-73.95854985,1.0,Public Schools,False
Morgan Stanley - 750 7th Avenue - Floor: 15,Manhattan,MANHATTAN,1.0,New York,40.76074642,-73.98352505,1.0,Businesses & Commercial Spaces,False
Harbor Sciences and Arts Charter School,Manhattan,MANHATTAN,1.0,New York,40.79566394,-73.94452849,1.0,School,False
"Vornado Office Management, LLC",Manhattan,MANHATTAN,1.0,New York,40.73437837,-73.99165394,1.0,Businesses & Commercial Spaces,False
Menaker & Herrmann,Manhattan,MANHATTAN,1.0,New York,40.75187224,-73.98109099,1.0,Businesses & Commercial Spaces,False
MacAndrews & Forbes,Manhattan,MANHATTAN,1.0,New York,40.76308978,-73.96756154,1.0,Businesses & Commercial Spaces,False
"ReStart @ Argus Community, Inc.",Bronx,BRONX,2.0,New York,40.82043112,-73.90473572,1.0,Health & Social Services,False
Fisher Brothers [1345 Leasehold LLC],Manhattan,MANHATTAN,1.0,New York,40.76259829,-73.97845996,1.0,Businesses & Commercial Spaces,False
The Heritage at Trump Place,Manhattan,MANHATTAN,1.0,New York,40.78047072,-73.9873368,1.0,Businesses & Commercial Spaces,False
P.S. 164 Queens Valley,Queens,QUEENS,4.0,New York,40.72091682,-73.82336119,1.0,Public Schools,False
Bronx Bridges High School,Bronx,BRONX,2.0,New York,40.82228268,-73.85616557,1.0,School,False
"40 Wall Street, LLC",Manhattan,MANHATTAN,1.0,New York,40.70677685,-74.01013158,1.0,Businesses & Commercial Spaces,False
Hines,Manhattan,MANHATTAN,1.0,New York,40.75241735,-73.97531955,3.0,Businesses & Commercial Spaces,False
Passages Academy - Horizon - Secure Juvenile Detention Center,Bronx,BRONX,2.0,New York,40.81587148,-73.91440281,1.0,School,False
OGDEN CAP PROPERTIES,Manhattan,MANHATTAN,1.0,New York,40.77142302,-73.98033447,3.0,Businesses & Commercial Spaces,False
The Museum of Modern Art,Manhattan,MANHATTAN,1.0,New York,40.76099511,-73.97720066,1.0,Museums,False
CPC Project Open Door Senior Centers,Manhattan,MANHATTAN,1.0,New York,40.71968319,-73.99828642,1.0,Senior Centers,False
Solstice Residential Group,Manhattan,MANHATTAN,1.0,New York,40.77717522,-73.9761083,2.0,Businesses & Commercial Spaces,False
Zeta Global,Manhattan,MANHATTAN,1.0,New York,40.74785419,-73.98287501,1.0,Businesses & Commercial Spaces,False
J.H.S. 189 Daniel Carter Beard,Queens,QUEENS,4.0,New York,40.75983601,-73.82054669,1.0,Public Schools,False
P.S. 070 Max Schoenfeld,Bronx,BRONX,2.0,New York,40.84424684,-73.90761462,1.0,Public Schools,False
Cushman & Wakefield [2 Park Ave],Manhattan,MANHATTAN,1.0,New York,40.74606997,-73.98209233,1.0,Businesses & Commercial Spaces,False
Piper Sandler & Co.,Manhattan,MANHATTAN,1.0,New York,40.75963708,-73.98062674,1.0,Businesses & Commercial Spaces,False
J.H.S. 167 Robert F. Wagner,Manhattan,MANHATTAN,1.0,New York,40.77204285,-73.95807271,1.0,Public Schools,False
The Blackstone Group,Manhattan,MANHATTAN,1.0,New York,40.75816441,-73.97324549,1.0,Businesses & Commercial Spaces,False
P.S. 375 Jackie Robinson School,Brooklyn,BROOKLYN,3.0,New York,40.66501372,-73.95903417,1.0,Public Schools,False
Collaborative Arts Middle School,Queens,QUEENS,4.0,New York,40.66459974,-73.75878404,1.0,School,False
P.S. 196 Grand Central Parkway,Queens,QUEENS,4.0,New York,40.7227746,-73.8379458,1.0,Public Schools,False
Environmental Study Center,Brooklyn,BROOKLYN,3.0,New York,40.62171028,-73.90850379,1.0,Public Schools,False
P.S. 74 Future Leaders Elementary School,Staten Island,STATEN ISLAND,5.0,New York,40.6390797,-74.07992156,1.0,Public Schools,False
Academy For Personal Leadership and Excellence,Bronx,BRONX,2.0,New York,40.85974561,-73.90016025,4.0,Public Schools,False
"Cowen Group, Inc",Manhattan,MANHATTAN,1.0,New York,40.75826818,-73.97105441,1.0,Businesses & Commercial Spaces,False
District Council 37,Manhattan,MANHATTAN,1.0,New York,40.70360119,-74.00969108,8.0,Businesses & Commercial Spaces,False
I.S. 250 The Robert F. Kennedy Community Middle School,Queens,QUEENS,4.0,New York,40.7244503,-73.81021581,1.0,School,False
NYCDOT Ferry Division,Staten Island,STATEN ISLAND,5.0,New York,40.64372588,-74.0727888,1.0,Ferries & Other Transportation,False
Epic High School - North,Queens,QUEENS,4.0,New York,40.69299788,-73.82940712,3.0,Public Schools,False
Ralph A. Fabrizio School,Brooklyn,BROOKLYN,3.0,New York,40.63002354,-74.01887795,1.0,School,False
Mosholu Montefiore Senior Centers,Bronx,BRONX,2.0,New York,40.88147958,-73.88122485,1.0,Senior Centers,False
U. S. Postal Service,Manhattan,MANHATTAN,1.0,New York,40.75052336,-73.99840112,11.0,Government Buildings & Services,False
"St. Mary's Recreation Center,",Bronx,BRONX,2.0,New York,40.81168028,-73.91444073,1.0,Parks & Recreation,False
Collegiate School,Manhattan,MANHATTAN,1.0,New York,40.78334634,-73.98095202,1.0,School,False
The Brooklyn School for Social Justice,Brooklyn,BROOKLYN,3.0,New York,40.69717736,-73.91116946,1.0,School,False
P.S. 171 Peter G. Van Alst,Queens,QUEENS,4.0,New York,40.77132869,-73.92908576,1.0,Public Schools,False
PJT Partners,Manhattan,MANHATTAN,1.0,New York,40.75601562,-73.97483093,1.0,Businesses & Commercial Spaces,False
"Walt Disney/ABC, Inc.",Manhattan,MANHATTAN,1.0,New York,40.7549197,-73.9866595,1.0,Businesses & Commercial Spaces,False
"JFK AirTrain, Jamaica Station",Queens,QUEENS,4.0,New York,40.69909697,-73.80888151,2.0,Ferries & Other Transportation,False
Marymount School,Manhattan,MANHATTAN,1.0,New York,40.78686455,-73.95120209,1.0,School,False
Citigroup Corporation Investment Bank-Medical Department:390 Greenwich Street,Manhattan,MANHATTAN,1.0,New York,40.72085477,-74.01005797,1.0,Businesses & Commercial Spaces,False
"Fried, Frank, Harris, Shriver & Jacobson LLP",Manhattan,MANHATTAN,1.0,New York,40.70253319,-74.01256178,1.0,Businesses & Commercial Spaces,False
Humanities Preparatory Academy,Manhattan,MANHATTAN,1.0,New York,40.74285998,-74.0021364,1.0,School,False
"The Empire State Building Company, LLC",Manhattan,MANHATTAN,1.0,New York,40.7482689007,-73.98469027358,1.0,Businesses & Commercial Spaces,False
"Vornado Office Management, LLC",Manhattan,MANHATTAN,1.0,New York,40.76139645,-73.96819409,1.0,Businesses & Commercial Spaces,False
Tishman Speyer Properties,Manhattan,MANHATTAN,1.0,New York,40.75809702,-73.97916529,1.0,Businesses & Commercial Spaces,False
Project Find Woodstock Senior Centers,Manhattan,MANHATTAN,1.0,New York,40.75586637,-73.9844539,1.0,Senior Centers,False
Rockefeller University,Manhattan,MANHATTAN,1.0,New York,40.76312728,-73.95645028,1.0,Colleges & Universities,False
Bryan Cave Leighton Paisner LLP,Manhattan,MANHATTAN,1.0,New York,40.76085011,-73.97971672,1.0,Businesses & Commercial Spaces,False
P.S. 251 Paerdegat,Brooklyn,BROOKLYN,3.0,New York,40.63251712,-73.92441689,1.0,Public Schools,False
Tremont Community Senior Centers,Bronx,BRONX,2.0,New York,40.84722949,-73.88809953,1.0,Senior Centers,False
P.S. 018 Park Terrace,Manhattan,MANHATTAN,1.0,New York,40.8712718,-73.91151452,1.0,Public Schools,False
Urban Assembly School for the Performing Arts,Manhattan,MANHATTAN,1.0,New York,40.81524967,-73.955325,1.0,School,False
P.S. 144 Col Jeromus Remsen,Queens,QUEENS,4.0,New York,40.71527346,-73.85241132,1.0,Public Schools,False
New York Life - NE-V73-Greater New York,Manhattan,MANHATTAN,1.0,New York,40.75225544,-73.97546399,1.0,Businesses & Commercial Spaces,False
P.S. 232 Lindenwood,Queens,QUEENS,4.0,New York,40.6659016,-73.85121612,1.0,Public Schools,False
Hostos-Lincoln Academy of Science,Bronx,BRONX,2.0,New York,40.81551851,-73.91222478,1.0,School,False
P.S. 163 Flushing Heights,Queens,QUEENS,4.0,New York,40.74055756,-73.80913046,1.0,Public Schools,False
P.S. 183 Dr. Richard R. Green,Queens,QUEENS,4.0,New York,40.58950028,-73.80536212,1.0,Public Schools,False
Loeb & Loeb LLP,Manhattan,MANHATTAN,1.0,New York,40.75816441,-73.97324549,1.0,Businesses & Commercial Spaces,False
Brookfield Properties - BFPL Retail,Manhattan,MANHATTAN,1.0,New York,40.71452196,-74.0156771,4.0,Businesses & Commercial Spaces,False
Wildlife Conservation SOciety,Bronx,BRONX,2.0,New York,40.85053675,-73.88245508,1.0,Zoos & Aquariums,False
"WIN - Women in Need, Inc. (Shirley Chisolm)",Brooklyn,BROOKLYN,3.0,New York,40.66690914,-73.9915723,1.0,Health & Social Services,False
P.S. 143 Louis Armstrong,Queens,QUEENS,4.0,New York,40.75552775,-73.8563608,1.0,Public Schools,False
Encore Community Services,Manhattan,MANHATTAN,1.0,New York,40.76113642,-73.9853118,1.0,Senior Centers,False
"Gunderson, Dettmer, Stough, Villeneuve, Franklin",Manhattan,MANHATTAN,1.0,New York,40.75640475,-73.98785756,3.0,Businesses & Commercial Spaces,False
Creston Academy,Bronx,BRONX,2.0,New York,40.85486555,-73.90345715,1.0,School,False
P.S. 206 Joseph F Lamb,Brooklyn,BROOKLYN,3.0,New York,40.59736175,-73.94894652,1.0,Public Schools,False
Equinox,Manhattan,MANHATTAN,1.0,New York,40.73748848,-74.00167073,2.0,Health Clubs & Gyms,False
J.H.S. 104 Simon Baruch,Manhattan,MANHATTAN,1.0,New York,40.73608704,-73.98066248,1.0,Public Schools,False
Pathways to Graduation @ Sunset GED Center,Brooklyn,BROOKLYN,3.0,New York,40.65478839,-74.00524383,1.0,School,False
Mott Hall V,Bronx,BRONX,2.0,New York,40.83140928,-73.87778408,1.0,School,False
Three World Trade Center,Manhattan,MANHATTAN,1.0,New York,40.71096789,-74.01235777,1.0,Businesses & Commercial Spaces,False
Carter Burden Luncheon Club,Manhattan,MANHATTAN,1.0,New York,40.76961304,-73.95619692,1.0,Senior Centers,False
North Bronx School of Empowerment,Bronx,BRONX,2.0,New York,40.88086667,-73.86090228,1.0,School,False
Montessori Day School of Brooklyn,Brooklyn,BROOKLYN,3.0,New York,40.67699263,-73.97017049,1.0,School,False
District 30 Pre-K Center at 96-10 23rd Avenue (Q389),Queens,QUEENS,4.0,New York,40.76834465,-73.87409152,1.0,Public Schools,False
International High School at Prospect Heights,Brooklyn,BROOKLYN,3.0,New York,40.67034226,-73.96169487,1.0,School,False
"Ballet Tech, NYC Public School for Dance",Manhattan,MANHATTAN,1.0,New York,40.73859694,-73.98991048,1.0,School,False
Harlem Prep Charter - Elementary School,Manhattan,MANHATTAN,1.0,New York,40.80222097,-73.9501433,1.0,Public Schools,False
Broadway Presbyterian Church,Manhattan,MANHATTAN,1.0,New York,40.80681571,-73.96510187,1.0,Houses of Worship,False
"Mutual Redevelopment Houses, Inc",Manhattan,MANHATTAN,1.0,New York,40.7491235,-73.99701886,1.0,Businesses & Commercial Spaces,False
P.S. 013 Clement C. Moore,Queens,QUEENS,4.0,New York,40.73760527,-73.86850974,1.0,Public Schools,False
South Bronx Classical Charter School IV,Bronx,BRONX,2.0,New York,40.82371657,-73.92302459,1.0,School,False
One Central Park Condominium,Manhattan,MANHATTAN,1.0,New York,40.770043,-73.98415454,1.0,Businesses & Commercial Spaces,False
P.S. 036 Unionport,Bronx,BRONX,2.0,New York,40.82933758,-73.85042647,1.0,Public Schools,False
The Museum of Modern Art,Manhattan,MANHATTAN,1.0,New York,40.76099511,-73.97720066,1.0,Museums,False
Family Life Academy Charter School,Bronx,BRONX,2.0,New York,40.84041504,-73.91829241,1.0,School,False
Fordham University Bronx Location,Bronx,BRONX,2.0,New York,40.86072673616,-73.88953366191,1.0,Colleges & Universities,False
P.S. 040 George W. Carver,Brooklyn,BROOKLYN,3.0,New York,40.68045601,-73.922264,1.0,Public Schools,False
District 75 school,Queens,QUEENS,4.0,New York,40.73954973,-73.92888876,1.0,School,False
The Museum of Modern Art,Manhattan,MANHATTAN,1.0,New York,40.76099511,-73.97720066,1.0,Museums,False
Careers in Sports High School,Bronx,BRONX,2.0,New York,40.82230356,-73.92382834,1.0,School,False
Hines,Manhattan,MANHATTAN,1.0,New York,40.76074642,-73.98352505,1.0,Businesses & Commercial Spaces,False
P.S. 059 Beekman Hill International,Manhattan,MANHATTAN,1.0,New York,40.7592278,-73.96718802,1.0,Public Schools,False
Philips Returns AED,Manhattan,QUEENS,4.0,New York,40.70847218,-73.80006469,1.0,Businesses & Commercial Spaces,True
Richmond Hill High School,Queens,QUEENS,4.0,New York,40.69571733,-73.83460393,1.0,School,False
"Walt Disney/ABC, Inc.",Manhattan,MANHATTAN,1.0,New York,40.77324011,-73.98069136,1.0,Businesses & Commercial Spaces,False
Excellence Boys Charter School of Bedford Stuyvesant Middle Academy,Brooklyn,BROOKLYN,3.0,New York,40.68354099,-73.92618686,1.0,School,False
Benjamin Banneker Academy,Brooklyn,BROOKLYN,3.0,New York,40.69532473,-73.96924268,1.0,School,False
"AICPA - New York, New York 1345 Avenue of Americas",Manhattan,MANHATTAN,1.0,New York,40.76259829,-73.97845996,1.0,Businesses & Commercial Spaces,False
Golden Theater,Manhattan,MANHATTAN,1.0,New York,40.75875696,-73.98744563,1.0,Performance Venues,False
I.S. 072 Rocco Laurie,Staten Island,STATEN ISLAND,5.0,New York,40.59299732,-74.15898712,1.0,Public Schools,False
"Thompson Coburn - New York, NY",Manhattan,MANHATTAN,1.0,New York,40.75888115,-73.97485511,1.0,Businesses & Commercial Spaces,False
L'Oreal USA,Manhattan,MANHATTAN,1.0,New York,40.73057972,-74.00680492,2.0,Businesses & Commercial Spaces,False
Brooklyn Preschool of Science/ Carmelo the Science Fellow,Brooklyn,BROOKLYN,3.0,New York,40.6868665,-73.99292192,1.0,School,False
Salon Marrow Dyckman Newman & Broudy LLP,Manhattan,MANHATTAN,1.0,New York,40.75188302,-73.97996489,1.0,Businesses & Commercial Spaces,False
Unity Preparatory Charter School of Brooklyn - High School,Brooklyn,BROOKLYN,3.0,New York,40.71629367,-73.95723854,1.0,School,False
P.S. 9 Ryer Avenue Elementary School,Bronx,BRONX,2.0,New York,40.85706019,-73.89893519,1.0,Public Schools,False
P.S. 150 Manhattan,Manhattan,MANHATTAN,1.0,New York,40.70697138,-74.01350761,1.0,Public Schools,False
"Related Management, Co.",Manhattan,MANHATTAN,1.0,New York,40.76826687,-73.98231017,1.0,Businesses & Commercial Spaces,False
"Vornado Office Management, LLC",Manhattan,MANHATTAN,1.0,New York,40.74868342,-73.98513771,1.0,Businesses & Commercial Spaces,False
Macklowe Management Company,Manhattan,MANHATTAN,1.0,New York,40.7449402,-73.9913242,1.0,Businesses & Commercial Spaces,False
IPRHE Corona Senior Centers,Queens,QUEENS,4.0,New York,40.75085302,-73.85824772,1.0,Senior Centers,False
J.H.S. 014 Shell Bank,Brooklyn,BROOKLYN,3.0,New York,40.59351346,-73.93767213,1.0,Public Schools,False
The Frick Collection,Manhattan,MANHATTAN,1.0,New York,40.77104689,-73.967749,4.0,Museums,False
P.S. 214 Bronx,Bronx,BRONX,2.0,New York,40.83955838,-73.88035672,1.0,Public Schools,False
Tocqueville Asset Management,Manhattan,MANHATTAN,1.0,New York,40.76353088,-73.97535152,1.0,Businesses & Commercial Spaces,False
Hellenic Classical Charter School,Brooklyn,BROOKLYN,3.0,New York,40.66263831,-73.99208467,1.0,School,False
School in the Square Public Charter School - Middle,Manhattan,MANHATTAN,1.0,New York,40.848611,-73.93587069,1.0,School,False
Success Academy Charter School - Bed-Stuy 2 [Grades K-4],Brooklyn,BROOKLYN,3.0,New York,40.69672582,-73.94365185,1.0,School,False
Division Military Naval Affairs,Brooklyn,BROOKLYN,3.0,New York,40.70280712,-73.95338455,3.0,Museums,False
RAICES Gowanas Senior Centers,Brooklyn,BROOKLYN,3.0,New York,40.68363832,-73.98878307,1.0,Senior Centers,False
Brevoort Senior Centers,Brooklyn,BROOKLYN,3.0,New York,40.67978621,-73.92215302,1.0,Senior Centers,False
The Blackstone Group,Manhattan,MANHATTAN,1.0,New York,40.75816441,-73.97324549,1.0,Businesses & Commercial Spaces,False
Artisan Partners - New York- 9 West 57th St,Manhattan,MANHATTAN,1.0,New York,40.76324802,-73.97463325,1.0,Businesses & Commercial Spaces,False
NuVeen,Manhattan,MANHATTAN,1.0,New York,40.75049672,-73.97886451,1.0,Businesses & Commercial Spaces,False
Central Park Conservancy,Manhattan,MANHATTAN,1.0,New York,40.76989972,-73.98056237,1.0,Parks & Recreation,False
Bronx Charter School for Children - Elementary,Bronx,BRONX,2.0,New York,40.81250524,-73.92038959,1.0,School,False
"SoulCycle, Inc",Manhattan,MANHATTAN,1.0,New York,40.74357341,-74.00714187,1.0,Health Clubs & Gyms,False
P.S. 111 Adolph S. Ochs,Manhattan,MANHATTAN,1.0,New York,40.76587152,-73.98882332,1.0,Public Schools,False
The Paramount Group,Manhattan,MANHATTAN,1.0,New York,40.76331917,-73.97369465,1.0,Businesses & Commercial Spaces,False
Bard High School Early College Queens,Queens,QUEENS,4.0,New York,40.74508771,-73.93663477,1.0,School,False
"Emmet, Marvin & Martin LLP",Manhattan,MANHATTAN,1.0,New York,40.70853891,-74.01104079,1.0,Businesses & Commercial Spaces,False
Keens Steakhouse,Manhattan,MANHATTAN,1.0,New York,40.75075309,-73.98610812,1.0,Businesses & Commercial Spaces,False
"SoulCycle, Inc",Manhattan,MANHATTAN,1.0,New York,40.72763734,-73.99334692,2.0,Health Clubs & Gyms,False
"Great Lakes Dredge & Dock Company, LLC - Booster Jessie",Staten Island,STATEN ISLAND,5.0,New York,40.63702948,-74.15068292,1.0,Businesses & Commercial Spaces,False
Morgan Stanley - ISG - New York Metro - 750 7th Avenue - Floor: 17,Manhattan,MANHATTAN,1.0,New York,40.76074642,-73.98352505,1.0,Businesses & Commercial Spaces,False
Cohen & Gresser LLP,Manhattan,MANHATTAN,1.0,New York,40.75533405,-73.97112427,1.0,Businesses & Commercial Spaces,False
HANAC Angelo Petromelis Senior Centers,Queens,QUEENS,4.0,New York,40.78617162,-73.84477126,1.0,Senior Centers,False
Marsh & McLennan - New York (350 Madison Avenue),Manhattan,MANHATTAN,1.0,New York,40.75436669886,-73.9781449994,1.0,Businesses & Commercial Spaces,False
Children's Aid College Prep Charter School -Southern Blvd,Bronx,BRONX,2.0,New York,40.82930447,-73.89187337,1.0,School,False
P.S. 146 Howard Beach,Queens,QUEENS,4.0,New York,40.65986568,-73.83506801,1.0,Public Schools,False
P.S. 298 Dr. Betty Shabazz,Brooklyn,BROOKLYN,3.0,New York,40.67097887,-73.90819441,1.0,Public Schools,False
Brownsville Ascend Charter Lower School,Brooklyn,BROOKLYN,3.0,New York,40.66859294,-73.9181216,1.0,School,False
Wildlife Conservation Society,Bronx,BRONX,2.0,New York,40.85053675,-73.88245508,1.0,Zoos & Aquariums,False
Grand Concourse Academy Charter School,Bronx,BRONX,2.0,New York,40.81830286,-73.85842143,1.0,School,False
MESA Charter High School,Brooklyn,BROOKLYN,3.0,New York,40.69535509,-73.91514234,1.0,School,False
P.S. 133 William A. Butler,Brooklyn,BROOKLYN,3.0,New York,40.68042033,-73.9804912,1.0,Public Schools,False
Canarsie Ascend Charter Middle School,Brooklyn,BROOKLYN,3.0,New York,40.63946662,-73.90891893,1.0,School,False
Department of Citywide Administrative Services,Manhattan,MANHATTAN,1.0,New York,40.71325748,-74.00706286,1.0,Government Buildings & Services,False
CSE 5,Brooklyn,BROOKLYN,3.0,New York,40.67313103,-73.91202355,1.0,Government Buildings & Services,False
Elmcor Senior Centers,Queens,QUEENS,4.0,New York,40.76228912,-73.87108879,1.0,Senior Centers,False
Pathways to Graduation @ GOSO,Manhattan,MANHATTAN,1.0,New York,40.80288641,-73.9359691,1.0,School,False
Brilla College Preparatory Charter School (Grades K-4),Bronx,BRONX,2.0,New York,40.81266386,-73.91956573,1.0,School,False
P.S. 199 Jessie Isador Straus,Manhattan,MANHATTAN,1.0,New York,40.77812637,-73.98462922,1.0,Public Schools,False
Worldwide Plaza,Manhattan,MANHATTAN,1.0,New York,40.76206701,-73.98627542,1.0,Businesses & Commercial Spaces,False
JS Capital Management,Manhattan,MANHATTAN,1.0,New York,40.76500854,-73.98041579,1.0,Businesses & Commercial Spaces,False
Saint David's School,Manhattan,MANHATTAN,1.0,New York,40.78318667,-73.95839426,5.0,School,False
Friends Seminary,Manhattan,MANHATTAN,1.0,New York,40.73441897,-73.98577597,1.0,School,False
Leadership Prep Bedford Stuyvesant Charter School Elementary Academy,Brooklyn,BROOKLYN,3.0,New York,40.68156456,-73.94544581,1.0,School,False
P.S. 032 State Street,Queens,QUEENS,4.0,New York,40.76475519,-73.79468226,1.0,Public Schools,False
"Royce and Associates, LLC",Manhattan,MANHATTAN,1.0,New York,40.76331917,-73.97369465,1.0,Businesses & Commercial Spaces,False
Bronxwood Preparatory Academy,Bronx,BRONX,2.0,New York,40.8878253,-73.85269224,2.0,Public Schools,False
P.S. X140 The Eagle School,Bronx,BRONX,2.0,New York,40.82328279,-73.90794735,1.0,Public Schools,False
Staten Island School of Civic Leadership,Staten Island,STATEN ISLAND,5.0,New York,40.62066832,-74.16427642,1.0,School,False
P.S./M.S. 194,Bronx,BRONX,2.0,New York,40.8347754,-73.84663055,1.0,Public Schools,False
The Anderson School,Manhattan,MANHATTAN,1.0,New York,40.78081492,-73.97685443,1.0,Public Schools,False
P.S. 114 Ryder Elementary,Brooklyn,BROOKLYN,3.0,New York,40.64253772,-73.90852917,1.0,Public Schools,False
P.S. 78 Staten Island,Staten Island,STATEN ISLAND,5.0,New York,40.6222854,-74.07842446,1.0,Public Schools,False
P.S. 360 Bronx,Bronx,BRONX,2.0,New York,40.87440453,-73.90257169,1.0,Public Schools,False
P.S. 017 Henry David Thoreau,Queens,QUEENS,4.0,New York,40.76897762,-73.92242744,1.0,Public Schools,False
Jacob K. Javits Convention Center,Manhattan,MANHATTAN,1.0,New York,40.75655629,-74.00380806,1.0,Performance Venues,False
The Sports Club/LA - Upper East Side,Manhattan,MANHATTAN,1.0,New York,40.76129854,-73.9621369,3.0,Health Clubs & Gyms,False
Waterline Sq. 2,Manhattan,MANHATTAN,1.0,New York,40.7734939,-73.99108579,1.0,Businesses & Commercial Spaces,False
Our World Neighborhood Charter Elementary School,Queens,QUEENS,4.0,New York,40.75615262,-73.92431938,1.0,School,False
Laurion Capital Management LP - Madison Ave,Manhattan,MANHATTAN,1.0,New York,40.75501724,-73.97831804,2.0,Businesses & Commercial Spaces,False
High School for Medical Professions,Brooklyn,BROOKLYN,3.0,New York,40.64146682,-73.89825407,1.0,School,False
P.S. 023 Richmondtown,Staten Island,STATEN ISLAND,5.0,New York,40.5711796,-74.13263358,1.0,Public Schools,False
P.S. 101 The Verrazano,Brooklyn,BROOKLYN,3.0,New York,40.59712579,-73.99161355,1.0,Public Schools,False
Thomas C. Giordano Middle School 45,Bronx,BRONX,2.0,New York,40.85868515,-73.88721256,1.0,School,False
Stanley Isaacs Senior Centers,Manhattan,MANHATTAN,1.0,New York,40.78089745,-73.94511135,1.0,Senior Centers,False
Fisher Brothers - 299 Park,Manhattan,MANHATTAN,1.0,New York,40.75679501,-73.97427116,1.0,Businesses & Commercial Spaces,False
Columbia University - Faculty House,Manhattan,MANHATTAN,1.0,New York,40.80667096,-73.95896471,1.0,Colleges & Universities,False
Greater NY Hospital Association,Manhattan,MANHATTAN,1.0,New York,40.77000254,-73.99065664,1.0,Businesses & Commercial Spaces,False
P.S. 149 Christa Mcauliffe,Queens,QUEENS,4.0,New York,40.75483,-73.87460444,1.0,Public Schools,False
Tishman Speyer - The Spiral,Manhattan,MANHATTAN,1.0,New York,40.75548041,-74.00021296,1.0,Businesses & Commercial Spaces,False
P.S. 150 Manhattan,Manhattan,MANHATTAN,1.0,New York,40.70697138,-74.01350761,1.0,Public Schools,False
JASA Williamsburg Senior Centers,Brooklyn,BROOKLYN,3.0,New York,40.70887133,-73.94344316,1.0,Senior Centers,False
P.S. 217 Colonel David Marcus School,Brooklyn,BROOKLYN,3.0,New York,40.6339727,-73.9665581,1.0,Public Schools,False
Jean Nuzzi Intermediate School,Queens,QUEENS,4.0,New York,40.72070517,-73.7469998,1.0,School,False
Transatlantic Reinsurance Company,Manhattan,MANHATTAN,1.0,New York,40.709582,-74.01018611,3.0,Businesses & Commercial Spaces,False
"Cravath, Swaine & Moore LLP",Manhattan,MANHATTAN,1.0,New York,40.75216196,-73.9972028,1.0,Businesses & Commercial Spaces,False
The Blackstone Group,Manhattan,MANHATTAN,1.0,New York,40.75816441,-73.97324549,1.0,Businesses & Commercial Spaces,False
P.S. 110 Florence Nightingale,Manhattan,MANHATTAN,1.0,New York,40.71590738,-73.97989278,1.0,Public Schools,False
Our World Neighborhood Charter School II,Queens,QUEENS,4.0,New York,40.6720679,-73.85671788,1.0,School,False
Greystone,Manhattan,MANHATTAN,1.0,New York,40.76517851,-73.97927859,5.0,Businesses & Commercial Spaces,False
P.S. 276 Louis Marshall,Brooklyn,BROOKLYN,3.0,New York,40.63407781,-73.90792471,1.0,Public Schools,False
Casa Boriqua Senior Centers,Bronx,BRONX,2.0,New York,40.83419122,-73.89015609,1.0,Senior Centers,False
P075Q @ 088 Annex (Q876),Queens,QUEENS,4.0,New York,40.69953858,-73.90521568,1.0,Public Schools,False
Hamilton Grange Senior Centers,Manhattan,MANHATTAN,1.0,New York,40.82442945,-73.94573291,1.0,Senior Centers,False
British International School,Manhattan,MANHATTAN,1.0,New York,40.73725228,-73.97415965,1.0,School,False
The Jermaine L. Green STEM Institute of Queens,Queens,QUEENS,4.0,New York,40.68030159,-73.77443215,1.0,Public Schools,False
P.S. 019 Judith K. Weiss,Bronx,BRONX,2.0,New York,40.89901367,-73.86692314,1.0,Public Schools,False
BFFY Steinway Senior Centers,Queens,QUEENS,4.0,New York,40.77554456,-73.90275299,1.0,Senior Centers,False
Morgan Stanley - ISG - New York Metro - 750 7th Avenue - Floor: 29,Manhattan,MANHATTAN,1.0,New York,40.76074642,-73.98352505,1.0,Businesses & Commercial Spaces,False
Penn Wortman Senior Centers,Brooklyn,BROOKLYN,3.0,New York,40.65595858,-73.88865226,1.0,Senior Centers,False
Fordham University Bronx Location,Bronx,BRONX,2.0,New York,40.86072673616,-73.88953366191,1.0,Colleges & Universities,False
JPMorgan Chase - 410 Madison,Manhattan,MANHATTAN,1.0,New York,40.75669941,-73.97644414,12.0,Businesses & Commercial Spaces,False
Fisher Brothers - 299 Park,Manhattan,MANHATTAN,1.0,New York,40.75644922,-73.97449508,1.0,Businesses & Commercial Spaces,False
Staten Island School of Civic Leadership,Staten Island,STATEN ISLAND,5.0,New York,40.62066832,-74.16427642,1.0,School,False
Bronx Charter School for Children - Middle School,Bronx,BRONX,2.0,New York,40.80869382,-73.92190052,1.0,School,False
"Intercontinental Exchange - New York, NY (18 Broad Street)",Manhattan,MANHATTAN,1.0,New York,40.70659561,-74.01100079,6.0,Businesses & Commercial Spaces,False
"Gibney, Anthony & Flaherty, LLP.",Manhattan,MANHATTAN,1.0,New York,40.75978179,-73.97654411,3.0,Businesses & Commercial Spaces,False
Clara Barton High School,Brooklyn,BROOKLYN,3.0,New York,40.66956009,-73.96196208,1.0,School,False
Eisner Amper LLP,Manhattan,MANHATTAN,1.0,New York,40.75371493,-73.97230885,1.0,Businesses & Commercial Spaces,False
Perkins Coie LLP,Manhattan,MANHATTAN,1.0,New York,40.75874744,-73.97869222,1.0,Businesses & Commercial Spaces,False
Fisher Brothers - 605 3rd,Manhattan,MANHATTAN,1.0,New York,40.74906882,-73.97568171,1.0,Businesses & Commercial Spaces,False
Premise Health Insight Health Center,Manhattan,MANHATTAN,1.0,New York,40.75398451,-73.99983036,1.0,Businesses & Commercial Spaces,False
P.S. 050 Talfourd Lawn Elementary School,Queens,QUEENS,4.0,New York,40.69523015,-73.80736385,1.0,Public Schools,False
Family Life Academy Charter School III,Bronx,BRONX,2.0,New York,40.81621158,-73.93028055,1.0,School,False
Amster Rothstein & Ebenstein,Manhattan,MANHATTAN,1.0,New York,40.75049672,-73.97886451,1.0,Businesses & Commercial Spaces,False
Archbishop Molloy High School,Queens,QUEENS,4.0,New York,40.71108883,-73.82050168,10.0,School,False
Three World Trade Center,Manhattan,MANHATTAN,1.0,New York,40.71096789,-74.01235777,1.0,Businesses & Commercial Spaces,False
P.S./M.S. 031 The William Lloyd Garrison,Bronx,BRONX,2.0,New York,40.82302643,-73.92123688,1.0,Public Schools,False
"NYU Langone Hospitals, HR Benefits Department",Manhattan,MANHATTAN,1.0,New York,40.74606173,-73.98207068,1.0,Health & Social Services,False
Pioneer Academy,Queens,QUEENS,4.0,New York,40.74883022,-73.86515989,1.0,School,False
I.S. 010 Horace Greeley,Queens,QUEENS,4.0,New York,40.75935589,-73.91290189,1.0,Public Schools,False
"Nederlander Producing Company of America, Inc. - UT Associates",Manhattan,MANHATTAN,1.0,New York,40.76230004,-73.98417805,2.0,Businesses & Commercial Spaces,False
William E. Grady Career and Technical Education High School,Brooklyn,BROOKLYN,3.0,New York,40.58257839,-73.96347705,1.0,School,False
Jack and Pearl Resnick Campus,Bronx,BRONX,2.0,New York,40.85117554,-73.84482139,0.0,School,False
P.S. 257 John F. Hylan,Brooklyn,BROOKLYN,3.0,New York,40.70237925,-73.94204212,1.0,Public Schools,False
Dr. Jacqueline Peek-Davis School,Brooklyn,BROOKLYN,3.0,New York,40.67306523,-73.91959414,1.0,School,False
The Heritage School,Manhattan,MANHATTAN,1.0,New York,40.7918744,-73.94655768,1.0,School,False
J.H.S. 123 James M. Kieran,Bronx,BRONX,2.0,New York,40.82539659,-73.87366518,1.0,Public Schools,False
PSS Davidson Senior Centers,Bronx,BRONX,2.0,New York,40.82280562,-73.90182012,1.0,Senior Centers,False
Eleven Times Square,Manhattan,MANHATTAN,1.0,New York,40.75689078,-73.9900232,17.0,Businesses & Commercial Spaces,False
Morgan Stanley - ISG - New York Metro - 750 7th Avenue - Floor: 04,Manhattan,MANHATTAN,1.0,New York,40.76074642,-73.98352505,1.0,Businesses & Commercial Spaces,False
The Maxine Greene HS for Imaginative Inquiry,Manhattan,MANHATTAN,1.0,New York,40.77434411,-73.98475286,1.0,School,False
P.S. 333 Manhattan School for Children,Manhattan,MANHATTAN,1.0,New York,40.79170197,-73.97080146,1.0,Public Schools,False
Berry Appleman And Leiden LLP.,Manhattan,MANHATTAN,1.0,New York,40.75689078,-73.9900232,1.0,Businesses & Commercial Spaces,False
P.S. 032 The Gifford School,Staten Island,STATEN ISLAND,5.0,New York,40.55895842,-74.15551572,1.0,Public Schools,False
M.S. 302 Luisa Dessus Cruz,Bronx,BRONX,2.0,New York,40.81542252,-73.90213814,1.0,Public Schools,False
Atmosphere Academy Public Charter School (3983 Waldo),Bronx,MANHATTAN,1.0,New York,40.87515474,-73.91042453,1.0,School,True
Equinox,Bronx,BRONX,2.0,New York,40.84245963,-73.91795376,1.0,Health Clubs & Gyms,False
Morgan Stanley - 1 NY Plaza,Manhattan,MANHATTAN,1.0,New York,40.70253319,-74.01256178,1.0,Businesses & Commercial Spaces,False
P.S. 107 Thomas A Dooley,Queens,QUEENS,4.0,New York,40.75600552,-73.7997049,1.0,Public Schools,False
Cord Meyer,Queens,QUEENS,4.0,New York,40.72115997,-73.84336477,1.0,Businesses & Commercial Spaces,False
CSI High School for International Studies,Staten Island,STATEN ISLAND,5.0,New York,40.5813078,-74.15858839,9.0,School,False
The Equity Project Charter School - Early Childhood Program,Manhattan,MANHATTAN,1.0,New York,40.85086414,-73.93536246,1.0,School,False
Martin Van Buren High School,Queens,QUEENS,4.0,New York,40.7330574,-73.73875473,1.0,School,False
Cobble Hill School of American Studies,Brooklyn,BROOKLYN,3.0,New York,40.68451684,-73.99099317,1.0,School,False
Touro College - Lander College for Women,Manhattan,MANHATTAN,1.0,New York,40.77155586,-73.98834579,1.0,Colleges & Universities,False
Four Seasons Hotel New York,Manhattan,MANHATTAN,1.0,New York,40.76205064,-73.97179277,1.0,Businesses & Commercial Spaces,False
McKool Smith,Manhattan,MANHATTAN,1.0,New York,40.75534476,-73.98373213,1.0,Businesses & Commercial Spaces,False
P.S. 043 Queens,Queens,QUEENS,4.0,New York,40.59382594,-73.76174122,1.0,Public Schools,False
Brooklyn RISE Charter School,Brooklyn,BROOKLYN,3.0,New York,40.68906391,-73.98228438,1.0,School,False
Fedex Express,Manhattan,MANHATTAN,1.0,New York,40.72975059,-74.00969851,4.0,Businesses & Commercial Spaces,False
Wavemaker,Manhattan,MANHATTAN,1.0,New York,40.76314781,-73.98174478,1.0,Businesses & Commercial Spaces,False
P.S. 195 William Haberle,Queens,QUEENS,4.0,New York,40.6529976,-73.73639533,1.0,Public Schools,False
Tag Young Scholars JHS,Manhattan,MANHATTAN,1.0,New York,40.79306356,-73.94230235,1.0,Public Schools,False
Brooklyn Secondary School for Collaborative Studies,Brooklyn,BROOKLYN,3.0,New York,40.68006241,-74.00137725,1.0,School,False
"JFK International Airport, Terminal 4",Queens,QUEENS,4.0,New York,40.64831283,-73.7882815,36.0,Ferries & Other Transportation,False
P.S. 770 New American Academy,Brooklyn,BROOKLYN,3.0,New York,40.66355127,-73.92695879,1.0,Public Schools,False
Department of Citywide Administrative Services,Staten Island,STATEN ISLAND,5.0,New York,40.64289977,-74.07688852,1.0,Government Buildings & Services,False
Academy for Excellence Through the Arts,Queens,QUEENS,4.0,New York,40.72609251,-73.84350106,1.0,Public Schools,False
Cushman Wakefield,Manhattan,MANHATTAN,1.0,New York,40.76107398,-73.97379662,1.0,Businesses & Commercial Spaces,False
Pan American International High School,Queens,QUEENS,4.0,New York,40.74372303,-73.87064127,1.0,School,False
Brooklyn Arts and Science Elementary School,Brooklyn,BROOKLYN,3.0,New York,40.67676722,-73.96005801,1.0,School,False
BFFY Northside Senior Centers,Brooklyn,BROOKLYN,3.0,New York,40.71667798,-73.9573393,1.0,Senior Centers,False
"Cravath, Swaine & Moore LLP",Manhattan,MANHATTAN,1.0,New York,40.75216196,-73.9972028,1.0,Businesses & Commercial Spaces,False
Empire State Realty Trust,Manhattan,MANHATTAN,1.0,New York,40.75169746,-73.98759855,1.0,Businesses & Commercial Spaces,False
Edward R. Murrow High School,Brooklyn,BROOKLYN,3.0,New York,40.62051816,-73.95928492,1.0,School,False
Brookfield Properties - 165 Broadway,Manhattan,MANHATTAN,1.0,New York,40.709582,-74.01018611,8.0,Businesses & Commercial Spaces,False
P.S. Q086 Queens,Queens,QUEENS,4.0,New York,40.70889059,-73.8039373,1.0,Public Schools,False
Time Warner Cable,Queens,QUEENS,4.0,New York,40.75751126,-73.82775411,1.0,Businesses & Commercial Spaces,False
P.S. 214 Michael Friedsam,Brooklyn,BROOKLYN,3.0,New York,40.67650584,-73.86315078,1.0,Public Schools,False
Jacob K. Javits Convention Center,Manhattan,MANHATTAN,1.0,New York,40.75655629,-74.00380806,1.0,Performance Venues,False
P.S. 90 Edna Cohen School,Brooklyn,BROOKLYN,3.0,New York,40.57824838,-73.9796284,1.0,Public Schools,False
Brookfield Properties - 2MW,Manhattan,MANHATTAN,1.0,New York,40.75167065,-73.99755653,1.0,Businesses & Commercial Spaces,False
Rockefeller University,Manhattan,MANHATTAN,1.0,New York,40.76312728,-73.95645028,1.0,Colleges & Universities,False
Hillcrest High School,Queens,QUEENS,4.0,New York,40.70907091,-73.80185555,1.0,School,False
Morgan Stanley - ISG - New York Metro - 750 7th Ave - Floor: 19,Manhattan,MANHATTAN,1.0,New York,40.76074642,-73.98352505,1.0,Businesses & Commercial Spaces,False
P.S. 149 Danny Kaye,Brooklyn,BROOKLYN,3.0,New York,40.66971116,-73.89282162,1.0,Public Schools,False
Wings Academy,Bronx,BRONX,2.0,New York,40.84178729,-73.87536513,1.0,School,False
ALC - Lafayette Academy,Bronx,BRONX,2.0,New York,40.81641986,-73.89104538,1.0,School,False
P.S. 213 New Lots,Brooklyn,BROOKLYN,3.0,New York,40.66050277,-73.89028822,1.0,Public Schools,False
Bayside High School,Queens,QUEENS,4.0,New York,40.77174691,-73.78029496,1.0,School,False
Mosaic Pre-K Center @ The Hall of Science (Q369),Queens,QUEENS,4.0,New York,40.74811117,-73.8540093,1.0,Public Schools,False
Brooklyn Preparatory High School,Brooklyn,BROOKLYN,3.0,New York,40.71506581,-73.95475392,1.0,School,False
Pathways College Preparatory School: A College Board School,Queens,QUEENS,4.0,New York,40.70645213,-73.75357885,1.0,School,False
P.S. 069 Journey Prep School,Bronx,BRONX,2.0,New York,40.81668649,-73.86090327,1.0,Public Schools,False
Costco Wholesale Corporation - 316 Staten Island,Staten Island,STATEN ISLAND,5.0,New York,40.57254108,-74.16995649,2.0,Businesses & Commercial Spaces,False
P.S. 118 Lorraine Hansberry,Queens,QUEENS,4.0,New York,40.70357658,-73.76583776,1.0,Public Schools,False
The Museum of Modern Art,Manhattan,MANHATTAN,1.0,New York,40.76099511,-73.97720066,1.0,Museums,False
Aviation Career & Technical Education High School - Annex,Queens,QUEENS,4.0,New York,40.65806863,-73.8093163,1.0,School,False
P.S. 056 Harry Eichler,Queens,QUEENS,4.0,New York,40.69918224,-73.83529856,1.0,Public Schools,False
Ace Hotel New York,Manhattan,MANHATTAN,1.0,New York,40.74578254,-73.98802912,1.0,Businesses & Commercial Spaces,False
Our World Neighborhood Charter School 3,Queens,QUEENS,4.0,New York,40.75085028,-73.85825494,1.0,School,False
Challenge Charter High/Middle School,Queens,QUEENS,4.0,New York,40.6056642,-73.75138813,1.0,School,False
Comcast Enterprise - FreeWheel-NYC,Manhattan,MANHATTAN,1.0,New York,40.7534321,-73.98715067,6.0,Businesses & Commercial Spaces,False
Department of Citywide Administrative Services,Bronx,BRONX,2.0,New York,40.84567816,-73.89329241,1.0,Government Buildings & Services,False
"Jack Resnick & Sons, Inc.",Manhattan,MANHATTAN,1.0,New York,40.77299021,-73.9521149,1.0,Businesses & Commercial Spaces,False
P.S. 201 The Discovery School for Inquiry and Research,Queens,QUEENS,4.0,New York,40.73664497,-73.81334556,1.0,Public Schools,False
Battery Park City School,Manhattan,MANHATTAN,1.0,New York,40.70643282,-74.01781763,1.0,School,False
Brookfield Properties - New York - 424 W 33rd St,Manhattan,MANHATTAN,1.0,New York,40.7530897,-73.99770085,4.0,Businesses & Commercial Spaces,False
I.S. 364 Gateway - Annex,Brooklyn,BROOKLYN,3.0,New York,40.64659124,-73.87844104,1.0,Public Schools,False
"Marsh & McLennan - Lippincott - New York, NY",Manhattan,MANHATTAN,1.0,New York,40.7628077,-73.96985756,2.0,Businesses & Commercial Spaces,False
P.S. 110 Queens,Queens,QUEENS,4.0,New York,40.74598806,-73.86637106,1.0,Public Schools,False
The Bay Terrace,Queens,QUEENS,4.0,New York,40.77827637,-73.77727282,1.0,Businesses & Commercial Spaces,False
"Proskauer Rose, LLP (Penn Plaza)",Manhattan,MANHATTAN,1.0,New York,40.75000977,-73.99134519,2.0,Businesses & Commercial Spaces,False
Rose Building,Manhattan,MANHATTAN,1.0,New York,40.76948571,-73.98345068,1.0,Businesses & Commercial Spaces,False
P.S. 092 Harry T. Stewart Sr.,Queens,QUEENS,4.0,New York,40.75541114,-73.86901587,1.0,Public Schools,False
High School of Telecommunication Arts and Technology,Brooklyn,BROOKLYN,3.0,New York,40.63727433,-74.02384863,1.0,School,False
EBC High School for Public Service - Bushwick,Brooklyn,BROOKLYN,3.0,New York,40.69449997,-73.92910649,1.0,School,False
"United Talent Agency, LLC",Manhattan,MANHATTAN,1.0,New York,40.76500854,-73.98041579,1.0,Businesses & Commercial Spaces,False
East River Park,Brooklyn,BROOKLYN,3.0,New York,40.72134252,-73.96063006,1.0,Parks & Recreation,False
Morgan Stanley - 1585 Broadway,Manhattan,MANHATTAN,1.0,New York,40.76020869,-73.98533366,1.0,Businesses & Commercial Spaces,False
P.S. 055 Maure,Queens,QUEENS,4.0,New York,40.69399645,-73.81661718,1.0,Public Schools,False
Jacqueline Kennedy Onassis High School,Manhattan,MANHATTAN,1.0,New York,40.75772163,-73.98307821,1.0,School,False
J.H.S. 278 Marine Park,Brooklyn,BROOKLYN,3.0,New York,40.60664259,-73.93917601,1.0,Public Schools,False
Hearst Corporation,Manhattan,MANHATTAN,1.0,New York,40.76643902,-73.98332508,1.0,Businesses & Commercial Spaces,False
Tottenville High School,Staten Island,STATEN ISLAND,5.0,New York,40.52808436,-74.19203027,1.0,Public Schools,False
Special Music School,Manhattan,MANHATTAN,1.0,New York,40.77491199,-73.98274527,1.0,School,False
Eagle Academy for Young Men,Bronx,BRONX,2.0,New York,40.84495149,-73.89704889,1.0,School,False
Stuyvesant High School,Manhattan,MANHATTAN,1.0,New York,40.71769239,-74.01398957,1.0,School,False
Macklowe Management Company,Manhattan,MANHATTAN,1.0,New York,40.7624513,-73.9864811,1.0,Businesses & Commercial Spaces,False
"Teng Yue Partners, LP - 650 Fifth Avenue",Manhattan,BROOKLYN,3.0,New York,40.66255048,-73.99217479,1.0,Businesses & Commercial Spaces,True
P.S. 289 George V. Brower,Brooklyn,BROOKLYN,3.0,New York,40.67478633,-73.9426394,1.0,Public Schools,False
Morgan Stanley - ISG - New York Metro - 522 5th Avenue - Floor: 03,Manhattan,MANHATTAN,1.0,New York,40.75450705,-73.98014457,1.0,Businesses & Commercial Spaces,False
P224Q @ P710Q Montessori (Q809),Queens,QUEENS,4.0,New York,40.77026814,-73.76403188,1.0,Public Schools,False
P.S. 064 Joseph P. Addabbo,Queens,QUEENS,4.0,New York,40.68116435,-73.85691819,1.0,Public Schools,False
GE Vernova - US_New York_Industry City - Renewable Energy,Brooklyn,BROOKLYN,3.0,New York,40.65579279,-74.00840827,1.0,Businesses & Commercial Spaces,False
Long Island City High School,Queens,QUEENS,4.0,New York,40.76581945,-73.93279916,1.0,School,False
Brooklyn Ascend Charter Lower School,Brooklyn,BROOKLYN,3.0,New York,40.6620268,-73.92112855,1.0,School,False
The Peck Slip School,Manhattan,MANHATTAN,1.0,New York,40.70875899,-74.00240583,1.0,Public Schools,False
Loeb & Loeb LLP,Manhattan,MANHATTAN,1.0,New York,40.75816441,-73.97324549,1.0,Businesses & Commercial Spaces,False
"Walt Disney/ABC, Inc.",Manhattan,MANHATTAN,1.0,New York,40.74801073,-73.98353543,1.0,Businesses & Commercial Spaces,False
P.S. 096 Queens,Queens,QUEENS,4.0,New York,40.67498358,-73.8083707,1.0,Public Schools,False
Epstein Becker Green,Manhattan,MANHATTAN,1.0,New York,40.7575953,-73.96945204,1.0,Businesses & Commercial Spaces,False
The Port Authority of New York & New Jersey - Staten Island Bridge,Staten Island,STATEN ISLAND,5.0,New York,40.62866078,-74.1826442,16.0,Government Buildings & Services,False
Citigroup Corporation Investment Bank-Medical Department:333 West 34th Street,Manhattan,MANHATTAN,1.0,New York,40.75264494,-73.99453549,1.0,Businesses & Commercial Spaces,False
I.S. 528 Bea Fuller Rodgers School,Manhattan,MANHATTAN,1.0,New York,40.85050408,-73.93448445,1.0,School,False
M.S. X101 Edward R. Byrne,Bronx,BRONX,2.0,New York,40.82746433,-73.82975121,1.0,Public Schools,False
Williamsburgh Senior Centers,Brooklyn,BROOKLYN,3.0,New York,40.70166913,-73.95615517,1.0,Senior Centers,False
P.S. 057 Hubert H. Humphrey,Staten Island,STATEN ISLAND,5.0,New York,40.61150053,-74.08317674,1.0,Public Schools,False
Department of Citywide Administrative Services,Manhattan,MANHATTAN,1.0,New York,40.71371602,-74.00358556,1.0,Government Buildings & Services,False
River East Elementary,Manhattan,MANHATTAN,1.0,New York,40.79887757,-73.93331827,1.0,School,False
LGA Airport - Hangar 7,Queens,QUEENS,4.0,New York,40.77153021,-73.88654395,41.0,Ferries & Other Transportation,False
Carmel Richmond Healthcare & Rehabilitation Center,Staten Island,STATEN ISLAND,5.0,New York,40.59622848,-74.09047813,1.0,Nursing Homes,False
HCZ Promise Academy II - High School,Manhattan,MANHATTAN,1.0,New York,40.80592759,-73.94109551,1.0,School,False
The Richmond Pre-K Center at 20 Ebbitts Street (R091),Staten Island,STATEN ISLAND,5.0,New York,40.56531151,-74.11182232,1.0,Public Schools,False
Brooklyn Studio Secondary School,Brooklyn,BROOKLYN,3.0,New York,40.60487175,-73.99440358,1.0,School,False
The Riverview School P277Q @ Hunter Point Campus (Q404),Queens,QUEENS,4.0,New York,40.74294881,-73.95919538,1.0,School,False
Bensonhurst Senior Centers,Brooklyn,BROOKLYN,3.0,New York,40.6063618,-73.98923547,1.0,Senior Centers,False
Equinox,Brooklyn,BROOKLYN,3.0,New York,40.69999206,-73.92042709,1.0,Health Clubs & Gyms,False
Bronx Academy of Promise Charter School,Bronx,BRONX,2.0,New York,40.83948824,-73.91959461,1.0,School,False
Marymount School,Manhattan,MANHATTAN,1.0,New York,40.78000933,-73.96150877,1.0,School,False
"Sunbelt Rentals, Inc - 1426",Bronx,BRONX,2.0,New York,40.83729644,-73.84357094,1.0,Businesses & Commercial Spaces,False
Saint David's School,Manhattan,MANHATTAN,1.0,New York,40.78318667,-73.95839426,1.0,School,False
Bronx Charter School for Excellence 5 [Grades K-2],Bronx,BRONX,2.0,New York,40.8477151,-73.89667231,1.0,School,False
Excelsior Preparatory High School,Queens,QUEENS,4.0,New York,40.66822698,-73.75683872,1.0,School,False
Juan Morel Campos Secondary School,Brooklyn,BROOKLYN,3.0,New York,40.70361673,-73.95314594,1.0,School,False
"WIN - Women in Need, Inc. (Rosa Parks Supportive/Family Residence)",Brooklyn,BROOKLYN,3.0,New York,40.6664837,-73.99146782,1.0,Health & Social Services,False
J.H.S. 157 Stephen A. Halsey,Queens,QUEENS,4.0,New York,40.73228186,-73.85382401,1.0,Public Schools,False
Bard High School Early College,Manhattan,MANHATTAN,1.0,New York,40.71902192,-73.97589113,8.0,School,False
Macklowe Management Company,Manhattan,MANHATTAN,1.0,New York,40.76107398,-73.97379662,1.0,Businesses & Commercial Spaces,False
ReStart @ Outreach House - NO DRILL (appointment needed),Queens,QUEENS,4.0,New York,40.69726348,-73.90559759,1.0,School,False
P.S. 204 Morris Heights,Bronx,BRONX,2.0,New York,40.8502284,-73.91576813,1.0,Public Schools,False
P.S. 188 Kingsbury - Annex,Queens,QUEENS,4.0,New York,40.73558566,-73.75636102,1.0,Public Schools,False
Rose Building,Manhattan,MANHATTAN,1.0,New York,40.76948571,-73.98345068,1.0,Businesses & Commercial Spaces,False
gershwin theater,Manhattan,MANHATTAN,1.0,New York,40.76225886,-73.98413113,1.0,Performance Venues,False
"Walt Disney/ABC, Inc.",Manhattan,MANHATTAN,1.0,New York,40.77431062,-73.98103766,1.0,Businesses & Commercial Spaces,False
Newtown High School,Queens,QUEENS,4.0,New York,40.74111454,-73.87472057,1.0,School,False
Goldie Maple Academy,Queens,QUEENS,4.0,New York,40.59395929,-73.78618244,1.0,School,False
KIPP Freedom Charter Elementary School,Bronx,BRONX,2.0,New York,40.85783597,-73.90420114,1.0,School,False
P.S. 197 - The Kings Highway Academy,Brooklyn,BROOKLYN,3.0,New York,40.61261581,-73.95190623,1.0,Public Schools,False
HANAC Ravenswood Senior Centers,Queens,QUEENS,4.0,New York,40.76322288,-73.93760656,1.0,Senior Centers,False
Dream Charter School Highbridge ES/MS,Bronx,BRONX,2.0,New York,40.83465086,-73.92190969,1.0,School,False
P.S. 151 Mary D. Carter,Queens,QUEENS,4.0,New York,40.75749184,-73.9088977,1.0,Public Schools,False
Madame Tussads,Manhattan,MANHATTAN,1.0,New York,40.75673969,-73.98865882,1.0,Museums,False
"Time, Inc.",Manhattan,MANHATTAN,1.0,New York,40.76028202,-73.98015728,1.0,Businesses & Commercial Spaces,False
Department of Citywide Administrative Services,Bronx,BRONX,2.0,New York,40.82604142,-73.92310138,1.0,Government Buildings & Services,False
The Churchill School,Manhattan,MANHATTAN,1.0,New York,40.74157883,-73.97801208,5.0,School,False
Design Works High School,Brooklyn,BROOKLYN,3.0,New York,40.69106228,-73.983463,1.0,School,False
East Side Community School,Manhattan,MANHATTAN,1.0,New York,40.72958225,-73.982555,1.0,School,False
majectic Theater,Manhattan,MANHATTAN,1.0,New York,40.75808179,-73.98777062,1.0,Performance Venues,False
Worldwide Plaza,Manhattan,MANHATTAN,1.0,New York,40.76206701,-73.98627542,1.0,Businesses & Commercial Spaces,False
Staten Island Hebrew Public Charter School,Staten Island,STATEN ISLAND,5.0,New York,40.57567829,-74.08317875,1.0,School,False
Academy for Language and Technology,Bronx,BRONX,2.0,New York,40.84952597,-73.91607627,1.0,Public Schools,False
Academy of American Studies,Queens,QUEENS,4.0,New York,40.7523833,-73.93664946,1.0,Public Schools,False
Ella Baker School,Manhattan,MANHATTAN,1.0,New York,40.76535184,-73.96005883,1.0,School,False
Squire Patton Boggs,Manhattan,MANHATTAN,1.0,New York,40.75874744,-73.97869222,1.0,Businesses & Commercial Spaces,False
P.S. 152 Dyckman Valley,Manhattan,MANHATTAN,1.0,New York,40.8604059,-73.92793478,1.0,Public Schools,False
"Magnet School of Math, Science and Design Technology",Brooklyn,BROOKLYN,3.0,New York,40.66105405,-73.98653417,1.0,School,False
One World Trade Plaza,Manhattan,MANHATTAN,1.0,New York,40.71327345,-74.01281992,1.0,Businesses & Commercial Spaces,False
FORTRESS INVESTMENTS,Manhattan,MANHATTAN,1.0,New York,40.76259829,-73.97845996,9.0,Businesses & Commercial Spaces,False
P.S. 031 Bayside,Queens,QUEENS,4.0,New York,40.75705621,-73.77012129,1.0,Public Schools,False
Adacore Technologies,Manhattan,MANHATTAN,1.0,New York,40.74786884,-73.99106397,1.0,Businesses & Commercial Spaces,False
School of Adult and Continuing Education - Central Office (K743),Brooklyn,BROOKLYN,3.0,New York,40.68122617,-73.94973656,1.0,School,False
Syska & Hennessy Group,Manhattan,MANHATTAN,1.0,New York,40.75762868,-73.98580348,1.0,Businesses & Commercial Spaces,False
Morgan Stanley - ISG - New York Metro - 522 5th Avenue - Floor: 20,Manhattan,MANHATTAN,1.0,New York,40.75450705,-73.98014457,1.0,Businesses & Commercial Spaces,False
Kings Elementary School - 4th Floor Hallway,Brooklyn,BROOKLYN,3.0,New York,40.65842261,-73.92907649,1.0,School,False
"Cowen Group, Inc",Manhattan,MANHATTAN,1.0,New York,40.75826818,-73.97105441,1.0,Businesses & Commercial Spaces,False
Millbrook Senior Centers,Bronx,BRONX,2.0,New York,40.80573518,-73.91823761,1.0,Senior Centers,False
Bronx Center for Science and Mathematics,Bronx,BRONX,2.0,New York,40.8336589,-73.90249788,1.0,Public Schools,False
P168X @ P.S. 20 (X020),Bronx,BRONX,2.0,New York,40.86999593,-73.87887353,1.0,Public Schools,False
The Blackstone Group,Manhattan,MANHATTAN,1.0,New York,40.75816441,-73.97324549,1.0,Businesses & Commercial Spaces,False
I.S. 072 Rocco Laurie,Staten Island,STATEN ISLAND,5.0,New York,40.59299732,-74.15898712,1.0,Public Schools,False
Con Edison - Hillside/Jamaica Ave (On 165th St),Queens,QUEENS,4.0,New York,40.70840049,-73.79675375,1.0,Businesses & Commercial Spaces,False
The Museum of Modern Art,Manhattan,MANHATTAN,1.0,New York,40.76099511,-73.97720066,1.0,Museums,False
The Landmark,Manhattan,MANHATTAN,1.0,New York,40.76053891,-73.96420572,1.0,Businesses & Commercial Spaces,False
P.S. 134 George F. Bristow,Bronx,BRONX,2.0,New York,40.83118731,-73.89477202,1.0,Public Schools,False
"Chubb Insurance - NY- New York, NY (1133 AOA)",Manhattan,MANHATTAN,1.0,New York,40.75593483,-73.98332411,9.0,Businesses & Commercial Spaces,False
"Cline, Davis & Mann, Inc.",Manhattan,MANHATTAN,1.0,New York,40.75024852,-73.9732559,1.0,Businesses & Commercial Spaces,False
The Waverly Academy of Empowered Learners,Staten Island,STATEN ISLAND,5.0,New York,40.61810608,-74.08473747,1.0,School,False
P.S. 176 Ovington,Brooklyn,BROOKLYN,3.0,New York,40.62456285,-74.00531349,1.0,Public Schools,False
Equinox,Manhattan,MANHATTAN,1.0,New York,40.73005547,-74.00689146,3.0,Health Clubs & Gyms,False
Riverton Street Charter School,Queens,QUEENS,4.0,New York,40.68945717,-73.76304248,1.0,School,False
P.S. 033 Timothy Dwight Annex,Bronx,BRONX,2.0,New York,40.86141603,-73.90204127,1.0,Public Schools,False
Cooperative Technical HS (Coop Tech),Manhattan,MANHATTAN,1.0,New York,40.78363147,-73.94562546,1.0,School,False
Williamsburg Elementary School,Brooklyn,BROOKLYN,3.0,New York,40.70724395,-73.94398558,1.0,School,False
Information Technology High School,Queens,QUEENS,4.0,New York,40.74869381,-73.94637952,1.0,School,False
Pathways to Graduation @ Project Rousseau,Manhattan,MANHATTAN,1.0,New York,40.75885272,-73.98484305,1.0,School,False
P.S. 185 Walter Kassenbrock,Brooklyn,BROOKLYN,3.0,New York,40.62397884,-74.0337791,1.0,Public Schools,False
P.S. 105 Sen Abraham Bernstein,Bronx,BRONX,2.0,New York,40.85239137,-73.86661554,1.0,Public Schools,False
US Attorneys' Office - New York (Dept of Justice) - Chambers St - NYC,Manhattan,MANHATTAN,1.0,New York,40.71451733,-74.00709546,2.0,Government Buildings & Services,False
Pallas Partners (US) LLP,Manhattan,MANHATTAN,1.0,New York,40.75975736,-73.97790137,1.0,Businesses & Commercial Spaces,False
Brooklyn Ascend Charter Middle School,Brooklyn,BROOKLYN,3.0,New York,40.66405845,-73.92188309,1.0,School,False
PS 398 Queens,Queens,QUEENS,4.0,New York,40.75248624,-73.89692165,1.0,Public Schools,False
Stifel,Manhattan,MANHATTAN,1.0,New York,40.7546806,-73.98424122,2.0,Businesses & Commercial Spaces,False
P.S. 036 Saint Albans School,Queens,QUEENS,4.0,New York,40.69082037,-73.76390666,1.0,Public Schools,False
Cascades High School,Manhattan,MANHATTAN,1.0,New York,40.72251268,-73.99072826,1.0,School,False
JASA Canarsie Senior Centers,Brooklyn,BROOKLYN,3.0,New York,40.63640578,-73.89261229,1.0,Senior Centers,False
RXR Realty,Manhattan,MANHATTAN,1.0,New York,40.7509267,-74.00595522,1.0,Businesses & Commercial Spaces,False
Archbishop Molloy,Queens,QUEENS,4.0,New York,40.71108883,-73.82050168,1.0,School,False
"Jack Resnick & Sons, Inc.",Manhattan,MANHATTAN,1.0,New York,40.70726304,-74.0043138,1.0,Businesses & Commercial Spaces,False
200 Park LP,Manhattan,MANHATTAN,1.0,New York,40.75415504,-73.97655693,1.0,Businesses & Commercial Spaces,False
Bronx Regional High School,Bronx,BRONX,2.0,New York,40.82352492,-73.8988707,1.0,Public Schools,False
Storefront Academy Harlem,Manhattan,MANHATTAN,1.0,New York,40.79491783,-73.93495109,1.0,School,False
P.S. 117 J. Keld / Briarwood School,Queens,QUEENS,4.0,New York,40.70945529,-73.8133751,1.0,Public Schools,False
VIP Community Services - Metro Inn Hotel,Queens,QUEENS,4.0,New York,40.66607916,-73.78497351,2.0,Businesses & Commercial Spaces,False
Anchin Block & Anchin,Manhattan,MANHATTAN,1.0,New York,40.7523205,-73.98746128,1.0,Businesses & Commercial Spaces,False
Susan E. Wagner High School,Staten Island,STATEN ISLAND,5.0,New York,40.59688858,-74.12416878,1.0,School,False
Harry S. Truman High School,Bronx,BRONX,2.0,New York,40.87408155,-73.83390182,1.0,School,False
P.S. 021 Crispus Attucks,Brooklyn,BROOKLYN,3.0,New York,40.68071688,-73.92659741,1.0,Public Schools,False
Brownsville Academy High School,Brooklyn,BROOKLYN,3.0,New York,40.666511,-73.92405741,1.0,School,False
Brooklyn Technical High School,Brooklyn,BROOKLYN,3.0,New York,40.68882691,-73.97690452,1.0,School,False
P.S. 022 Thomas Jefferson,Queens,QUEENS,4.0,New York,40.76124106,-73.81180718,1.0,Public Schools,False
Albert Shanker School for Visual and Performing Arts,Queens,QUEENS,4.0,New York,40.76625737,-73.93070849,1.0,School,False
Touro College - TouroCOM,Manhattan,MANHATTAN,1.0,New York,40.80933495,-73.94921679,3.0,Colleges & Universities,False
"HUgh O'Kane Electric Company, Inc.",Queens,QUEENS,4.0,New York,40.74130555,-73.9368549,1.0,Businesses & Commercial Spaces,False
St. Joseph High School,Brooklyn,BROOKLYN,3.0,New York,40.69215499,-73.98561553,1.0,School,False
Macy's Inc. - 71003 - Herald Square,Manhattan,MANHATTAN,1.0,New York,40.75050916,-73.98947917,24.0,Businesses & Commercial Spaces,False
The Leona M. and Harry B Helmlsey Charitable Trust,Manhattan,MANHATTAN,1.0,New York,40.75450075,-73.97595043,1.0,Businesses & Commercial Spaces,False
P.S. 124 Silas B. Dutcher,Brooklyn,BROOKLYN,3.0,New York,40.66753766,-73.99104593,1.0,Public Schools,False
P.S. 186 Dr. Irving A Gladstone,Brooklyn,BROOKLYN,3.0,New York,40.61147572,-73.99467675,1.0,Public Schools,False
Harvey Milk High School,Manhattan,MANHATTAN,1.0,New York,40.73003073,-73.99263228,1.0,School,False
Congregation Emanu-El,Manhattan,MANHATTAN,1.0,New York,40.76792123,-73.97003574,1.0,Houses of Worship,False
Eleanor Roosevelt High School,Manhattan,MANHATTAN,1.0,New York,40.77002359,-73.95323262,1.0,School,False
Bronx Charter School for Excellence I [Grades K-4],Bronx,BRONX,2.0,New York,40.83416561,-73.85913198,1.0,School,False
Scholars' Academy,Queens,QUEENS,4.0,New York,40.58415058,-73.82573683,1.0,School,False
"Cravath, Swaine & Moore, LLP",Manhattan,MANHATTAN,1.0,New York,40.76206701,-73.98627542,1.0,Businesses & Commercial Spaces,False
Winter Garden Theater,Manhattan,MANHATTAN,1.0,New York,40.76155893,-73.98394359,0.0,Performance Venues,False
P.S. 011 Purvis J. Behan,Brooklyn,BROOKLYN,3.0,New York,40.68548389,-73.96629058,1.0,Public Schools,False
Leon M. Goldstein High School for the Sciences,Brooklyn,BROOKLYN,3.0,New York,40.58088648,-73.93595236,1.0,School,False
Ft. Hamilton/St. John's Satelite,Brooklyn,BROOKLYN,3.0,New York,40.6128849,-74.03212387,1.0,Businesses & Commercial Spaces,False
Brookfield Properties - New York - 200 Vesey Street,Manhattan,MANHATTAN,1.0,New York,40.71443965,-74.01549311,1.0,Businesses & Commercial Spaces,False
High School for Health Professions and Human Services,Manhattan,MANHATTAN,1.0,New York,40.73243962,-73.98303053,1.0,School,False
P.S. 055 Henry M. Boehm,Staten Island,STATEN ISLAND,5.0,New York,40.53663164,-74.16381363,1.0,Public Schools,False
P.S./I.S. 087 Middle Village,Queens,QUEENS,4.0,New York,40.71180753,-73.87123729,1.0,Public Schools,False
P.S. 299 Thomas Warren Field,Brooklyn,BROOKLYN,3.0,New York,40.69106994,-73.91815159,1.0,Public Schools,False
"Interpublic Group of Companies, Inc.",Manhattan,MANHATTAN,1.0,New York,40.75873689,-73.96861769,1.0,Businesses & Commercial Spaces,False
Department of Citywide Administrative Services,Brooklyn,BROOKLYN,3.0,New York,40.69245194,-73.99049085,1.0,Government Buildings & Services,False
Federal Home Loan Bank of New York,Manhattan,MANHATTAN,1.0,New York,40.75098522,-73.97848538,1.0,Businesses & Commercial Spaces,False
Starr Companies - New York 399 Park Ave,Manhattan,MANHATTAN,1.0,New York,40.75953381,-73.97224506,7.0,Businesses & Commercial Spaces,False
Elm Community Charter School,Queens,QUEENS,4.0,New York,40.73732599,-73.88444178,1.0,School,False
Sentinel Real Estate Corp.,Manhattan,MANHATTAN,1.0,New York,40.75963708,-73.98062674,1.0,Businesses & Commercial Spaces,False
Growing Up Green Charter School II (Elementary School),Queens,QUEENS,4.0,New York,40.70612221,-73.79980847,1.0,School,False
Manhattan Office of Student Suspensions,Manhattan,MANHATTAN,1.0,New York,40.80918381,-73.94881954,1.0,Government Buildings & Services,False
Department of Citywide Administrative Services,Manhattan,MANHATTAN,1.0,New York,40.71299412,-74.0041807,1.0,Government Buildings & Services,False
Girl Scouts of the USA,Manhattan,MANHATTAN,1.0,New York,40.75080205,-73.98284538,1.0,Businesses & Commercial Spaces,False
P.S. 123 Queens,Queens,QUEENS,4.0,New York,40.67828823,-73.79562008,1.0,Public Schools,False
KIPP All Middle School,Bronx,BRONX,2.0,New York,40.81844256,-73.92946168,1.0,School,False
P811Q Marathon School - Main Site (Q811),Queens,QUEENS,4.0,New York,40.75676999,-73.72948586,1.0,School,False
Brooklyn School of Inquiry,Brooklyn,BROOKLYN,3.0,New York,40.60730298,-73.98659547,1.0,School,False
Metropolitan Ferries & Other Transportation Authority Police Department - NY,Queens,QUEENS,4.0,New York,40.69853092,-73.80828833,9.0,Ferries & Other Transportation,False
P.S. 007 Louis F. Simeone,Queens,QUEENS,4.0,New York,40.7391081,-73.88248643,1.0,Public Schools,False
Girl Scouts of the USA,Manhattan,MANHATTAN,1.0,New York,40.75080205,-73.98284538,1.0,Businesses & Commercial Spaces,False
"Cohen & Steers Capital Management, Inc.",Manhattan,MANHATTAN,1.0,New York,40.75601562,-73.97483093,5.0,Businesses & Commercial Spaces,False
RAIN Boston Secor Senior Centers,Bronx,BRONX,2.0,New York,40.88302015,-73.83322483,1.0,Senior Centers,False
Morgan Stanley - ISG - New York Metro - 1221 A of A - Floor: 34,Manhattan,MANHATTAN,1.0,New York,40.75909387,-73.98213574,1.0,Businesses & Commercial Spaces,False
AIG - FPP - 1271,Manhattan,MANHATTAN,1.0,New York,40.76028202,-73.98015728,31.0,Businesses & Commercial Spaces,False
Macy's Inc. - 72001 - 59th Street,Manhattan,MANHATTAN,1.0,New York,40.70253319,-74.01256178,4.0,Businesses & Commercial Spaces,False
I.S. 077 Queens,Queens,QUEENS,4.0,New York,40.69950855,-73.90213944,1.0,Public Schools,False
The Frick Collection,Manhattan,MANHATTAN,1.0,New York,40.77148855,-73.96688952,1.0,Museums,False
Unity Center for Urban Technologies,Manhattan,MANHATTAN,1.0,New York,40.74616865,-73.98124058,1.0,Public Schools,False
Columbia University - Shapiro CEPSR,Manhattan,MANHATTAN,1.0,New York,40.80974551,-73.96021632,1.0,Colleges & Universities,False
New Visions Charter High School for Advanced Math and Science II,Bronx,BRONX,2.0,New York,40.82166801,-73.90354524,1.0,School,False
Brown Harris Stevens 1021 Park,Manhattan,MANHATTAN,1.0,New York,40.77940672,-73.95724841,1.0,Businesses & Commercial Spaces,False
Australia and New Zealand Banking Group,Manhattan,MANHATTAN,1.0,New York,40.75555731,-73.97513791,1.0,Businesses & Commercial Spaces,False
NYC DOE 65 Court Street,Brooklyn,BROOKLYN,3.0,New York,40.6920046,-73.99122654,1.0,Government Buildings & Services,False
Adr Dental,Manhattan,MANHATTAN,1.0,New York,40.7315486,-73.99282695,1.0,Health & Social Services,False
Department of Citywide Administrative Services,Manhattan,MANHATTAN,1.0,New York,40.71441034,-74.00608902,1.0,Government Buildings & Services,False
The Blackstone Group,Manhattan,MANHATTAN,1.0,New York,40.75816441,-73.97324549,1.0,Businesses & Commercial Spaces,False
"Nederlander Producing Company of America, Inc - Hellinger",Manhattan,MANHATTAN,1.0,New York,40.75904777,-73.98621107,2.0,Performance Venues,False
Port Richmond High School,Staten Island,STATEN ISLAND,5.0,New York,40.634565,-74.14181777,1.0,School,False
P.S. 075 Mayda Cortiella,Brooklyn,BROOKLYN,3.0,New York,40.69330595,-73.92066589,1.0,Public Schools,False
Platton Hall,Manhattan,MANHATTAN,1.0,New York,40.78334634,-73.98095202,1.0,Businesses & Commercial Spaces,False
The Eagle Academy for Young Men of Staten Island - Annex (R082),Staten Island,STATEN ISLAND,5.0,New York,40.62425592,-74.08266675,1.0,Public Schools,False
Brooklyn Prospect Charter - Sunset Yards Elementary School,Brooklyn,BROOKLYN,3.0,New York,40.65327042,-74.00722226,1.0,School,False
FDNY - Captain Vernon A. Richards High School for Fire and Life Safety,Brooklyn,BROOKLYN,3.0,New York,40.6674485,-73.89474657,1.0,School,False
The High School of Fashion Industries,Manhattan,MANHATTAN,1.0,New York,40.74514906,-73.9960735,1.0,School,False
Neighborhood Charter School - Harlem @ 421 West 145th Street,Manhattan,MANHATTAN,1.0,New York,40.82432226,-73.94543672,1.0,School,False
Inwood Academy for Leadership Middle School,Manhattan,MANHATTAN,1.0,New York,40.86205512,-73.91912615,1.0,School,False
Icahn Charter School I (Grades 5-8),Bronx,BRONX,2.0,New York,40.83855491,-73.90504939,1.0,School,False
Manhattan Charter School,Manhattan,MANHATTAN,1.0,New York,40.71837564,-73.98445186,1.0,Public Schools,False
P.S. 56 The Louis Desario School,Staten Island,STATEN ISLAND,5.0,New York,40.54223872,-74.21400043,1.0,Public Schools,False
P.S./M.S. 004 Crotona Park West,Bronx,BRONX,2.0,New York,40.84088479,-73.89816475,1.0,Public Schools,False
Alfred E. Smith Career and Technical Education High School,Bronx,BRONX,2.0,New York,40.81822492,-73.91986607,6.0,School,False
Brookfield Properties - New York - 666 Fifth Ave,Manhattan,MANHATTAN,1.0,New York,40.76054207,-73.97642111,5.0,Businesses & Commercial Spaces,False
P.S. 029 Bardwell,Staten Island,STATEN ISLAND,5.0,New York,40.61359646,-74.11598793,1.0,Public Schools,False
P.S. 205 Clarion,Brooklyn,BROOKLYN,3.0,New York,40.61526292,-73.98714855,1.0,Public Schools,False
M.S. K266 - Park Place Community Middle School,Brooklyn,BROOKLYN,3.0,New York,40.67897583,-73.97649693,1.0,Public Schools,False
P.S./I.S. 045 Horace E. Greene,Brooklyn,BROOKLYN,3.0,New York,40.68673861,-73.91069304,1.0,Public Schools,False
BP - New York,Manhattan,MANHATTAN,1.0,New York,40.76034654,-73.97345398,2.0,Businesses & Commercial Spaces,False
Creative Arts Studio,Brooklyn,BROOKLYN,3.0,New York,40.68827968,-73.98834238,1.0,Businesses & Commercial Spaces,False
One Hanson Place,Brooklyn,BROOKLYN,3.0,New York,40.68509967,-73.97773151,1.0,Businesses & Commercial Spaces,False
JSM Associates I LLC [51 Astor],Manhattan,MANHATTAN,1.0,New York,40.73017604534,-73.99046018774,1.0,Businesses & Commercial Spaces,False
P.S. 173 Fresh Meadows,Queens,QUEENS,4.0,New York,40.73456417,-73.79548288,1.0,Public Schools,False
Queens Metropolitan High School,Queens,QUEENS,4.0,New York,40.71135936,-73.85669802,1.0,Public Schools,False
Hearst Corporation,Manhattan,MANHATTAN,1.0,New York,40.76643902,-73.98332508,1.0,Businesses & Commercial Spaces,False
"Vornado Office Managment, LLC",Manhattan,MANHATTAN,1.0,New York,40.75109132,-73.9929259,1.0,Businesses & Commercial Spaces,False
Brooklyn Prospect Charter - Clinton Hill Middle School,Brooklyn,BROOKLYN,3.0,New York,40.68132781,-73.95667336,1.0,School,False
International High School at Prospect Heights,Brooklyn,BROOKLYN,3.0,New York,40.67034226,-73.96169487,1.0,School,False
The Heritage at Trump Place,Manhattan,MANHATTAN,1.0,New York,40.78047072,-73.9873368,1.0,Businesses & Commercial Spaces,False
Queens Gateway to Health Sciences Secondary School,Queens,QUEENS,4.0,New York,40.71882279,-73.80649814,1.0,School,False
M.S. 053 Brian Piccolo,Queens,QUEENS,4.0,New York,40.60361433,-73.74909819,1.0,Public Schools,False
P.S. 005 Ellen Lurie,Manhattan,MANHATTAN,1.0,New York,40.85898361,-73.92289324,1.0,Public Schools,False
St. Leonard's Church,Brooklyn,BROOKLYN,3.0,New York,40.68623383,-73.93093259,1.0,Houses of Worship,False
I.S. 238 - Susan B. Anthony Academy,Queens,QUEENS,4.0,New York,40.71308599,-73.78046742,1.0,School,False
Fisher Brothers - 299 Park,Manhattan,MANHATTAN,1.0,New York,40.75644922,-73.97449508,1.0,Businesses & Commercial Spaces,False
Madison Square Garden,Manhattan,MANHATTAN,1.0,New York,40.78055775,-73.98142946,4.0,Performance Venues,False
Metropolitan Recreation Center,Brooklyn,BROOKLYN,3.0,New York,40.71503781,-73.96070234,1.0,Parks & Recreation,False
Waterline Sq. 1,Manhattan,MANHATTAN,1.0,New York,40.77303566,-73.99298494,1.0,Businesses & Commercial Spaces,False
The Urban Assembly School for Global Commerce,Manhattan,MANHATTAN,1.0,New York,40.80737595,-73.93943257,1.0,School,False
Internal Revenue Service,Manhattan,MANHATTAN,1.0,New York,40.71480011,-74.00576441,1.0,Government Buildings & Services,False
"Conde Nast Publications, Inc.",Manhattan,MANHATTAN,1.0,New York,40.71327345,-74.01281992,4.0,Businesses & Commercial Spaces,False
New Dawn Charter High School,Brooklyn,BROOKLYN,3.0,New York,40.68289462,-73.99029031,1.0,School,False
Pratt Institute - Library,Brooklyn,BROOKLYN,3.0,New York,40.69092623,-73.96448484,1.0,Colleges & Universities,False
Coney Island Preparatory Public Charter School Upper Elementary School,Brooklyn,BROOKLYN,3.0,New York,40.59084533,-73.9873693,1.0,School,False
P.S. 011 Kathryn Phelan,Queens,QUEENS,4.0,New York,40.74523633,-73.90871964,1.0,Public Schools,False
District 2 Pre-K Center at 606 West 57 Street (M444),Manhattan,MANHATTAN,1.0,New York,40.77052414,-73.99194544,1.0,Public Schools,False
Success Academy Charter School - Harlem 6 [K-3],Manhattan,MANHATTAN,1.0,New York,40.81614376,-73.95356859,1.0,School,False
Friends Seminary,Manhattan,MANHATTAN,1.0,New York,40.73441897,-73.98577597,1.0,School,False
City College of New York,Manhattan,MANHATTAN,1.0,New York,40.81918902,-73.95022087,2.0,Colleges & Universities,False
Abramson Brothers Inc. Realty Investments,Manhattan,MANHATTAN,1.0,New York,40.76418601,-73.98671178,1.0,Businesses & Commercial Spaces,False
Fordham University Bronx Location,Bronx,BRONX,2.0,New York,40.86072673616,-73.88953366191,1.0,Colleges & Universities,False
Catholic Kolping Society,Bronx,BRONX,2.0,New York,40.87132905,-73.88893384,1.0,Businesses & Commercial Spaces,False
Little Red School House,Manhattan,MANHATTAN,1.0,New York,40.72706927,-74.00479855,1.0,School,False
League Treatment Center,Brooklyn,BROOKLYN,3.0,New York,40.68311587135,-73.96885893025,1.0,Health & Social Services,False
P753K - Brooklyn School For Career Development (K085),Brooklyn,BROOKLYN,3.0,New York,40.68252572,-73.96876907,1.0,School,False
Harlem Hebrew Language Academy Charter School,Manhattan,MANHATTAN,1.0,New York,40.80454413,-73.95274953,1.0,School,False
Equinox,Manhattan,MANHATTAN,1.0,New York,40.84859814,-73.93742858,1.0,Health Clubs & Gyms,False
Astor Collegiate Academy,Bronx,BRONX,2.0,New York,40.85965827,-73.86100465,1.0,School,False
Archer Elementary School,Bronx,BRONX,2.0,New York,40.837624,-73.8660345,1.0,School,False
Bronx Latin,Bronx,BRONX,2.0,New York,40.82773644,-73.90010367,1.0,Public Schools,False
"Mutual Redevelopment Houses, Inc",Manhattan,MANHATTAN,1.0,New York,40.74710885,-73.99717775,1.0,Businesses & Commercial Spaces,False
Marymount School,Manhattan,MANHATTAN,1.0,New York,40.78686455,-73.95120209,1.0,School,False
Thurgood Marshall Academy Lower School,Manhattan,MANHATTAN,1.0,New York,40.82611903,-73.93798095,1.0,School,False
"City Polytechnic High School of Engineering, Architecture, and Technology",Brooklyn,BROOKLYN,3.0,New York,40.69491903,-73.98601522,1.0,Public Schools,False
Andries Hudde,Brooklyn,BROOKLYN,3.0,New York,40.62355402,-73.94627871,1.0,Businesses & Commercial Spaces,False
New York State Department of Housing,Queens,QUEENS,4.0,New York,40.70378809,-73.79764429,8.0,Government Buildings & Services,False
PSAL Office,Queens,QUEENS,4.0,New York,40.7493771,-73.952233,1.0,Public Schools,False
"Skadden, Arps, Slate, Meagher & Flom LLP",Manhattan,MANHATTAN,1.0,New York,40.75699693,-73.98252614,1.0,Businesses & Commercial Spaces,False
Home Instruction (Springfield Blvd),Queens,QUEENS,4.0,New York,40.7233167,-73.73777928,1.0,Public Schools,False
Department of Citywide Administrative Services,Manhattan,MANHATTAN,1.0,New York,40.71375986,-74.00542885,1.0,Government Buildings & Services,False
Department of Citywide Administrative Services,Manhattan,MANHATTAN,1.0,New York,40.71441034,-74.00608902,1.0,Government Buildings & Services,False
Young Israel of New Hyde Park,Queens,QUEENS,4.0,New York,40.74914579,-73.7085117,1.0,Houses of Worship,False
Con Edison - 4400 Victory Blvd,Staten Island,STATEN ISLAND,5.0,New York,40.58708913,-74.198548,1.0,Businesses & Commercial Spaces,False
"Cravath, Swaine & Moore, LLP",Manhattan,MANHATTAN,1.0,New York,40.76206701,-73.98627542,1.0,Businesses & Commercial Spaces,False
"D.E. Shaw & Co., L.P.",Manhattan,MANHATTAN,1.0,New York,40.75699693,-73.98252614,1.0,Businesses & Commercial Spaces,False
Providing Urban Learners Success In Education High School,Bronx,BRONX,2.0,New York,40.84859341,-73.89365279,1.0,School,False
The Children's Lab School,Queens,QUEENS,4.0,New York,40.7425649,-73.92260266,1.0,School,False
Churchill School,Manhattan,MANHATTAN,1.0,New York,40.74157883,-73.97801208,5.0,School,False
"Nederlander Theater - Rose Nederlander Associates, Inc.",Manhattan,MANHATTAN,1.0,New York,40.75560879,-73.98803818,2.0,Performance Venues,False
The Laurel Condominium c/o Solstice Residential Group,Manhattan,MANHATTAN,1.0,New York,40.76427802,-73.95831226,1.0,Businesses & Commercial Spaces,False
The Highbridge Green School,Bronx,BRONX,2.0,New York,40.83821744,-73.92789024,1.0,School,False
Department of Citywide Administrative Services,Manhattan,MANHATTAN,1.0,New York,40.7650751,-73.98499686,1.0,Government Buildings & Services,False
P.S. 178 - Dr. Selman Waksman,Bronx,BRONX,2.0,New York,40.87588751,-73.83385751,1.0,Public Schools,False
Department of Citywide Administrative Services,Manhattan,MANHATTAN,1.0,New York,40.71299412,-74.0041807,1.0,Government Buildings & Services,False
P.S. 110 The Monitor,Brooklyn,BROOKLYN,3.0,New York,40.72389014,-73.94231196,1.0,Public Schools,False
"Becker & Poliakoff, LLP",Manhattan,MANHATTAN,1.0,New York,40.70638957,-74.01282941,1.0,Businesses & Commercial Spaces,False
Townsend Harris High School,Queens,QUEENS,4.0,New York,40.73438791,-73.82143097,1.0,School,False
JPMorgan Chase - 237 Park Avenue,Manhattan,MANHATTAN,1.0,New York,40.75389681,-73.97551391,1.0,Businesses & Commercial Spaces,False
P.S. 97 The Highlawn,Brooklyn,BROOKLYN,3.0,New York,40.60142634,-73.98613931,1.0,Public Schools,False
Educational Alliance Senior Centers,Manhattan,MANHATTAN,1.0,New York,40.71420405,-73.98830175,1.0,Senior Centers,False
The Manticote Corp c/o Blue Woods Management,Manhattan,MANHATTAN,1.0,New York,40.8058035,-73.96713247,1.0,Businesses & Commercial Spaces,False
P009Q - Walter Reed School,Queens,QUEENS,4.0,New York,40.71892772,-73.91220818,1.0,School,False
Department of Citywide Administrative Services,Manhattan,MANHATTAN,1.0,New York,40.71543977,-74.00189022,1.0,Government Buildings & Services,False
Renaissance Charter School,Queens,QUEENS,4.0,New York,40.75130343,-73.88553269,1.0,School,False
Manhattan West LLC,Manhattan,MANHATTAN,1.0,New York,40.76412,-73.97103381,1.0,Businesses & Commercial Spaces,False
Hudsoncrest Management Company - Bronx NY,Bronx,BRONX,2.0,New York,40.88213055,-73.91984661,2.0,Businesses & Commercial Spaces,False
Barnum Financuial Group/Metlife,Manhattan,MANHATTAN,1.0,New York,40.75415504,-73.97655693,1.0,Businesses & Commercial Spaces,False
Pathways to Graduation @ Opportunities for a Better Tomorrow II,Brooklyn,BROOKLYN,3.0,New York,40.70101043,-73.94369871,1.0,School,False
"Sovereign Apartments, Inc.",Manhattan,MANHATTAN,1.0,New York,40.75867715,-73.96170524,1.0,Businesses & Commercial Spaces,False
P.S. 89 Manhattan,Manhattan,MANHATTAN,1.0,New York,40.71666041,-74.01354204,1.0,Public Schools,False
P.S. 096 Richard Rodgers,Bronx,BRONX,2.0,New York,40.86080892,-73.8685255,1.0,Public Schools,False
P.S. 80 The Thurgood Marshall Magnet School of Multimedia and Communication,Queens,QUEENS,4.0,New York,40.67281174,-73.76925197,1.0,Public Schools,False
Harlem Village Academy High School,Manhattan,MANHATTAN,1.0,New York,40.8063216,-73.94412584,1.0,School,False
Columbia University - Alumni Center,Manhattan,MANHATTAN,1.0,New York,40.80659657,-73.96658662,1.0,Colleges & Universities,False
NYCDOT Ferry Division,Staten Island,STATEN ISLAND,5.0,New York,40.64372588,-74.0727888,3.0,Ferries & Other Transportation,False
Con Edison - Van Nest Complex,Bronx,BRONX,2.0,New York,40.84444428,-73.86107632,5.0,Businesses & Commercial Spaces,False
"Fried, Frank, Harris, Shriver & Jacobson LLP",Manhattan,MANHATTAN,1.0,New York,40.70253319,-74.01256178,1.0,Businesses & Commercial Spaces,False
"Walt Disney/ABC, Inc.",Manhattan,MANHATTAN,1.0,New York,40.77324011,-73.98069136,1.0,Businesses & Commercial Spaces,False
"Walt Disney/ABC, Inc.",Manhattan,MANHATTAN,1.0,New York,40.77566742,-73.98750381,1.0,Businesses & Commercial Spaces,False
Jacob K. Javits Convention Center,Manhattan,MANHATTAN,1.0,New York,40.75655629,-74.00380806,1.0,Performance Venues,False
"High School for Mathematics, Science and Engineering at City College",Manhattan,MANHATTAN,1.0,New York,40.82073382,-73.94909605,1.0,School,False
I.S. 230 Queens,Queens,QUEENS,4.0,New York,40.75285886,-73.89319263,1.0,Public Schools,False
W. H. Maxwell Career and Technical Education High School,Brooklyn,BROOKLYN,3.0,New York,40.67412808,-73.89643036,1.0,School,False
"Pillsbury Winthrop Shaw Pittman, LLP - Pillsbury Winthrop Shaw Pittman, LLP - New York",Manhattan,MANHATTAN,1.0,New York,40.75783992,-73.98500932,6.0,Businesses & Commercial Spaces,False
East Side Middle School,Manhattan,MANHATTAN,1.0,New York,40.78069868,-73.94855265,1.0,School,False
Target,Manhattan,MANHATTAN,1.0,New York,40.74943362,-74.00431293,1.0,Businesses & Commercial Spaces,False
Cynthia Jenkins School,Queens,QUEENS,4.0,New York,40.67587199,-73.75850517,1.0,School,False
P.S. 036 J. C. Drumgoole,Staten Island,STATEN ISLAND,5.0,New York,40.54307591,-74.18229784,1.0,Public Schools,False
University Neighborhood High School,Manhattan,MANHATTAN,1.0,New York,40.71239205,-73.98449655,1.0,School,False
Bronx High School For The Visual Arts,Bronx,BRONX,2.0,New York,40.85163986,-73.86474101,1.0,School,False
Ft. Washington Houses Senior Centers,Manhattan,MANHATTAN,1.0,New York,40.83850351,-73.9437373,1.0,Senior Centers,False
Fordham University Bronx Location,Bronx,BRONX,2.0,New York,40.86072673616,-73.88953366191,1.0,Colleges & Universities,False
P.S. 207 Bronx,Bronx,BRONX,2.0,New York,40.87831633,-73.90655457,1.0,Public Schools,False
M.S. 224 Manhattan East School for Arts & Academics,Manhattan,MANHATTAN,1.0,New York,40.78566384,-73.94254713,1.0,Public Schools,False
The Museum of Modern Art,Manhattan,MANHATTAN,1.0,New York,40.76099511,-73.97720066,1.0,Museums,False
"The Empire State Building Company, LLC",Manhattan,MANHATTAN,1.0,New York,40.7482689007,-73.98469027358,1.0,Businesses & Commercial Spaces,False
P.S. 340 Annex,Bronx,BRONX,2.0,New York,40.86939232,-73.89591897,1.0,Public Schools,False
District Council 37,Manhattan,MANHATTAN,1.0,New York,40.70453424,-74.01155228,1.0,Businesses & Commercial Spaces,False
P.S. 215 Morris H. Weiss,Brooklyn,BROOKLYN,3.0,New York,40.60207651,-73.97001323,1.0,Public Schools,False
47 American Sign Language & English Lower School,Manhattan,MANHATTAN,1.0,New York,40.73852741,-73.98242274,1.0,Public Schools,False
Equinox,Brooklyn,BROOKLYN,3.0,New York,40.6893115,-73.9235157,1.0,Health Clubs & Gyms,False
Morgan Stanley,Brooklyn,BROOKLYN,3.0,New York,40.69559749,-73.99099166,1.0,Businesses & Commercial Spaces,False
Pathways to Graduation @ Alternative Education Complex - Referral Center/Hub,Manhattan,MANHATTAN,1.0,New York,40.7529358,-73.99290405,1.0,School,False
"Cleary, Gottlieb, Hamilton & Steen, LLP.",Manhattan,MANHATTAN,1.0,New York,40.70939527,-74.0110734,13.0,Businesses & Commercial Spaces,False
P.S./I.S. 137 Rachel Jean Mitchell,Brooklyn,BROOKLYN,3.0,New York,40.68245058,-73.91708777,1.0,Public Schools,False
J.H.S. 054 Booker T. Washington,Manhattan,MANHATTAN,1.0,New York,40.80011233,-73.96283712,1.0,Public Schools,False
Morgan Stanley - ISG - New York Metro - 750 7th Avenue - Floor: 34,Manhattan,MANHATTAN,1.0,New York,40.76074642,-73.98352505,1.0,Businesses & Commercial Spaces,False
Pathways to Graduation @ Alternative Education Complex - Referral Center/Hub,Manhattan,MANHATTAN,1.0,New York,40.7529358,-73.99290405,1.0,School,False
Khalil Gibran International Academy,Brooklyn,BROOKLYN,3.0,New York,40.68649162,-73.97964928,1.0,School,False
Hugh O'Kane Electric Company,Manhattan,QUEENS,4.0,New York,40.7301035,-73.9223538,1.0,Businesses & Commercial Spaces,True
The Coop School,Brooklyn,BROOKLYN,3.0,New York,40.68237741,-73.95966885,1.0,School,False
New York State Department For People With Developmental Disabilities,Brooklyn,BROOKLYN,3.0,New York,40.66008603,-73.87721973,2.0,Government Buildings & Services,False
Bronx Engineering and Technology Academy,Bronx,MANHATTAN,1.0,New York,40.877309,-73.912939,11.0,Public Schools,True
High School of Economics and Finance,Manhattan,MANHATTAN,1.0,New York,40.70918932,-74.01202199,5.0,Public Schools,False
Morgan Stanley - ISG - New York Metro - 750 7th Ave - Floor: 31,Manhattan,MANHATTAN,1.0,New York,40.76074642,-73.98352505,1.0,Businesses & Commercial Spaces,False
UM NY Global Headquarters,Manhattan,MANHATTAN,1.0,New York,40.74929316,-73.98867453,1.0,Businesses & Commercial Spaces,False
Aviation Career & Technical Education High School,Queens,QUEENS,4.0,New York,40.74350231,-73.9290758,9.0,School,False
L'Oreal USA,Manhattan,MANHATTAN,1.0,New York,40.75587638,-73.97850545,2.0,Businesses & Commercial Spaces,False
"CS Ritz Holdings, LP c/o Stonehenge Management, LLC",Manhattan,MANHATTAN,1.0,New York,40.76046948,-73.9856657,1.0,Businesses & Commercial Spaces,False
Abramson Brothers Inc. Realty Investments,Manhattan,MANHATTAN,1.0,New York,40.75721333,-73.97987665,1.0,Businesses & Commercial Spaces,False
Greenberg Traurig,Manhattan,MANHATTAN,1.0,New York,40.75415504,-73.97655693,1.0,Businesses & Commercial Spaces,False
Three World Trade Center,Manhattan,MANHATTAN,1.0,New York,40.71096789,-74.01235777,1.0,Businesses & Commercial Spaces,False
East New York Family Academy,Brooklyn,BROOKLYN,3.0,New York,40.66131134,-73.88630046,1.0,School,False
Allen & Company,Manhattan,MANHATTAN,1.0,New York,40.76193878,-73.97469873,1.0,Businesses & Commercial Spaces,False
Carlyle Hotel,Manhattan,MANHATTAN,1.0,New York,40.77425965,-73.96328486,1.0,Businesses & Commercial Spaces,False
Internal Revenue Service,Manhattan,MANHATTAN,1.0,New York,40.71480011,-74.00576441,1.0,Government Buildings & Services,False
Naples Street Elementary School,Staten Island,STATEN ISLAND,5.0,New York,40.6022224,-74.09135417,1.0,Public Schools,False
South Bronx Classical Charter School III,Bronx,BRONX,2.0,New York,40.82978658,-73.90640257,1.0,School,False
P.S. 527 - East Side School for Social Action,Manhattan,MANHATTAN,1.0,New York,40.78075638,-73.94868982,1.0,Public Schools,False
Haug Partners LLP,Manhattan,MANHATTAN,1.0,New York,40.76331917,-73.97369465,1.0,Businesses & Commercial Spaces,False
Liberty Avenue Middle School,Brooklyn,BROOKLYN,3.0,New York,40.67709643,-73.88343253,1.0,School,False
M.S. 137 America's School of Heroes,Queens,QUEENS,4.0,New York,40.67809246,-73.83994757,1.0,Public Schools,False
P.S. 011 William T. Harris,Manhattan,MANHATTAN,1.0,New York,40.74434217,-74.00025262,1.0,Public Schools,False
Wadleigh Secondary School for the Performing & Visual Arts,Manhattan,MANHATTAN,1.0,New York,40.80220068,-73.95414182,1.0,School,False
P.S. 023 Richmondtown,Staten Island,STATEN ISLAND,5.0,New York,40.5711796,-74.13263358,1.0,Public Schools,False
The Urban Assembly School for Law and Justice,Brooklyn,BROOKLYN,3.0,New York,40.69467506,-73.98885333,1.0,School,False
Harlem Children's Zone Promise Academy II Charter School,Manhattan,MANHATTAN,1.0,New York,40.79689952,-73.94544844,1.0,School,False
Morgan Stanley - 1585 Broadway,Manhattan,MANHATTAN,1.0,New York,40.76020869,-73.98533366,1.0,Businesses & Commercial Spaces,False
P.S. 153 Maspeth Elem,Queens,QUEENS,4.0,New York,40.71660154,-73.90366902,1.0,Public Schools,False
The American Dream Charter High School,Bronx,BRONX,2.0,New York,40.80911022,-73.90958176,1.0,School,False
610 Park Ave Condominum,Manhattan,MANHATTAN,1.0,New York,40.76649044,-73.96719887,1.0,Businesses & Commercial Spaces,False
Zeta Charter School - South Bronx,Bronx,BRONX,2.0,New York,40.81644629,-73.91597724,1.0,School,False
Department of Citywide Administrative Services,Manhattan,MANHATTAN,1.0,New York,40.71034543,-74.0040074,1.0,Government Buildings & Services,False
"Sidley Austin LLP - New York, NY",Manhattan,MANHATTAN,1.0,New York,40.76194849,-73.9826223,14.0,Businesses & Commercial Spaces,False
Forest Hills High School,Queens,QUEENS,4.0,New York,40.72939462,-73.84563646,1.0,School,False
JFK Port Authority Police Department,Queens,QUEENS,4.0,New York,40.64333901,-73.79715713,6.0,Ferries & Other Transportation,False
P.S. 100 Glen Morris,Queens,QUEENS,4.0,New York,40.67997648,-73.82207838,1.0,Public Schools,False
P.S. 169 Sunset Park,Brooklyn,BROOKLYN,3.0,New York,40.64628242,-74.00190267,1.0,Public Schools,False
P.S. 076 William Hallet,Queens,QUEENS,4.0,New York,40.76084504,-73.94114276,1.0,Public Schools,False
J.H.S. 190 Russell Sage,Queens,QUEENS,4.0,New York,40.72269989,-73.85169853,1.0,Public Schools,False
"Walt Disney/ABC, Inc.",Manhattan,MANHATTAN,1.0,New York,40.77282549,-73.97973833,1.0,Businesses & Commercial Spaces,False
New York Cruise Lines,Manhattan,MANHATTAN,1.0,New York,40.7623042,-74.00290610014,9.0,Ferries & Other Transportation,False
JASA Einstein Senior Centers,Bronx,BRONX,2.0,New York,40.86425684,-73.82202091,1.0,Senior Centers,False
P.S. 003 Charrette School,Manhattan,MANHATTAN,1.0,New York,40.73258616,-74.00646595,1.0,Public Schools,False
Brooklyn Collegiate: A College Board School,Brooklyn,BROOKLYN,3.0,New York,40.6740954,-73.91327323,1.0,School,False
University Prep Charter Middle School,Bronx,BRONX,2.0,New York,40.81115523,-73.90980295,1.0,School,False
Amazon.com Services LLC - LDJ5,Staten Island,STATEN ISLAND,5.0,New York,40.61593604,-74.17910099,1.0,Businesses & Commercial Spaces,False
The Walton Avenue School,Bronx,BRONX,2.0,New York,40.84008919,-73.91556779,1.0,School,False
"Interpublic Group of Companies, Inc",Manhattan,MANHATTAN,1.0,New York,40.75873689,-73.96861769,1.0,Businesses & Commercial Spaces,False
P.S. 008 Luis Belliard,Manhattan,MANHATTAN,1.0,New York,40.83894732,-73.93683776,1.0,Public Schools,False
The Maxine Greene HS for Imaginative Inquiry,Manhattan,MANHATTAN,1.0,New York,40.77434411,-73.98475286,1.0,School,False
P.S./M.S. 138 Sunrise,Queens,QUEENS,4.0,New York,40.65971953,-73.73517564,1.0,Public Schools,False
P.S. 101 School in the Gardens,Queens,QUEENS,4.0,New York,40.71557783,-73.84389739,1.0,Public Schools,False
"Tarter Krinsky & Drogin, LLP",Manhattan,MANHATTAN,1.0,New York,40.75129947,-73.98765638,1.0,Businesses & Commercial Spaces,False
Belluck & Fox,Manhattan,MANHATTAN,1.0,New York,40.75544014,-73.97946571,1.0,Businesses & Commercial Spaces,False
Notre Dame School,Manhattan,MANHATTAN,1.0,New York,40.73964305,-74.00438446,1.0,School,False
Zeta Charter School - Tremont Park,Bronx,BRONX,2.0,New York,40.84538467,-73.89349891,1.0,School,False
JPMorgan Chase - 383 Madison,Manhattan,MANHATTAN,1.0,New York,40.75581298,-73.97706528,31.0,Businesses & Commercial Spaces,False
"Beresford Apartments, Inc",Manhattan,MANHATTAN,1.0,New York,40.78221905,-73.97158921,1.0,Businesses & Commercial Spaces,False
Staten Island Ferry,Manhattan,MANHATTAN,1.0,New York,40.70142167,-74.01155174,1.0,Ferries & Other Transportation,False
Washington Lexington Senior Centers,Manhattan,MANHATTAN,1.0,New York,40.78656685,-73.94830254,1.0,Senior Centers,False
Morgan Stanley - ISG - New York Metro - 750 7th Avenue - Floor: 09,Manhattan,MANHATTAN,1.0,New York,40.76074642,-73.98352505,1.0,Businesses & Commercial Spaces,False
P.S. 134 Henrietta Szold,Manhattan,MANHATTAN,1.0,New York,40.71456305,-73.98372409,1.0,Public Schools,False
OGDEN CAP PROPERTIES,Manhattan,MANHATTAN,1.0,New York,40.77569698,-73.98265841,1.0,Businesses & Commercial Spaces,False
"Kirkland & Ellis, LLP",Manhattan,MANHATTAN,1.0,New York,40.75845753,-73.97091355,1.0,Businesses & Commercial Spaces,False
"Walt Disney/ABC, Inc.",Manhattan,MANHATTAN,1.0,New York,40.77324011,-73.98069136,1.0,Businesses & Commercial Spaces,False
P.S. 155 The Ronald H. Brown School,Queens,QUEENS,4.0,New York,40.67955186,-73.81060006,1.0,Public Schools,False
Madison Square Garden,Manhattan,MANHATTAN,1.0,New York,40.75998287,-73.98034869,3.0,Performance Venues,False
P.S. 008 Isaac Varian,Bronx,BRONX,2.0,New York,40.87260553,-73.88357299,1.0,Public Schools,False
"HS Construction Trades, Engineering & Architecture",Queens,QUEENS,4.0,New York,40.68958318,-73.84071678,1.0,Public Schools,False
P.S. 108 Captain Vincent G. Fowler,Queens,QUEENS,4.0,New York,40.67957633,-73.83154712,1.0,Public Schools,False
American Museum of Natural History,Manhattan,MANHATTAN,1.0,New York,40.78130521,-73.972254,1.0,Museums,False
"Queens High School of Teaching, Liberal Arts and the Sciences",Queens,QUEENS,4.0,New York,40.74607997,-73.72753367,1.0,School,False
I.S. 117 Joseph H. Wade,Bronx,BRONX,2.0,New York,40.84854025,-73.90841468,1.0,Public Schools,False
CC Managers,Queens,QUEENS,4.0,New York,40.59210858,-73.78874843,1.0,Businesses & Commercial Spaces,False
P.S. 001 Tottenville,Staten Island,STATEN ISLAND,5.0,New York,40.50902942,-74.24411561,1.0,Public Schools,False
"Outten & Golden,",Manhattan,MANHATTAN,1.0,New York,40.75161005,-73.9738184,1.0,Businesses & Commercial Spaces,False
Family Life Academy Charter Middle School,Bronx,BRONX,2.0,New York,40.82867585,-73.91459947,1.0,School,False
P.S. 083 Luis Munoz Rivera,Manhattan,MANHATTAN,1.0,New York,40.7931872,-73.94254783,1.0,Public Schools,False
Dock Street School,Brooklyn,BROOKLYN,3.0,New York,40.70309906,-73.99254871,1.0,School,False
A School Without Walls,Brooklyn,BROOKLYN,3.0,New York,40.69073628,-73.98860518,1.0,Public Schools,False
CAB Morris Senior Centers,Bronx,BRONX,2.0,New York,40.85506928,-73.90419791,1.0,Senior Centers,False
"AECOM of YU, Div. of Substance Abuse",Bronx,BRONX,2.0,New York,40.84443063,-73.84003013,1.0,Colleges & Universities,False
The Port Authority of New York & New Jersey - 116 Nassau Street,Manhattan,MANHATTAN,1.0,New York,40.7108366,-74.00699767,1.0,Ferries & Other Transportation,False
Citi Health Services - 388 Greenwich,Manhattan,MANHATTAN,1.0,New York,40.72065166,-74.01009762,15.0,Health & Social Services,False
Jill Chaifetz Transfer High School,Bronx,BRONX,2.0,New York,40.8189993,-73.90586863,1.0,School,False
Channel View School For Research,Queens,QUEENS,4.0,New York,40.58605892,-73.82262478,1.0,Public Schools,False
District 79 Superintendent Office and P2G Admin,Queens,QUEENS,4.0,New York,40.70283209,-73.80835166,1.0,Government Buildings & Services,False
J.H.S. 259 William Mckinley,Brooklyn,BROOKLYN,3.0,New York,40.62667272,-74.01511961,1.0,Public Schools,False
Newtown High School,Queens,QUEENS,4.0,New York,40.74111454,-73.87472057,1.0,School,False
Preston High School,Bronx,BRONX,2.0,New York,40.81424893,-73.81933727,1.0,School,False
Abe Stark Senior Centers,Brooklyn,BROOKLYN,3.0,New York,40.64966092,-73.89929021,1.0,Senior Centers,False
Waterline Sq. 3,Manhattan,MANHATTAN,1.0,New York,40.77229726,-73.99206075,1.0,Businesses & Commercial Spaces,False
P.S. 015 Roberto Clemente,Manhattan,MANHATTAN,1.0,New York,40.72178377,-73.97898548,1.0,Public Schools,False
P.S. 158 Bayard Taylor,Manhattan,MANHATTAN,1.0,New York,40.77041247,-73.95113477,1.0,Public Schools,False
"Abramson Brothers, Inc. Realty Investments",Manhattan,MANHATTAN,1.0,New York,40.75754558,-73.98065983,1.0,Businesses & Commercial Spaces,False
Success Academy Charter School Bronx 5 - LOWER School,Bronx,BRONX,2.0,New York,40.80673483,-73.91522736,1.0,School,False
Liberty Mutual Insurance,Manhattan,MANHATTAN,1.0,New York,40.75424252,-73.99939001,1.0,School,False
Susan E. Wagner High School,Staten Island,STATEN ISLAND,5.0,New York,40.59688858,-74.12416878,1.0,School,False
Democracy Prep Endurance Elementary School,Bronx,BRONX,2.0,New York,40.84507126,-73.84688503,1.0,School,False
Brilla Charter School Pax,Bronx,BRONX,2.0,New York,40.86219388,-73.90666046,1.0,School,False
Bronx Charter School for Excellence II [Grades K-4],Bronx,BRONX,2.0,New York,40.84598537,-73.86445617,1.0,School,False
P.S. 161 Pedro Albizu Campos,Manhattan,MANHATTAN,1.0,New York,40.81754337,-73.95304013,1.0,Public Schools,False
Woodside Senior Centers,Queens,QUEENS,4.0,New York,40.75371673,-73.91104685,1.0,Senior Centers,False
Department of Citywide Administrative Services,Staten Island,STATEN ISLAND,5.0,New York,40.64299658,-74.07577159,1.0,Government Buildings & Services,False
International Community High School,Bronx,BRONX,2.0,New York,40.81003314,-73.91779159,1.0,School,False
Morgan Stanley - ISG - New York Metro - 750 7th Ave - Floor: 14,Manhattan,MANHATTAN,1.0,New York,40.76074642,-73.98352505,1.0,Businesses & Commercial Spaces,False
"Intercontinental Exchange - New York, NY (12 Broad Street)",Manhattan,MANHATTAN,1.0,New York,40.70674109,-74.01091425,1.0,Businesses & Commercial Spaces,False
Francis Lewis High School,Queens,QUEENS,4.0,New York,40.74071593,-73.79282959,1.0,School,False
Growing Up Green Charter Elementary School,Queens,QUEENS,4.0,New York,40.7534971,-73.93561972,1.0,School,False
Brooklyn Frontiers High School,Brooklyn,BROOKLYN,3.0,New York,40.69013797,-73.98913175,1.0,School,False
P.S. 309 The George E. Wibecan Preparatory Academy,Brooklyn,BROOKLYN,3.0,New York,40.68841209,-73.92483286,1.0,Public Schools,False
The SEEALL Academy,Brooklyn,BROOKLYN,3.0,New York,40.62702184,-73.98967163,1.0,School,False
Harper Collins Publishers,Manhattan,MANHATTAN,1.0,New York,40.71052901297,-74.00937828022,1.0,Businesses & Commercial Spaces,False
P.S. 073 Bronx,Bronx,BRONX,2.0,New York,40.83269985,-73.92683743,1.0,Public Schools,False
P.S. 184 Flushing Manor,Queens,QUEENS,4.0,New York,40.77808794,-73.80016177,1.0,Public Schools,False
"NYSE Market (DE) - New York, NY (2 Broad Street)",Manhattan,MANHATTAN,1.0,New York,40.70698539,-74.01076281,1.0,Businesses & Commercial Spaces,False
Three World Trade Center,Manhattan,MANHATTAN,1.0,New York,40.71096789,-74.01235777,1.0,Businesses & Commercial Spaces,False
"Tarter Krinsky & Drogin, LLP",Manhattan,MANHATTAN,1.0,New York,40.75129947,-73.98765638,1.0,Businesses & Commercial Spaces,False
"Brooklyn Community High School of Communication, Arts and Media",Brooklyn,BROOKLYN,3.0,New York,40.69263432,-73.95879356,1.0,School,False
Achievement First Ujima High School,Brooklyn,BROOKLYN,3.0,New York,40.6890926,-73.90938816,1.0,School,False
RXR 5TS Owner LLC,Manhattan,MANHATTAN,1.0,New York,40.75570202,-73.98720798,1.0,Businesses & Commercial Spaces,False
American Society of Mechanical Engineers,Manhattan,MANHATTAN,1.0,New York,40.74606997,-73.98209233,1.0,Businesses & Commercial Spaces,False
Assoc. of Black Social Workers Senior Centers,Bronx,MANHATTAN,1.0,New York,40.8016972,-73.9665927,1.0,Senior Centers,True
Eleven Times Square,Manhattan,MANHATTAN,1.0,New York,40.75689078,-73.9900232,17.0,Businesses & Commercial Spaces,False
Loeb & Loeb LLP,Manhattan,MANHATTAN,1.0,New York,40.75816441,-73.97324549,1.0,Businesses & Commercial Spaces,False
The School of Science and Applied Learning,Bronx,BRONX,2.0,New York,40.84622973,-73.88740363,1.0,School,False
P.S. 130 Hernando De Soto,Manhattan,MANHATTAN,1.0,New York,40.71889544,-73.99843796,1.0,Public Schools,False
Eisner Amper LLP,Manhattan,MANHATTAN,1.0,New York,40.75371493,-73.97230885,1.0,Businesses & Commercial Spaces,False
P.S. 019 Marino Jeantet,Queens,QUEENS,4.0,New York,40.74910061,-73.86636118,1.0,Public Schools,False
The Fresh Creek School,Brooklyn,BROOKLYN,3.0,New York,40.65402388,-73.89485432,1.0,School,False
Queens Metropolitan High School,Queens,QUEENS,4.0,New York,40.71135936,-73.85669802,1.0,Public Schools,False
Coney Island Preparatory Public Charter School Middle School,Brooklyn,BROOKLYN,3.0,New York,40.58249322,-73.97312173,1.0,School,False
Citizens Care Senior Centers,Manhattan,MANHATTAN,1.0,New York,40.80114322,-73.94612039,1.0,Senior Centers,False
P.S. 188 The Island School,Manhattan,MANHATTAN,1.0,New York,40.71959049,-73.97790392,1.0,Public Schools,False
River East Elementary,Manhattan,MANHATTAN,1.0,New York,40.79887757,-73.93331827,1.0,School,False
James Madison High School,Brooklyn,BROOKLYN,3.0,New York,40.60990523,-73.94851191,1.0,School,False
Talisen Construction Corporation,Manhattan,MANHATTAN,1.0,New York,40.7519393,-73.99079633,1.0,Businesses & Commercial Spaces,False
P.S. 290 Manhattan New School,Manhattan,MANHATTAN,1.0,New York,40.77507114,-73.95309547,1.0,Public Schools,False
Packer Collegiate Institute,Brooklyn,BROOKLYN,3.0,New York,40.69271831621,-73.99228662996,22.0,School,False
Growing Up Green Charter Middle School,Queens,QUEENS,4.0,New York,40.76043019,-73.94038147,1.0,School,False
Capital Preparatory  Bronx Charter School,Bronx,BRONX,2.0,New York,40.87900573,-73.82656302,1.0,School,False
Gregorio Luperon High School for Science and Mathe,Manhattan,MANHATTAN,1.0,New York,40.83815232,-73.93863828,1.0,School,False
The Blackstone Group,Manhattan,MANHATTAN,1.0,New York,40.75845753,-73.97091355,1.0,Businesses & Commercial Spaces,False
In-Tech Academy (M.S. / High School 368),Bronx,BRONX,2.0,New York,40.87936199,-73.90989449,1.0,Public Schools,False
"Thomas H. Lee Capital, LLC",Manhattan,MANHATTAN,1.0,New York,40.76401348,-73.97318899,1.0,Businesses & Commercial Spaces,False
RXR PO Owner LLC - 450 Lexington Avenue,Manhattan,MANHATTAN,1.0,New York,40.7530952,-73.9748537,1.0,Businesses & Commercial Spaces,False
P.S. 233 Langston Hughes,Brooklyn,BROOKLYN,3.0,New York,40.65101511,-73.91402051,1.0,Public Schools,False
P.S. 152 Gwendoline N. Alleyne School,Queens,QUEENS,4.0,New York,40.75302979,-73.90012229,1.0,Public Schools,False
P.S. 235 Janice Marie Knight School,Brooklyn,BROOKLYN,3.0,New York,40.65469651,-73.941089,1.0,Public Schools,False
Warner Media,Manhattan,MANHATTAN,1.0,New York,40.74036452,-73.98945913,4.0,Businesses & Commercial Spaces,False
Friends Seminary,Manhattan,MANHATTAN,1.0,New York,40.73443269,-73.98576514,1.0,School,False
"Vornado Office Management, LLC",Manhattan,MANHATTAN,1.0,New York,40.74939498,-73.99177476,1.0,Businesses & Commercial Spaces,False
East Bronx Academy For The Future,Bronx,BRONX,2.0,New York,40.8363496,-73.88836003,1.0,School,False
Murry Bergtraum High School For Business Careers,Manhattan,MANHATTAN,1.0,New York,40.71143517,-74.00085127,1.0,School,False
BFFY Pete McGuinness Senior Centers,Brooklyn,BROOKLYN,3.0,New York,40.72900019,-73.95276,1.0,Senior Centers,False
Morgan Stanley - 1 NY Plaza,Manhattan,MANHATTAN,1.0,New York,40.70253319,-74.01256178,1.0,Businesses & Commercial Spaces,False
Trust Company of the West,Manhattan,MANHATTAN,1.0,New York,40.75963708,-73.98062674,1.0,Businesses & Commercial Spaces,False
P.S. 049 Dorothy Bonawit Kole,Queens,QUEENS,4.0,New York,40.71985947,-73.87509257,1.0,Public Schools,False
The Port Authority of New York & New Jersey - 115 Broadway,Manhattan,MANHATTAN,1.0,New York,40.708624,-74.01099752,3.0,Ferries & Other Transportation,False
District 2 Pre-K Center at 52 Chambers Street (M860),Manhattan,MANHATTAN,1.0,New York,40.71380652,-74.00556953,1.0,Public Schools,False
P.S. 150 Charles James Fox,Bronx,BRONX,2.0,New York,40.82635347,-73.89439668,1.0,Public Schools,False
M.S. 131 Manhattan,Manhattan,MANHATTAN,1.0,New York,40.71654572,-73.99309191,5.0,Public Schools,False
High School of World Cultures,Bronx,BRONX,2.0,New York,40.83159438,-73.87891119,1.0,School,False
Gotham Tech High School - Annex,Queens,QUEENS,4.0,New York,40.75132425,-73.93743368,1.0,School,False
P010X @ Mount Eden Campus (X240),Bronx,BRONX,2.0,New York,40.84248847,-73.91608156,1.0,School,False
P.S. 377 Alejandrina B. De Gautier,Brooklyn,BROOKLYN,3.0,New York,40.69401024,-73.91526306,1.0,Public Schools,False
Roundtable Senior Centers,Brooklyn,BROOKLYN,3.0,New York,40.69169973,-73.91990694,1.0,Senior Centers,False
Council Center for Senior Citizens,Brooklyn,BROOKLYN,3.0,New York,40.60774788,-73.96282217,1.0,Senior Centers,False
The Richmond Pre-K Center (R101) at 1275 Woodrow Road,Staten Island,STATEN ISLAND,5.0,New York,40.54173533,-74.20713763,1.0,Public Schools,False
South African Consulate General,Manhattan,MANHATTAN,1.0,New York,40.74674883,-73.97272679,1.0,Businesses & Commercial Spaces,False
P.S./M.S. 11X498 - Van Nest Academy,Bronx,BRONX,2.0,New York,40.84472348,-73.85820595,1.0,Public Schools,False
P.S./M.S. 004 Crotona Park West,Bronx,BRONX,2.0,New York,40.84088479,-73.89816475,1.0,Public Schools,False
P373K - Brooklyn Transition Center (K148),Brooklyn,BROOKLYN,3.0,New York,40.69886193,-73.94504211,1.0,Public Schools,False
Worldwide Plaza,Manhattan,MANHATTAN,1.0,New York,40.76206701,-73.98627542,1.0,Businesses & Commercial Spaces,False
"Cohen & Steers Capital Management, Inc.",Manhattan,MANHATTAN,1.0,New York,40.75601562,-73.97483093,5.0,Businesses & Commercial Spaces,False
Barnard College,Manhattan,MANHATTAN,1.0,New York,40.80907951,-73.96312109,1.0,Colleges & Universities,False
The Longwood Academy of Discovery,Bronx,BRONX,2.0,New York,40.82039595,-73.8989116,1.0,School,False
John Jay School for Law,Brooklyn,BROOKLYN,3.0,New York,40.66962217,-73.97928676,1.0,School,False
New Heights Academy Charter School,Manhattan,MANHATTAN,1.0,New York,40.82849143,-73.94523816,1.0,School,False
Abramson Brothers Inc. Realty Investments,Manhattan,MANHATTAN,1.0,New York,40.75330773,-73.98099313,1.0,Businesses & Commercial Spaces,False
P.S. 087 Bronx,Bronx,BRONX,2.0,New York,40.89509824,-73.84596635,1.0,Public Schools,False
The Blackstone Group,Manhattan,MANHATTAN,1.0,New York,40.75816441,-73.97324549,1.0,Businesses & Commercial Spaces,False
Collegiate Academy for Mathematics and Personal Awareness Charter School (CAMPA),Brooklyn,BROOKLYN,3.0,New York,40.6589651,-73.88967443,1.0,School,False
Morgan Stanley - ISG - New York Metro - Floor: 13,Manhattan,MANHATTAN,1.0,New York,40.76085011,-73.97971672,2.0,Businesses & Commercial Spaces,False
M.S. 260 Clinton School Writers & Artists,Manhattan,MANHATTAN,1.0,New York,40.73651113,-73.99272538,1.0,Public Schools,False
Ivy Hill Prep,Brooklyn,BROOKLYN,3.0,New York,40.64388214,-73.92273198,1.0,Public Schools,False
John Bowne High School,Queens,QUEENS,4.0,New York,40.7381317,-73.82494283,1.0,School,False
P037R@PS36 (R844),Staten Island,STATEN ISLAND,5.0,New York,40.54456723,-74.18173343,1.0,Public Schools,False
PSAL Office,Queens,QUEENS,4.0,New York,40.7493771,-73.952233,1.0,Public Schools,False
"Interpublic Group of Companies, Inc.",Manhattan,MANHATTAN,1.0,New York,40.75873689,-73.96861769,1.0,Businesses & Commercial Spaces,False
"SoulCycle, Inc",Manhattan,MANHATTAN,1.0,New York,40.70695549,-74.00709104,1.0,Health Clubs & Gyms,False
The Stahl Organization,Manhattan,MANHATTAN,1.0,New York,40.75875201,-73.96400816,1.0,Businesses & Commercial Spaces,False
P.S. 241 Emma L. Johnston,Brooklyn,BROOKLYN,3.0,New York,40.66935382,-73.96076901,1.0,Public Schools,False
"Anchin, Block & Anchin LLP",Manhattan,MANHATTAN,1.0,New York,40.7523205,-73.98746128,1.0,Businesses & Commercial Spaces,False
Con Edison - College Point Blvd (On 31st Ave),Queens,QUEENS,4.0,New York,40.76951602,-73.84447087,3.0,Businesses & Commercial Spaces,False
P.S. 360 Queens,Queens,QUEENS,4.0,New York,40.70250608,-73.75659419,1.0,Public Schools,False
Transwestern,Manhattan,MANHATTAN,1.0,New York,40.70877526,-74.00719584,1.0,Businesses & Commercial Spaces,False
P.S. 091 The Albany Avenue School,Brooklyn,BROOKLYN,3.0,New York,40.661879,-73.93994004,1.0,Public Schools,False
Queens Metropolitan High School,Queens,QUEENS,4.0,New York,40.71135936,-73.85669802,1.0,Public Schools,False
P.S. 106 Parkchester,Bronx,BRONX,2.0,New York,40.83636746,-73.85517371,1.0,Public Schools,False
"Bailey House, Inc",Manhattan,MANHATTAN,1.0,New York,40.73242672,-74.00992261,1.0,Health & Social Services,False
The Museum of Modern Art,Manhattan,MANHATTAN,1.0,New York,40.76133288,-73.97804885,1.0,Museums,False
New York State Department For People With Developmental Disabilities,Staten Island,STATEN ISLAND,5.0,New York,40.59312952,-74.14413828,1.0,Government Buildings & Services,False
Tompkins Square Middle School,Manhattan,MANHATTAN,1.0,New York,40.72442741,-73.98152092,1.0,School,False
P.S. 052 John C. Thompson,Staten Island,STATEN ISLAND,5.0,New York,40.58273664,-74.08850853,1.0,Public Schools,False
Cardinal McCloskey  Community Charter School,Bronx,BRONX,2.0,New York,40.85096475,-73.8877679,1.0,School,False
P.S. 158 Bayard Taylor,Manhattan,MANHATTAN,1.0,New York,40.77041247,-73.95113477,1.0,Public Schools,False
Morgan Stanley - 1585 Broadway,Manhattan,MANHATTAN,1.0,New York,40.76020869,-73.98533366,1.0,Businesses & Commercial Spaces,False
Brookfield Properties - Brooklyn NY - 2 Hanson Place,Brooklyn,BROOKLYN,3.0,New York,40.68508594,-73.9777279,3.0,Businesses & Commercial Spaces,False
Success Academy Charter School - Harlem 6 [Grades K-1],Manhattan,MANHATTAN,1.0,New York,40.81614376,-73.95356859,1.0,School,False
The Bellaire School,Queens,QUEENS,4.0,New York,40.72014568,-73.75736647,1.0,School,False
Whole Foods Market - - KNY Micro Kitchen 40017,Queens,QUEENS,4.0,New York,40.75113543,-73.94975219,1.0,Businesses & Commercial Spaces,False
Bronx High School Of Science,Bronx,BRONX,2.0,New York,40.87758355,-73.89103879,1.0,School,False
Theatre Arts Production Company School,Bronx,BRONX,2.0,New York,40.85495355,-73.89731893,1.0,School,False
P.S. 036 Unionport,Bronx,BRONX,2.0,New York,40.82933758,-73.85042647,1.0,Public Schools,False
P.S. 048 Mapleton,Brooklyn,BROOKLYN,3.0,New York,40.62186416,-73.98739583,1.0,Public Schools,False
I.S. 318 Eugenio Maria De Hostos,Brooklyn,BROOKLYN,3.0,New York,40.70249229,-73.94886931,1.0,Public Schools,False
NYC Department of Design & Construction,Queens,QUEENS,4.0,New York,40.74503532,-73.93619092,1.0,Government Buildings & Services,False
August Martin High School,Queens,QUEENS,4.0,New York,40.6756252,-73.78334193,1.0,School,False
"Linklaters, LLP",Manhattan,MANHATTAN,1.0,New York,40.76259829,-73.97845996,1.0,Businesses & Commercial Spaces,False
Department of Citywide Administrative Services,Staten Island,STATEN ISLAND,5.0,New York,40.6347438,-74.11171213,1.0,Government Buildings & Services,False
Manhattanville Riverside Senior Centers,Manhattan,MANHATTAN,1.0,New York,40.81885103,-73.95599096,1.0,Senior Centers,False
Pathways in Technology Early College High School (P-Tech),Brooklyn,BROOKLYN,3.0,New York,40.67560506,-73.93884249,1.0,School,False
P.S. 21 Margaret Emery-Elm Park,Staten Island,STATEN ISLAND,5.0,New York,40.63151519,-74.14429716,1.0,Public Schools,False
The Blackstone Group,Manhattan,MANHATTAN,1.0,New York,40.75816441,-73.97324549,1.0,Businesses & Commercial Spaces,False
RXR 5TS Owner LLC,Manhattan,MANHATTAN,1.0,New York,40.75570202,-73.98720798,1.0,Businesses & Commercial Spaces,False
Yankee Stadium,Bronx,BRONX,2.0,New York,40.82947357,-73.92928011,1.0,Stadiums & Arenas,False
P721R - Richard H. Hungerford School (R086),Staten Island,STATEN ISLAND,5.0,New York,40.60874845,-74.10234414,1.0,School,False
Fitness AED program - 388 Greenwich Fitness Center,Manhattan,MANHATTAN,1.0,New York,40.72065166,-74.01009762,3.0,Health Clubs & Gyms,False
BFFY Seaside Adult Community,Queens,QUEENS,4.0,New York,40.58701957,-73.813967,1.0,Senior Centers,False
Major League Soccer,Manhattan,MANHATTAN,1.0,New York,40.75080205,-73.98284538,1.0,Businesses & Commercial Spaces,False
Richmond Hill High School,Queens,QUEENS,4.0,New York,40.69571733,-73.83460393,1.0,School,False
P.S. 004 Maurice Wollin,Staten Island,STATEN ISLAND,5.0,New York,40.55296711,-74.19459582,1.0,Public Schools,False
H&R Reit Management Services,Queens,QUEENS,4.0,New York,40.74963439,-73.93913518,1.0,Businesses & Commercial Spaces,False
DREAM Charter High School - Annex,Manhattan,MANHATTAN,1.0,New York,40.79345173,-73.93923221,1.0,School,False
Major League Soccer,Manhattan,MANHATTAN,1.0,New York,40.75080205,-73.98284538,1.0,Businesses & Commercial Spaces,False
The Richmond Pre-K Center (R090) at 1535 Richmond Ave,Staten Island,STATEN ISLAND,5.0,New York,40.61055977,-74.16004477,1.0,Public Schools,False
"Japanese Medical Care, PLLC",Manhattan,MANHATTAN,1.0,New York,40.7526542,-73.97937634,1.0,Health & Social Services,False
Fedex Ground,Queens,QUEENS,4.0,New York,40.73869945,-73.93949163,2.0,Businesses & Commercial Spaces,False
Morgan Stanley - CMP073 - 590 Madison - NEW YORK NY 590 - Floor: 11,Manhattan,MANHATTAN,1.0,New York,40.76213864,-73.97247861,1.0,Businesses & Commercial Spaces,False
P.S. 022 Graniteville,Staten Island,STATEN ISLAND,5.0,New York,40.62536101,-74.15096989,1.0,Public Schools,False
P.S. 042 Eltingville,Staten Island,STATEN ISLAND,5.0,New York,40.55251579,-74.16946275,1.0,Public Schools,False
Brooklyn Generation School,Brooklyn,BROOKLYN,3.0,New York,40.63327759,-73.91673477,1.0,School,False
P.S. 307 Daniel Hale Williams,Brooklyn,BROOKLYN,3.0,New York,40.7013358,-73.98231357,1.0,Public Schools,False
Ocean Parkway Senior Centers,Brooklyn,BROOKLYN,3.0,New York,40.60307696,-73.96508273,1.0,Senior Centers,False
Leadership and Public Service High School,Manhattan,MANHATTAN,1.0,New York,40.70872267,-74.0123321,1.0,School,False
P.S. 209 Margaret Mead,Brooklyn,BROOKLYN,3.0,New York,40.58683781,-73.96198057,1.0,Public Schools,False
"Vornado Office Management, LLC",Manhattan,MANHATTAN,1.0,New York,40.76054207,-73.97642111,1.0,Businesses & Commercial Spaces,False
"Cravath, Swaine & Moore, LLP",Manhattan,MANHATTAN,1.0,New York,40.76206701,-73.98627542,1.0,Businesses & Commercial Spaces,False
"Great Lakes Dredge & Dock Company, LLC - Staten Island",Staten Island,STATEN ISLAND,5.0,New York,40.63702948,-74.15068292,1.0,Businesses & Commercial Spaces,False
PublicisGroupe,Manhattan,MANHATTAN,1.0,New York,40.7284278,-74.00715106,1.0,Businesses & Commercial Spaces,False
West Brooklyn Community High School,Brooklyn,BROOKLYN,3.0,New York,40.64282654,-73.99294823,1.0,Public Schools,False
I.S. R002 George L. Egbert,Staten Island,STATEN ISLAND,5.0,New York,40.57671819,-74.10072537,1.0,Public Schools,False
P.S. 144 Col Jeromus Remsen,Queens,QUEENS,4.0,New York,40.71497002,-73.85337153,1.0,Public Schools,False
Morgan Stanley - ISG - New York Metro - Floor: 8,Manhattan,MANHATTAN,1.0,New York,40.76074642,-73.98352505,1.0,Businesses & Commercial Spaces,False
P.S. 097 Forest Park,Queens,QUEENS,4.0,New York,40.6945101,-73.85965898,1.0,Public Schools,False
"Mutual Redevelopment Houses, Inc",Manhattan,MANHATTAN,1.0,New York,40.74607411,-73.99905806,1.0,Businesses & Commercial Spaces,False
J.H.S. 074 Nathaniel Hawthorne,Queens,QUEENS,4.0,New York,40.74519341,-73.76744486,1.0,Public Schools,False
"Intercontinental Exchange - New York, NY (12 Broad Street)",Manhattan,MANHATTAN,1.0,New York,40.70674109,-74.01091425,1.0,Businesses & Commercial Spaces,False
P.S. 11 Thomas Dongan School,Staten Island,STATEN ISLAND,5.0,New York,40.59062521,-74.0985285,1.0,Public Schools,False
Curtis High School,Staten Island,STATEN ISLAND,5.0,New York,40.64472755,-74.081222,1.0,Public Schools,False
Business Of Sports School,Manhattan,MANHATTAN,1.0,New York,40.76336297,-73.99059981,1.0,School,False
Con Edison - Davis Avenue,Staten Island,STATEN ISLAND,5.0,New York,40.64451064,-74.11078084,2.0,Businesses & Commercial Spaces,False
P.S. 036 Margaret Douglas,Manhattan,MANHATTAN,1.0,New York,40.81026329,-73.95748138,1.0,Public Schools,False
Opportunity Charter School,Manhattan,MANHATTAN,1.0,New York,40.80168223,-73.95490792,1.0,School,False
Division Military Naval Affairs,Staten Island,STATEN ISLAND,5.0,New York,40.62020075,-74.12353872,1.0,Museums,False
P.S. 076 A. Philip Randolph,Manhattan,MANHATTAN,1.0,New York,40.80676118,-73.95106102,1.0,Public Schools,False
"Fancy Foods, Inc.",Bronx,BRONX,2.0,New York,40.80762192,-73.87147025,1.0,Businesses & Commercial Spaces,False
Morgan Stanley - ISG - New York Metro - 1221 A of A - Floor: 5,Manhattan,MANHATTAN,1.0,New York,40.75909387,-73.98213574,1.0,Businesses & Commercial Spaces,False
The Millburn Corporation,Manhattan,MANHATTAN,1.0,New York,40.76022438,-73.98017174,1.0,Businesses & Commercial Spaces,False
P.S./I.S. 78Q Queens - Annex,Queens,QUEENS,4.0,New York,40.74706169,-73.95514353,1.0,Public Schools,False
CHD Meridian Healthcare,Manhattan,MANHATTAN,1.0,New York,40.74677863,-73.98575527,1.0,Businesses & Commercial Spaces,False
David Geffen Hall,Manhattan,MANHATTAN,1.0,New York,40.77245264,-73.9824318,1.0,Performance Venues,False
Yankee Stadium,Bronx,BRONX,2.0,New York,40.82936091,-73.92908149,1.0,Stadiums & Arenas,False
The Metropolitan Museum of Art,Manhattan,MANHATTAN,1.0,New York,40.77862632,-73.96254586,1.0,Museums,False
Strive Total Wellness - Strive NY,Manhattan,MANHATTAN,1.0,New York,40.74625407,-73.98339873,1.0,Health Clubs & Gyms,False
P.S. 089 Bronx,Bronx,BRONX,2.0,New York,40.86304879,-73.85938509,1.0,Public Schools,False
P.S. 057 Crescent,Bronx,BRONX,2.0,New York,40.84846507,-73.8885601,1.0,Public Schools,False
Eden II Schools,Staten Island,STATEN ISLAND,5.0,New York,40.63469508,-74.14960396,1.0,Public Schools,False
P.S. 098 Shorac Kappock,Manhattan,MANHATTAN,1.0,New York,40.86782032,-73.91705823,1.0,Public Schools,False
Local 810,Manhattan,MANHATTAN,1.0,New York,40.73651113,-73.99272538,1.0,Businesses & Commercial Spaces,False
Harbor Sciences and Arts Charter School,Manhattan,MANHATTAN,1.0,New York,40.79566394,-73.94452849,1.0,School,False
"Walt Disney/ABC, Inc.",Manhattan,MANHATTAN,1.0,New York,40.77282549,-73.97973833,1.0,Businesses & Commercial Spaces,False
P.S. 221 Toussaint L'Ouverture,Brooklyn,BROOKLYN,3.0,New York,40.66369394,-73.93604916,1.0,Public Schools,False
Harper Collins Publishers,Manhattan,MANHATTAN,1.0,New York,40.71052901297,-74.00937828022,1.0,Businesses & Commercial Spaces,False
Success Academy Charter Schools,Manhattan,MANHATTAN,1.0,New York,40.70507813,-74.00587898,1.0,School,False
Refinitiv - HQ - Refinitiv - New York,Manhattan,MANHATTAN,1.0,New York,40.70835514,-74.00959078,3.0,Businesses & Commercial Spaces,False
Jackson Dawson - Genesis House,Manhattan,MANHATTAN,1.0,New York,40.74161355,-74.00860319,3.0,Businesses & Commercial Spaces,False
P.S. 184M Shuang Wen,Manhattan,MANHATTAN,1.0,New York,40.71154143,-73.98654196,1.0,Public Schools,False
J.H.S. 062 Ditmas,Brooklyn,BROOKLYN,3.0,New York,40.63867863,-73.97165056,1.0,Public Schools,False
Uncommon Charter High School,Brooklyn,BROOKLYN,3.0,New York,40.67725102,-73.94238852,1.0,School,False
P.S. 221 The North Hills School,Queens,QUEENS,4.0,New York,40.7593955,-73.73129806,1.0,Public Schools,False
The Longwood Academy of Discovery,Bronx,BRONX,2.0,New York,40.82039595,-73.8989116,1.0,School,False
P.S. 147 Isaac Remsen,Brooklyn,BROOKLYN,3.0,New York,40.70519677,-73.93940674,1.0,Public Schools,False
Jacob K. Javits Convention Center,Manhattan,MANHATTAN,1.0,New York,40.75655629,-74.00380806,1.0,Performance Venues,False
Mendes & Mount LLP,Manhattan,MANHATTAN,1.0,New York,40.76074642,-73.98352505,1.0,Businesses & Commercial Spaces,False
P.S. 39 Francis J. Murphy Jr.,Staten Island,STATEN ISLAND,5.0,New York,40.597798,-74.070081,1.0,Public Schools,False
Young Women's Leadership School,Manhattan,MANHATTAN,1.0,New York,40.7975527,-73.96683678,1.0,School,False
The Frick Collection,Manhattan,MANHATTAN,1.0,New York,40.77104689,-73.967749,1.0,Museums,False
P.S. 11 Thomas Dongan School,Staten Island,STATEN ISLAND,5.0,New York,40.59047762,-74.09779738,1.0,Public Schools,False
KIPP Elements Macombs (Elementary),Bronx,BRONX,2.0,New York,40.84320064,-73.91785526,1.0,Public Schools,False
P.S. 202 Ernest S. Jenkyns,Brooklyn,BROOKLYN,3.0,New York,40.6664093,-73.87656281,1.0,Public Schools,False
P.S. 329 Surfside,Brooklyn,BROOKLYN,3.0,New York,40.57720992,-74.00019439,1.0,Public Schools,False
KING & SPALDING,Manhattan,MANHATTAN,1.0,New York,40.75757876,-73.98212532,6.0,Businesses & Commercial Spaces,False
Success Academy Charter School - Norwood,Bronx,BRONX,2.0,New York,40.87556913,-73.87760858,1.0,School,False
Equinox,Bronx,BRONX,2.0,New York,40.81691117,-73.91737482,1.0,Health Clubs & Gyms,False
P.S. 164 Caesar Rodney,Brooklyn,BROOKLYN,3.0,New York,40.63747906,-73.98595524,1.0,Public Schools,False
P.S. 135 Sheldon A. Brookner,Brooklyn,BROOKLYN,3.0,New York,40.65363265,-73.93311442,1.0,Public Schools,False
Conselyea Preparatory School,Brooklyn,BROOKLYN,3.0,New York,40.71534379,-73.9567161,1.0,School,False
Momentum Worldwide,Manhattan,MANHATTAN,1.0,New York,40.72465097,-74.00775316,1.0,Businesses & Commercial Spaces,False
Baruch College Campus High School,Manhattan,MANHATTAN,1.0,New York,40.74192324,-73.98652137,1.0,School,False
Brighter Choice Community School,Brooklyn,BROOKLYN,3.0,New York,40.69407839,-73.94074395,1.0,School,False
Lincoln Center Theater,Manhattan,MANHATTAN,1.0,New York,40.7738692,-73.98423306,1.0,Performance Venues,False
Mutual of America,Manhattan,MANHATTAN,1.0,New York,40.75744266,-73.97379805,1.0,Businesses & Commercial Spaces,False
75K373 Mini Building,Brooklyn,BROOKLYN,3.0,New York,40.661879,-73.93994004,1.0,Businesses & Commercial Spaces,False
One World Trade Plaza,Manhattan,MANHATTAN,1.0,New York,40.71327345,-74.01281992,1.0,Businesses & Commercial Spaces,False
Hawkins Delafield & Wood LLP,Manhattan,MANHATTAN,1.0,New York,40.70903575,-74.01062607,1.0,Businesses & Commercial Spaces,False
P.S. 122 Mamie Fay,Queens,QUEENS,4.0,New York,40.7803396,-73.91665488,1.0,Public Schools,False
Achievement First Linden Charter - Middle School,Brooklyn,BROOKLYN,3.0,New York,40.67362495,-73.88408752,1.0,School,False
Region 3 Satellite Office,Queens,QUEENS,4.0,New York,40.7023322,-73.80814752,1.0,Government Buildings & Services,False
"Collibra, Inc.",Manhattan,MANHATTAN,1.0,New York,40.70698798,-74.01233539,1.0,Businesses & Commercial Spaces,False
William Cullen Bryant High School,Queens,QUEENS,4.0,New York,40.75822321,-73.91051381,1.0,School,False
The Cathedral School (Cathedral of St. John the Divine),Manhattan,MANHATTAN,1.0,New York,40.80402641,-73.96307333,1.0,Private Schools,False
The 400 Central Park West Condominium,Manhattan,MANHATTAN,1.0,New York,40.79393945,-73.9630356,1.0,Businesses & Commercial Spaces,False
K2 Integrity,Manhattan,MANHATTAN,1.0,New York,40.75309747,-73.97275667,1.0,Businesses & Commercial Spaces,False
Fordham University Bronx Location,Bronx,BRONX,2.0,New York,40.86072673616,-73.88953366191,1.0,Colleges & Universities,False
Columbia University - Lerner Hall,Manhattan,MANHATTAN,1.0,New York,40.80704062,-73.96458881,1.0,Colleges & Universities,False
Queens Satellite High School for Opportunity,Queens,QUEENS,4.0,New York,40.70847218,-73.80006469,1.0,School,False
The High School of Fashion Industries,Manhattan,MANHATTAN,1.0,New York,40.74514906,-73.9960735,1.0,School,False
P.S. 002 Alfred Zimberg,Queens,QUEENS,4.0,New York,40.7703277,-73.89447504,1.0,Public Schools,False
P.S. 018 John G. Whittier,Staten Island,STATEN ISLAND,5.0,New York,40.63657975,-74.11750887,1.0,Public Schools,False
New York Center For Autism Charter School - East Harlem,Manhattan,MANHATTAN,1.0,New York,40.78525161,-73.94152554,1.0,School,False
Bronx Arts and Science Charter School,Bronx,BRONX,2.0,New York,40.82584133,-73.83672546,35.0,Public Schools,False
CC First Presbyterian Senior Centers,Manhattan,MANHATTAN,1.0,New York,40.73489459,-73.99514315,1.0,Senior Centers,False
Time Warner Cable,Staten Island,STATEN ISLAND,5.0,New York,40.63008764,-74.1667315,1.0,Businesses & Commercial Spaces,False
P.S. 80 The Thurgood Marshall Magnet School of Multimedia and Communication,Queens,QUEENS,4.0,New York,40.67281174,-73.76925197,1.0,Public Schools,False
P.S. 290 Juan Morel Campos,Brooklyn,BROOKLYN,3.0,New York,40.6778822,-73.88975838,1.0,Public Schools,False
Fordham University Bronx Location,Bronx,BRONX,2.0,New York,40.86072673616,-73.88953366191,1.0,Colleges & Universities,False
Mott Haven Academy Charter Elementary School,Bronx,BRONX,2.0,New York,40.806374,-73.9211483,1.0,School,False
Albert Shanker School for Visual and Performing Arts,Queens,QUEENS,4.0,New York,40.76625737,-73.93070849,1.0,School,False
Gotham Professional Arts Academy,Brooklyn,BROOKLYN,3.0,New York,40.67848066,-73.96210479,1.0,School,False
J.H.S. 185 Edward Bleeker,Queens,QUEENS,4.0,New York,40.77524597,-73.81934601,1.0,Public Schools,False
Fiorello H. LaGuardia High School of Music & Art and Performing Arts,Manhattan,MANHATTAN,1.0,New York,40.77362231,-73.98527293,1.0,School,False
P.S. 175 The Lynn Gross Discovery School,Queens,QUEENS,4.0,New York,40.73093334,-73.85316308,1.0,Public Schools,False
Australia and New Zealand Banking Group,Manhattan,MANHATTAN,1.0,New York,40.75555731,-73.97513791,1.0,Businesses & Commercial Spaces,False
Department of Citywide Administrative Services,Manhattan,MANHATTAN,1.0,New York,40.71299412,-74.0041807,1.0,Government Buildings & Services,False
P.S. 124 Osmond A Church,Queens,QUEENS,4.0,New York,40.66505024,-73.81170114,1.0,Public Schools,False
P.S. 182 Samantha Smith,Queens,QUEENS,4.0,New York,40.70642219,-73.80344324,1.0,Public Schools,False
Learning Through Play Pre-K Center at 105 Willis Avenue (X354),Bronx,BRONX,2.0,New York,40.80578117,-73.92530666,1.0,Public Schools,False
Equinox,Manhattan,BRONX,2.0,New York,40.82512128,-73.92213771,1.0,Health Clubs & Gyms,True
Roosevelt Island Operating Corporation,Manhattan,MANHATTAN,1.0,New York,40.76207049,-73.94961756,2.0,Government Buildings & Services,False
Empire State Realty Trust [250 w 57th],Manhattan,MANHATTAN,1.0,New York,40.76638394,-73.98211934,1.0,Businesses & Commercial Spaces,False
Learning Through Play Pre-K Center at 535 Union Avenue (X356),Bronx,BRONX,2.0,New York,40.81230729,-73.90548075,1.0,Public Schools,False
"Jack Resnick & Sons, Inc.",Manhattan,MANHATTAN,1.0,New York,40.76169581,-73.96886176,1.0,Businesses & Commercial Spaces,False
FTI Consulting,Manhattan,MANHATTAN,1.0,New York,40.75699693,-73.98252614,1.0,Businesses & Commercial Spaces,False
P.S. 007 Louis F. Simeone - Annex,Queens,QUEENS,4.0,New York,40.73678276,-73.88743774,1.0,Public Schools,False
P.S. 182 Samantha Smith E.C.C./Parsons Blvd-Annex,Queens,QUEENS,4.0,New York,40.70651317,-73.8020832,1.0,Public Schools,False
Robin Sue Ward School (P177Q),Queens,QUEENS,4.0,New York,40.74390226,-73.78813174,1.0,School,False
Hamilton Heights School,Manhattan,MANHATTAN,1.0,New York,40.82628816,-73.9468443,1.0,School,False
Time Warner Cable,Manhattan,MANHATTAN,1.0,New York,40.73976572,-73.9853887,1.0,Businesses & Commercial Spaces,False
"Sunbelt Rentals, Inc - 0540",Queens,QUEENS,4.0,New York,40.72508816,-73.91018326,1.0,Businesses & Commercial Spaces,False
Comcast Enterprise - Sportsnet New York,Manhattan,MANHATTAN,1.0,New York,40.71002653,-74.01147027,3.0,Businesses & Commercial Spaces,False
Morgan Stanley - 1585 Broadway,Manhattan,MANHATTAN,1.0,New York,40.76020869,-73.98533366,1.0,Businesses & Commercial Spaces,False
Kappa V (Knowledge and Power Preparatory Academy),Brooklyn,BROOKLYN,3.0,New York,40.655722,-73.90699,1.0,Public Schools,False
P.S. 183 Robert L. Stevenson,Manhattan,MANHATTAN,1.0,New York,40.76372901,-73.95815016,1.0,Public Schools,False
Channel View School For Research,Queens,QUEENS,4.0,New York,40.58605892,-73.82262478,1.0,Public Schools,False
Mott Haven Village Preparatory High School,Bronx,BRONX,2.0,New York,40.81824312,-73.91102892,1.0,School,False
PublicisGroupe,Manhattan,MANHATTAN,1.0,New York,40.7284278,-74.00715106,1.0,Businesses & Commercial Spaces,False
"Mutual Redevelopment Houses, Inc - 6A & 6B",Manhattan,MANHATTAN,1.0,New York,40.74891768,-73.99954525,1.0,Businesses & Commercial Spaces,False
P.S. 068 Bronx,Bronx,BRONX,2.0,New York,40.89172567,-73.83846912,1.0,Public Schools,False
"PCCP, LLC",Manhattan,MANHATTAN,1.0,New York,40.75757485,-73.97580493,1.0,Businesses & Commercial Spaces,False
Valence College Prep Charter School,Queens,QUEENS,4.0,New York,40.72937335,-73.85895747,1.0,School,False
East-West School of International Studies,Queens,QUEENS,4.0,New York,40.74953728,-73.82207234,1.0,School,False
Gershwin Theater,Manhattan,MANHATTAN,1.0,New York,40.76225886,-73.98413113,2.0,Performance Venues,False
Time Warner Cable,Manhattan,MANHATTAN,1.0,New York,40.73976572,-73.9853887,1.0,Businesses & Commercial Spaces,False
Macy's - LIC Photo & Content Studio,Queens,QUEENS,4.0,New York,40.74316085,-73.93656804,1.0,Businesses & Commercial Spaces,False
Trump Tower Residential,Manhattan,MANHATTAN,1.0,New York,40.76238336,-73.97437368,1.0,Businesses & Commercial Spaces,False
P.S. 219 Paul Klapper,Queens,QUEENS,4.0,New York,40.73526982,-73.82374879,1.0,Public Schools,False
Alfred E. Smith Recreation Center,Manhattan,MANHATTAN,1.0,New York,40.71072148,-73.99663102,1.0,Parks & Recreation,False
Jackson Dawson - Genesis House,Manhattan,MANHATTAN,1.0,New York,40.74161355,-74.00860319,3.0,Businesses & Commercial Spaces,False
Achievement First Endeavor Elementary School,Brooklyn,BROOKLYN,3.0,New York,40.6826374,-73.96576202,1.0,School,False
J.H.S. 088 Peter Rouget,Brooklyn,BROOKLYN,3.0,New York,40.66001665,-73.98763729,1.0,Public Schools,False
James Madison High School,Brooklyn,BROOKLYN,3.0,New York,40.60990523,-73.94851191,1.0,School,False
Storefront Academy Charter School,Bronx,BRONX,2.0,New York,40.81484863,-73.90850096,1.0,School,False
US Department of Labor-Boston/New York Region - OFCCP / WHD - 26 Federal Plaza,Manhattan,MANHATTAN,1.0,New York,40.71600786,-74.00474364,1.0,Government Buildings & Services,False
P.S. 583 Bronx,Bronx,BRONX,2.0,New York,40.82702214,-73.86003243,1.0,Public Schools,False
Cypress Hills Ascend Charter Lower School,Brooklyn,BROOKLYN,3.0,New York,40.6812394,-73.86681137,1.0,School,False
The Museum of Modern Art,Manhattan,MANHATTAN,1.0,New York,40.76099511,-73.97720066,1.0,Museums,False
Columbia University - William Black Building,Manhattan,MANHATTAN,1.0,New York,40.84162844,-73.94108908,1.0,Colleges & Universities,False
Morgan Stanley - 750 7th Avenue - Floor: 08,Manhattan,MANHATTAN,1.0,New York,40.76074642,-73.98352505,1.0,Businesses & Commercial Spaces,False
ReStart @ Educational Alliance,Manhattan,MANHATTAN,1.0,New York,40.72079,-73.97815244,1.0,School,False
K2 Intelligence,Manhattan,MANHATTAN,1.0,New York,40.75668147,-73.97012745,1.0,Businesses & Commercial Spaces,False
Marymount School,Manhattan,MANHATTAN,1.0,New York,40.78686455,-73.95120209,1.0,School,False
P.S. 009 Sarah Smith Garnet School,Brooklyn,BROOKLYN,3.0,New York,40.67828961,-73.96554073,1.0,Public Schools,False
One World Trade Plaza,Manhattan,MANHATTAN,1.0,New York,40.71327345,-74.01281992,1.0,Businesses & Commercial Spaces,False
University Prep Charter Middle School,Bronx,BRONX,2.0,New York,40.81115523,-73.90980295,1.0,School,False
Department of Citywide Administrative Services,Manhattan,MANHATTAN,1.0,New York,40.71325748,-74.00706286,1.0,Government Buildings & Services,False
The Museum of Modern Art,Manhattan,MANHATTAN,1.0,New York,40.76099511,-73.97720066,1.0,Museums,False
Silverstein Properties,Manhattan,MANHATTAN,1.0,New York,40.75720889,-73.97182732,1.0,Businesses & Commercial Spaces,False
KIPP Bronx Charter School II (JEROME) - Elementary,Bronx,BRONX,2.0,New York,40.86877517,-73.89637551,1.0,School,False
P.S. 188 Michael E. Berdy,Brooklyn,BROOKLYN,3.0,New York,40.57720992,-74.00019439,1.0,Public Schools,False
P.S. 084 Lillian Weber,Manhattan,MANHATTAN,1.0,New York,40.78951903,-73.9675739,1.0,Public Schools,False
Brooklyn Landmark Elementary School,Brooklyn,BROOKLYN,3.0,New York,40.6803103,-73.910644,1.0,School,False
P.S. 041 Crocheron,Queens,QUEENS,4.0,New York,40.76957127,-73.77095522,1.0,Public Schools,False
"Bronx School for Law, Government and Justice",Bronx,BRONX,2.0,New York,40.82760013,-73.91868038,1.0,School,False
Morgan Stanley - ISG - New York Metro - 750 7th Avenue - Floor: 08,Manhattan,MANHATTAN,1.0,New York,40.76074642,-73.98352505,1.0,Businesses & Commercial Spaces,False
"Customers Bank - Park Avenue, NY",Manhattan,MANHATTAN,1.0,New York,40.75098522,-73.97848538,1.0,Businesses & Commercial Spaces,False
"Kirkland & Ellis, LLP",Manhattan,MANHATTAN,1.0,New York,40.75845753,-73.97091355,1.0,Businesses & Commercial Spaces,False
P.S. 020 John Bowne,Queens,QUEENS,4.0,New York,40.7586816,-73.82483086,1.0,Public Schools,False
Jill Chaifetz Transfer High School,Bronx,BRONX,2.0,New York,40.8189993,-73.90586863,1.0,School,False
P.S. 020 Port Richmond,Staten Island,STATEN ISLAND,5.0,New York,40.63659035,-74.13291902,1.0,Public Schools,False
M.S. 131 Manhattan,Manhattan,MANHATTAN,1.0,New York,40.71654572,-73.99309191,1.0,Public Schools,False
CSE 2,Bronx,BRONX,2.0,New York,40.83211055,-73.82748797,1.0,Government Buildings & Services,False
Friends Seminary,Manhattan,MANHATTAN,1.0,New York,40.73441897,-73.98577597,1.0,School,False
Brookfield Properties - CBRE Office Tower B,Manhattan,MANHATTAN,1.0,New York,40.71153017,-74.01567279,2.0,Businesses & Commercial Spaces,False
John Adams High School,Queens,QUEENS,4.0,New York,40.6796313,-73.83729753,1.0,Public Schools,False
"Goetz Fitzpatrick, LLP",Manhattan,MANHATTAN,1.0,New York,40.75109132,-73.9929259,1.0,Businesses & Commercial Spaces,False
P.S. 139 Alexine A. Fenty,Brooklyn,BROOKLYN,3.0,New York,40.64192952,-73.96552355,1.0,Public Schools,False
ReStart @ Euphrasian Residence - requests appointment,Manhattan,MANHATTAN,1.0,New York,40.7337268,-73.98229051,1.0,School,False
P036K @ Flatbush Town Hall (K877),Brooklyn,BROOKLYN,3.0,New York,40.64857734,-73.95728211,1.0,Public Schools,False
Ft. Greene Grace Agard Harewood Senior Centers,Brooklyn,BROOKLYN,3.0,New York,40.68247982,-73.96217822,1.0,Senior Centers,False
P.S. 086 Kingsbridge Heights,Bronx,BRONX,2.0,New York,40.86982851,-73.89873854,1.0,Public Schools,False
Con Edison - East River Gen Station,Manhattan,MANHATTAN,1.0,New York,40.72734618,-73.97310638,3.0,Businesses & Commercial Spaces,False
IPG Mediabrands,Manhattan,MANHATTAN,1.0,New York,40.74929316,-73.98867453,1.0,Businesses & Commercial Spaces,False
Haddad Brands,Manhattan,MANHATTAN,1.0,New York,40.74929316,-73.98867453,1.0,Businesses & Commercial Spaces,False
Hughes Hubbard & Reed LLP,Manhattan,MANHATTAN,1.0,New York,40.70321093,-74.01441211,1.0,Businesses & Commercial Spaces,False
Johnson & Johnson Services Inc. - JLabs NYC,Manhattan,MANHATTAN,1.0,New York,40.72324031,-74.00495701,2.0,Businesses & Commercial Spaces,False
I.S. 204 Oliver W. Holmes,Queens,QUEENS,4.0,New York,40.7570581,-73.93266365,1.0,Public Schools,False
Notre Dame School,Manhattan,MANHATTAN,1.0,New York,40.73964305,-74.00438446,1.0,School,False
P.S. 035 Nathaniel Woodhull,Queens,QUEENS,4.0,New York,40.71375054,-73.76943796,1.0,Public Schools,False
Lavelle Preparatory Charter School (CC1),Staten Island,STATEN ISLAND,5.0,New York,40.60426617,-74.17846815,1.0,Public Schools,False
ALC - PS6,Bronx,BRONX,2.0,New York,40.82894218,-73.89189565,1.0,School,False
Harriet Tubman Charter School Junior Academy,Bronx,BRONX,2.0,New York,40.82959819,-73.9042817,1.0,School,False
Community Math and Science Prep,Manhattan,MANHATTAN,1.0,New York,40.83649915,-73.93708945,1.0,School,False
Sunset Park Avenues ANNEX (P.S. 516),Brooklyn,BROOKLYN,3.0,New York,40.65027302,-74.0086274,1.0,Public Schools,False
New-York Historical Society,Manhattan,MANHATTAN,1.0,New York,40.77925798,-73.97374249,1.0,Museums,False
Transit Tech Career and Technical Education High School,Brooklyn,BROOKLYN,3.0,New York,40.67826884,-73.87596033,8.0,Public Schools,False
Baccalaureate School for Global Education,Queens,QUEENS,4.0,New York,40.75535848,-73.92716815,1.0,School,False
Tishman Speyer [520 Madison],Manhattan,MANHATTAN,1.0,New York,40.76009981,-73.97476802,1.0,Businesses & Commercial Spaces,False
Brooklyn High School for Law and Technology,Brooklyn,BROOKLYN,3.0,New York,40.6888239,-73.92090562,1.0,School,False
Our World Neighborhood Charter School II,Queens,QUEENS,4.0,New York,40.6720679,-73.85671788,1.0,School,False
Challenge Preparatory Charter Elementary School,Queens,QUEENS,4.0,New York,40.59988287,-73.76398818,1.0,School,False
HDR,Manhattan,MANHATTAN,1.0,New York,40.75298491,-73.98918642,1.0,Businesses & Commercial Spaces,False
District 27 Pre-K Center 101-49 Woodhaven Boulevard (Q439),Queens,QUEENS,4.0,New York,40.68309562,-73.84553132,1.0,Public Schools,False
P.S. 111 Seton Falls,Bronx,BRONX,2.0,New York,40.88433662,-73.84025199,1.0,Public Schools,False
P.S. 043 Queens,Queens,QUEENS,4.0,New York,40.59382594,-73.76174122,1.0,Public Schools,False
Lower East Side Preparatory High School,Manhattan,MANHATTAN,1.0,New York,40.72057435,-73.98564545,1.0,School,False
P.S. 125 Ralph Bunche,Manhattan,MANHATTAN,1.0,New York,40.8104246,-73.95580871,1.0,Public Schools,False
OGDEN CAP PROPERTIES,Manhattan,MANHATTAN,1.0,New York,40.76079111,-73.97310365,1.0,Businesses & Commercial Spaces,False
P.S. 193 Alfred J. Kennedy,Queens,QUEENS,4.0,New York,40.79247577,-73.80973945,1.0,Public Schools,False
"Cline, Davis & Mann, Inc.",Manhattan,MANHATTAN,1.0,New York,40.75423683,-73.97399422,1.0,Businesses & Commercial Spaces,False
Bronx Arts and Science Charter School - Primary Building,Bronx,BRONX,2.0,New York,40.82612961,-73.83677895,1.0,Public Schools,False
P.S. 024 Andrew Jackson,Queens,QUEENS,4.0,New York,40.75206282,-73.81878832,1.0,Public Schools,False
Haug Partners LLP,Manhattan,MANHATTAN,1.0,New York,40.76331917,-73.97369465,1.0,Businesses & Commercial Spaces,False
District 2 Pre-K Center at 2-26 Washington St (M391),Manhattan,MANHATTAN,1.0,New York,40.70511839,-74.01559192,1.0,Public Schools,False
Fisher Brothers - 299 Park,Manhattan,MANHATTAN,1.0,New York,40.75644922,-73.97449508,1.0,Businesses & Commercial Spaces,False
P.S. 253 Brooklyn,Brooklyn,BROOKLYN,3.0,New York,40.57959983,-73.96207111,1.0,Public Schools,False
I.S. 061 William A Morris,Staten Island,STATEN ISLAND,5.0,New York,40.63400168,-74.09782538,1.0,Public Schools,False
"Walt Disney/ABC, Inc.",Manhattan,MANHATTAN,1.0,New York,40.74801073,-73.98353543,1.0,Businesses & Commercial Spaces,False
Learners and Leaders - Annex,Queens,QUEENS,4.0,New York,40.70730871,-73.91532904,1.0,School,False
Kingsbridge International High School,Bronx,BRONX,2.0,New York,40.87028649,-73.89830757,1.0,School,False
"Hawkins, Delafield & Wood LLP",Manhattan,MANHATTAN,1.0,New York,40.71321318,-74.0117089,1.0,Businesses & Commercial Spaces,False
The Joan Snow Pre-K Center at 3610 Glenwood Road (K042),Brooklyn,BROOKLYN,3.0,New York,40.63435255,-73.94179519,1.0,Public Schools,False
MS 936 Arts Off 3rd,Brooklyn,BROOKLYN,3.0,New York,40.64320365,-74.0208023,1.0,School,False
Fisher Brothers - 299 Park,Manhattan,MANHATTAN,1.0,New York,40.75644922,-73.97449508,1.0,Businesses & Commercial Spaces,False
Viking Global,Manhattan,MANHATTAN,1.0,New York,40.76013593,-73.97686165,1.0,Businesses & Commercial Spaces,False
High School for Dual Language and Asian Studies,Manhattan,MANHATTAN,1.0,New York,40.71734144,-73.98959626,1.0,School,False
P.S. 28 - The Thomas Emanuel Early Childhood Center,Queens,QUEENS,4.0,New York,40.7471186,-73.85482351,1.0,Public Schools,False
Sailor's Snug Harbor,Staten Island,STATEN ISLAND,5.0,New York,40.64506801,-74.10475314,1.0,Parks & Recreation,False
Capital Preparatory (CP) Harlem Charter School,Manhattan,MANHATTAN,1.0,New York,40.80870634,-73.93790332,1.0,School,False
P.S. Q016 The Nancy DeBenedittis School,Queens,QUEENS,4.0,New York,40.74897924,-73.86122925,1.0,Public Schools,False
Queensbridge/Riis Senior Centers,Queens,QUEENS,4.0,New York,40.75548111,-73.94532729,1.0,Senior Centers,False
"Fried, Frank, Harris, Shriver & Jacobson LLP",Manhattan,MANHATTAN,1.0,New York,40.70253319,-74.01256178,1.0,Businesses & Commercial Spaces,False
New York Center For Autism Charter School - Bronx,Bronx,BRONX,2.0,New York,40.82841218,-73.90072055,1.0,School,False
"Walt Disney/ABC, Inc.",Manhattan,MANHATTAN,1.0,New York,40.77324011,-73.98069136,1.0,Businesses & Commercial Spaces,False
New York City Office of Management & Budget,Manhattan,MANHATTAN,1.0,New York,40.71444286,-74.01147464,1.0,Government Buildings & Services,False
Vanguard High School,Manhattan,MANHATTAN,1.0,New York,40.76535184,-73.96005883,1.0,School,False
P.S. 186 Dr. Irving A Gladstone,Brooklyn,BROOKLYN,3.0,New York,40.61147572,-73.99467675,1.0,Public Schools,False
Bayside High School,Queens,QUEENS,4.0,New York,40.77174691,-73.78029496,1.0,School,False
Department of Citywide Administrative Services,Manhattan,MANHATTAN,1.0,New York,40.71607657,-74.0014249,1.0,Government Buildings & Services,False
"Cravath, Swaine & Moore LLP",Manhattan,MANHATTAN,1.0,New York,40.75216196,-73.9972028,1.0,Businesses & Commercial Spaces,False
JPMorgan Chase - 4 NYP,Manhattan,MANHATTAN,1.0,New York,40.70236589,-74.01132468,5.0,Businesses & Commercial Spaces,False
The Children's Lab School,Queens,QUEENS,4.0,New York,40.7425649,-73.92260266,1.0,School,False
Citigroup Corporation Investment Bank-Medical Department:333 West 34th Street,Manhattan,MANHATTAN,1.0,New York,40.75264494,-73.99453549,1.0,Businesses & Commercial Spaces,False
Leaders In Our Neighborhood Charter High School,Bronx,BRONX,2.0,New York,40.81728462,-73.88835962,1.0,School,False
Brooklyn International High School,Brooklyn,BROOKLYN,3.0,New York,40.69733156,-73.98501576,1.0,School,False
Friends Seminary,Manhattan,MANHATTAN,1.0,New York,40.73441897,-73.98577597,1.0,School,False
Legacy College Prep High School,Bronx,BRONX,2.0,New York,40.82024724,-73.90811776,1.0,School,False
P.S. 219 Kennedy-King,Brooklyn,BROOKLYN,3.0,New York,40.65928049,-73.92291952,1.0,Public Schools,False
Department of Citywide Administrative Services,Manhattan,MANHATTAN,1.0,New York,40.71668858,-74.0041629,1.0,Government Buildings & Services,False
"Interpublic Group of Companies, Inc",Manhattan,MANHATTAN,1.0,New York,40.75873689,-73.96861769,1.0,Businesses & Commercial Spaces,False
Anchin Block & Anchin,Manhattan,MANHATTAN,1.0,New York,40.7523205,-73.98746128,1.0,Businesses & Commercial Spaces,False
Edge Fund Advisors,Manhattan,MANHATTAN,1.0,New York,40.75783992,-73.98500932,1.0,Businesses & Commercial Spaces,False
New Dorp High School,Staten Island,STATEN ISLAND,5.0,New York,40.56938596,-74.10773667,1.0,School,False
Brooklyn High School Of The Arts,Brooklyn,BROOKLYN,3.0,New York,40.68355208,-73.98027034,1.0,School,False
New Design Middle School,Manhattan,MANHATTAN,1.0,New York,40.81926042,-73.95710348,1.0,School,False
Fort Independence Senior Centers,Bronx,BRONX,2.0,New York,40.8800873,-73.90074073,1.0,Senior Centers,False
P.S. 204 Morris Heights,Bronx,BRONX,2.0,New York,40.8502284,-73.91576813,1.0,Public Schools,False
P.S. 070 Queens,Queens,QUEENS,4.0,New York,40.76153028,-73.91361017,1.0,Public Schools,False
Swinging Sixties Senior Centers,Brooklyn,BROOKLYN,3.0,New York,40.71296476,-73.94545248,1.0,Senior Centers,False
P.S. 025 Eubie Blake School,Brooklyn,BROOKLYN,3.0,New York,40.69102926,-73.94134165,1.0,Public Schools,False
High School for Law and Public Service,Manhattan,MANHATTAN,1.0,New York,40.85584913,-73.92711914,1.0,School,False
Wayside Tomkins Park Senior Centers,Brooklyn,BROOKLYN,3.0,New York,40.68865859,-73.94877539,1.0,Senior Centers,False
Milton Fein School,Bronx,BRONX,2.0,New York,40.88106008,-73.90536455,1.0,School,False
P037R - The David Marquis School of the Arts MAIN SITE (R840),Staten Island,STATEN ISLAND,5.0,New York,40.56396289,-74.15088459,1.0,School,False
Worldwide Plaza,Manhattan,MANHATTAN,1.0,New York,40.76206701,-73.98627542,1.0,Businesses & Commercial Spaces,False
DFTA WEP Program,Manhattan,MANHATTAN,1.0,New York,40.71682297,-74.00645359,1.0,Government Buildings & Services,False
Jack and Pearl Resnick Campus,Bronx,BRONX,2.0,New York,40.85117554,-73.84482139,1.0,School,False
Susan E. Wagner High School,Staten Island,STATEN ISLAND,5.0,New York,40.59688858,-74.12416878,1.0,School,False
Passages Academy - Bronx Hope,Bronx,BRONX,2.0,New York,40.84702142,-73.91800233,1.0,School,False
JASA Luna Park Senior Centers,Brooklyn,BROOKLYN,3.0,New York,40.57733985,-73.97962507,1.0,Senior Centers,False
I.S. 98 Bay Academy,Brooklyn,BROOKLYN,3.0,New York,40.58311845,-73.95403723,1.0,School,False
"Cahill, Gordon & Reindel LLP",Manhattan,MANHATTAN,1.0,New York,40.70588502,-74.0071811,1.0,Businesses & Commercial Spaces,False
J.H.S. 118 William W. Niles,Bronx,BRONX,2.0,New York,40.84833213,-73.8930785,1.0,Public Schools,False
Success Academy Charter School Bronx 5 - UPPER School,Bronx,BRONX,2.0,New York,40.80673483,-73.91522736,1.0,School,False
The Third Commonwealth Corp.,Manhattan,MANHATTAN,1.0,New York,40.78424753,-73.954797,2.0,Businesses & Commercial Spaces,False
Minskoff Theater,Manhattan,MANHATTAN,1.0,New York,40.75803215,-73.98571676,1.0,Performance Venues,False
Sentinel Real Estate Corp,Manhattan,MANHATTAN,1.0,New York,40.75963708,-73.98062674,1.0,Businesses & Commercial Spaces,False
Morgan Stanley - E52,Manhattan,MANHATTAN,1.0,New York,40.75882057,-73.97397799,1.0,Businesses & Commercial Spaces,False
Morgan Stanley - 1585 Broadway,Manhattan,MANHATTAN,1.0,New York,40.76020869,-73.98533366,1.0,Businesses & Commercial Spaces,False
Blueprint Middle School (Pugsley Prep Academy),Bronx,BRONX,2.0,New York,40.82922485,-73.85673228,1.0,School,False
Wildlife Conservation SOciety,Manhattan,MANHATTAN,1.0,New York,40.76770452,-73.97051599,1.0,Zoos & Aquariums,False
American Museum of Natural History,Manhattan,MANHATTAN,1.0,New York,40.78130521,-73.972254,1.0,Museums,False
Brooklyn Lab School,Brooklyn,BROOKLYN,3.0,New York,40.69113882,-73.86832767,1.0,Public Schools,False
"Royce and Associates, LLC",Manhattan,MANHATTAN,1.0,New York,40.76331917,-73.97369465,1.0,Businesses & Commercial Spaces,False
P.S. 051 Elias Howe,Manhattan,MANHATTAN,1.0,New York,40.76151057,-73.99591009,1.0,Public Schools,False
I.S. 230 Queens,Queens,QUEENS,4.0,New York,40.75285886,-73.89319263,1.0,Public Schools,False
Department of Citywide Administrative Services,Manhattan,MANHATTAN,1.0,New York,40.71542054,-74.00267301,1.0,Government Buildings & Services,False
P.S. 958,Brooklyn,BROOKLYN,3.0,New York,40.65327063,-74.001838,1.0,Public Schools,False
Harlem Prep Charter - High School,Manhattan,MANHATTAN,1.0,New York,40.80163976,-73.93501674,1.0,School,False
US Realty Advisors LLC,Manhattan,MANHATTAN,1.0,New York,40.76259829,-73.97845996,1.0,Businesses & Commercial Spaces,False
E.S.M.T- I.S. 190,Bronx,BRONX,2.0,New York,40.83656794,-73.89281559,1.0,Public Schools,False
M.S. 053 Brian Piccolo,Queens,QUEENS,4.0,New York,40.60361433,-73.74909819,1.0,Public Schools,False
"Smith, Gambrell & Russell, LLP",Manhattan,MANHATTAN,1.0,New York,40.76123707,-73.9794567,1.0,Businesses & Commercial Spaces,False
"Jack Resnick & Sons, Inc.",Manhattan,MANHATTAN,1.0,New York,40.76560446,-73.98232171,1.0,Businesses & Commercial Spaces,False
P.S. 249 The Caton,Brooklyn,BROOKLYN,3.0,New York,40.64970289,-73.96604566,1.0,Public Schools,False
Morgan Stanley - ISG - New York Metro - 750 7th Ave - Floor: 07,Manhattan,MANHATTAN,1.0,New York,40.76074642,-73.98352505,1.0,Businesses & Commercial Spaces,False
Trump Place @ 200 RSB,Manhattan,MANHATTAN,1.0,New York,40.77911764,-73.98818198,1.0,Businesses & Commercial Spaces,False
P.S. 120 Queens,Queens,QUEENS,4.0,New York,40.74551896,-73.82930821,1.0,Public Schools,False
"Amwins Group - New York, NY",Manhattan,MANHATTAN,1.0,New York,40.70535259,-74.00629017,1.0,Businesses & Commercial Spaces,False
P.S. 121 Throop,Bronx,BRONX,2.0,New York,40.86607387,-73.85097985,1.0,Public Schools,False
Cypress Hills Collegiate Preparatory School,Brooklyn,BROOKLYN,3.0,New York,40.69113882,-73.86832767,1.0,Public Schools,False
Mill Basin Yeshiva Academy,Brooklyn,BROOKLYN,3.0,New York,40.61620202,-73.91269679,1.0,School,False
Orchard Collegiate Academy,Manhattan,MANHATTAN,1.0,New York,40.71367683,-73.98633592,1.0,School,False
Lower Manhattan Community Middle School,Manhattan,MANHATTAN,1.0,New York,40.70567313,-74.01330176,1.0,School,False
NYC DOE ADMIN QPN,Queens,QUEENS,4.0,New York,40.75007306,-73.93820722,1.0,Government Buildings & Services,False
P.S. 160 William T. Sampson,Brooklyn,BROOKLYN,3.0,New York,40.63731523,-73.99921453,1.0,Public Schools,False
Mallilo & Grossman,Queens,QUEENS,4.0,New York,40.76131907,-73.80269221,1.0,Businesses & Commercial Spaces,False
"Walt Disney/ABC, Inc.",Manhattan,MANHATTAN,1.0,New York,40.77298749,-73.98008127,1.0,Businesses & Commercial Spaces,False
Fordham University Bronx Location,Bronx,BRONX,2.0,New York,40.86072673616,-73.88953366191,1.0,Colleges & Universities,False
Art and Design High School,Manhattan,MANHATTAN,1.0,New York,40.7591454,-73.96699314,1.0,School,False
Marble Hill Senior Centers,Manhattan,MANHATTAN,1.0,New York,40.87605575,-73.90788485,1.0,Senior Centers,False
Medgar Evers College Preparatory School,Brooklyn,BROOKLYN,3.0,New York,40.66718725,-73.95116742,1.0,School,False
P.S. 199 Maurice A. Fitzgerald,Queens,QUEENS,4.0,New York,40.74008053,-73.92621419,1.0,Public Schools,False
Success Academy Charter School - Harlem 1 [PreK-4],Manhattan,MANHATTAN,1.0,New York,40.80250493,-73.94680918,1.0,School,False
P.S. 214 Cadwallader Colden,Queens,QUEENS,4.0,New York,40.77038,-73.82861605,1.0,Public Schools,False
Alice Tully Hall,Manhattan,MANHATTAN,1.0,New York,40.77315252,-73.98221138,1.0,Businesses & Commercial Spaces,False
The School of Integrated Learning,Brooklyn,BROOKLYN,3.0,New York,40.67270553,-73.93692371,1.0,School,False
P.S. 099 Kew Gardens,Queens,QUEENS,4.0,New York,40.71141142,-73.82862758,1.0,Public Schools,False
P.S. 345 Patrolman Robert Bolden,Brooklyn,BROOKLYN,3.0,New York,40.67612159,-73.8803374,1.0,Public Schools,False
47 American Sign Language & English Lower School,Manhattan,MANHATTAN,1.0,New York,40.73852741,-73.98242274,1.0,Public Schools,False
Wellspring Philanthropic Fund,Manhattan,MANHATTAN,1.0,New York,40.75470013,-73.98675338,5.0,Businesses & Commercial Spaces,False
Hearst Corporation,Manhattan,MANHATTAN,1.0,New York,40.76643902,-73.98332508,1.0,Businesses & Commercial Spaces,False
I.S. 5 - The Walter Crowley Intermediate School,Queens,QUEENS,4.0,New York,40.73791083,-73.88740696,1.0,School,False
TD Cowen,Manhattan,MANHATTAN,1.0,New York,40.75826818,-73.97105441,1.0,Businesses & Commercial Spaces,False
Morgan Stanley - ISG - New York Metro - 750 7th Ave - Floor: 32,Manhattan,MANHATTAN,1.0,New York,40.76074642,-73.98352505,1.0,Businesses & Commercial Spaces,False
Brooklyn College Academy - Main Site (K917),Brooklyn,BROOKLYN,3.0,New York,40.64939702,-73.97173608,1.0,School,False
"East Side Elementary School, PS 267",Manhattan,MANHATTAN,1.0,New York,40.76383537,-73.96422199,1.0,School,False
Adaptive Phys Ed - QPN,Queens,QUEENS,4.0,New York,40.75007306,-73.93820722,1.0,Government Buildings & Services,False
Equinox,Brooklyn,BROOKLYN,3.0,New York,40.70298355,-73.98958408,1.0,Health Clubs & Gyms,False
High School Of Computers And Technology,Bronx,BRONX,2.0,New York,40.87594666,-73.8619685,1.0,School,False
11 Howard,Manhattan,MANHATTAN,1.0,New York,40.71923306,-73.99996392,1.0,Businesses & Commercial Spaces,False
Morgan Stanley - ISG - New York Metro - 750 7th Ave - Floor: 29,Manhattan,MANHATTAN,1.0,New York,40.76074642,-73.98352505,1.0,Businesses & Commercial Spaces,False
Waterfall Asset Management,Manhattan,MANHATTAN,1.0,New York,40.75963708,-73.98062674,1.0,Businesses & Commercial Spaces,False
Three World Trade Center,Manhattan,MANHATTAN,1.0,New York,40.71096789,-74.01235777,1.0,Businesses & Commercial Spaces,False
"Chubb Insurance - NY- New York, NY (1133 AOA)",Manhattan,MANHATTAN,1.0,New York,40.75593483,-73.98332411,9.0,Businesses & Commercial Spaces,False
Young Israel of Forest Hills Senior League,Queens,QUEENS,4.0,New York,40.7213494,-73.85165465,1.0,Senior Centers,False
One Madison Group LLC,Manhattan,MANHATTAN,1.0,New York,40.76500854,-73.98041579,1.0,Businesses & Commercial Spaces,False
Marymount School,Manhattan,MANHATTAN,1.0,New York,40.78686455,-73.95120209,1.0,School,False
DREAM Charter High School,Bronx,BRONX,2.0,New York,40.80735885,-73.92876185,1.0,School,False
Global Community Charter Middle School (DBA  Friends of GCCS),Manhattan,MANHATTAN,1.0,New York,40.82356457,-73.93965986,1.0,School,False
J.H.S. 383 Philippa Schuyler,Brooklyn,BROOKLYN,3.0,New York,40.69777383,-73.919777,1.0,Public Schools,False
CArgo Building 23 JFK,Queens,QUEENS,4.0,New York,40.64940503,-73.80356501,1.0,Ferries & Other Transportation,False
Growing Up Green Charter School II (Elementary School),Queens,QUEENS,4.0,New York,40.70612221,-73.79980847,1.0,School,False
"Soulcycle, Inc",Manhattan,MANHATTAN,1.0,New York,40.79180701,-73.97386393,1.0,Health Clubs & Gyms,False
Ralph R. McKee Career and Technical Education High School,Staten Island,STATEN ISLAND,5.0,New York,40.64278598,-74.07872971,1.0,School,False
Schiff Mini Building,Manhattan,MANHATTAN,1.0,New York,40.82094606,-73.95114449,1.0,Public Schools,False
P.S. 011 William T. Harris,Manhattan,MANHATTAN,1.0,New York,40.74434217,-74.00025262,1.0,Public Schools,False
JPMorgan Chase - BX Warehouse,Bronx,BRONX,2.0,New York,40.80975838,-73.89107078,1.0,Businesses & Commercial Spaces,False
Morgan Stanley - 1221 A of A,Manhattan,MANHATTAN,1.0,New York,40.75909387,-73.98213574,1.0,Businesses & Commercial Spaces,False
J.H.S. 292 Margaret S. Douglas,Brooklyn,BROOKLYN,3.0,New York,40.67197935,-73.89389583,1.0,Public Schools,False
P.S. 277 Bronx,Bronx,BRONX,2.0,New York,40.81351025,-73.91340154,1.0,Public Schools,False
I.S. 230 Queens - Annex,Queens,QUEENS,4.0,New York,40.75296509,-73.89232261,1.0,Public Schools,False
South Brooklyn Community High School,Brooklyn,BROOKLYN,3.0,New York,40.67796177,-74.01436337,1.0,School,False
Morgan Stanley - ISG - New York Metro - 522 5th Avenue - Floor: GF,Manhattan,MANHATTAN,1.0,New York,40.75450705,-73.98014457,2.0,Businesses & Commercial Spaces,False
"Anchin, Block & Anchin LLP",Manhattan,MANHATTAN,1.0,New York,40.7523205,-73.98746128,1.0,Businesses & Commercial Spaces,False
Pathways to Graduation @ South Bronx Job Corps,Bronx,BRONX,2.0,New York,40.85067106,-73.91681944,1.0,School,False
"Nederlander Producing Company of America, Inc. - HQ",Manhattan,MANHATTAN,1.0,New York,40.75709624,-73.98619342,1.0,Businesses & Commercial Spaces,False
P.S. 031 Samuel F. Dupont,Brooklyn,BROOKLYN,3.0,New York,40.72657992,-73.95426983,1.0,Public Schools,False
P.S. 003 Charrette School,Manhattan,MANHATTAN,1.0,New York,40.73258616,-74.00646595,1.0,Public Schools,False
Brookfield Properties - 300 Vesey Street,Manhattan,MANHATTAN,1.0,New York,40.71407442,-74.0167303,4.0,Businesses & Commercial Spaces,False
P.S. 032 Samuel Mills Sprole,Brooklyn,BROOKLYN,3.0,New York,40.68043817,-73.99194915,1.0,Public Schools,False
Morgan Stanley - E52,Manhattan,MANHATTAN,1.0,New York,40.75882057,-73.97397799,1.0,Businesses & Commercial Spaces,False
P.S. 023 The New Children's School,Bronx,BRONX,2.0,New York,40.85293384,-73.8947411,1.0,Public Schools,False
Brooklyn Preschool of Science,Brooklyn,BROOKLYN,3.0,New York,40.6895648,-73.99741458,1.0,School,False
Teachers College Community School - Lower School Annex,Manhattan,MANHATTAN,1.0,New York,40.81377449,-73.94602342,1.0,School,False
"Olmsted Center, Flushing Meadows-Corona Park",Queens,QUEENS,4.0,New York,40.75186819,-73.84933062,1.0,Parks & Recreation,False
Morgan Stanley - ISG - New York Metro - Floor: 6,Manhattan,MANHATTAN,1.0,New York,40.75450705,-73.98014457,1.0,Businesses & Commercial Spaces,False
Pharos Academy (ES/MS) [frmrly Bronx Lighthouse Charter School],Bronx,BRONX,2.0,New York,40.82312791,-73.89687684,1.0,Public Schools,False
District 20 Pre K Center at 369 93rd Street (K613),Brooklyn,BROOKLYN,3.0,New York,40.61803432,-74.03138074,1.0,Public Schools,False
"D.E. Shaw Research, LLC",Manhattan,MANHATTAN,1.0,New York,40.75710961,-73.983544,7.0,Businesses & Commercial Spaces,False
Achievement First East New York Middle School,Brooklyn,BROOKLYN,3.0,New York,40.68352886,-73.87690958,1.0,School,False
Harlem Village Academy West Elementary School,Manhattan,MANHATTAN,1.0,New York,40.80671183,-73.94510443,1.0,School,False
Space Shuttle Columbia School,Staten Island,STATEN ISLAND,5.0,New York,40.58313125,-74.16186165,1.0,School,False
Mott Hall Bridges Academy,Brooklyn,BROOKLYN,3.0,New York,40.66653721,-73.91090403,1.0,School,False
P.S./I.S. 104 The Fort Hamilton School,Brooklyn,BROOKLYN,3.0,New York,40.61840828,-74.02884148,1.0,Public Schools,False
Professor Juan Bosch Public School,Manhattan,MANHATTAN,1.0,New York,40.85923656,-73.92779144,1.0,School,False
Curtis High School,Staten Island,STATEN ISLAND,5.0,New York,40.64472755,-74.081222,1.0,Public Schools,False
Congregation Or Zarua,Manhattan,MANHATTAN,1.0,New York,40.7771316,-73.95798645,1.0,Houses of Worship,False
Thomas A. Edison Career and Technical Education High School,Queens,QUEENS,4.0,New York,40.71538132,-73.80036854,1.0,School,False
Mosaic Pre-K Center at 104-04 Corona Avenue (Q373),Queens,QUEENS,4.0,New York,40.74399404,-73.85840311,1.0,Public Schools,False
Insight Communications,Manhattan,MANHATTAN,1.0,New York,40.76263186,-73.98214562,1.0,Businesses & Commercial Spaces,False
P186X - Walter J. Damrosch,Bronx,BRONX,2.0,New York,40.83181334,-73.89807389,1.0,Public Schools,False
P.S. 189 The Bilingual Center,Brooklyn,BROOKLYN,3.0,New York,40.66555725,-73.92624648,1.0,Public Schools,False
British International School,Manhattan,MANHATTAN,1.0,New York,40.73725228,-73.97415965,1.0,School,False
Saint David's School,Manhattan,MANHATTAN,1.0,New York,40.78318667,-73.95839426,5.0,School,False
Pathways to Graduation @ Project Rousseau,Manhattan,MANHATTAN,1.0,New York,40.75965768,-73.97378274,1.0,School,False
I.S. 281 Joseph B Cavallaro,Brooklyn,BROOKLYN,3.0,New York,40.59533357,-73.99345738,1.0,Public Schools,False
Marymount School,Manhattan,MANHATTAN,1.0,New York,40.78686455,-73.95120209,1.0,School,False
Herbert Smith Freehills NY LLP,Manhattan,MANHATTAN,1.0,New York,40.7530952,-73.9748537,1.0,Businesses & Commercial Spaces,False
High School of Sports Management,Brooklyn,BROOKLYN,3.0,New York,40.59428436,-73.98576993,1.0,School,False
Perkins Eastman,Manhattan,MANHATTAN,1.0,New York,40.73888801,-73.99150181,1.0,Businesses & Commercial Spaces,False
Zeta Charter School - Mount Eden Early Childhood (Pre-K - Kindergarten),Bronx,BRONX,2.0,New York,40.83870817,-73.91879324,1.0,Public Schools,False
Pathways to Graduation @ Youth Action and Homes Program,Manhattan,MANHATTAN,1.0,New York,40.79905893,-73.93862389,1.0,School,False
RAIN Inwood Senior Centers,Manhattan,MANHATTAN,1.0,New York,40.86583186,-73.9231275,1.0,Senior Centers,False
P.S. 054 Samuel C. Barnes,Brooklyn,BROOKLYN,3.0,New York,40.69273364,-73.95298052,1.0,Public Schools,False
Costco Wholesale Corporation - 318 Brooklyn,Brooklyn,BROOKLYN,3.0,New York,40.6547526,-74.00723324,2.0,Businesses & Commercial Spaces,False
Region 2 Office,Bronx,BRONX,2.0,New York,40.83357938,-73.84509748,1.0,Government Buildings & Services,False
Jacob K. Javits Convention Center,Manhattan,MANHATTAN,1.0,New York,40.75655629,-74.00380806,1.0,Performance Venues,False
Artisan Partners - New York - 712 5th Avenue,Manhattan,MANHATTAN,1.0,New York,40.76248784,-73.97519307,1.0,Businesses & Commercial Spaces,False
P.S. 81Q Jean Paul Richter,Queens,BROOKLYN,3.0,New York,40.70375748,-73.91234365,1.0,Public Schools,True
P.S. 044 David C. Farragut,Bronx,BRONX,2.0,New York,40.84207777,-73.89111524,1.0,Public Schools,False
Fordham University Bronx Location,Bronx,BRONX,2.0,New York,40.86072673616,-73.88953366191,1.0,Colleges & Universities,False
P.S. 028 Mount Hope,Bronx,BRONX,2.0,New York,40.84805043,-73.9035213,1.0,Public Schools,False
P.S. 149 Danny Kaye,Brooklyn,BROOKLYN,3.0,New York,40.66971116,-73.89282162,1.0,Public Schools,False
AIG - FFP - 28 Liberty Street,Manhattan,MANHATTAN,1.0,New York,40.77258322,-73.96526068,4.0,Businesses & Commercial Spaces,False
The High School of Fashion Industries,Manhattan,MANHATTAN,1.0,New York,40.74514906,-73.9960735,1.0,School,False
Equinox,Bronx,BRONX,2.0,New York,40.8351341,-73.8610597,1.0,Health Clubs & Gyms,False
Samar Hospitality,Queens,QUEENS,4.0,New York,40.76160163,-73.76075972,1.0,Businesses & Commercial Spaces,False
JSPOA South Jamaica Senior Centers,Queens,QUEENS,4.0,New York,40.69547066,-73.79413914,1.0,Senior Centers,False
The Riverview School P277Q @ Q777 (Q777),Queens,QUEENS,4.0,New York,40.73712697,-73.92178987,1.0,School,False
Soros Capital Management LLC,Manhattan,MANHATTAN,1.0,New York,40.76500893,-73.98289585,1.0,Businesses & Commercial Spaces,False
The Blackstone Group,Manhattan,MANHATTAN,1.0,New York,40.75816441,-73.97324549,1.0,Businesses & Commercial Spaces,False
"Nederlander Producing Company of America, Inc. - Palace Theatre",Manhattan,MANHATTAN,1.0,New York,40.75869058,-73.98343532,1.0,Performance Venues,False
P.S. 107 Bronx,Bronx,BRONX,2.0,New York,40.81846016,-73.86837104,1.0,Public Schools,False
John Adams High School,Queens,QUEENS,4.0,New York,40.678936,-73.837069,15.0,Public Schools,False
Vornado Office Management - 1290 AotA,Manhattan,MANHATTAN,1.0,New York,40.76085011,-73.97971672,1.0,Businesses & Commercial Spaces,False
Columbia University - Studebaker Building,Manhattan,MANHATTAN,1.0,New York,40.81788553,-73.95771856,1.0,Colleges & Universities,False
P.S. 166 Henry Gradstein,Queens,QUEENS,4.0,New York,40.7573015,-73.92673287,1.0,Public Schools,False
Art and Design High School,Manhattan,MANHATTAN,1.0,New York,40.7591454,-73.96699314,1.0,School,False
PSS City Island Senior Centers,Bronx,BRONX,2.0,New York,40.84129187,-73.78376891,1.0,Senior Centers,False
Empire State Realty Trust,Manhattan,MANHATTAN,1.0,New York,40.7508219,-73.98776113,1.0,Businesses & Commercial Spaces,False
Bronx High School Of Business,Bronx,BRONX,2.0,New York,40.84041504,-73.9109088,1.0,School,False
P751M @ M323 (M323),Manhattan,MANHATTAN,1.0,New York,40.73099141,-74.00719103,1.0,Public Schools,False
The Urban Assembly School for Global Commerce,Manhattan,MANHATTAN,1.0,New York,40.80737595,-73.93943257,1.0,School,False
P.S. 099 Kew Gardens - Annex,Queens,QUEENS,4.0,New York,40.70974078,-73.82741272,1.0,Public Schools,False
Ascena Retail Group Inc. - HQ - Ann Inc - NYC Office,Manhattan,MANHATTAN,1.0,New York,40.75590782,-73.98668095,20.0,Businesses & Commercial Spaces,False
Family Life Academy Charter School II,Bronx,BRONX,2.0,New York,40.81179212,-73.92524931,1.0,School,False
P.S. X088 - S. Silverstein Little Sparrow School,Bronx,BRONX,2.0,New York,40.83726886,-73.91357288,1.0,Public Schools,False
The Museum of Modern Art,Manhattan,MANHATTAN,1.0,New York,40.76099511,-73.97720066,1.0,Museums,False
NYC Department of Design & Construction,Queens,QUEENS,4.0,New York,40.74503532,-73.93619092,1.0,Government Buildings & Services,False
New World Preparatory Charter School (130 Merrill),Staten Island,STATEN ISLAND,5.0,New York,40.61039994,-74.16436271,1.0,School,False
Hazelanne Blackette,Brooklyn,BROOKLYN,3.0,New York,40.65062571,-73.89774633,1.0,Businesses & Commercial Spaces,False
POLY PREP CDS,Brooklyn,BROOKLYN,3.0,New York,40.66922835,-73.97299292,1.0,School,False
Deutsche Bank,Manhattan,MANHATTAN,1.0,New York,40.70590688,-74.00860938,63.0,Businesses & Commercial Spaces,False
P.S. 133 Queens,Queens,QUEENS,4.0,New York,40.73172061,-73.71785769,1.0,Public Schools,False
Mosaic Pre-K Center at 70-20 47th Avenue (Q321),Queens,QUEENS,4.0,New York,40.73900658,-73.89377786,1.0,Public Schools,False
Oppenheimer Funds,Manhattan,MANHATTAN,1.0,New York,40.71153017,-74.01567279,6.0,Businesses & Commercial Spaces,False
Hudson River Park Trust,Manhattan,MANHATTAN,1.0,New York,40.72916313,-74.0106762,1.0,Parks & Recreation,False
Zeta Charter School - Mount Eden Elementary,Bronx,BRONX,2.0,New York,40.8420891,-73.91796145,1.0,School,False
SHEARMAN & STERLING,Manhattan,MANHATTAN,1.0,New York,40.76556778,-73.96575532,1.0,Businesses & Commercial Spaces,False
Morgan Stanley - 750 7th Avenue,Manhattan,MANHATTAN,1.0,New York,40.76074642,-73.98352505,1.0,Businesses & Commercial Spaces,False
P.S. 65 The Academy of Innovative Learning,Staten Island,STATEN ISLAND,5.0,New York,40.63402471,-74.07861124,1.0,Public Schools,False
Theatre Arts Senior Centers,Manhattan,MANHATTAN,1.0,New York,40.79511256,-73.94519349,1.0,Senior Centers,False
District 79 Administrative offices,Manhattan,MANHATTAN,1.0,New York,40.85345991,-73.93404775,1.0,Government Buildings & Services,False
Park East High School,Manhattan,MANHATTAN,1.0,New York,40.79053666,-73.94435582,1.0,School,False
Douglas Elliman [212W72],Manhattan,MANHATTAN,1.0,New York,40.77901813,-73.98262866,1.0,Businesses & Commercial Spaces,False
The Gordon Parks School,Queens,QUEENS,4.0,New York,40.67482216,-73.73671251,1.0,School,False
P.S. 308 Clara Cardwell,Brooklyn,BROOKLYN,3.0,New York,40.68868757,-73.93549864,1.0,Public Schools,False
Olmstead Condominium,Manhattan,MANHATTAN,1.0,New York,40.79347366,-73.96567229,1.0,Businesses & Commercial Spaces,False
Zeta Global,Manhattan,MANHATTAN,1.0,New York,40.74673687,-73.98157606,1.0,Businesses & Commercial Spaces,False
"SoulCycle, Inc",Manhattan,MANHATTAN,1.0,New York,40.76458524,-73.96605184,1.0,Health Clubs & Gyms,False
M.S. 113 Ronald Edmonds Learning Center,Brooklyn,BROOKLYN,3.0,New York,40.68880361,-73.97100896,1.0,Public Schools,False
"Amalgamated Warbasse Houses,",Brooklyn,BROOKLYN,3.0,New York,40.58018177,-73.97172228,1.0,Businesses & Commercial Spaces,False
Fox Networks Group - FTS- WNYW New York,Manhattan,MANHATTAN,1.0,New York,40.76639019,-73.96252388,11.0,Businesses & Commercial Spaces,False
P.S. 181 Brookfield,Queens,QUEENS,4.0,New York,40.65611744,-73.75320686,1.0,Public Schools,False
I.S. 075 Frank D. Paulo,Staten Island,STATEN ISLAND,5.0,New York,40.54437298,-74.19789528,1.0,Public Schools,False
Marriott International.,Manhattan,MANHATTAN,1.0,New York,40.76515571,-73.97505128,2.0,Businesses & Commercial Spaces,False
Morgan Stanley - ISG - New York Metro - Floor: 15,Manhattan,MANHATTAN,1.0,New York,40.76074642,-73.98352505,1.0,Businesses & Commercial Spaces,False
Carter Ledyard & Milburn LLP,Manhattan,MANHATTAN,1.0,New York,40.70810817,-74.00876837,1.0,Businesses & Commercial Spaces,False
The Museum of Modern Art,Manhattan,MANHATTAN,1.0,New York,40.76099511,-73.97720066,1.0,Museums,False
JLL - 140 Broadway LLC c/o JLL,Manhattan,MANHATTAN,1.0,New York,40.70903575,-74.01062607,1.0,Businesses & Commercial Spaces,False
TD Cowen,Manhattan,MANHATTAN,1.0,New York,40.75826818,-73.97105441,1.0,Businesses & Commercial Spaces,False
"Unicredit Bank AG, New York Branch",Manhattan,MANHATTAN,1.0,New York,40.75118773,-73.97548243,1.0,Businesses & Commercial Spaces,False
P.S. 153 Homecrest,Brooklyn,BROOKLYN,3.0,New York,40.60160951,-73.95977905,1.0,Public Schools,False
The Blackstone Group,Manhattan,MANHATTAN,1.0,New York,40.75816441,-73.97324549,1.0,Businesses & Commercial Spaces,False
All City Leadership Secondary School,Brooklyn,BROOKLYN,3.0,New York,40.69736279,-73.91317072,6.0,School,False
Vornado [90 Park],Manhattan,MANHATTAN,1.0,New York,40.75049672,-73.97886451,1.0,Businesses & Commercial Spaces,False
AED Total Solution,Manhattan,MANHATTAN,1.0,New York,40.77566742,-73.98750381,1.0,Businesses & Commercial Spaces,False
It Takes a Village Academy,Brooklyn,BROOKLYN,3.0,New York,40.64864945,-73.92217147,1.0,School,False
I.S. 027 Anning S. Prall,Staten Island,STATEN ISLAND,5.0,New York,40.62812078,-74.11706161,1.0,Public Schools,False
The Michael J. Petrides School,Staten Island,STATEN ISLAND,5.0,New York,40.60874845,-74.10234414,1.0,School,False
"Cravath, Swaine & Moore, LLP",Manhattan,MANHATTAN,1.0,New York,40.76206701,-73.98627542,1.0,Businesses & Commercial Spaces,False
Gaylord White Senior Centers,Manhattan,MANHATTAN,1.0,New York,40.78946569,-73.94328776,1.0,Senior Centers,False
Morgan Stanley - 750 7th Avenue - Floor: 30,Manhattan,MANHATTAN,1.0,New York,40.76074642,-73.98352505,1.0,Businesses & Commercial Spaces,False
Amber Charter School II,Bronx,BRONX,2.0,New York,40.88072405,-73.90729252,1.0,School,False
JCC Senior Kosher Nutrition Senior Centers,Staten Island,STATEN ISLAND,5.0,New York,40.63062771,-74.08847502,1.0,Senior Centers,False
Morgan Stanley - ISG - New York Metro - 750 7th Ave - Floor: 11,Manhattan,MANHATTAN,1.0,New York,40.76074642,-73.98352505,1.0,Businesses & Commercial Spaces,False
A. Philip Randolph Campus High School,Manhattan,MANHATTAN,1.0,New York,40.81818176,-73.9503553,1.0,Public Schools,False
P.S. 107 Bronx,Bronx,BRONX,2.0,New York,40.81846016,-73.86837104,1.0,Public Schools,False
"New Explorations into Science, Technology and Math High School",Manhattan,MANHATTAN,1.0,New York,40.7188881,-73.97930747,1.0,School,False
P025R - South Richmond High School (R825),Staten Island,STATEN ISLAND,5.0,New York,40.50907658,-74.22092791,1.0,School,False
J.H.S. 080 The Mosholu Parkway,Bronx,BRONX,2.0,New York,40.87629236,-73.88153067,1.0,Public Schools,False
Staten Island Borough Office,Staten Island,STATEN ISLAND,5.0,New York,40.60874845,-74.10234414,1.0,Government Buildings & Services,False
P.S. 058 Bronx,Bronx,BRONX,2.0,New York,40.84615565,-73.89926266,1.0,Public Schools,False
J.H.S. 202 Robert H. Goddard,Queens,QUEENS,4.0,New York,40.67123215,-73.84514073,1.0,Public Schools,False
Union Square Academy for Health Sciences,Manhattan,MANHATTAN,1.0,New York,40.7354869,-73.98765932,1.0,School,False
P.S./I.S. 116 William C. Hughley,Queens,QUEENS,4.0,New York,40.700598,-73.78230113,1.0,Public Schools,False
P.S. 938,Brooklyn,BROOKLYN,3.0,New York,40.68127485,-73.87640539,1.0,Public Schools,False
P.S. 059 William Floyd,Brooklyn,BROOKLYN,3.0,New York,40.69672582,-73.94365185,1.0,Public Schools,False
"Science, Technology and Research Early College High School at Erasmus",Brooklyn,BROOKLYN,3.0,New York,40.64978002,-73.95854985,1.0,Public Schools,False
Brookfield Properties Retail - Staten Island Mall,Staten Island,STATEN ISLAND,5.0,New York,40.58229742,-74.16905259,7.0,Businesses & Commercial Spaces,False
Cornerstone Academy for Social Action,Bronx,BRONX,2.0,New York,40.88301871,-73.83036423,1.0,School,False
Conde Nast Building,Manhattan,MANHATTAN,1.0,New York,40.75617401,-73.98624415,1.0,Businesses & Commercial Spaces,False
Costco Wholesale Corporation - 1062 Manhattan,Manhattan,MANHATTAN,1.0,New York,40.79562725,-73.93240779,1.0,Businesses & Commercial Spaces,False
Department of Citywide Administrative Services,Queens,QUEENS,4.0,New York,40.71332174,-73.828601,1.0,Government Buildings & Services,False
Brooklyn Technical High School,Brooklyn,BROOKLYN,3.0,New York,40.68882691,-73.97690452,1.0,School,False
John V. Lindsay Wildcat Academy Charter School II,Bronx,BRONX,2.0,New York,40.81649578,-73.8900698,1.0,School,False
Ridgewood Bushwick Senior Centers,Brooklyn,BROOKLYN,3.0,New York,40.70284241,-73.91833544,1.0,Senior Centers,False
Church of St. Mary the Virgin,Manhattan,MANHATTAN,1.0,New York,40.75793853,-73.98354741,1.0,Houses of Worship,False
P.S./M.S. 029 Melrose School,Bronx,BRONX,2.0,New York,40.82150855,-73.91727876,1.0,Public Schools,False
"Media, Law, and Fine Arts Middle School",Brooklyn,BROOKLYN,3.0,New York,40.65842261,-73.92907649,1.0,School,False
New York & Co.,Manhattan,MANHATTAN,1.0,New York,40.752612,-73.99450301,1.0,Businesses & Commercial Spaces,False
Department of Citywide Administrative Services,Brooklyn,BROOKLYN,3.0,New York,40.69875388,-73.98986965,1.0,Government Buildings & Services,False
International High School at Lafayette,Brooklyn,BROOKLYN,3.0,New York,40.59428436,-73.98576993,1.0,School,False
Marymount School,Manhattan,MANHATTAN,1.0,New York,40.78686455,-73.95120209,1.0,School,False
The School For Human Rights,Brooklyn,BROOKLYN,3.0,New York,40.65888574,-73.9424585,1.0,School,False
Riverside Park Conservancy,Manhattan,MANHATTAN,1.0,New York,40.81109448,-73.96416759,2.0,Parks & Recreation,False
Family Welcome Center,Manhattan,MANHATTAN,1.0,New York,40.81117578,-73.95359374,1.0,Government Buildings & Services,False
Bronx Green Middle School,Bronx,BRONX,2.0,New York,40.8621026,-73.86457504,1.0,School,False
International Leadership Charter Middle School,Bronx,BRONX,2.0,New York,40.88143817,-73.87837163,1.0,School,False
Asia Society,Manhattan,MANHATTAN,1.0,New York,40.77002491,-73.96459412,1.0,Businesses & Commercial Spaces,False
Syska & Hennessy,Manhattan,MANHATTAN,1.0,New York,40.75757876,-73.98212532,1.0,Businesses & Commercial Spaces,False
Fordham University Bronx Location,Bronx,BRONX,2.0,New York,40.86072673616,-73.88953366191,1.0,Colleges & Universities,False
Democracy Prep Harlem Charter - Middle School,Manhattan,MANHATTAN,1.0,New York,40.8142517,-73.94521379,1.0,School,False
"P.S. 128 The Lorraine Tuzzo, Juniper Valley Elementary School",Queens,QUEENS,4.0,New York,40.71533668,-73.88621516,1.0,Public Schools,False
Jacob K. Javits Convention Center,Manhattan,MANHATTAN,1.0,New York,40.75655629,-74.00380806,1.0,Performance Venues,False
PJT Partners,Manhattan,MANHATTAN,1.0,New York,40.75601562,-73.97483093,1.0,Businesses & Commercial Spaces,False
"WIN - Women in Need, Inc. (Audre Lord Family)",Staten Island,STATEN ISLAND,5.0,New York,40.63805727,-74.07792422,1.0,Health & Social Services,False
RXR Realty [61 Broadway],New York,MANHATTAN,1.0,New York,40.70698798,-74.01233539,1.0,Businesses & Commercial Spaces,True
P.S. 063 Old South,Queens,QUEENS,4.0,New York,40.67640277,-73.84677265,1.0,Public Schools,False
Big Six Towers,Queens,QUEENS,4.0,New York,40.73992445,-73.90441824,1.0,Businesses & Commercial Spaces,False
The Frick Collection,Manhattan,MANHATTAN,1.0,New York,40.77104689,-73.967749,1.0,Museums,False
I.S. 024 Myra S. Barnes,Staten Island,STATEN ISLAND,5.0,New York,40.54607337,-74.14583904,1.0,Public Schools,False
New World Preparatory Charter School (West Campus),Staten Island,STATEN ISLAND,5.0,New York,40.63008687,-74.14726987,1.0,School,False
P.S. 192 - The Magnet School for Math and Science Inquiry,Brooklyn,BROOKLYN,3.0,New York,40.62929598,-73.97999463,1.0,Public Schools,False
The Port Authority of New York & New Jersey - 80 Pine,Manhattan,MANHATTAN,1.0,New York,40.70588502,-74.0071811,4.0,Ferries & Other Transportation,False
AKIN GUMP STRAUSS HAUER,Manhattan,MANHATTAN,1.0,New York,40.75517461,-73.98388016,6.0,Businesses & Commercial Spaces,False
M.S. 51 William Alexander,Brooklyn,BROOKLYN,3.0,New York,40.67200813,-73.9839472,1.0,Public Schools,False
The Children's Workshop School,Manhattan,MANHATTAN,1.0,New York,40.7278853,-73.97852534,1.0,School,False
P.S. 039 Henry Bristow,Brooklyn,BROOKLYN,3.0,New York,40.66890916,-73.98319456,1.0,Public Schools,False
P.S. 072 Dr. William Dorney,Bronx,BRONX,2.0,New York,40.82259673,-73.81824503,1.0,Public Schools,False
Catholic Kolping Society,Manhattan,MANHATTAN,1.0,New York,40.78049784,-73.95390768,1.0,Businesses & Commercial Spaces,False
P.S. 038 George Cromwell,Staten Island,STATEN ISLAND,5.0,New York,40.5747399,-74.09991965,1.0,Public Schools,False
P.S. 154 Queens,Queens,QUEENS,4.0,New York,40.72676134,-73.80689352,1.0,Public Schools,False
Brooklyn Arbor Elementary School,Brooklyn,BROOKLYN,3.0,New York,40.70963936,-73.95464941,1.0,School,False
P.S. 067 Charles A. Dorsey,Brooklyn,BROOKLYN,3.0,New York,40.69562596,-73.97821482,1.0,Public Schools,False
P.S. X140 The Eagle School,Bronx,BRONX,2.0,New York,40.82328279,-73.90794735,1.0,Public Schools,False
P.S. 220 Edward Mandel,Queens,QUEENS,4.0,New York,40.73651674,-73.85145476,1.0,Public Schools,False
Equinox,Manhattan,MANHATTAN,1.0,New York,40.74368327,-74.00595457,1.0,Health Clubs & Gyms,False
Amazon.com Services LLC - JFK2,Manhattan,MANHATTAN,1.0,New York,40.74868342,-73.98513771,3.0,Businesses & Commercial Spaces,False
Ardea Partners,Manhattan,MANHATTAN,1.0,New York,40.75245568,-74.00070021,1.0,Businesses & Commercial Spaces,False
CSI High School for International Studies,Staten Island,STATEN ISLAND,5.0,New York,40.5813078,-74.15858839,1.0,School,False
Silicon Valley Bank - SVB New York (New York),Manhattan,MANHATTAN,1.0,New York,40.74278758,-73.98444975,1.0,Businesses & Commercial Spaces,False
Elm Tree Elementary School,Queens,QUEENS,4.0,New York,40.7421592,-73.86410886,1.0,School,False
P.S. 180 Hugo Newman,Manhattan,MANHATTAN,1.0,New York,40.80783621,-73.95556841,1.0,Public Schools,False
SONY Corporation,Manhattan,MANHATTAN,1.0,New York,40.76108209,-73.97325154,1.0,Businesses & Commercial Spaces,False
P.S. 161 The Crown,Brooklyn,BROOKLYN,3.0,New York,40.66617349,-73.94901261,1.0,Public Schools,False
M.S. 319 - Maria Teresa,Manhattan,MANHATTAN,1.0,New York,40.83929827,-73.93615799,1.0,Public Schools,False
Bronx Engineering and Technology Academy,Bronx,MANHATTAN,1.0,New York,40.87709942,-73.91225527,1.0,Public Schools,True
Early Childhood Annex Q043,Queens,QUEENS,4.0,New York,40.5935817,-73.76044944,1.0,Public Schools,False
P075Q @ PS 48 (Q048),Queens,QUEENS,4.0,New York,40.69411161,-73.79700303,1.0,Public Schools,False
P.S./I.S. 217 Roosevelt Island,Queens,MANHATTAN,1.0,New York,40.76388676,-73.9479159,1.0,Public Schools,True
Morgan Stanley - 1 NY Plaza,Manhattan,MANHATTAN,1.0,New York,40.70253319,-74.01256178,1.0,Businesses & Commercial Spaces,False
P.S. 121 Nelson A. Rockefeller,Brooklyn,BROOKLYN,3.0,New York,40.62326548,-73.9788221,1.0,Public Schools,False
"Walt Disney/ABC, Inc.",Manhattan,MANHATTAN,1.0,New York,40.75684919,-73.98597329,1.0,Businesses & Commercial Spaces,False
P.S. X015 Institute for Environmental Learning,Bronx,BRONX,2.0,New York,40.85880386,-73.90974531,1.0,Public Schools,False
Wildlife Conservation Society,Bronx,BRONX,2.0,New York,40.85053675,-73.88245508,1.0,Zoos & Aquariums,False
Rockefeller University,Manhattan,MANHATTAN,1.0,New York,40.76312728,-73.95645028,1.0,Colleges & Universities,False
Morgan Stanley - 1 NY Plaza,Manhattan,MANHATTAN,1.0,New York,40.70253319,-74.01256178,1.0,Businesses & Commercial Spaces,False
Department of Citywide Administrative Services,Manhattan,MANHATTAN,1.0,New York,40.71339484,-74.00463523,1.0,Government Buildings & Services,False
Philips Returns AED,Manhattan,QUEENS,4.0,New York,40.70847218,-73.80006469,1.0,Businesses & Commercial Spaces,True
J.H.S. 078 Roy H. Mann,Brooklyn,BROOKLYN,3.0,New York,40.62121688,-73.91287032,1.0,Public Schools,False
CNA Insurance,Manhattan,MANHATTAN,1.0,New York,40.70210514,-74.0112489,2.0,Businesses & Commercial Spaces,False
Congregation Rodeph Sholom,Manhattan,MANHATTAN,1.0,New York,40.78350349,-73.97114089,1.0,Houses of Worship,False
Sunset Park Senior Centers,Brooklyn,BROOKLYN,3.0,New York,40.64910365,-74.0098453,1.0,Senior Centers,False
Good Companions Senior Centers,Manhattan,MANHATTAN,1.0,New York,40.71325922,-73.98323744,1.0,Senior Centers,False
Congregation Rodeph Sholom,Manhattan,MANHATTAN,1.0,New York,40.78421157,-73.97089503,1.0,Houses of Worship,False
New York Congregation Nursing Center,Brooklyn,BROOKLYN,3.0,New York,40.65242696,-73.95389199,1.0,Nursing Homes,False
Manhattan West LLC,Manhattan,MANHATTAN,1.0,New York,40.77583508,-73.96308541,1.0,Businesses & Commercial Spaces,False
Department of Citywide Administrative Services,Brooklyn,BROOKLYN,3.0,New York,40.69339325,-73.98891485,1.0,Government Buildings & Services,False
"Needham & Company, LLC",Manhattan,MANHATTAN,1.0,New York,40.7550112,-73.97556764,1.0,Businesses & Commercial Spaces,False
I.S. 238 - Susan B. Anthony Academy,Queens,QUEENS,4.0,New York,40.71308599,-73.78046742,1.0,School,False
Channel View School For Research,Queens,QUEENS,4.0,New York,40.58605892,-73.82262478,8.0,Public Schools,False
P231K @ P.S. 238 Anne Sullivan (K238),Brooklyn,BROOKLYN,3.0,New York,40.60885473,-73.96505809,1.0,Public Schools,False
KIPP Beyond Middle School,Manhattan,MANHATTAN,1.0,New York,40.81095346,-73.96096338,1.0,School,False
Taconic Capital Advisors,Manhattan,MANHATTAN,1.0,New York,40.75601562,-73.97483093,3.0,Businesses & Commercial Spaces,False
Gumley Haft - 1125 Park,Manhattan,MANHATTAN,1.0,New York,40.78296587018,-73.95515174985,1.0,Businesses & Commercial Spaces,False
P.S. 66 Brooklyn,Brooklyn,BROOKLYN,3.0,New York,40.64882267,-73.90777455,1.0,Public Schools,False
P.S. 083 Donald Hertz,Bronx,BRONX,2.0,New York,40.84938807,-73.85924781,1.0,Public Schools,False
Riverbay Corp / Co-op City Police Department,Bronx,BRONX,2.0,New York,40.86941384,-73.82902511,1.0,Government Buildings & Services,False
Senior League of Flatbush Midwood,Brooklyn,BROOKLYN,3.0,New York,40.62233389,-73.9557428,1.0,Senior Centers,False
Christopher Blenman Senior Centers,Brooklyn,BROOKLYN,3.0,New York,40.66228195,-73.93891603,1.0,Senior Centers,False
"McDermott, Will, Emery",New York,MANHATTAN,1.0,New York,40.75225544,-73.97546399,1.0,Businesses & Commercial Spaces,True
Department of Citywide Administrative Services,Manhattan,MANHATTAN,1.0,New York,40.71422375,-74.00489501,1.0,Government Buildings & Services,False
Bronx Community Charter School,Bronx,BRONX,2.0,New York,40.87249815,-73.8753905,1.0,School,False
Brooklyn Technical High School,Brooklyn,BROOKLYN,3.0,New York,40.68882691,-73.97690452,1.0,School,False
P.S./I.S. 113 Anthony J. Pranzo,Queens,QUEENS,4.0,New York,40.70550876,-73.86220735,1.0,Public Schools,False
Selfhelp Austin Street Senior Centers,Queens,QUEENS,4.0,New York,40.72211227,-73.84733457,1.0,Senior Centers,False
Mott Hall High School,Manhattan,MANHATTAN,1.0,New York,40.8173654,-73.94771131,1.0,School,False
I.S. 141 The Steinway,Queens,QUEENS,4.0,New York,40.7755822,-73.90508898,1.0,Public Schools,False
Oracle,Manhattan,MANHATTAN,1.0,New York,40.75167689,-73.97842741,1.0,Businesses & Commercial Spaces,False
I.S. 061 Leonardo Da Vinci,Queens,QUEENS,4.0,New York,40.742626,-73.862755,1.0,Public Schools,False
Atlantic Senior Centers,Manhattan,BROOKLYN,3.0,New York,40.67637934,-73.89702892,1.0,Senior Centers,True
Union Square Academy for Health Sciences,Manhattan,MANHATTAN,1.0,New York,40.7354869,-73.98765932,1.0,School,False
"JFK Airport, Terminal 8",Queens,QUEENS,4.0,New York,40.64831283,-73.7882815,50.0,Ferries & Other Transportation,False
"Walt Disney/ABC, Inc.",Manhattan,MANHATTAN,1.0,New York,40.7549197,-73.9866595,1.0,Businesses & Commercial Spaces,False
P.S. 229 Dyker,Brooklyn,BROOKLYN,3.0,New York,40.6109563,-74.01337645,1.0,Public Schools,False
South Bronx Preparatory: A College Board School,Bronx,BRONX,2.0,New York,40.81377875,-73.92031942,1.0,School,False
Rose Building,Manhattan,MANHATTAN,1.0,New York,40.76948571,-73.98345068,1.0,Businesses & Commercial Spaces,False
Department of Citywide Administrative Services,Bronx,BRONX,2.0,New York,40.82634742,-73.92102336,1.0,Government Buildings & Services,False
P.S. 377 Queens,Queens,QUEENS,4.0,New York,40.66800439,-73.83728995,1.0,Public Schools,False
"Intercontinental Exchange - New York, NY (850 Third Avenue)",Manhattan,MANHATTAN,1.0,New York,40.75691748,-73.96997574,1.0,Businesses & Commercial Spaces,False
The Math & Science Exploratory School,Brooklyn,BROOKLYN,3.0,New York,40.68355208,-73.98027034,1.0,School,False
Kappa V (Knowledge and Power Preparatory Academy),Brooklyn,BROOKLYN,3.0,New York,40.65606023,-73.90724552,1.0,Public Schools,False
Con Edison - Energy Control Center (ECC),Manhattan,MANHATTAN,1.0,New York,40.77568388,-73.9874677,2.0,Businesses & Commercial Spaces,False
Baychester Academy,Bronx,BRONX,2.0,New York,40.88114655,-73.8397534,1.0,School,False
Children's Academy NYC,Manhattan,MANHATTAN,1.0,New York,40.75686338665,-73.97322075125,1.0,School,False
Dyckman Senior Centers,Manhattan,MANHATTAN,1.0,New York,40.86083816,-73.92158599,1.0,Senior Centers,False
P.S. 013 Clement C. Moore,Queens,QUEENS,4.0,New York,40.73760527,-73.86850974,1.0,Public Schools,False
P.S. 025 Bilingual School,Bronx,BRONX,2.0,New York,40.81261244,-73.90606194,1.0,Public Schools,False
200 E 74th St Corp - HQ,Manhattan,MANHATTAN,1.0,New York,40.77090971,-73.95931176,1.0,Businesses & Commercial Spaces,False
"Columbia University, Vagelos College of Physicians and Surgeons Building",Manhattan,MANHATTAN,1.0,New York,40.84148005,-73.94074225,1.0,Colleges & Universities,False
The Museum of Modern Art,Manhattan,MANHATTAN,1.0,New York,40.76099511,-73.97720066,1.0,Museums,False
Amazon.com Services LLC - LDJ5,Staten Island,STATEN ISLAND,5.0,New York,40.61593604,-74.17910099,1.0,Businesses & Commercial Spaces,False
Todt Hill Friendship Club,Staten Island,STATEN ISLAND,5.0,New York,40.60905069,-74.11905211,1.0,Senior Centers,False
JPMorgan Chase - 277 Park Avenue,Manhattan,MANHATTAN,1.0,New York,40.75555731,-73.97513791,10.0,Businesses & Commercial Spaces,False
Morgan Stanley - ISG - New York Metro - 750 7th Avenue - Floor: 20,Manhattan,MANHATTAN,1.0,New York,40.76074642,-73.98352505,2.0,Businesses & Commercial Spaces,False
East Side Community School,Manhattan,MANHATTAN,1.0,New York,40.72958225,-73.982555,1.0,School,False
Success Academy Charter School - East Flatbush Middle School,Brooklyn,BROOKLYN,3.0,New York,40.64005885,-73.94725265,1.0,School,False
The Brooklyn School for Social Justice,Brooklyn,BROOKLYN,3.0,New York,40.69717736,-73.91116946,1.0,School,False
P.S. 212 Midtown West,Manhattan,MANHATTAN,1.0,New York,40.76155122,-73.98827535,1.0,Public Schools,False
Morgan Stanley - 1 NY Plaza,Manhattan,MANHATTAN,1.0,New York,40.70253319,-74.01256178,1.0,Businesses & Commercial Spaces,False
"Milliman, Inc",Manhattan,MANHATTAN,1.0,New York,40.75109132,-73.9929259,1.0,Businesses & Commercial Spaces,False
P004Q @ Skillman (Q667),Queens,QUEENS,4.0,New York,40.7422954,-73.9456052,1.0,Public Schools,False
P.S. 329 Surfside,Brooklyn,BROOKLYN,3.0,New York,40.57459956,-73.99629235,1.0,Public Schools,False
Forever Young Senior Centers,Staten Island,STATEN ISLAND,5.0,New York,40.64165566,-74.07795366,1.0,Senior Centers,False
Longwood Preparatory Academy,Bronx,BRONX,2.0,New York,40.81750512,-73.8982115,1.0,Public Schools,False
POLY PREP CDS,Brooklyn,BROOKLYN,3.0,New York,40.61231054,-74.02373162,1.0,Private Schools,False
"Gagnon Securities, LLC",Manhattan,MANHATTAN,1.0,New York,40.76335563,-73.97737313,1.0,Businesses & Commercial Spaces,False
DeWitt Clinton High School,Bronx,BRONX,2.0,New York,40.88217149,-73.88690856,1.0,Public Schools,False
Tishman Hotel & Realty,Manhattan,MANHATTAN,1.0,New York,40.75099346,-73.97850342,1.0,Businesses & Commercial Spaces,False
"AECOM of YU, Div. of Substance Abuse",Bronx,BRONX,2.0,New York,40.84443063,-73.84003013,1.0,Colleges & Universities,False
Liberation Diploma Plus,Brooklyn,BROOKLYN,3.0,New York,40.57720082,-73.98595357,1.0,School,False
Epstein Becker Green,Manhattan,MANHATTAN,1.0,New York,40.7575953,-73.96945204,1.0,Businesses & Commercial Spaces,False
P.S. 134 Henrietta Szold,Manhattan,MANHATTAN,1.0,New York,40.71456305,-73.98372409,1.0,Public Schools,False
Friends Seminary,Manhattan,MANHATTAN,1.0,New York,40.73441897,-73.98577597,1.0,School,False
Queens Vocational and Technical High School,Queens,QUEENS,4.0,New York,40.74219801,-73.92821831,1.0,School,False
P.S. 262 El Hajj Malik El Shabazz Elementary School,Brooklyn,BROOKLYN,3.0,New York,40.68323372,-73.93081312,1.0,Public Schools,False
Bronx Regional High School,Bronx,BRONX,2.0,New York,40.82352492,-73.8988707,1.0,Public Schools,False
Fordham University Bronx Location,Bronx,BRONX,2.0,New York,40.86072673616,-73.88953366191,1.0,Colleges & Universities,False
"Haug Partners, LLP",Manhattan,MANHATTAN,1.0,New York,40.76331917,-73.97369465,1.0,Businesses & Commercial Spaces,False
P.S. 048 David N. Dinkins School,Queens,QUEENS,4.0,New York,40.69351002,-73.79672719,1.0,Public Schools,False
Time Warner Cable,Queens,QUEENS,4.0,New York,40.75751126,-73.82775411,1.0,Businesses & Commercial Spaces,False
Bethlehem Missionary Church dba Dabar Bethlehem Cathedral,Queens,QUEENS,4.0,New York,40.71637179,-73.73631326,1.0,Houses of Worship,False
P.S. 213 The Carl Ullman School,Queens,QUEENS,4.0,New York,40.74773844,-73.74574545,1.0,Public Schools,False
Saint David's School,Manhattan,MANHATTAN,1.0,New York,40.78365255,-73.94971672,1.0,School,False
Jacob K. Javits Convention Center,Manhattan,MANHATTAN,1.0,New York,40.75655629,-74.00380806,1.0,Performance Venues,False
Patricia Industries,Manhattan,MANHATTAN,1.0,New York,40.75724942,-73.98236364,1.0,Businesses & Commercial Spaces,False
Midwood High School,Brooklyn,BROOKLYN,3.0,New York,40.63322956,-73.95292894,1.0,School,False
Brooklyn Urban Garden Charter School (BUGS),Brooklyn,BROOKLYN,3.0,New York,40.65693643,-73.98311469,1.0,School,False
General Motors/ Cadillac Headquarters,Manhattan,MANHATTAN,1.0,New York,40.72685504,-74.0073818,1.0,Businesses & Commercial Spaces,False
Inwood Academy for Leadership Middle School Annex,Manhattan,MANHATTAN,1.0,New York,40.86204412,-73.91910086,1.0,School,False
Vandalia Senior Centers,Brooklyn,BROOKLYN,3.0,New York,40.64979194,-73.88675982,1.0,Senior Centers,False
Equinox,Manhattan,MANHATTAN,1.0,New York,40.78034908,-73.95975371,1.0,Health Clubs & Gyms,False
One World Trade Plaza,Manhattan,MANHATTAN,1.0,New York,40.71327345,-74.01281992,1.0,Businesses & Commercial Spaces,False
P.S./ I.S. 155 Nicholas Herkimer,Brooklyn,BROOKLYN,3.0,New York,40.67740757,-73.90873352,1.0,Public Schools,False
Avolon Aerospace,Manhattan,MANHATTAN,1.0,New York,40.75942509,-73.97712179,1.0,Businesses & Commercial Spaces,False
Francis Lewis High School,Queens,QUEENS,4.0,New York,40.74071593,-73.79282959,1.0,School,False
J.H.S. 052 Inwood,Manhattan,MANHATTAN,1.0,New York,40.86604708,-73.92483377,1.0,Public Schools,False
McClancy High School,Queens,QUEENS,4.0,New York,40.75816165,-73.89608262,1.0,School,False
P.S. 208 Elsa Ebeling,Brooklyn,BROOKLYN,3.0,New York,40.64202381,-73.93115148,1.0,Public Schools,False
Richmond Hill High School,Queens,QUEENS,4.0,New York,40.69571733,-73.83460393,1.0,School,False
P.S. 161 Arthur Ashe School,Queens,QUEENS,4.0,New York,40.69079026,-73.82165636,1.0,Public Schools,False
NYS Department of Financial Services,Manhattan,MANHATTAN,1.0,New York,40.70240415,-74.01294766,10.0,Government Buildings & Services,False
NYC Department of Design & Construction,Queens,MANHATTAN,1.0,New York,40.71744599,-74.00710298,1.0,Government Buildings & Services,True
P.S. 053 Basheer Quisim,Bronx,BRONX,2.0,New York,40.83285917,-73.91141764,1.0,Public Schools,False
Cushman & Wakefield [2 Park Ave],Manhattan,MANHATTAN,1.0,New York,40.74606997,-73.98209233,1.0,Businesses & Commercial Spaces,False
P.S. 160 Walt Disney,Bronx,BRONX,2.0,New York,40.86468028,-73.8242975,1.0,Public Schools,False
Challenge Charter High/Middle School,Queens,QUEENS,4.0,New York,40.6056642,-73.75138813,1.0,School,False
Riverdale Senior Centers,Bronx,BRONX,2.0,New York,40.87873784,-73.91567763,1.0,Senior Centers,False
P.S. 250 George H. Lindsay,Brooklyn,BROOKLYN,3.0,New York,40.70709645,-73.94547533,1.0,Public Schools,False
High School For Community Leadership,Queens,QUEENS,4.0,New York,40.71321019,-73.79723682,1.0,School,False
P.S. 012 James B. Colgate,Queens,QUEENS,4.0,New York,40.74262602,-73.89280491,1.0,Public Schools,False
Equinox,Brooklyn,BROOKLYN,3.0,New York,40.67961783,-73.9440305,0.0,Health Clubs & Gyms,False
Benjamin N. Cardozo High School,Queens,QUEENS,4.0,New York,40.75232524,-73.75598916,1.0,School,False
Allen & Overy LLP,Manhattan,MANHATTAN,1.0,New York,40.75909387,-73.98213574,1.0,Businesses & Commercial Spaces,False
ARC Ft. Washington Senior Centers,Manhattan,MANHATTAN,1.0,New York,40.84512127,-73.93876194,1.0,Senior Centers,False
Aspirations Diploma Plus High School,Brooklyn,BROOKLYN,3.0,New York,40.67009278,-73.954972,1.0,School,False
Congregation Rodeph Sholom,Manhattan,MANHATTAN,1.0,New York,40.78269791,-73.97729431,1.0,Houses of Worship,False
East Brooklyn Community High School,Brooklyn,BROOKLYN,3.0,New York,40.65910308,-73.92036792,38.0,Public Schools,False
"P.S. 279 Captain Manuel Rivera, Jr.",Bronx,BRONX,2.0,New York,40.8544254,-73.90556526,1.0,Public Schools,False
Rose Building,Manhattan,MANHATTAN,1.0,New York,40.76948571,-73.98345068,1.0,Businesses & Commercial Spaces,False
Morgan Stanley - CMP071 - 522 5th Avenue - Floor: 10,Manhattan,MANHATTAN,1.0,New York,40.75450705,-73.98014457,1.0,Businesses & Commercial Spaces,False
"Young Women's Leadership School, Astoria",Queens,QUEENS,4.0,New York,40.7712078,-73.92459103,1.0,School,False
Brookfield Properties - New York - 660 Fifth Ave,Manhattan,MANHATTAN,1.0,New York,40.76013593,-73.97686165,5.0,Businesses & Commercial Spaces,False
Hearst Corporation,Manhattan,MANHATTAN,1.0,New York,40.76643902,-73.98332508,1.0,Businesses & Commercial Spaces,False
Morgan Stanley - ISG - New York Metro - 522 5th Avenue - Floor: 15,Manhattan,MANHATTAN,1.0,New York,40.75450705,-73.98014457,1.0,Businesses & Commercial Spaces,False
Innovatix,Manhattan,MANHATTAN,1.0,New York,40.77000254,-73.99065664,1.0,Businesses & Commercial Spaces,False
Florence E. Smith Senior Centers,Queens,QUEENS,4.0,New York,40.75573427,-73.86598687,1.0,Senior Centers,False
Brookdale Senior Centers,Brooklyn,BROOKLYN,3.0,New York,40.62926051,-73.96868601,1.0,Senior Centers,False
Achievement First Crown Heights Charter Elementary School,Brooklyn,BROOKLYN,3.0,New York,40.66170438,-73.93677556,1.0,School,False
High School for Environmental Studies,Manhattan,MANHATTAN,1.0,New York,40.76778448,-73.98753056,1.0,School,False
The Blackstone Group,Manhattan,MANHATTAN,1.0,New York,40.75845753,-73.97091355,1.0,Businesses & Commercial Spaces,False
Morgan Stanley - 1 NY Plaza,Manhattan,MANHATTAN,1.0,New York,40.70253319,-74.01256178,1.0,Businesses & Commercial Spaces,False
Capsule Corporation - Capsule Pharmacy,Manhattan,MANHATTAN,1.0,New York,40.82144946472,-73.93658706663,1.0,Businesses & Commercial Spaces,False
High School For Community Leadership,Queens,QUEENS,4.0,New York,40.71321019,-73.79723682,1.0,School,False
"McLaughlin & Stern, LLP",Manhattan,MANHATTAN,1.0,New York,40.75070018,-73.98082785,1.0,Businesses & Commercial Spaces,False
Little Red School House,Manhattan,MANHATTAN,1.0,New York,40.72943533,-74.00229833,1.0,School,False
Creston Academy,Bronx,BRONX,2.0,New York,40.85486555,-73.90345715,1.0,School,False
Sunset Park Avenues Elementary School (P.S. 516),Brooklyn,BROOKLYN,3.0,New York,40.6507781,-74.00810492,1.0,Public Schools,False
P.S. 090 Horace Mann,Queens,QUEENS,4.0,New York,40.69702491,-73.83921314,1.0,Public Schools,False
Piedmont Office Management,Manhattan,MANHATTAN,1.0,New York,40.70534395,-74.01150192,1.0,Businesses & Commercial Spaces,False
"Nixon Peabody, LLP - New York, NY",Manhattan,MANHATTAN,1.0,New York,40.75675785,-73.9807503,3.0,Businesses & Commercial Spaces,False
I.S. 136 Charles O. Dewey,Brooklyn,BROOKLYN,3.0,New York,40.65196942,-74.00686174,1.0,Public Schools,False
P.S. 015 Jackie Robinson,Queens,QUEENS,4.0,New York,40.68603914,-73.75742255,1.0,Public Schools,False
El Puente Academy for Peace and Justice,Brooklyn,BROOKLYN,3.0,New York,40.70589038,-73.95561137,1.0,School,False
I.S. 227 Louis Armstrong,Queens,QUEENS,4.0,New York,40.75840079,-73.87447135,1.0,Public Schools,False
P.S. 211 Bronx,Bronx,BRONX,2.0,New York,40.84353942,-73.88975387,1.0,Public Schools,False
St. Francis Prep High School,Queens,QUEENS,4.0,New York,40.74266493,-73.77543997,1.0,School,False
Wollman Memorial Rink,Manhattan,MANHATTAN,1.0,New York,40.76770452,-73.97051599,1.0,Parks & Recreation,False
P.S. 068 Cambridge,Queens,QUEENS,4.0,New York,40.69654829,-73.89740516,1.0,Public Schools,False
City View Racquet Club,Queens,QUEENS,4.0,New York,40.7459691,-73.93238257,1.0,Health Clubs & Gyms,False
Williamsburg Collegiate Middle School,Brooklyn,BROOKLYN,3.0,New York,40.70601601,-73.96147592,1.0,School,False
JPMorgan Chase - 3 Metrotech,Brooklyn,BROOKLYN,3.0,New York,40.69405165,-73.98574134,1.0,Businesses & Commercial Spaces,False
P.S. 042 Claremont,Bronx,BRONX,2.0,New York,40.83828146,-73.90298619,1.0,Public Schools,False
P.S. 38 Roberto Clemente,Manhattan,MANHATTAN,1.0,New York,40.78894479,-73.94453772,1.0,Public Schools,False
US Department of Labor-Boston/New York Region - OSHA/Queens,Queens,QUEENS,4.0,New York,40.76815429,-73.73732408,1.0,Government Buildings & Services,False
Van Dyke Senior Centers,Brooklyn,BROOKLYN,3.0,New York,40.66497476,-73.90330771,1.0,Senior Centers,False
Jack and Pearl Resnick Campus,Bronx,BRONX,2.0,New York,40.85117554,-73.84482139,1.0,School,False
Abraham Lincoln High School,Brooklyn,BROOKLYN,3.0,New York,40.58167376,-73.96730799,14.0,Public Schools,False
The Richmond Pre-K Center at 1780-1800 Richmond Terrace,Staten Island,STATEN ISLAND,5.0,New York,40.63740096,-74.12480293,1.0,Public Schools,False
P373R @ P040R,Staten Island,STATEN ISLAND,5.0,New York,40.64067906,-74.09537779,1.0,Public Schools,False
"Curtis Mallet-Prevost, Coli & Mosie LLP",Manhattan,MANHATTAN,1.0,New York,40.75098522,-73.97848538,2.0,Businesses & Commercial Spaces,False
NYS Office of the Welfare Inspector General,Manhattan,MANHATTAN,1.0,New York,40.71021597,-74.01089679,1.0,Government Buildings & Services,False
Kosnac Floating Derrick Corp. dba K Tugs NY,Staten Island,STATEN ISLAND,5.0,New York,40.64128555,-74.11628847,2.0,Businesses & Commercial Spaces,False
Bronx International High School,Bronx,BRONX,2.0,New York,40.82763585,-73.90447243,1.0,School,False
P.S. 151 Mary D. Carter,Queens,QUEENS,4.0,New York,40.75749184,-73.9088977,1.0,Public Schools,False
I.S. 73 - The Frank Sansivieri Intermediate School,Queens,QUEENS,4.0,New York,40.72920762,-73.89362396,1.0,School,False
Tracy Anderson Method,Manhattan,MANHATTAN,1.0,New York,40.76113769,-73.96558795,1.0,Health Clubs & Gyms,False
Brookfield Properties - Brooklyn NY - 15 Metrotech Center - Myrtle Street,Brooklyn,BROOKLYN,3.0,New York,40.69370019,-73.98478579,7.0,Businesses & Commercial Spaces,False
P.S. 172 Beacon School of Excellence,Brooklyn,BROOKLYN,3.0,New York,40.65790658,-74.00065236,1.0,Public Schools,False
Eleven Times Square,Manhattan,MANHATTAN,1.0,New York,40.75689078,-73.9900232,17.0,Businesses & Commercial Spaces,False
East Bronx Academy For The Future,Bronx,BRONX,2.0,New York,40.8363496,-73.88836003,1.0,School,False
Wildlife Conservation Society,Bronx,BRONX,2.0,New York,40.85053675,-73.88245508,1.0,Zoos & Aquariums,False
World Journalism Preparatory: A College Board School,Queens,QUEENS,4.0,New York,40.76512565,-73.79008196,1.0,School,False
I.S. 228 David A. Boody,Brooklyn,BROOKLYN,3.0,New York,40.60129311,-73.97695292,1.0,Public Schools,False
St. Francis Prep High School,Queens,QUEENS,4.0,New York,40.74266493,-73.77543997,1.0,School,False
Alston & Bird LLP,Manhattan,MANHATTAN,1.0,New York,40.75049672,-73.97886451,1.0,Businesses & Commercial Spaces,False
J.H.S. 143 Eleanor Roosevelt,Manhattan,MANHATTAN,1.0,New York,40.84890183,-73.93094738,1.0,Public Schools,False
Premise Health Insight Health Center,Manhattan,MANHATTAN,1.0,New York,40.75882057,-73.97397799,1.0,Businesses & Commercial Spaces,False
Zeta Charter School - Inwood 1,Manhattan,MANHATTAN,1.0,New York,40.87112664,-73.9119233,1.0,School,False
KIPP NYC College Prep I,Bronx,BRONX,2.0,New York,40.8160857,-73.92648365,1.0,School,False
Rudin Management aaf The State-Whitehall Co.,Manhattan,MANHATTAN,1.0,New York,40.70303785,-74.01566717,1.0,Businesses & Commercial Spaces,False
New Utrecht High School,Brooklyn,BROOKLYN,3.0,New York,40.61325441,-74.00340366,1.0,School,False
Krakus Senior Centers,Brooklyn,BROOKLYN,3.0,New York,40.7316849,-73.95357715,1.0,Senior Centers,False
P.S. 001 Tottenville,Staten Island,STATEN ISLAND,5.0,New York,40.50902942,-74.24411561,1.0,Public Schools,False
BFFY Woodhaven,Queens,QUEENS,4.0,New York,40.69103403,-73.85648585,1.0,Senior Centers,False
P.S. 123 Suydam,Brooklyn,BROOKLYN,3.0,New York,40.70375944,-73.92270199,1.0,Public Schools,False
KIPP NYC College Prep I,Bronx,BRONX,2.0,New York,40.8160857,-73.92648365,1.0,School,False
Pratt Institute - Engineering Building,Brooklyn,BROOKLYN,3.0,New York,40.71419511,-73.9605369,1.0,Colleges & Universities,False
W. H. Maxwell Career and Technical Education High School,Brooklyn,BROOKLYN,3.0,New York,40.67412808,-73.89643036,1.0,School,False
P.S. 230 Doris L. Cohen Lower School,Brooklyn,BROOKLYN,3.0,New York,40.64381307,-73.97962632,1.0,Public Schools,False
NYC SANITATION DEP.,Manhattan,MANHATTAN,1.0,New York,40.71542054,-74.00267301,1.0,Government Buildings & Services,False
"Sovereign Apartments, Inc",Manhattan,MANHATTAN,1.0,New York,40.75867715,-73.96170524,1.0,Businesses & Commercial Spaces,False
Yankee Stadium,Bronx,BRONX,2.0,New York,40.82950379,-73.92932705,1.0,Stadiums & Arenas,False
"Mutual Redevelopment Houses, Inc",Manhattan,MANHATTAN,1.0,New York,40.74741905,-73.99955248,1.0,Businesses & Commercial Spaces,False
High School for Law Enforcement and Public Safety,Queens,QUEENS,4.0,New York,40.68619962,-73.78414397,1.0,School,False
Vornado Office Management - 731 Lexington,Manhattan,MANHATTAN,1.0,New York,40.76187959,-73.96842127,1.0,Businesses & Commercial Spaces,False
Equinox,Brooklyn,BROOKLYN,3.0,New York,40.64578212,-74.01327175,1.0,Health Clubs & Gyms,False
"AECI - The NYC Charter High School for Architecture, Engineering & Construction Industries",Bronx,BRONX,2.0,New York,40.82200879,-73.91087572,1.0,School,False
"NYSE Market (DE) - New York, NY (11 Wall Street)",Manhattan,MANHATTAN,1.0,New York,40.70739159,-74.01110552,22.0,Businesses & Commercial Spaces,False
Max Finkelstein Inc.,Queens,QUEENS,4.0,New York,40.76753007,-73.92087316,2.0,Businesses & Commercial Spaces,False
American Technion Society,Manhattan,MANHATTAN,1.0,New York,40.76332944,-73.97078868,1.0,Businesses & Commercial Spaces,False
Poly Prep COS,Brooklyn,BROOKLYN,3.0,New York,40.61231054,-74.02373162,1.0,Private Schools,False
J.H.S. 217 Robert A. Van Wyck,Queens,QUEENS,4.0,New York,40.71002204,-73.81250782,1.0,Public Schools,False
P.S. 032 Belmont,Bronx,BRONX,2.0,New York,40.8520855,-73.88588995,1.0,Public Schools,False
Harlem Success Academy Charter School Harlem East,Manhattan,MANHATTAN,1.0,New York,40.79563369,-73.94440933,1.0,School,False
Maria Gallagher,Queens,QUEENS,4.0,New York,40.71108883,-73.82050168,1.0,School,False
Con Edison - 111 Broadway,Manhattan,MANHATTAN,1.0,New York,40.70847851,-74.01111292,1.0,Businesses & Commercial Spaces,False
P.S. 017 Henry David Thoreau,Queens,QUEENS,4.0,New York,40.76897762,-73.92242744,1.0,Public Schools,False
Glebe House Senior Centers,Bronx,BRONX,2.0,New York,40.83509323,-73.8503665,1.0,Senior Centers,False
Longwood Preparatory Academy,Bronx,BRONX,2.0,New York,40.81717801,-73.89766647,1.0,Private Schools,False
Morgan Stanley - 1585 Broadway,Manhattan,MANHATTAN,1.0,New York,40.76020869,-73.98533366,1.0,Businesses & Commercial Spaces,False
Yankee Stadium,Bronx,BRONX,2.0,New York,40.82941861,-73.9291826,1.0,Stadiums & Arenas,False
P.S. 081 Thaddeus Stevens,Brooklyn,BROOKLYN,3.0,New York,40.69315347,-73.93576476,1.0,Public Schools,False
"H.E.R.O. High (Health, Education, and Research Occupations High School)",Bronx,BRONX,2.0,New York,40.81079619,-73.9070146,1.0,School,False
"Cravath, Swaine & Moore LLP",Manhattan,MANHATTAN,1.0,New York,40.75216196,-73.9972028,1.0,Businesses & Commercial Spaces,False
Equinox,Manhattan,MANHATTAN,1.0,New York,40.75919751,-73.97833472,3.0,Health Clubs & Gyms,False
Transatlantic Reinsurance Company,Manhattan,MANHATTAN,1.0,New York,40.709582,-74.01018611,3.0,Businesses & Commercial Spaces,False
"Chubb Insurance - NY- New York, NY (1155 AOA)",Manhattan,MANHATTAN,1.0,New York,40.75662369,-73.98282583,1.0,Businesses & Commercial Spaces,False
Department of Citywide Administrative Services,Bronx,BRONX,2.0,New York,40.8322257,-73.91965401,1.0,Government Buildings & Services,False
P.S. 136 Roy Wilkins,Queens,QUEENS,4.0,New York,40.69827069,-73.75265351,1.0,Public Schools,False
P.S. 280 Queens,Queens,QUEENS,4.0,New York,40.75423347,-73.87376818,1.0,Public Schools,False
"Cravath, Swaine & Moore LLP",Manhattan,MANHATTAN,1.0,New York,40.76206701,-73.98627542,1.0,Businesses & Commercial Spaces,False
Crotona International High School,Bronx,BRONX,2.0,New York,40.85569163,-73.88271344,1.0,School,False
Storefront Academy Harlem,Manhattan,MANHATTAN,1.0,New York,40.80794062,-73.93802325,1.0,School,False
Hearst Corporation,Manhattan,MANHATTAN,1.0,New York,40.76643902,-73.98332508,1.0,Businesses & Commercial Spaces,False
Morgan Stanley - ISG - New York Metro - 750 7th Ave - Floor: 4,Manhattan,MANHATTAN,1.0,New York,40.76074642,-73.98352505,1.0,Businesses & Commercial Spaces,False
Fordham University Bronx Location,Bronx,BRONX,2.0,New York,40.86072673616,-73.88953366191,1.0,Colleges & Universities,False
Abramson Brothers Inc. Realty Investments,Manhattan,MANHATTAN,1.0,New York,40.75124083,-73.98043429,1.0,Businesses & Commercial Spaces,False
J.H.S. 234 Arthur W. Cunningham,Brooklyn,BROOKLYN,3.0,New York,40.60421272,-73.95548476,1.0,Public Schools,False
I.S. 206 Ann Mersereau,Bronx,BRONX,2.0,New York,40.85967957,-73.90649409,1.0,Public Schools,False
Department of Citywide Administrative Services,Manhattan,MANHATTAN,1.0,New York,40.71645258,-74.00232674,1.0,Government Buildings & Services,False
J.H.S. 201 The Dyker Heights,Brooklyn,BROOKLYN,3.0,New York,40.61866922,-74.01272243,1.0,Public Schools,False
JASA Holliswood Senior Centers,Queens,QUEENS,4.0,New York,40.72494044,-73.76510578,1.0,Senior Centers,False
British International School,Manhattan,MANHATTAN,1.0,New York,40.73725228,-73.97415965,2.0,School,False
P.S./I.S. 30 Mary White Ovington,Brooklyn,BROOKLYN,3.0,New York,40.63358257,-74.02394818,1.0,Public Schools,False
P.S. 216 Arturo Toscanini,Brooklyn,BROOKLYN,3.0,New York,40.59055663,-73.96996442,1.0,Public Schools,False
Middle School for Art and Philosophy,Brooklyn,BROOKLYN,3.0,New York,40.6582877,-73.9201094,1.0,School,False
New York Aquarium,Brooklyn,BROOKLYN,3.0,New York,40.57517621,-73.97579926,1.0,Zoos & Aquariums,False
School of the Future High School,Manhattan,MANHATTAN,1.0,New York,40.73894505,-73.98547909,1.0,School,False
P.S. 085 Great Expectations,Bronx,BRONX,2.0,New York,40.85882442,-73.89516556,1.0,Public Schools,False
Riverbank State Park,Manhattan,MANHATTAN,1.0,New York,40.82710121,-73.95465938,5.0,Parks & Recreation,False
Department of Citywide Administrative Services,Staten Island,STATEN ISLAND,5.0,New York,40.64111294,-74.07684682,1.0,Government Buildings & Services,False
NYCDOT Ferry Division,Bronx,BRONX,2.0,New York,40.84764759,-73.78464456,2.0,Ferries & Other Transportation,False
Chelsea Career and Technical Education High School,Manhattan,MANHATTAN,1.0,New York,40.72439313,-74.00462518,1.0,School,False
P.S. 896 Brooklyn (CREATIVITY LOWER),Brooklyn,BROOKLYN,3.0,New York,40.64301059,-74.0038556,1.0,Public Schools,False
Long Island City High School,Queens,QUEENS,4.0,New York,40.76581945,-73.93279916,1.0,School,False
Bedford Stuyvesant New Beginnings Charter School,Brooklyn,BROOKLYN,3.0,New York,40.69467223,-73.93738968,1.0,School,False
High School M560 - City As School,Manhattan,MANHATTAN,1.0,New York,40.72940499,-74.00624194,1.0,School,False
P.S. 321 William Penn,Brooklyn,BROOKLYN,3.0,New York,40.67145265,-73.97778294,1.0,Public Schools,False
Tottenville High School,Staten Island,STATEN ISLAND,5.0,New York,40.52808436,-74.19203027,1.0,Public Schools,False
P.S. 120 Carlos Tapia,Brooklyn,BROOKLYN,3.0,New York,40.70060145,-73.93833981,1.0,Public Schools,False
Fort Hamilton High School,Brooklyn,BROOKLYN,3.0,New York,40.62789091,-74.03998467,1.0,School,False
P.S. 295 Brooklyn,Brooklyn,BROOKLYN,3.0,New York,40.66096916,-73.98829671,1.0,Public Schools,False
P721X @ P368X (X368),Bronx,BRONX,2.0,New York,40.87936199,-73.90989449,1.0,Public Schools,False
P373R @ P040R,Staten Island,STATEN ISLAND,5.0,New York,40.64067906,-74.09537779,1.0,Public Schools,False
Kirkoswald Asset Management,Manhattan,MANHATTAN,1.0,New York,40.76009981,-73.97476802,1.0,Businesses & Commercial Spaces,False
"JFK Airport, Building 402",Queens,QUEENS,4.0,New York,40.64831283,-73.7882815,7.0,Ferries & Other Transportation,False
P.S. 095 Sheila Mencher,Bronx,BRONX,2.0,New York,40.88289206,-73.89125427,1.0,Public Schools,False
The Museum of Modern Art,Manhattan,MANHATTAN,1.0,New York,40.76099511,-73.97720066,1.0,Museums,False
Fordham University Bronx Location,Bronx,BRONX,2.0,New York,40.86072673616,-73.88953366191,1.0,Colleges & Universities,False
P.S. 069 Daniel D. Tompkins,Staten Island,STATEN ISLAND,5.0,New York,40.59146064,-74.15670428,1.0,Public Schools,False
APHIS FO - JFK Insp Bldg C STE 100-East,Queens,QUEENS,4.0,New York,40.65030099,-73.75694755,1.0,Ferries & Other Transportation,False
Equinox,Manhattan,MANHATTAN,1.0,New York,40.77798373,-73.95410802,2.0,Health Clubs & Gyms,False
School of Science & Technology Annex,Brooklyn,BROOKLYN,3.0,New York,40.63588311,-73.95830271,1.0,School,False
"Mutual Redevelopment Houses, Inc - 09",Manhattan,MANHATTAN,1.0,New York,40.74853885,-73.99641978,1.0,Businesses & Commercial Spaces,False
P.S. 014 Fairview,Queens,QUEENS,4.0,New York,40.74055224,-73.85413058,1.0,Public Schools,False
35 East 75th Street Corp.,Manhattan,MANHATTAN,1.0,New York,40.77359006,-73.96366433,1.0,Businesses & Commercial Spaces,False
Cole Schotz law,Manhattan,MANHATTAN,1.0,New York,40.75858322,-73.96875854,1.0,Businesses & Commercial Spaces,False
P.S. 148 Queens,Queens,QUEENS,4.0,New York,40.75837007,-73.87908813,1.0,Public Schools,False
P.S. 223 Lyndon B. Johnson,Queens,QUEENS,4.0,New York,40.67453312,-73.78941646,1.0,Public Schools,False
Wavemaker,Manhattan,MANHATTAN,1.0,New York,40.76314781,-73.98174478,1.0,Businesses & Commercial Spaces,False
J.H.S. 123 James M. Kieran,Bronx,BRONX,2.0,New York,40.82539659,-73.87366518,1.0,Public Schools,False
Melrose Academy,Brooklyn,BROOKLYN,3.0,New York,40.70207588,-73.9296466,1.0,School,False
Carmel Richmond Healthcare & Rehabilitation Center,Staten Island,STATEN ISLAND,5.0,New York,40.59622848,-74.09047813,1.0,Nursing Homes,False
Richard R. Green High School of Teaching,Manhattan,MANHATTAN,1.0,New York,40.70501716,-74.01297702,1.0,School,False
JPMorgan Chase - 5 Manhattan West,Manhattan,MANHATTAN,1.0,New York,40.75355633,-73.99881252,4.0,Businesses & Commercial Spaces,False
Saint Mary Star of the Sea School,Bronx,BRONX,2.0,New York,40.85420565,-73.78956115,1.0,School,False
P.S. 256 Benjamin Banneker,Brooklyn,BROOKLYN,3.0,New York,40.6907179,-73.95043254,1.0,Public Schools,False
High School of Economics and Finance,Manhattan,MANHATTAN,1.0,New York,40.70918932,-74.01202199,1.0,Public Schools,False
P.S. 082 Hammond,Queens,QUEENS,4.0,New York,40.70406467,-73.81177085,1.0,Public Schools,False
Hellenic Classical Charter School Staten Island,Staten Island,STATEN ISLAND,5.0,New York,40.60824851,-74.16209566,1.0,School,False
Williams & Connolly LLP,Manhattan,MANHATTAN,1.0,New York,40.75978179,-73.97654411,1.0,Businesses & Commercial Spaces,False
Carmel Richmond Healthcare and Rehabilitation,Staten Island,STATEN ISLAND,5.0,New York,40.59622848,-74.09047813,1.0,Nursing Homes,False
Opportunity Charter School,Manhattan,MANHATTAN,1.0,New York,40.80168223,-73.95490792,1.0,School,False
Windson Terrace Senior Citizen Center,Brooklyn,BROOKLYN,3.0,New York,40.65932135,-73.9812615,1.0,Senior Centers,False
Thomson Reuters - HQ,Manhattan,MANHATTAN,1.0,New York,40.75636894,-73.98671335,2.0,Businesses & Commercial Spaces,False
Satellite Academy High School,Manhattan,MANHATTAN,1.0,New York,40.74761353,-73.99045407,1.0,School,False
P.S. 150 Queens,Queens,QUEENS,4.0,New York,40.74553003,-73.92377571,1.0,Public Schools,False
Central Brooklyn Ascend Charter Middle School,Brooklyn,BROOKLYN,3.0,New York,40.6395955,-73.94838082,1.0,School,False
Vornado Office Management LLC,Manhattan,MANHATTAN,1.0,New York,40.74606173,-73.98207068,1.0,Businesses & Commercial Spaces,False
Frederick Douglas III Secondary School,Bronx,BRONX,2.0,New York,40.83350412,-73.90448927,1.0,School,False
"Pershing Square Capital Management, L.P.",Manhattan,MANHATTAN,1.0,New York,40.76500854,-73.98041579,1.0,Businesses & Commercial Spaces,False
The Stephanie A. Vierno School,Staten Island,STATEN ISLAND,5.0,New York,40.57403691,-74.10928124,1.0,School,False
New York City Lab Middle School for Collaborative Studies,Manhattan,MANHATTAN,1.0,New York,40.74212163,-74.00219773,1.0,School,False
J.H.S. 057 Whitelaw Reid,Brooklyn,BROOKLYN,3.0,New York,40.69126663,-73.93369675,1.0,Public Schools,False
Mosaic Preparatory Academy,Manhattan,MANHATTAN,1.0,New York,40.79563369,-73.94440933,1.0,School,False
Earl Monroe New Renaissance Basketball Charter School,Bronx,BRONX,2.0,New York,40.8454685,-73.82701585,1.0,School,False
Henry Street Settlement,Manhattan,MANHATTAN,1.0,New York,40.71405786,-73.98269976,1.0,Health & Social Services,False
John Ericsson Middle School 126,Brooklyn,BROOKLYN,3.0,New York,40.71981168,-73.94862509,1.0,School,False
NYS Department of State,Manhattan,MANHATTAN,1.0,New York,40.70910465,-74.00689289,2.0,Government Buildings & Services,False
P.S. 092 Mary McLeod Bethune,Manhattan,MANHATTAN,1.0,New York,40.8150092,-73.94512285,1.0,Public Schools,False
Academy for Excellence Through the Arts,Queens,QUEENS,4.0,New York,40.72609251,-73.84350106,1.0,Public Schools,False
